Conventions,G,BADC-CSV,1
title,G,Regional mean temperature for Middle East Arab Countries
last_revised_date,G,2023-10-27
date_valid,G,2023-10-27
feature_type,G,area average
creator,G,WMO
source,G,Produced by climind version 1.0
observation_station,G,derived data
location,G,90.,-180.,-90.,180.
rights,G,TBD
activity,G,WMO
comments,G,Format description https://help.ceda.ac.uk/article/105-badc-csv
history,arab_subregion_4_Berkeley_Earth,""Data set created from file ['Land_and_Ocean_LatLong1.nc'] downloaded from ['https://berkeley-earth-temperature.s3.us-west-1.amazonaws.com/Global/Gridded/Land_and_Ocean_LatLong1.nc'] at ['2023-10-13 17:18:41']""
history,arab_subregion_4_Berkeley_Earth,""Rebaselined to 1991-2020""
history,arab_subregion_4_Berkeley_Earth,""Calculated area-average""
history,arab_subregion_4_Berkeley_Earth,""Calculated annual average from monthly averages using arithmetic mean""
history,arab_subregion_4_Berkeley_Earth,""Selected years within the range 1900 to 2023.""
history,arab_subregion_4_Berkeley_Earth,""Wrote to file arab_subregion_4_Berkeley Earth.csv""
history,arab_subregion_4_Berkeley_Earth,"Data set created from file ['arab_subregion_4_Berkeley Earth.csv'] downloaded from [''] at ['2023-10-27 10:54:29']"
reference,arab_subregion_4_Berkeley_Earth,"Rohde, R. A. and Hausfather, Z.: The Berkeley Earth Land/Ocean Temperature Record, Earth Syst. Sci. Data, 12, 3469-3479, https://doi.org/10.5194/essd-12-3469-2020, 2020"
comments,arab_subregion_4_Berkeley_Earth,"Original data acknowledgement: "
history,arab_subregion_4_ERA5,""Gridded dataset created from file ['era5_2m_tas_2023.nc'] downloaded from ['']""
history,arab_subregion_4_ERA5,""Regridded to 1 degree latitude-longitude resolution""
history,arab_subregion_4_ERA5,""Rebaselined to 1991-2020""
history,arab_subregion_4_ERA5,""Calculated area-average""
history,arab_subregion_4_ERA5,""Calculated annual average from monthly averages using arithmetic mean""
history,arab_subregion_4_ERA5,""Selected years within the range 1900 to 2023.""
history,arab_subregion_4_ERA5,""Wrote to file arab_subregion_4_ERA5.csv""
history,arab_subregion_4_ERA5,"Data set created from file ['arab_subregion_4_ERA5.csv'] downloaded from [''] at ['2023-10-27 10:54:49']"
reference,arab_subregion_4_ERA5,"Hersbach H, Bell B, Berrisford P et al. 2020. The ERA5 global reanalysis. Q. J. R. Meteorol. Soc. 146: 1999-2049. https://doi.org/10.1002/qj.3803"
comments,arab_subregion_4_ERA5,"Original data acknowledgement: Contains using Copernicus Climate Change Service information [2023]. Neither the European Commission nor ECMWF is responsible for any use that may be made of the Copernicus information or data it contains."
history,arab_subregion_4_GISTEMP,""Data set created from file ['gistemp1200_GHCNv4_ERSSTv5.nc.gz'] downloaded from ['https://data.giss.nasa.gov/pub/gistemp/gistemp1200_GHCNv4_ERSSTv5.nc.gz'] at ['2023-10-13 17:19:30']""
history,arab_subregion_4_GISTEMP,""Regridded to 1 degree latitude-longitude resolution""
history,arab_subregion_4_GISTEMP,""Rebaselined to 1991-2020""
history,arab_subregion_4_GISTEMP,""Calculated area-average""
history,arab_subregion_4_GISTEMP,""Calculated annual average from monthly averages using arithmetic mean""
history,arab_subregion_4_GISTEMP,""Selected years within the range 1900 to 2023.""
history,arab_subregion_4_GISTEMP,""Wrote to file arab_subregion_4_GISTEMP.csv""
history,arab_subregion_4_GISTEMP,"Data set created from file ['arab_subregion_4_GISTEMP.csv'] downloaded from [''] at ['2023-10-27 10:55:28']"
reference,arab_subregion_4_GISTEMP,"Lenssen, N., G. Schmidt, J. Hansen, M. Menne, A. Persin, R. Ruedy, and D. Zyss, 2019: Improvements in the GISTEMP uncertainty model. J. Geophys. Res. Atmos., 124, no. 12, 6307-6326, doi:10.1029/2018JD029522"
comments,arab_subregion_4_GISTEMP,"Original data acknowledgement: "
history,arab_subregion_4_HadCRUT5,""Data set created from file ['HadCRUT.5.0.1.0.analysis.anomalies.ensemble_mean.nc'] downloaded from ['https://www.metoffice.gov.uk/hadobs/hadcrut5/data/current/analysis/HadCRUT.5.0.1.0.analysis.anomalies.ensemble_mean.nc'] at ['2023-10-13 17:19:31']""
history,arab_subregion_4_HadCRUT5,""Regridded to 1 degree latitude-longitude resolution""
history,arab_subregion_4_HadCRUT5,""Rebaselined to 1991-2020""
history,arab_subregion_4_HadCRUT5,""Calculated area-average""
history,arab_subregion_4_HadCRUT5,""Calculated annual average from monthly averages using arithmetic mean""
history,arab_subregion_4_HadCRUT5,""Selected years within the range 1900 to 2023.""
history,arab_subregion_4_HadCRUT5,""Wrote to file arab_subregion_4_HadCRUT5.csv""
history,arab_subregion_4_HadCRUT5,"Data set created from file ['arab_subregion_4_HadCRUT5.csv'] downloaded from [''] at ['2023-10-27 10:56:32']"
reference,arab_subregion_4_HadCRUT5,"Morice, C. P., Kennedy, J. J., Rayner, N. A., Winn, J. P., Hogan, E., Killick, R. E., et al. (2021). An updated assessment of near-surface temperature change from 1850: the HadCRUT5 data set. Journal of Geophysical Research: Atmospheres, 126, e2019JD032361. https://doi.org/10.1029/2019JD032361"
comments,arab_subregion_4_HadCRUT5,"Original data acknowledgement: HadCRUT.5.0.1.0 data were obtained from http://www.metoffice.gov.uk/hadobs/hadcrut5 on 2023-10-13 17:19:31 and are © British Crown Copyright, Met Office 2023, provided under an Open Government License, http://www.nationalarchives.gov.uk/doc/open-government-licence/version/3/"
history,arab_subregion_4_JRA-55,""Data set created from file ['anl_surf125.011_tmp.202301_202312', 'anl_surf125.2023MMMM'] downloaded from ['', ''] at ['2023-10-06 11:01:38']""
history,arab_subregion_4_JRA-55,""Regridded to 1 degree latitude-longitude resolution""
history,arab_subregion_4_JRA-55,""Rebaselined to 1991-2020""
history,arab_subregion_4_JRA-55,""Calculated area-average""
history,arab_subregion_4_JRA-55,""Calculated annual average from monthly averages using arithmetic mean""
history,arab_subregion_4_JRA-55,""Selected years within the range 1900 to 2023.""
history,arab_subregion_4_JRA-55,""Wrote to file arab_subregion_4_JRA-55.csv""
history,arab_subregion_4_JRA-55,"Data set created from file ['arab_subregion_4_JRA-55.csv'] downloaded from [''] at ['2023-10-27 10:56:58']"
reference,arab_subregion_4_JRA-55,"Kobayashi, S., Ota, Y., Harada, Y., Ebita, A., Moriya, M., Onoda, H., Onogi, K., Kamahori, H., Kobayashi, C., Endo, H. and Miyaoka, K., (2015). The JRA-55 reanalysis: General specifications and basic characteristics. Journal of the Meteorological Society of Japan. Ser. II, 93(1), pp.5-48."
comments,arab_subregion_4_JRA-55,"Original data acknowledgement: "
history,arab_subregion_4_Kadow,""Data set created from file ['HadCRUT.5.0.1.0.anomalies.Kadow_et_al_2020_20crAI-infilled.ensemble_mean_185001-*.nc'] downloaded from [''] at ['2023-10-23 09:13:55']""
history,arab_subregion_4_Kadow,""Regridded to 1 degree latitude-longitude resolution""
history,arab_subregion_4_Kadow,""Rebaselined to 1991-2020""
history,arab_subregion_4_Kadow,""Calculated area-average""
history,arab_subregion_4_Kadow,""Calculated annual average from monthly averages using arithmetic mean""
history,arab_subregion_4_Kadow,""Selected years within the range 1900 to 2023.""
history,arab_subregion_4_Kadow,""Wrote to file arab_subregion_4_Kadow.csv""
history,arab_subregion_4_Kadow,"Data set created from file ['arab_subregion_4_Kadow.csv'] downloaded from [''] at ['2023-10-27 10:57:44']"
reference,arab_subregion_4_Kadow,"Kadow, C., Hall, D.M. & Ulbrich, U. Artificial intelligence reconstructs missing climate information. Nat. Geosci. (2020). https://doi.org/10.1038/s41561-020-0582-5"
comments,arab_subregion_4_Kadow,"Original data acknowledgement: "
history,arab_subregion_4_NOAA_Interim,""Data set created from file ['NOAAGlobalTemp_v*.nc'] downloaded from ['https://www.ncei.noaa.gov/data/noaa-global-surface-temperature/v5.1/access/gridded/NOAAGlobalTemp_v.*.nc'] at ['2023-10-14 08:45:48']""
history,arab_subregion_4_NOAA_Interim,""Data set created from file ['NOAAGlobalTemp_v*.nc'] downloaded from ['https://www.ncei.noaa.gov/data/noaa-global-surface-temperature/v5.1/access/gridded/NOAAGlobalTemp_v.*.nc'] at ['2023-10-14 08:45:48']""
history,arab_subregion_4_NOAA_Interim,""Regridded to 1 degree latitude-longitude resolution""
history,arab_subregion_4_NOAA_Interim,""Rebaselined to 1991-2020""
history,arab_subregion_4_NOAA_Interim,""Calculated area-average""
history,arab_subregion_4_NOAA_Interim,""Calculated annual average from monthly averages using arithmetic mean""
history,arab_subregion_4_NOAA_Interim,""Selected years within the range 1900 to 2023.""
history,arab_subregion_4_NOAA_Interim,""Wrote to file arab_subregion_4_NOAA Interim.csv""
history,arab_subregion_4_NOAA_Interim,"Data set created from file ['arab_subregion_4_NOAA Interim.csv'] downloaded from [''] at ['2023-10-27 10:58:47']"
reference,arab_subregion_4_NOAA_Interim,"Vose, R.S., B. Huang, X. Yin., D. Arndt, D.R. Easterling, J.H. Lawrimore, M.J. Menne, A. Sanchez-Lugo, H.-M. Zhang, 2021: Implementing full spatial coverage in NOAA’s global temperature analysis. Geophysical Research Letters, 48, e2020GL090873. https://doi.org/10.1029/2020GL090873"
comments,arab_subregion_4_NOAA_Interim,"Original data acknowledgement: "
long_name,time,time,days since 1800-01-01 00:00:00.0
type,time,int
long_name,year,year,1
type,year,int
long_name,arab_subregion_4_Berkeley_Earth,arab_subregion_4,degC
type,arab_subregion_4_Berkeley_Earth,float
long_name,arab_subregion_4_ERA5,arab_subregion_4,degC
type,arab_subregion_4_ERA5,float
long_name,arab_subregion_4_GISTEMP,arab_subregion_4,degC
type,arab_subregion_4_GISTEMP,float
long_name,arab_subregion_4_HadCRUT5,arab_subregion_4,degC
type,arab_subregion_4_HadCRUT5,float
long_name,arab_subregion_4_JRA-55,arab_subregion_4,degC
type,arab_subregion_4_JRA-55,float
long_name,arab_subregion_4_Kadow,arab_subregion_4,degC
type,arab_subregion_4_Kadow,float
long_name,arab_subregion_4_NOAA_Interim,arab_subregion_4,degC
type,arab_subregion_4_NOAA_Interim,float
coordinate_variable,time,t
data
time,year,arab_subregion_4_Berkeley_Earth,arab_subregion_4_ERA5,arab_subregion_4_GISTEMP,arab_subregion_4_HadCRUT5,arab_subregion_4_JRA-55,arab_subregion_4_Kadow,arab_subregion_4_NOAA_Interim
36524,1900,-0.9566,,-0.7532,-0.8295,,-1.0305,-1.0655
36889,1901,-0.6078,,-0.4426,-0.4200,,-0.7366,-0.7156
37254,1902,-0.7984,,-0.5899,-0.6129,,-0.8533,-0.9651
37619,1903,-1.5492,,-1.2772,-1.4551,,-1.4846,-1.6470
37984,1904,-1.2653,,-1.0452,-1.3223,,-1.3965,-1.4792
38350,1905,-1.4573,,-1.0934,-1.2928,,-1.2357,-1.4950
38715,1906,-1.2146,,-1.0808,-1.2958,,-1.2385,-1.3842
39080,1907,-1.6654,,-1.3337,-1.6164,,-1.4275,-1.6840
39445,1908,-1.3745,,-1.3071,-1.4243,,-1.3516,-1.4511
39811,1909,-0.8302,,-0.7556,-0.7576,,-0.9100,-1.0867
40176,1910,-1.5066,,-1.2560,-1.4942,,-1.2729,-1.4998
40541,1911,-1.8391,,-1.6091,-1.8353,,-1.6530,-1.7929
40906,1912,-1.3032,,-1.1690,-1.2118,,-1.0694,-1.3033
41272,1913,-1.6084,,-1.3506,-1.4502,,-1.3553,-1.6536
41637,1914,-1.3186,,-0.8063,-1.1938,,-1.2221,-1.2962
42002,1915,-0.7038,,-0.3810,-0.6824,,-1.0160,-0.8720
42367,1916,-1.2027,,-0.9502,-0.9622,,-1.1257,-1.1840
42733,1917,-1.1653,,-1.0808,-1.0145,,-1.0772,-1.4402
43098,1918,-1.5043,,-1.0847,-1.2768,,-1.3776,-1.4960
43463,1919,-0.8907,,-0.8635,-0.6610,,-0.9582,-0.9878
43828,1920,-1.4050,,-1.3296,-1.0623,,-1.0245,-1.3580
44194,1921,-1.5093,,-1.3233,-0.9505,,-0.9177,-1.0579
44559,1922,-0.9521,,-0.7687,-0.9049,,-0.9094,-1.1607
44924,1923,-1.1016,,-0.9367,-1.0304,,-1.2122,-1.3075
45289,1924,-0.6840,,-0.6363,-0.7341,,-0.8917,-0.9368
45655,1925,-1.1538,,-0.9796,-1.0174,,-1.2415,-1.3380
46020,1926,-0.9407,,-0.8214,-0.8857,,-0.8630,-1.1313
46385,1927,-0.9700,,-0.8390,-0.7936,,-1.0440,-1.0973
46750,1928,-0.9576,,-0.8132,-0.6682,,-0.7072,-0.9381
47116,1929,-0.8729,,-0.8411,-0.7779,,-0.7802,-1.0121
47481,1930,-0.9025,,-0.6928,-0.5624,,-0.7648,-0.8500
47846,1931,-0.9091,,-0.7443,-0.6537,,-0.7117,-0.8385
48211,1932,-1.2518,,-1.0695,-0.8823,,-1.0039,-1.1243
48577,1933,-1.4359,,-1.3001,-1.2645,,-1.1733,-1.2669
48942,1934,-1.2802,,-0.9909,-0.9920,,-0.9332,-1.2362
49307,1935,-0.8455,,-0.5967,-0.4956,,-0.5629,-0.7707
49672,1936,-1.0582,,-0.7335,-0.7664,,-0.7403,-0.9962
50038,1937,-1.1181,,-0.6908,-0.7400,,-0.5758,-0.8806
50403,1938,-1.3213,,-0.9561,-1.0541,,-0.9789,-1.2031
50768,1939,-1.2096,,-0.7943,-0.7898,,-0.7930,-1.0076
51133,1940,-0.8127,,-0.5984,-0.6224,,-0.8462,-0.8703
51499,1941,-0.7666,,-0.4726,-0.6658,,-0.7779,-0.7844
51864,1942,-0.7794,,-0.5705,-0.8483,,-0.8981,-0.8682
52229,1943,-1.2529,,-1.0202,-1.2771,,-1.1177,-1.2773
52594,1944,-0.8481,,-0.6102,-0.8814,,-0.8841,-0.9874
52960,1945,-1.1835,,-1.0970,-1.1660,,-1.0212,-1.2224
53325,1946,-1.1564,,-0.9103,-0.9088,,-0.7687,-1.0960
53690,1947,-0.5951,,-0.3979,-0.4385,,-0.4952,-0.6506
54055,1948,-1.3584,,-1.2966,-1.2474,,-1.1220,-1.3328
54421,1949,-1.5626,,-1.5614,-1.4416,,-1.2989,-1.5034
54786,1950,-1.4251,,-1.4079,-1.3123,,-1.3447,-1.5184
55151,1951,-0.6150,,-0.7535,-0.4464,,-0.4527,-0.8866
55516,1952,-0.7369,,-0.6879,-0.5314,,-0.5916,-0.9676
55882,1953,-0.9830,,-1.0269,-0.8220,,-0.7874,-1.1384
56247,1954,-0.6710,,-0.6931,-0.5100,,-0.5030,-0.9400
56612,1955,-0.8735,,-0.6235,-0.7092,,-0.7232,-0.9549
56977,1956,-1.2269,,-1.2012,-1.1490,,-1.2162,-1.4036
57343,1957,-1.2855,,-1.1763,-1.1791,,-1.2963,-1.3028
57708,1958,-0.6156,,-0.5259,-0.6353,-0.8202,-0.7113,-0.7291
58073,1959,-1.4648,,-1.2872,-1.5328,-1.7916,-1.6408,-1.3243
58438,1960,-0.6142,,-0.4544,-0.5144,-0.5933,-0.6225,-0.6673
58804,1961,-1.0903,,-1.0304,-0.9728,-1.1236,-1.0136,-1.2400
59169,1962,-0.4545,,-0.3170,-0.3745,-0.5391,-0.2981,-0.6564
59534,1963,-0.7727,,-0.5585,-0.6082,-0.8908,-0.6332,-0.8036
59899,1964,-1.4451,,-1.4449,-1.2978,-1.7940,-1.2980,-1.4159
60265,1965,-0.9870,,-0.8957,-0.8212,-0.9551,-0.7956,-1.0392
60630,1966,-0.4422,,-0.2489,-0.3156,-0.5827,-0.2972,-0.5921
60995,1967,-1.4548,,-1.5349,-1.3104,-1.6181,-1.3401,-1.6210
61360,1968,-1.1711,,-1.0486,-1.0613,-1.0793,-1.0184,-1.1856
61726,1969,-0.5774,,-0.5822,-0.4865,-0.4527,-0.4078,-0.6120
62091,1970,-0.7119,,-0.5880,-0.5845,-0.7031,-0.5707,-0.8304
62456,1971,-1.2809,,-1.1257,-1.2639,-1.3351,-1.2899,-1.2677
62821,1972,-1.4445,,-1.4955,-1.3072,-1.6331,-1.3360,-1.4069
63187,1973,-0.7652,,-0.9452,-0.9092,-0.6784,-0.8968,-0.9820
63552,1974,-1.1079,,-1.1785,-1.0423,-1.1120,-1.0369,-1.1974
63917,1975,-1.4089,,-1.1664,-1.1685,-1.2601,-1.2222,-1.2731
64282,1976,-1.2241,,-1.1915,-1.1295,-1.4004,-1.1702,-1.2043
64648,1977,-0.5174,,-0.7396,-0.7387,-1.0137,-0.7615,-0.9425
65013,1978,-0.6209,,-0.7443,-0.7249,-0.8620,-0.6927,-0.9093
65378,1979,-0.2516,-0.5022,-0.2350,-0.3404,-0.3469,-0.3052,-0.4812
65743,1980,-0.5029,-0.6226,-0.6010,-0.5979,-0.5323,-0.5908,-0.7168
66109,1981,-0.6047,-0.7300,-0.5522,-0.5582,-0.6353,-0.5005,-0.7189
66474,1982,-1.4792,-1.6643,-1.3818,-1.1518,-1.7041,-1.0796,-1.3484
66839,1983,-1.4429,-1.6120,-1.2598,-1.1361,-1.6619,-1.0502,-1.3122
67204,1984,-1.3848,-1.2242,-1.0806,-0.9267,-1.2707,-0.9266,-1.1934
67570,1985,-1.0456,-0.9043,-0.7463,-0.6865,-1.0033,-0.6664,-0.8333
67935,1986,-0.9106,-0.9780,-0.7739,-0.7092,-0.9217,-0.7123,-0.8903
68300,1987,-0.4433,-0.4716,-0.5158,-0.2281,-0.4321,-0.1471,-0.4562
68665,1988,-0.5800,-0.6918,-0.6010,-0.3856,-0.6730,-0.3601,-0.6013
69031,1989,-1.0796,-1.0865,-0.9841,-0.7932,-1.0837,-0.7987,-1.0265
69396,1990,-0.4628,-0.5073,-0.5770,-0.4684,-0.5085,-0.4393,-0.6003
69761,1991,-0.7454,-0.7118,-0.7846,-0.6057,-0.8039,-0.6368,-0.7570
70126,1992,-1.6974,-1.8270,-1.7531,-1.4703,-1.9699,-1.3878,-1.6291
70492,1993,-0.8499,-0.8914,-0.8678,-0.7067,-1.0365,-0.6592,-0.8565
70857,1994,-0.2882,-0.4250,-0.3937,-0.3496,-0.4614,-0.2485,-0.4673
71222,1995,-0.6228,-0.6331,-0.6174,-0.4750,-0.6795,-0.4590,-0.5914
71587,1996,-0.3210,-0.2330,-0.3367,-0.2624,-0.2807,-0.1842,-0.3294
71953,1997,-0.7956,-0.7492,-0.8690,-0.7174,-0.7701,-0.6388,-0.7497
72318,1998,0.2800,0.3347,0.2523,0.2611,0.3305,0.2678,0.2580
72683,1999,0.2446,0.2602,0.2868,0.1402,0.3159,0.2465,0.2257
73048,2000,-0.0931,-0.1539,-0.1941,-0.1683,-0.0976,-0.1450,-0.1766
73414,2001,0.0608,0.0432,0.1337,0.1270,0.1336,0.1419,0.0688
73779,2002,-0.0837,-0.1393,-0.0299,0.0445,-0.0417,0.0529,-0.0042
74144,2003,0.1144,0.0616,0.0433,0.1399,0.1357,0.1221,0.0968
74509,2004,-0.1024,-0.0945,-0.1414,-0.0815,-0.1047,-0.1169,-0.1470
74875,2005,-0.1411,-0.0447,-0.0824,-0.1614,-0.0758,-0.1488,-0.0906
75240,2006,-0.0406,0.0303,-0.0515,-0.0867,-0.0024,-0.0620,0.0106
75605,2007,0.0645,0.1158,0.0388,0.0102,0.0831,-0.0512,0.0555
75970,2008,-0.1724,-0.1810,-0.1213,-0.2252,-0.0888,-0.2145,-0.1542
76336,2009,0.1772,0.2283,0.1723,0.1036,0.3016,0.0878,0.1705
76701,2010,0.9352,1.0009,0.9911,0.9637,1.0938,1.0110,0.9216
77066,2011,-0.1630,-0.1704,-0.1822,-0.2033,-0.0442,-0.1670,-0.1836
77431,2012,0.2574,0.2863,0.2829,0.1826,0.3905,0.0786,0.2640
77797,2013,-0.0806,-0.1188,0.0661,-0.0989,-0.0403,-0.0688,0.0468
78162,2014,0.3260,0.2698,0.3085,0.3199,0.3510,0.2034,0.2951
78527,2015,0.6285,0.6331,0.5936,0.5064,0.7274,0.3571,0.5427
78892,2016,0.5402,0.5143,0.5707,0.4816,0.5527,0.4986,0.5950
79258,2017,0.6417,0.6946,0.6437,0.6632,0.6077,0.6714,0.6363
79623,2018,0.7804,0.7674,0.9314,0.6487,0.7180,0.6172,0.8147
79988,2019,0.5970,0.6161,0.5713,0.5782,0.4424,0.4501,0.5458
80353,2020,0.5494,0.5164,0.5384,0.4416,0.3136,0.3822,0.5888
80719,2021,1.0044,0.9994,1.0507,0.9289,0.8498,0.8176,0.9801
81084,2022,0.7394,0.6864,0.7060,0.6179,0.6044,0.4697,0.6784
81449,2023,0.5114,0.6241,0.6477,0.5400,0.5754,0.5268,0.6576
end data
