Conventions,G,BADC-CSV,1
title,G,Regional mean temperature for WMO RA 1 Indian Ocean
last_revised_date,G,2023-08-28
date_valid,G,2023-08-28
feature_type,G,area average
creator,G,WMO
source,G,Produced by climind version 0.1
observation_station,G,derived data
location,G,90.,-180.,-90.,180.
activity,G,WMO
history,G,""Data set created from file ['HadCRUT.5.0.1.0.analysis.anomalies.ensemble_mean.nc'] downloaded from ['https://www.metoffice.gov.uk/hadobs/hadcrut5/data/current/analysis/HadCRUT.5.0.1.0.analysis.anomalies.ensemble_mean.nc'] at ['2023-08-07 16:14:34']""
history,G,""Regridded to 1 degree latitude-longitude resolution""
history,G,""Rebaselined to 1991-2020""
history,G,""Calculated area-average""
history,G,""Calculated annual average from monthly averages using arithmetic mean""
history,G,""Selected years within the range 1900 to 2022.""
history,G,""Wrote to file africa_subregion_6_HadCRUT5.csv""
history,G,"Data set created from file ['africa_subregion_6_HadCRUT5.csv'] downloaded from [''] at ['2023-08-09 11:02:01']"
history,G,"Calculated 10-year moving average"
reference,G,"Morice, C. P., Kennedy, J. J., Rayner, N. A., Winn, J. P., Hogan, E., Killick, R. E., et al. (2021). An updated assessment of near-surface temperature change from 1850: the HadCRUT5 data set. Journal of Geophysical Research: Atmospheres, 126, e2019JD032361. https://doi.org/10.1029/2019JD032361"
rights,G,TBD
comments,G,Data produced by climind version 0.1
comments,G,Format description https://help.ceda.ac.uk/article/105-badc-csv
comments,G,"Original data acknowledgement: HadCRUT.5.0.1.0 data were obtained from http://www.metoffice.gov.uk/hadobs/hadcrut5 on 2023-08-07 16:14:34 and are © British Crown Copyright, Met Office 2023, provided under an Open Government License, http://www.nationalarchives.gov.uk/doc/open-government-licence/version/3/"
long_name,time,time,days since 1800-01-01 00:00:00.0
type,time,int
long_name,year,year,1
type,year,int
long_name,data,africa_subregion_6,degC
type,data,float
coordinate_variable,time,t
data
time,year,data
36524,1900,
36889,1901,
37254,1902,
37619,1903,
37984,1904,
38350,1905,
38715,1906,
39080,1907,
39445,1908,
39811,1909,-0.3991
40176,1910,-0.4588
40541,1911,-0.4925
40906,1912,-0.5051
41272,1913,-0.5142
41637,1914,-0.4890
42002,1915,-0.4737
42367,1916,-0.5044
42733,1917,-0.5234
43098,1918,-0.5514
43463,1919,-0.5518
43828,1920,-0.5358
44194,1921,-0.5270
44559,1922,-0.5817
44924,1923,-0.5530
45289,1924,-0.5732
45655,1925,-0.5622
46020,1926,-0.4831
46385,1927,-0.4547
46750,1928,-0.4277
47116,1929,-0.4115
47481,1930,-0.4105
47846,1931,-0.3938
48211,1932,-0.3700
48577,1933,-0.4105
48942,1934,-0.4220
49307,1935,-0.4755
49672,1936,-0.5212
50038,1937,-0.5137
50403,1938,-0.5234
50768,1939,-0.5339
51133,1940,-0.5195
51499,1941,-0.4848
51864,1942,-0.4561
52229,1943,-0.4613
52594,1944,-0.4337
52960,1945,-0.4173
53325,1946,-0.4295
53690,1947,-0.4361
54055,1948,-0.4385
54421,1949,-0.4475
54786,1950,-0.4768
55151,1951,-0.5373
55516,1952,-0.5599
55882,1953,-0.5444
56247,1954,-0.5653
56612,1955,-0.5972
56977,1956,-0.6287
57343,1957,-0.6421
57708,1958,-0.6511
58073,1959,-0.6843
58438,1960,-0.6902
58804,1961,-0.6120
59169,1962,-0.6138
59534,1963,-0.6450
59899,1964,-0.6862
60265,1965,-0.7182
60630,1966,-0.6931
60995,1967,-0.6702
61360,1968,-0.7167
61726,1969,-0.6508
62091,1970,-0.6179
62456,1971,-0.7013
62821,1972,-0.7058
63187,1973,-0.6759
63552,1974,-0.6543
63917,1975,-0.6243
64282,1976,-0.6314
64648,1977,-0.6209
65013,1978,-0.5527
65378,1979,-0.5850
65743,1980,-0.5822
66109,1981,-0.5422
66474,1982,-0.5284
66839,1983,-0.4917
67204,1984,-0.4896
67570,1985,-0.4652
67935,1986,-0.4694
68300,1987,-0.4643
68665,1988,-0.4529
69031,1989,-0.4567
69396,1990,-0.4499
69761,1991,-0.4217
70126,1992,-0.3905
70492,1993,-0.4065
70857,1994,-0.3516
71222,1995,-0.3201
71587,1996,-0.2916
71953,1997,-0.2974
72318,1998,-0.2715
72683,1999,-0.2466
73048,2000,-0.2319
73414,2001,-0.2211
73779,2002,-0.2131
74144,2003,-0.1822
74509,2004,-0.1766
74875,2005,-0.1428
75240,2006,-0.1074
75605,2007,-0.0713
75970,2008,-0.1056
76336,2009,-0.0634
76701,2010,-0.0039
77066,2011,0.0286
77431,2012,0.0383
77797,2013,0.0386
78162,2014,0.0857
78527,2015,0.1114
78892,2016,0.1299
79258,2017,0.1630
79623,2018,0.2122
79988,2019,0.2532
80353,2020,0.2359
80719,2021,0.2306
81084,2022,0.2361
end data
