Conventions,G,BADC-CSV,1
title,G,Regional mean temperature for WMO RA 1 Indian Ocean
last_revised_date,G,2023-08-28
date_valid,G,2023-08-28
feature_type,G,area average
creator,G,WMO
source,G,Produced by climind version 0.1
observation_station,G,derived data
location,G,90.,-180.,-90.,180.
rights,G,TBD
activity,G,WMO
comments,G,Format description https://help.ceda.ac.uk/article/105-badc-csv
history,africa_subregion_6_Berkeley_Earth,""Data set created from file ['Land_and_Ocean_LatLong1.nc'] downloaded from ['https://berkeley-earth-temperature.s3.us-west-1.amazonaws.com/Global/Gridded/Land_and_Ocean_LatLong1.nc'] at ['2023-08-07 17:34:59']""
history,africa_subregion_6_Berkeley_Earth,""Rebaselined to 1991-2020""
history,africa_subregion_6_Berkeley_Earth,""Calculated area-average""
history,africa_subregion_6_Berkeley_Earth,""Calculated annual average from monthly averages using arithmetic mean""
history,africa_subregion_6_Berkeley_Earth,""Selected years within the range 1900 to 2022.""
history,africa_subregion_6_Berkeley_Earth,""Wrote to file africa_subregion_6_Berkeley Earth.csv""
history,africa_subregion_6_Berkeley_Earth,"Data set created from file ['africa_subregion_6_Berkeley Earth.csv'] downloaded from [''] at ['2023-08-09 11:00:15']"
history,africa_subregion_6_Berkeley_Earth,"Calculated 10-year moving average"
reference,africa_subregion_6_Berkeley_Earth,"Rohde, R. A. and Hausfather, Z.: The Berkeley Earth Land/Ocean Temperature Record, Earth Syst. Sci. Data, 12, 3469-3479, https://doi.org/10.5194/essd-12-3469-2020, 2020"
comments,africa_subregion_6_Berkeley_Earth,"Original data acknowledgement: "
history,africa_subregion_6_ERA5,""Gridded dataset created from file ['era5_2m_tas_2023.nc'] downloaded from ['']""
history,africa_subregion_6_ERA5,""Regridded to 1 degree latitude-longitude resolution""
history,africa_subregion_6_ERA5,""Rebaselined to 1991-2020""
history,africa_subregion_6_ERA5,""Calculated area-average""
history,africa_subregion_6_ERA5,""Calculated annual average from monthly averages using arithmetic mean""
history,africa_subregion_6_ERA5,""Selected years within the range 1900 to 2022.""
history,africa_subregion_6_ERA5,""Wrote to file africa_subregion_6_ERA5.csv""
history,africa_subregion_6_ERA5,"Data set created from file ['africa_subregion_6_ERA5.csv'] downloaded from [''] at ['2023-08-09 11:00:42']"
history,africa_subregion_6_ERA5,"Calculated 10-year moving average"
reference,africa_subregion_6_ERA5,"Hersbach H, Bell B, Berrisford P et al. 2020. The ERA5 global reanalysis. Q. J. R. Meteorol. Soc. 146: 1999-2049. https://doi.org/10.1002/qj.3803"
comments,africa_subregion_6_ERA5,"Original data acknowledgement: "
history,africa_subregion_6_GISTEMP,""Data set created from file ['gistemp1200_GHCNv4_ERSSTv5.nc.gz'] downloaded from ['https://data.giss.nasa.gov/pub/gistemp/gistemp1200_GHCNv4_ERSSTv5.nc.gz'] at ['2023-08-07 16:14:33']""
history,africa_subregion_6_GISTEMP,""Regridded to 1 degree latitude-longitude resolution""
history,africa_subregion_6_GISTEMP,""Rebaselined to 1991-2020""
history,africa_subregion_6_GISTEMP,""Calculated area-average""
history,africa_subregion_6_GISTEMP,""Calculated annual average from monthly averages using arithmetic mean""
history,africa_subregion_6_GISTEMP,""Selected years within the range 1900 to 2022.""
history,africa_subregion_6_GISTEMP,""Wrote to file africa_subregion_6_GISTEMP.csv""
history,africa_subregion_6_GISTEMP,"Data set created from file ['africa_subregion_6_GISTEMP.csv'] downloaded from [''] at ['2023-08-09 11:01:11']"
history,africa_subregion_6_GISTEMP,"Calculated 10-year moving average"
reference,africa_subregion_6_GISTEMP,"Lenssen, N., G. Schmidt, J. Hansen, M. Menne, A. Persin, R. Ruedy, and D. Zyss, 2019: Improvements in the GISTEMP uncertainty model. J. Geophys. Res. Atmos., 124, no. 12, 6307-6326, doi:10.1029/2018JD029522"
comments,africa_subregion_6_GISTEMP,"Original data acknowledgement: "
history,africa_subregion_6_HadCRUT5,""Data set created from file ['HadCRUT.5.0.1.0.analysis.anomalies.ensemble_mean.nc'] downloaded from ['https://www.metoffice.gov.uk/hadobs/hadcrut5/data/current/analysis/HadCRUT.5.0.1.0.analysis.anomalies.ensemble_mean.nc'] at ['2023-08-07 16:14:34']""
history,africa_subregion_6_HadCRUT5,""Regridded to 1 degree latitude-longitude resolution""
history,africa_subregion_6_HadCRUT5,""Rebaselined to 1991-2020""
history,africa_subregion_6_HadCRUT5,""Calculated area-average""
history,africa_subregion_6_HadCRUT5,""Calculated annual average from monthly averages using arithmetic mean""
history,africa_subregion_6_HadCRUT5,""Selected years within the range 1900 to 2022.""
history,africa_subregion_6_HadCRUT5,""Wrote to file africa_subregion_6_HadCRUT5.csv""
history,africa_subregion_6_HadCRUT5,"Data set created from file ['africa_subregion_6_HadCRUT5.csv'] downloaded from [''] at ['2023-08-09 11:02:01']"
history,africa_subregion_6_HadCRUT5,"Calculated 10-year moving average"
reference,africa_subregion_6_HadCRUT5,"Morice, C. P., Kennedy, J. J., Rayner, N. A., Winn, J. P., Hogan, E., Killick, R. E., et al. (2021). An updated assessment of near-surface temperature change from 1850: the HadCRUT5 data set. Journal of Geophysical Research: Atmospheres, 126, e2019JD032361. https://doi.org/10.1029/2019JD032361"
comments,africa_subregion_6_HadCRUT5,"Original data acknowledgement: HadCRUT.5.0.1.0 data were obtained from http://www.metoffice.gov.uk/hadobs/hadcrut5 on 2023-08-07 16:14:34 and are © British Crown Copyright, Met Office 2023, provided under an Open Government License, http://www.nationalarchives.gov.uk/doc/open-government-licence/version/3/"
history,africa_subregion_6_JRA-55,""Data set created from file ['anl_surf125.011_tmp.202301_202312', 'anl_surf125.2023MMMM'] downloaded from ['', ''] at ['2023-08-07 16:16:00']""
history,africa_subregion_6_JRA-55,""Regridded to 1 degree latitude-longitude resolution""
history,africa_subregion_6_JRA-55,""Rebaselined to 1991-2020""
history,africa_subregion_6_JRA-55,""Calculated area-average""
history,africa_subregion_6_JRA-55,""Calculated annual average from monthly averages using arithmetic mean""
history,africa_subregion_6_JRA-55,""Selected years within the range 1900 to 2022.""
history,africa_subregion_6_JRA-55,""Wrote to file africa_subregion_6_JRA-55.csv""
history,africa_subregion_6_JRA-55,"Data set created from file ['africa_subregion_6_JRA-55.csv'] downloaded from [''] at ['2023-08-09 11:02:32']"
history,africa_subregion_6_JRA-55,"Calculated 10-year moving average"
reference,africa_subregion_6_JRA-55,"Kobayashi, S., Ota, Y., Harada, Y., Ebita, A., Moriya, M., Onoda, H., Onogi, K., Kamahori, H., Kobayashi, C., Endo, H. and Miyaoka, K., (2015). The JRA-55 reanalysis: General specifications and basic characteristics. Journal of the Meteorological Society of Japan. Ser. II, 93(1), pp.5-48."
comments,africa_subregion_6_JRA-55,"Original data acknowledgement: "
history,africa_subregion_6_NOAAGlobalTemp,""Data set created from file ['NOAAGlobalTemp_v*.nc'] downloaded from ['https://www.ncei.noaa.gov/data/noaa-global-surface-temperature/v5/access/gridded/NOAAGlobalTemp_v.*.nc'] at ['2023-08-07 16:18:17']""
history,africa_subregion_6_NOAAGlobalTemp,""Data set created from file ['NOAAGlobalTemp_v*.nc'] downloaded from ['https://www.ncei.noaa.gov/data/noaa-global-surface-temperature/v5/access/gridded/NOAAGlobalTemp_v.*.nc'] at ['2023-08-07 16:18:17']""
history,africa_subregion_6_NOAAGlobalTemp,""Regridded to 1 degree latitude-longitude resolution""
history,africa_subregion_6_NOAAGlobalTemp,""Rebaselined to 1991-2020""
history,africa_subregion_6_NOAAGlobalTemp,""Calculated area-average""
history,africa_subregion_6_NOAAGlobalTemp,""Calculated annual average from monthly averages using arithmetic mean""
history,africa_subregion_6_NOAAGlobalTemp,""Selected years within the range 1900 to 2022.""
history,africa_subregion_6_NOAAGlobalTemp,""Wrote to file africa_subregion_6_NOAAGlobalTemp.csv""
history,africa_subregion_6_NOAAGlobalTemp,"Data set created from file ['africa_subregion_6_NOAAGlobalTemp.csv'] downloaded from [''] at ['2023-08-09 12:24:06']"
history,africa_subregion_6_NOAAGlobalTemp,"Calculated 10-year moving average"
reference,africa_subregion_6_NOAAGlobalTemp,"Huang, B., M. J. Menne, T. Boyer, E. Freeman, B. E. Gleason, J. H. Lawrimore, C. Liu, J. J. Rennie, C. Schreck, F. Sun, R. Vose, C. N. Williams, X. Yin, H.-M. Zhang, 2020: Uncertainty estimates for sea surface temperature and land surface air temperature in NOAAGlobalTemp version 5. , J. Climate, 33, 1351-1379, DOI: 10.1175/JCLI-D-19-0395.1"
reference,africa_subregion_6_NOAAGlobalTemp,"Zhang, Huai-Min, Jay H. Lawrimore, Boyin Huang, Matthew J. Menne, Xungang Yin, Ahira Sȧnchez-Lugo, Byron E. Gleason, Russell Vose, Derek Arndt, J. Jared Rennie, and Claude N. Williams. (2019) Updated Temperature Data Give a Sharper View of Climate Trends. Eos, 100, https://doi.org/10.1029/2019EO128229"
comments,africa_subregion_6_NOAAGlobalTemp,"Original data acknowledgement: "
long_name,time,time,days since 1800-01-01 00:00:00.0
type,time,int
long_name,year,year,1
type,year,int
long_name,africa_subregion_6_Berkeley_Earth,africa_subregion_6,degC
type,africa_subregion_6_Berkeley_Earth,float
long_name,africa_subregion_6_ERA5,africa_subregion_6,degC
type,africa_subregion_6_ERA5,float
long_name,africa_subregion_6_GISTEMP,africa_subregion_6,degC
type,africa_subregion_6_GISTEMP,float
long_name,africa_subregion_6_HadCRUT5,africa_subregion_6,degC
type,africa_subregion_6_HadCRUT5,float
long_name,africa_subregion_6_JRA-55,africa_subregion_6,degC
type,africa_subregion_6_JRA-55,float
long_name,africa_subregion_6_NOAAGlobalTemp,africa_subregion_6,degC
type,africa_subregion_6_NOAAGlobalTemp,float
coordinate_variable,time,t
data
time,year,africa_subregion_6_Berkeley_Earth,africa_subregion_6_ERA5,africa_subregion_6_GISTEMP,africa_subregion_6_HadCRUT5,africa_subregion_6_JRA-55,africa_subregion_6_NOAAGlobalTemp
36524,1900,,,,,,
36889,1901,,,,,,
37254,1902,,,,,,
37619,1903,,,,,,
37984,1904,,,,,,
38350,1905,,,,,,
38715,1906,,,,,,
39080,1907,,,,,,
39445,1908,,,,,,
39811,1909,-1.0607,,-0.9867,-0.3991,,-0.7353
40176,1910,-1.1054,,-1.0139,-0.4588,,-0.7873
40541,1911,-1.1298,,-1.0286,-0.4925,,-0.8235
40906,1912,-1.1385,,-1.0273,-0.5051,,-0.8327
41272,1913,-1.1527,,-1.0202,-0.5142,,-0.8461
41637,1914,-1.0989,,-0.9925,-0.4890,,-0.8267
42002,1915,-1.0885,,-0.9879,-0.4737,,-0.8326
42367,1916,-1.1009,,-1.0045,-0.5044,,-0.8523
42733,1917,-1.1139,,-1.0704,-0.5234,,-0.8633
43098,1918,-1.1514,,-1.1332,-0.5514,,-0.8874
43463,1919,-1.1476,,-1.1190,-0.5518,,-0.8840
43828,1920,-1.1237,,-1.1045,-0.5358,,-0.8618
44194,1921,-1.1022,,-1.1035,-0.5270,,-0.8567
44559,1922,-1.1467,,-1.1868,-0.5817,,-0.8637
44924,1923,-1.1116,,-1.1528,-0.5530,,-0.8503
45289,1924,-1.1237,,-1.1693,-0.5732,,-0.8606
45655,1925,-1.1047,,-1.1469,-0.5622,,-0.8421
46020,1926,-1.0264,,-1.0558,-0.4831,,-0.8003
46385,1927,-0.9854,,-1.0118,-0.4547,,-0.7828
46750,1928,-0.9385,,-0.9601,-0.4277,,-0.7707
47116,1929,-0.9255,,-0.9301,-0.4115,,-0.7668
47481,1930,-0.9206,,-0.9193,-0.4105,,-0.7768
47846,1931,-0.8731,,-0.8396,-0.3938,,-0.7326
48211,1932,-0.8404,,-0.7701,-0.3700,,-0.7308
48577,1933,-0.8831,,-0.7805,-0.4105,,-0.7513
48942,1934,-0.8753,,-0.7531,-0.4220,,-0.7489
49307,1935,-0.9177,,-0.7771,-0.4755,,-0.7726
49672,1936,-0.9398,,-0.7930,-0.5212,,-0.7914
50038,1937,-0.9041,,-0.7445,-0.5137,,-0.7857
50403,1938,-0.9027,,-0.7388,-0.5234,,-0.7853
50768,1939,-0.8957,,-0.7364,-0.5339,,-0.7850
51133,1940,-0.8368,,-0.6534,-0.5195,,-0.7366
51499,1941,-0.8191,,-0.6215,-0.4848,,-0.7030
51864,1942,-0.8081,,-0.5884,-0.4561,,-0.6523
52229,1943,-0.8092,,-0.5845,-0.4613,,-0.6285
52594,1944,-0.7976,,-0.5629,-0.4337,,-0.5923
52960,1945,-0.7757,,-0.5419,-0.4173,,-0.5483
53325,1946,-0.7884,,-0.5488,-0.4295,,-0.5298
53690,1947,-0.8092,,-0.5679,-0.4361,,-0.5227
54055,1948,-0.8015,,-0.5655,-0.4385,,-0.5163
54421,1949,-0.7919,,-0.5582,-0.4475,,-0.5096
54786,1950,-0.8473,,-0.6261,-0.4768,,-0.5493
55151,1951,-0.8856,,-0.6875,-0.5373,,-0.6216
55516,1952,-0.8777,,-0.6998,-0.5599,,-0.6515
55882,1953,-0.8370,,-0.6878,-0.5444,,-0.6551
56247,1954,-0.8155,,-0.6938,-0.5653,,-0.6879
56612,1955,-0.8143,,-0.7112,-0.5972,,-0.7351
56977,1956,-0.8265,,-0.7367,-0.6287,,-0.7683
57343,1957,-0.8078,,-0.7252,-0.6421,,-0.7672
57708,1958,-0.7996,,-0.7091,-0.6511,,-0.7517
58073,1959,-0.8107,,-0.7127,-0.6843,,-0.7585
58438,1960,-0.7856,,-0.6901,-0.6902,,-0.7661
58804,1961,-0.7077,,-0.6137,-0.6120,,-0.6980
59169,1962,-0.7074,,-0.6174,-0.6138,,-0.6992
59534,1963,-0.7357,,-0.6462,-0.6450,,-0.7181
59899,1964,-0.7842,,-0.6826,-0.6862,,-0.7371
60265,1965,-0.8212,,-0.7127,-0.7182,,-0.7535
60630,1966,-0.7935,,-0.6872,-0.6931,,-0.7297
60995,1967,-0.7642,,-0.6687,-0.6702,-0.7484,-0.7173
61360,1968,-0.8102,,-0.7263,-0.7167,-0.7909,-0.7523
61726,1969,-0.7486,,-0.6782,-0.6508,-0.7501,-0.6954
62091,1970,-0.7120,,-0.6452,-0.6179,-0.7127,-0.6540
62456,1971,-0.7933,,-0.7269,-0.7013,-0.7285,-0.7002
62821,1972,-0.7933,,-0.7230,-0.7058,-0.6696,-0.6845
63187,1973,-0.7638,,-0.6812,-0.6759,-0.5772,-0.6386
63552,1974,-0.7572,,-0.6657,-0.6543,-0.5627,-0.6066
63917,1975,-0.7325,,-0.6318,-0.6243,-0.5243,-0.5675
64282,1976,-0.7399,,-0.6312,-0.6314,-0.5192,-0.5574
64648,1977,-0.7308,,-0.6100,-0.6209,-0.4812,-0.5229
65013,1978,-0.6430,,-0.5281,-0.5527,-0.4100,-0.4529
65378,1979,-0.6712,,-0.5463,-0.5850,-0.4410,-0.4724
65743,1980,-0.6633,,-0.5430,-0.5822,-0.4420,-0.4630
66109,1981,-0.6198,,-0.5033,-0.5422,-0.4241,-0.4305
66474,1982,-0.5934,,-0.4810,-0.5284,-0.4517,-0.4128
66839,1983,-0.5415,,-0.4447,-0.4917,-0.4352,-0.3812
67204,1984,-0.5192,,-0.4323,-0.4896,-0.4385,-0.3765
67570,1985,-0.4795,,-0.4075,-0.4652,-0.4437,-0.3538
67935,1986,-0.4819,,-0.4135,-0.4694,-0.4771,-0.3523
68300,1987,-0.4610,,-0.4041,-0.4643,-0.4646,-0.3424
68665,1988,-0.4583,-0.4680,-0.4010,-0.4529,-0.4456,-0.3360
69031,1989,-0.4679,-0.4720,-0.4233,-0.4567,-0.4460,-0.3425
69396,1990,-0.4731,-0.4554,-0.4302,-0.4499,-0.4394,-0.3356
69761,1991,-0.4447,-0.4312,-0.4127,-0.4217,-0.4413,-0.3195
70126,1992,-0.4275,-0.4251,-0.3962,-0.3905,-0.4365,-0.3164
70492,1993,-0.4346,-0.4646,-0.4088,-0.4065,-0.4701,-0.3416
70857,1994,-0.3823,-0.4258,-0.3770,-0.3516,-0.4291,-0.3227
71222,1995,-0.3378,-0.3651,-0.3476,-0.3201,-0.3717,-0.2959
71587,1996,-0.2914,-0.3259,-0.3297,-0.2916,-0.3191,-0.2777
71953,1997,-0.2876,-0.3362,-0.3366,-0.2974,-0.3411,-0.2859
72318,1998,-0.2519,-0.3156,-0.3061,-0.2715,-0.3314,-0.2621
72683,1999,-0.2137,-0.2974,-0.2754,-0.2466,-0.3103,-0.2353
73048,2000,-0.1823,-0.2977,-0.2585,-0.2319,-0.3187,-0.2282
73414,2001,-0.1543,-0.2744,-0.2351,-0.2211,-0.2846,-0.2174
73779,2002,-0.1186,-0.2254,-0.2273,-0.2131,-0.2438,-0.2044
74144,2003,-0.0797,-0.1759,-0.2017,-0.1822,-0.1950,-0.1789
74509,2004,-0.0574,-0.1341,-0.1842,-0.1766,-0.1681,-0.1492
74875,2005,-0.0319,-0.1162,-0.1598,-0.1428,-0.1384,-0.1242
75240,2006,0.0188,-0.0575,-0.1120,-0.1074,-0.0990,-0.0904
75605,2007,0.0373,-0.0314,-0.0925,-0.0713,-0.0629,-0.0684
75970,2008,-0.0029,-0.0588,-0.1308,-0.1056,-0.0840,-0.0952
76336,2009,0.0247,-0.0140,-0.0939,-0.0634,-0.0245,-0.0686
76701,2010,0.0748,0.0531,-0.0276,-0.0039,0.0605,-0.0119
77066,2011,0.0885,0.0780,0.0110,0.0286,0.0935,0.0272
77431,2012,0.0706,0.0843,0.0330,0.0383,0.1029,0.0509
77797,2013,0.0377,0.0934,0.0384,0.0386,0.1038,0.0601
78162,2014,0.0407,0.1131,0.0748,0.0857,0.1447,0.0893
78527,2015,0.0414,0.1327,0.1174,0.1114,0.1605,0.1206
78892,2016,0.0232,0.1248,0.1460,0.1299,0.1766,0.1416
79258,2017,0.0419,0.1648,0.1879,0.1630,0.1935,0.1747
79623,2018,0.0727,0.2025,0.2359,0.2122,0.2278,0.2108
79988,2019,0.1179,0.2480,0.2891,0.2532,0.2680,0.2555
80353,2020,0.1075,0.2446,0.2860,0.2359,0.2582,0.2401
80719,2021,0.1190,0.2603,0.2902,0.2306,0.2724,0.2326
81084,2022,0.1389,0.2539,0.2915,0.2361,0.2675,0.2268
end data
