Conventions,G,BADC-CSV,1
title,G,Arctic sea-ice extent
last_revised_date,G,2024-03-21
date_valid,G,2024-03-21
feature_type,G,area average
creator,G,WMO
source,G,Produced by climind version 1.0
observation_station,G,derived data
location,G,90.,-180.,-90.,180.
rights,G,TBD
activity,G,WMO
comments,G,Format description https://help.ceda.ac.uk/article/105-badc-csv
history,NSIDC,"Data set created from file ['N_01_extent_v3.0.csv', 'N_02_extent_v3.0.csv', 'N_03_extent_v3.0.csv', 'N_04_extent_v3.0.csv', 'N_05_extent_v3.0.csv', 'N_06_extent_v3.0.csv', 'N_07_extent_v3.0.csv', 'N_08_extent_v3.0.csv', 'N_09_extent_v3.0.csv', 'N_10_extent_v3.0.csv', 'N_11_extent_v3.0.csv', 'N_12_extent_v3.0.csv'] downloaded from ['ftp://sidads.colorado.edu/DATASETS/NOAA/G02135/north/monthly/data/N_01_extent_v3.0.csv', 'ftp://sidads.colorado.edu/DATASETS/NOAA/G02135/north/monthly/data/N_02_extent_v3.0.csv', 'ftp://sidads.colorado.edu/DATASETS/NOAA/G02135/north/monthly/data/N_03_extent_v3.0.csv', 'ftp://sidads.colorado.edu/DATASETS/NOAA/G02135/north/monthly/data/N_04_extent_v3.0.csv', 'ftp://sidads.colorado.edu/DATASETS/NOAA/G02135/north/monthly/data/N_05_extent_v3.0.csv', 'ftp://sidads.colorado.edu/DATASETS/NOAA/G02135/north/monthly/data/N_06_extent_v3.0.csv', 'ftp://sidads.colorado.edu/DATASETS/NOAA/G02135/north/monthly/data/N_07_extent_v3.0.csv', 'ftp://sidads.colorado.edu/DATASETS/NOAA/G02135/north/monthly/data/N_08_extent_v3.0.csv', 'ftp://sidads.colorado.edu/DATASETS/NOAA/G02135/north/monthly/data/N_09_extent_v3.0.csv', 'ftp://sidads.colorado.edu/DATASETS/NOAA/G02135/north/monthly/data/N_10_extent_v3.0.csv', 'ftp://sidads.colorado.edu/DATASETS/NOAA/G02135/north/monthly/data/N_11_extent_v3.0.csv', 'ftp://sidads.colorado.edu/DATASETS/NOAA/G02135/north/monthly/data/N_12_extent_v3.0.csv'] at ['2024-02-21 17:08:08', '2024-02-21 17:08:09', '2024-02-21 17:08:10', '2024-02-21 17:08:11', '2024-02-21 17:08:13', '2024-02-21 17:08:14', '2024-02-21 17:08:15', '2024-02-21 17:08:16', '2024-02-21 17:08:17', '2024-02-21 17:08:18', '2024-02-21 17:08:19', '2024-02-21 17:08:20']"
history,NSIDC,"Rebaselined to 1991-2020 for each month separately by calculating the arithmetic mean of the data over the baseline period and subtracting the mean from all data values. This is done for each month separately (Januarys, Februarys etc)."
history,NSIDC,"Calculated annual series by extracting March from each year"
history,NSIDC,"Calculated annual series by extracting September from each year"
reference,NSIDC,""
comments,NSIDC,"Original data acknowledgement: Fetterer, F., K. Knowles, W. N. Meier, M. Savoie, and A. K. Windnagel. 2017, updated daily. Sea Ice Index, Version 3. 1979-present. Boulder, Colorado USA. NSIDC: National Snow and Ice Data Center. doi: https://doi.org/10.7265/N5K072F8. [2024-02-21 17:08:08]."
history,OSI_SAF_v2p2,"Data set created from file ['osisaf_nh_sie_monthly.txt'] downloaded from ['ftp://osisaf.met.no/prod_test/ice/index/v2p2/nh/osisaf_nh_sie_monthly.txt'] at ['2024-02-21 17:08:24']"
history,OSI_SAF_v2p2,"Rebaselined to 1991-2020 for each month separately by calculating the arithmetic mean of the data over the baseline period and subtracting the mean from all data values. This is done for each month separately (Januarys, Februarys etc)."
history,OSI_SAF_v2p2,"Calculated annual series by extracting March from each year"
history,OSI_SAF_v2p2,"Calculated annual series by extracting September from each year"
reference,OSI_SAF_v2p2,"Lavergne, T., Sorensen, A. M., Kern, S., Tonboe, R., Notz, D., Aaboe, S., Bell, L., Dybkjar, G., Eastwood, S., Gabarro, C., Heygster, G., Killie, M. A., Brandt Kreiner, M., Lavelle, J., Saldo, R., Sandven, S., and Pedersen, L. T.: Version 2 of the EUMETSAT OSI SAF and ESA CCI sea-ice concentration climate data records, The Cryosphere, 13, 49-78, doi:10.5194/tc-13-49-2019, 2019."
comments,OSI_SAF_v2p2,"Original data acknowledgement: The OSI SAF Sea Ice Index v2.2 is made available at https://osisaf-hl.met.no/v2p1-sea-ice-index.  The OSI SAF Sea Ice Index v2p1 is prepared using EUMETSAT OSI SAF Sea Ice Concentration data, with R&D input from the ESA Climate Change Initiative (ESA CCI) (Lavergne et al. 2019)"
long_name,time,time,days since 1800-01-01 00:00:00.0
type,time,int
long_name,year,year,1
type,year,int
long_name,month,month,1
type,month,int
long_name,NSIDC,arctic_ice,millionkm2
type,NSIDC,float
long_name,OSI_SAF_v2p2,arctic_ice,millionkm2
type,OSI_SAF_v2p2,float
coordinate_variable,time,t
data
time,year,month,NSIDC,OSI_SAF_v2p2
65013,1978,1,,
65044,1978,2,,
65072,1978,3,,
65103,1978,4,,
65133,1978,5,,
65164,1978,6,,
65194,1978,7,,
65225,1978,8,,
65256,1978,9,,
65286,1978,10,,
65317,1978,11,1.5067,1.5703
65347,1978,12,1.2663,1.4523
65378,1979,1,1.4280,1.4617
65409,1979,2,1.3153,1.2949
65437,1979,3,1.3127,1.3415
65468,1979,4,1.1337,1.2682
65498,1979,5,0.9307,1.0466
65529,1979,6,1.2333,1.2444
65559,1979,7,1.5597,1.5143
65590,1979,8,1.6127,1.6771
65621,1979,9,1.4657,1.5713
65651,1979,10,1.2570,1.2524
65682,1979,11,0.7967,0.8836
65712,1979,12,0.9363,1.0069
65743,1980,1,0.8780,0.9595
65774,1980,2,1.0953,1.1423
65803,1980,3,1.0127,1.0426
65834,1980,4,1.1137,1.1975
65864,1980,5,0.8607,1.0043
65895,1980,6,0.9033,0.9910
65925,1980,7,1.3497,1.4592
65956,1980,8,1.5527,1.8629
65987,1980,9,2.0857,2.3367
66017,1980,10,1.6870,1.6907
66048,1980,11,1.2367,1.2915
66078,1980,12,1.1863,1.2925
66109,1981,1,0.9280,1.0360
66140,1981,2,0.7353,0.8170
66168,1981,3,0.6027,0.6451
66199,1981,4,0.6937,0.8317
66229,1981,5,0.8707,1.0063
66260,1981,6,1.1333,1.2540
66290,1981,7,1.5197,1.7241
66321,1981,8,1.4127,1.7416
66352,1981,9,1.5557,1.8080
66382,1981,10,1.3670,1.4645
66413,1981,11,0.7867,0.9510
66443,1981,12,0.9363,1.1092
66474,1982,1,1.1980,1.2347
66505,1982,2,1.1053,1.2325
66533,1982,3,1.0127,1.1227
66564,1982,4,1.1537,1.2885
66594,1982,5,1.0407,1.1969
66625,1982,6,1.1833,1.3162
66655,1982,7,1.6197,1.7427
66686,1982,8,1.7127,1.9602
66717,1982,9,1.7157,1.8581
66747,1982,10,1.9270,1.8774
66778,1982,11,1.4867,1.3668
66808,1982,12,1.2363,1.2643
66839,1983,1,0.9580,1.0618
66870,1983,2,1.1453,1.2105
66898,1983,3,1.0627,1.0981
66929,1983,4,0.8537,0.9548
66959,1983,5,0.5607,0.6623
66990,1983,6,1.0033,1.0671
67020,1983,7,1.8197,1.8729
67051,1983,8,1.7627,1.9240
67082,1983,9,1.8057,2.0258
67112,1983,10,1.8370,1.7605
67143,1983,11,1.3167,1.2943
67173,1983,12,0.8963,0.9328
67204,1984,1,0.4880,0.5127
67235,1984,2,0.4353,0.4495
67264,1984,3,0.5527,0.6186
67295,1984,4,0.6937,0.7399
67325,1984,5,0.6507,0.6803
67356,1984,6,0.8533,0.8748
67386,1984,7,1.2297,1.2322
67417,1984,8,1.3427,1.5589
67448,1984,9,1.2257,1.4163
67478,1984,10,1.0670,0.9849
67509,1984,11,0.6967,0.6997
67539,1984,12,0.5863,0.6150
67570,1985,1,0.7380,0.7488
67601,1985,2,0.6053,0.6095
67629,1985,3,0.8627,0.8972
67660,1985,4,1.0437,1.0955
67690,1985,5,1.1407,1.1541
67721,1985,6,0.9233,0.9750
67751,1985,7,0.9897,1.2101
67782,1985,8,0.9727,1.1724
67813,1985,9,1.1157,1.4347
67843,1985,10,1.0570,1.0227
67874,1985,11,0.8767,0.7639
67904,1985,12,0.6463,0.7084
67935,1986,1,0.9080,0.8798
67966,1986,2,0.9153,0.9101
67994,1986,3,0.8827,0.8907
68025,1986,4,0.7437,
68055,1986,5,0.4507,
68086,1986,6,0.6833,
68116,1986,7,1.3997,1.4834
68147,1986,8,1.5527,1.6551
68178,1986,9,1.8257,1.9550
68208,1986,10,1.9870,1.8905
68239,1986,11,1.3067,1.3013
68269,1986,12,0.8163,0.8658
68300,1987,1,0.9880,1.2248
68331,1987,2,1.1853,1.1795
68359,1987,3,0.7927,0.7344
68390,1987,4,0.8937,0.9759
68420,1987,5,0.8107,0.8757
68451,1987,6,1.1933,1.2115
68481,1987,7,1.5797,1.5185
68512,1987,8,1.2027,1.1841
68543,1987,9,1.6957,1.7362
68573,1987,10,1.5570,1.4492
68604,1987,11,1.0767,1.0239
68634,1987,12,,
68665,1988,1,,1.1127
68696,1988,2,0.7153,0.7405
68725,1988,3,0.9327,0.9851
68756,1988,4,0.8037,0.8361
68786,1988,5,0.6307,0.5865
68817,1988,6,0.6433,0.5838
68847,1988,7,1.0597,0.9492
68878,1988,8,1.4627,1.3291
68909,1988,9,1.7857,1.7377
68939,1988,10,1.6370,1.5478
68970,1988,11,1.1867,1.1039
69000,1988,12,1.2263,1.1141
69031,1989,1,0.9680,0.9092
69062,1989,2,0.6353,0.6660
69090,1989,3,0.3927,0.4587
69121,1989,4,0.0137,-0.0089
69151,1989,5,0.1107,-0.0008
69182,1989,6,0.9433,0.8491
69212,1989,7,1.3797,1.1935
69243,1989,8,1.4527,1.2865
69274,1989,9,1.4257,1.3503
69304,1989,10,1.3370,1.2515
69335,1989,11,0.9767,0.8658
69365,1989,12,0.9863,0.8844
69396,1990,1,0.7980,0.7132
69427,1990,2,0.7153,0.7256
69455,1990,3,0.8427,0.8925
69486,1990,4,0.3337,0.3453
69516,1990,5,0.3007,0.2354
69547,1990,6,0.3433,0.2640
69577,1990,7,0.4997,0.4557
69608,1990,8,0.3727,0.2052
69639,1990,9,0.5557,0.5456
69669,1990,10,0.9870,0.8654
69700,1990,11,0.9367,0.8142
69730,1990,12,0.7063,0.5601
69761,1991,1,0.3780,0.3134
69792,1991,2,0.3853,0.3681
69820,1991,3,0.3927,0.3435
69851,1991,4,0.5437,0.5397
69881,1991,5,0.5407,0.4667
69912,1991,6,0.8133,0.7049
69942,1991,7,0.7597,0.6622
69973,1991,8,0.9927,0.8684
70004,1991,9,0.8857,0.8677
70034,1991,10,1.0470,0.9560
70065,1991,11,0.7367,0.6331
70095,1991,12,0.5463,0.4857
70126,1992,1,0.6580,0.6540
70157,1992,2,0.5953,0.5603
70186,1992,3,0.4527,0.4612
70217,1992,4,0.3637,0.3537
70247,1992,5,0.2907,0.2376
70278,1992,6,0.8533,0.7339
70308,1992,7,1.5697,1.3681
70339,1992,8,1.5027,1.3750
70370,1992,9,1.8857,1.8103
70400,1992,10,1.8270,1.6595
70431,1992,11,1.2367,1.1186
70461,1992,12,1.0063,0.9232
70492,1993,1,0.9180,0.8682
70523,1993,2,0.8253,0.7502
70551,1993,3,0.7827,0.6947
70582,1993,4,0.7637,0.7265
70612,1993,5,0.4407,0.3592
70643,1993,6,0.5733,0.4656
70673,1993,7,0.7297,0.6628
70704,1993,8,0.9027,0.8388
70735,1993,9,0.8157,0.8079
70765,1993,10,1.2970,1.1812
70796,1993,11,1.1767,1.0711
70826,1993,12,0.9163,0.8080
70857,1994,1,0.7480,0.6712
70888,1994,2,0.6953,0.6255
70916,1994,3,0.5227,0.4596
70947,1994,4,0.5737,0.4686
70977,1994,5,0.6907,0.6464
71008,1994,6,0.7233,0.5802
71038,1994,7,1.1797,1.0206
71069,1994,8,1.2127,1.1490
71100,1994,9,1.5557,1.5591
71130,1994,10,1.4270,1.2516
71161,1994,11,0.9767,0.8195
71191,1994,12,0.8663,0.7573
71222,1995,1,0.6080,0.5594
71253,1995,2,0.3653,0.3047
71281,1995,3,0.2327,0.1664
71312,1995,4,0.1337,0.0712
71342,1995,5,0.0407,-0.0500
71373,1995,6,0.1433,0.0434
71403,1995,7,0.2397,0.0924
71434,1995,8,0.3127,0.2221
71465,1995,9,0.4957,0.4466
71495,1995,10,0.3370,0.3293
71526,1995,11,0.6167,0.4854
71556,1995,12,0.5163,0.4110
71587,1996,1,0.1980,0.1057
71618,1996,2,0.2853,0.2051
71647,1996,3,0.0927,0.0397
71678,1996,4,-0.0963,-0.1246
71708,1996,5,0.1607,0.0883
71739,1996,6,0.7833,0.6492
71769,1996,7,1.4097,1.2068
71800,1996,8,1.7527,1.5883
71831,1996,9,1.9957,1.9304
71861,1996,10,1.6670,1.4700
71892,1996,11,0.2567,0.1459
71922,1996,12,0.4563,0.3923
71953,1997,1,0.4380,0.3792
71984,1997,2,0.5753,0.5526
72012,1997,3,0.4427,0.4661
72043,1997,4,0.2437,0.2036
72073,1997,5,0.2507,0.2040
72104,1997,6,0.4433,0.3584
72134,1997,7,0.6597,0.5366
72165,1997,8,0.8627,0.6654
72196,1997,9,1.1057,0.9469
72226,1997,10,0.8470,0.7597
72257,1997,11,0.5367,0.5496
72287,1997,12,0.6763,0.6535
72318,1998,1,0.7380,0.6897
72349,1998,2,0.8853,0.8728
72377,1998,3,0.5727,0.5544
72408,1998,4,0.5737,0.5550
72438,1998,5,0.6607,0.6192
72469,1998,6,0.4133,0.3602
72499,1998,7,0.6697,0.5214
72530,1998,8,1.0827,0.9487
72561,1998,9,0.9557,0.9623
72591,1998,10,0.9570,0.9048
72622,1998,11,0.2967,0.2835
72652,1998,12,0.3563,0.2895
72683,1999,1,0.3780,0.3597
72714,1999,2,0.4453,0.4144
72742,1999,3,0.3727,0.3266
72773,1999,4,0.7637,0.7002
72803,1999,5,0.8207,0.8019
72834,1999,6,0.4833,0.4208
72864,1999,7,0.7397,0.4977
72895,1999,8,0.8027,0.7157
72926,1999,9,0.5357,0.5122
72956,1999,10,1.1070,1.0898
72987,1999,11,0.6567,0.6290
73017,1999,12,0.2363,0.2076
73048,2000,1,0.2380,0.2202
73079,2000,2,0.2753,0.2670
73108,2000,3,0.1927,0.1735
73139,2000,4,0.2437,0.2060
73169,2000,5,0.2207,0.1805
73200,2000,6,0.3733,0.2813
73230,2000,7,0.7597,0.6342
73261,2000,8,0.7427,0.6552
73292,2000,9,0.6657,0.6809
73322,2000,10,0.8870,0.8160
73353,2000,11,0.1767,0.1633
73383,2000,12,0.2363,0.1713
73414,2001,1,0.2180,0.2162
73445,2001,2,0.3453,0.3407
73473,2001,3,0.4927,0.4708
73504,2001,4,0.5437,0.4649
73534,2001,5,0.5807,0.5805
73565,2001,6,0.1633,0.1008
73595,2001,7,0.3197,0.1561
73626,2001,8,1.0327,0.8587
73657,2001,9,1.1457,1.0821
73687,2001,10,0.8070,0.7513
73718,2001,11,0.5167,0.4556
73748,2001,12,0.0863,0.1042
73779,2002,1,0.2880,0.2783
73810,2002,2,0.4753,0.4711
73838,2002,3,0.3227,0.2875
73869,2002,4,-0.0163,-0.0686
73899,2002,5,0.0407,0.0047
73930,2002,6,0.2833,0.2225
73960,2002,7,0.5197,0.4141
73991,2002,8,0.1727,0.1109
74022,2002,9,0.2457,0.1940
74052,2002,10,0.6670,0.6028
74083,2002,11,0.1967,0.1732
74113,2002,12,0.2063,0.1592
74144,2003,1,0.4080,0.3725
74175,2003,2,0.3253,0.3170
74203,2003,3,0.4527,0.4719
74234,2003,4,0.1937,0.1790
74264,2003,5,0.0907,0.0612
74295,2003,6,0.3033,0.2446
74325,2003,7,0.4597,0.3638
74356,2003,8,0.5127,0.4482
74387,2003,9,0.5357,0.5234
74417,2003,10,0.3570,0.3421
74448,2003,11,-0.0133,-0.0597
74478,2003,12,0.1863,0.1781
74509,2004,1,0.0480,-0.0078
74540,2004,2,0.0453,0.0482
74569,2004,3,-0.0373,-0.0463
74600,2004,4,-0.3263,-0.3655
74630,2004,5,-0.3693,-0.4440
74661,2004,6,0.1533,0.0589
74691,2004,7,0.6797,0.5764
74722,2004,8,0.4227,0.3664
74753,2004,9,0.3957,0.2885
74783,2004,10,0.4370,0.3468
74814,2004,11,0.1967,0.1733
74844,2004,12,0.1463,0.0847
74875,2005,1,-0.3220,-0.3870
74906,2005,2,-0.4947,-0.5266
74934,2005,3,-0.3373,-0.4002
74965,2005,4,-0.2263,-0.3018
74995,2005,5,-0.0193,-0.0903
75026,2005,6,-0.1367,-0.1856
75056,2005,7,-0.1003,-0.1039
75087,2005,8,-0.1273,-0.2526
75118,2005,9,-0.0843,-0.2030
75148,2005,10,-0.1430,-0.1391
75179,2005,11,0.0767,0.0128
75209,2005,12,-0.1737,-0.1938
75240,2006,1,-0.5120,-0.5273
75271,2006,2,-0.5447,-0.5833
75299,2006,3,-0.6073,-0.6482
75330,2006,4,-0.4063,-0.4550
75360,2006,5,-0.4093,-0.3932
75391,2006,6,-0.3767,-0.3957
75421,2006,7,-0.2903,-0.3563
75452,2006,8,0.0727,-0.0114
75483,2006,9,0.2757,0.2502
75513,2006,10,0.0470,0.0782
75544,2006,11,-0.4833,-0.4786
75574,2006,12,-0.4537,-0.3863
75605,2007,1,-0.2820,-0.2580
75636,2007,2,-0.3547,-0.3200
75664,2007,3,-0.4873,-0.4551
75695,2007,4,-0.4663,-0.3811
75725,2007,5,-0.1493,-0.0912
75756,2007,6,-0.0767,-0.0569
75786,2007,7,-0.8103,-0.8095
75817,2007,8,-1.0873,-1.0987
75848,2007,9,-1.3143,-1.3545
75878,2007,10,-1.4530,-1.3869
75909,2007,11,-0.3833,-0.3336
75939,2007,12,-0.3737,-0.3079
75970,2008,1,-0.0920,-0.0855
76001,2008,2,0.0853,0.1089
76030,2008,3,0.1527,0.1767
76061,2008,4,0.0337,0.0824
76091,2008,5,0.0407,0.0605
76122,2008,6,-0.0867,-0.0375
76152,2008,7,-0.0703,-0.0780
76183,2008,8,-0.5173,-0.3520
76214,2008,9,-0.8943,-0.8305
76244,2008,10,-0.1430,-0.0580
76275,2008,11,0.1967,0.2103
76305,2008,12,-0.0437,-0.0227
76336,2009,1,-0.0720,-0.0004
76367,2009,2,-0.0547,-0.0144
76395,2009,3,-0.0473,0.0205
76426,2009,4,0.1837,0.2275
76456,2009,5,0.2607,0.3394
76487,2009,6,0.0233,0.1376
76517,2009,7,-0.2803,-0.0823
76548,2009,8,-0.2873,-0.2329
76579,2009,9,-0.3243,-0.2372
76609,2009,10,-0.5730,-0.4852
76640,2009,11,-0.3733,-0.2728
76670,2009,12,-0.2037,-0.1401
76701,2010,1,-0.2420,-0.2587
76732,2010,2,-0.2847,-0.2667
76760,2010,3,0.1127,0.1474
76791,2010,4,0.3437,0.4408
76821,2010,5,-0.0593,0.0396
76852,2010,6,-0.7067,-0.5824
76882,2010,7,-0.6803,-0.5020
76913,2010,8,-0.5573,-0.3726
76944,2010,9,-0.7143,-0.6140
76974,2010,10,-0.5130,-0.3736
77005,2010,11,-0.5333,-0.4386
77035,2010,12,-0.5737,-0.5250
77066,2011,1,-0.5220,-0.4924
77097,2011,2,-0.5047,-0.4674
77125,2011,3,-0.4773,-0.4417
77156,2011,4,-0.2063,-0.1744
77186,2011,5,-0.2493,-0.1303
77217,2011,6,-0.5467,-0.4354
77247,2011,7,-1.0303,-0.7708
77278,2011,8,-0.9273,-0.7365
77309,2011,9,-1.0243,-0.9396
77339,2011,10,-1.0330,-0.8914
77370,2011,11,-0.3733,-0.3297
77400,2011,12,-0.2537,-0.1453
77431,2012,1,-0.2520,-0.1579
77462,2012,2,-0.3147,-0.2631
77491,2012,3,0.1727,0.2432
77522,2012,4,0.3137,0.4044
77552,2012,5,0.0807,0.1599
77583,2012,6,-0.6267,-0.4536
77613,2012,7,-1.0803,-0.9208
77644,2012,8,-1.7073,-1.5094
77675,2012,9,-2.0143,-1.9198
77705,2012,10,-1.6030,-1.4994
77736,2012,11,-0.7533,-0.6838
77766,2012,12,-0.3937,-0.3036
77797,2013,1,-0.2820,-0.2283
77828,2013,2,-0.1447,-0.1267
77856,2013,3,0.0027,-0.0450
77887,2013,4,-0.0163,-0.0160
77917,2013,5,0.0707,0.1503
77948,2013,6,0.0633,0.1414
77978,2013,7,-0.6203,-0.5793
78009,2013,8,-0.4173,-0.3713
78040,2013,9,-0.3743,-0.4548
78070,2013,10,-0.0430,-0.0151
78101,2013,11,-0.2033,-0.1367
78131,2013,12,-0.2237,-0.2059
78162,2014,1,-0.3320,-0.2573
78193,2014,2,-0.4447,-0.3895
78221,2014,3,-0.2673,-0.1938
78252,2014,4,-0.2263,-0.2218
78282,2014,5,-0.2293,-0.1550
78313,2014,6,-0.2667,-0.1651
78343,2014,7,-0.6403,-0.5800
78374,2014,8,-0.3473,-0.3012
78405,2014,9,-0.3643,-0.3015
78435,2014,10,-0.2630,-0.2067
78466,2014,11,-0.0333,-0.0076
78496,2014,12,-0.0537,-0.0520
78527,2015,1,-0.3820,-0.3682
78558,2015,2,-0.4647,-0.4625
78586,2015,3,-0.6573,-0.6421
78617,2015,4,-0.4263,-0.3628
78647,2015,5,-0.4593,-0.4420
78678,2015,6,-0.4167,-0.3476
78708,2015,7,-0.3703,-0.1825
78739,2015,8,-0.8273,-0.5885
78770,2015,9,-0.9643,-0.8333
78800,2015,10,-0.5230,-0.4182
78831,2015,11,-0.2933,-0.2354
78861,2015,12,-0.3637,-0.3873
78892,2016,1,-0.5220,-0.4601
78923,2016,2,-0.6647,-0.5967
78952,2016,3,-0.6273,-0.5357
78983,2016,4,-0.6363,-0.5873
79013,2016,5,-1.0093,-0.9577
79044,2016,6,-0.8867,-0.7601
79074,2016,7,-0.8103,-0.6797
79105,2016,8,-1.0573,-0.8363
79136,2016,9,-1.0543,-0.9501
79166,2016,10,-1.4130,-1.3254
79197,2016,11,-1.4833,-1.3569
79227,2016,12,-0.9437,-0.8499
79258,2017,1,-0.7920,-0.6951
79289,2017,2,-0.7447,-0.6770
79317,2017,3,-0.7373,-0.6647
79348,2017,4,-0.5663,-0.5346
79378,2017,5,-0.2993,-0.3062
79409,2017,6,-0.5367,-0.4535
79439,2017,7,-0.8103,-0.6119
79470,2017,8,-0.9473,-0.8464
79501,2017,9,-0.7643,-0.6985
79531,2017,10,-0.7230,-0.6880
79562,2017,11,-0.6533,-0.5570
79592,2017,12,-0.6637,-0.5550
79623,2018,1,-0.9020,-0.8338
79654,2018,2,-0.8947,-0.8680
79682,2018,3,-0.7273,-0.7214
79713,2018,4,-0.6163,-0.5980
79743,2018,5,-0.6993,-0.6568
79774,2018,6,-0.5167,-0.4654
79804,2018,7,-0.4803,-0.3051
79835,2018,8,-0.8173,-0.7608
79866,2018,9,-0.7943,-0.8161
79896,2018,10,-1.3630,-1.2738
79927,2018,11,-0.3233,-0.2534
79957,2018,12,-0.5437,-0.4859
79988,2019,1,-0.4120,-0.3568
80019,2019,2,-0.4747,-0.4543
80047,2019,3,-0.4573,-0.4458
80078,2019,4,-0.8863,-0.8172
80108,2019,5,-0.7393,-0.7312
80139,2019,6,-0.7067,-0.5830
80169,2019,7,-1.1603,-0.8827
80200,2019,8,-1.3973,-1.2265
80231,2019,9,-1.2243,-1.1638
80261,2019,10,-1.7630,-1.6658
80292,2019,11,-0.7933,-0.7277
80322,2019,12,-0.5037,-0.4456
80353,2020,1,-0.3420,-0.3131
80384,2020,2,-0.2247,-0.1904
80413,2020,3,-0.2973,-0.2638
80444,2020,4,-0.6963,-0.6150
80474,2020,5,-0.5893,-0.5521
80505,2020,6,-0.7067,-0.5821
80535,2020,7,-1.4603,-1.2685
80566,2020,8,-1.3573,-1.3138
80597,2020,9,-1.5843,-1.5456
80627,2020,10,-2.1630,-2.1126
80658,2020,11,-1.1533,-1.0528
80688,2020,12,-0.6737,-0.6193
80719,2021,1,-0.4820,-0.4206
80750,2021,2,-0.4747,-0.4543
80778,2021,3,-0.3673,-0.3629
80809,2021,4,-0.5263,-0.4679
80839,2021,5,-0.2493,-0.1830
80870,2021,6,-0.5267,-0.4207
80900,2021,7,-1.1003,-0.9175
80931,2021,8,-0.7173,-0.5519
80962,2021,9,-0.6343,-0.4445
80992,2021,10,-0.6730,-0.5170
81023,2021,11,-0.3133,-0.2246
81053,2021,12,-0.2537,-0.2021
81084,2022,1,-0.1120,-0.0976
81115,2022,2,-0.2547,-0.2582
81143,2022,3,-0.4373,-0.3994
81174,2022,4,-0.3263,-0.3169
81204,2022,5,-0.0493,-0.0185
81235,2022,6,-0.4167,-0.3584
81265,2022,7,-0.4603,-0.4400
81296,2022,8,-0.4773,-0.3689
81327,2022,9,-0.6843,-0.6331
81357,2022,10,-0.8330,-0.7412
81388,2022,11,-0.4133,-0.3320
81418,2022,12,-0.5137,-0.4238
81449,2023,1,-0.6320,-0.5769
81480,2023,2,-0.6847,-0.6324
81508,2023,3,-0.5873,-0.6097
81539,2023,4,-0.3263,-0.3798
81569,2023,5,-0.0993,-0.0545
81600,2023,6,-0.3367,-0.1056
81630,2023,7,-0.5703,-0.3023
81661,2023,8,-0.8573,-0.6890
81692,2023,9,-1.2143,-1.0526
81722,2023,10,-1.1230,-0.8979
81753,2023,11,-0.4833,-0.3782
81783,2023,12,-0.4037,-0.3130
81814,2024,1,-0.0620,-0.0719
end data
