Conventions,G,BADC-CSV,1
title,G,Arctic sea-ice extent
last_revised_date,G,2024-03-21
date_valid,G,2024-03-21
feature_type,G,area average
creator,G,WMO
source,G,Produced by climind version 1.0
observation_station,G,derived data
location,G,90.,-180.,-90.,180.
activity,G,WMO
history,G,"Data set created from file ['N_01_extent_v3.0.csv', 'N_02_extent_v3.0.csv', 'N_03_extent_v3.0.csv', 'N_04_extent_v3.0.csv', 'N_05_extent_v3.0.csv', 'N_06_extent_v3.0.csv', 'N_07_extent_v3.0.csv', 'N_08_extent_v3.0.csv', 'N_09_extent_v3.0.csv', 'N_10_extent_v3.0.csv', 'N_11_extent_v3.0.csv', 'N_12_extent_v3.0.csv'] downloaded from ['ftp://sidads.colorado.edu/DATASETS/NOAA/G02135/north/monthly/data/N_01_extent_v3.0.csv', 'ftp://sidads.colorado.edu/DATASETS/NOAA/G02135/north/monthly/data/N_02_extent_v3.0.csv', 'ftp://sidads.colorado.edu/DATASETS/NOAA/G02135/north/monthly/data/N_03_extent_v3.0.csv', 'ftp://sidads.colorado.edu/DATASETS/NOAA/G02135/north/monthly/data/N_04_extent_v3.0.csv', 'ftp://sidads.colorado.edu/DATASETS/NOAA/G02135/north/monthly/data/N_05_extent_v3.0.csv', 'ftp://sidads.colorado.edu/DATASETS/NOAA/G02135/north/monthly/data/N_06_extent_v3.0.csv', 'ftp://sidads.colorado.edu/DATASETS/NOAA/G02135/north/monthly/data/N_07_extent_v3.0.csv', 'ftp://sidads.colorado.edu/DATASETS/NOAA/G02135/north/monthly/data/N_08_extent_v3.0.csv', 'ftp://sidads.colorado.edu/DATASETS/NOAA/G02135/north/monthly/data/N_09_extent_v3.0.csv', 'ftp://sidads.colorado.edu/DATASETS/NOAA/G02135/north/monthly/data/N_10_extent_v3.0.csv', 'ftp://sidads.colorado.edu/DATASETS/NOAA/G02135/north/monthly/data/N_11_extent_v3.0.csv', 'ftp://sidads.colorado.edu/DATASETS/NOAA/G02135/north/monthly/data/N_12_extent_v3.0.csv'] at ['2024-02-21 17:08:08', '2024-02-21 17:08:09', '2024-02-21 17:08:10', '2024-02-21 17:08:11', '2024-02-21 17:08:13', '2024-02-21 17:08:14', '2024-02-21 17:08:15', '2024-02-21 17:08:16', '2024-02-21 17:08:17', '2024-02-21 17:08:18', '2024-02-21 17:08:19', '2024-02-21 17:08:20']"
history,G,"Rebaselined to 1991-2020 for each month separately by calculating the arithmetic mean of the data over the baseline period and subtracting the mean from all data values. This is done for each month separately (Januarys, Februarys etc)."
history,G,"Calculated annual series by extracting March from each year"
history,G,"Calculated annual series by extracting September from each year"
reference,G,""
rights,G,TBD
comments,G,Data produced by climind version 1.0
comments,G,Format description https://help.ceda.ac.uk/article/105-badc-csv
comments,G,"Original data acknowledgement: Fetterer, F., K. Knowles, W. N. Meier, M. Savoie, and A. K. Windnagel. 2017, updated daily. Sea Ice Index, Version 3. 1979-present. Boulder, Colorado USA. NSIDC: National Snow and Ice Data Center. doi: https://doi.org/10.7265/N5K072F8. [2024-02-21 17:08:08]."
long_name,time,time,days since 1800-01-01 00:00:00.0
type,time,int
long_name,year,year,1
type,year,int
long_name,month,month,1
type,month,int
long_name,data,arctic_ice,millionkm2
type,data,float
coordinate_variable,time,t
data
time,year,month,data
65317,1978,11,1.5067
65347,1978,12,1.2663
65378,1979,1,1.4280
65409,1979,2,1.3153
65437,1979,3,1.3127
65468,1979,4,1.1337
65498,1979,5,0.9307
65529,1979,6,1.2333
65559,1979,7,1.5597
65590,1979,8,1.6127
65621,1979,9,1.4657
65651,1979,10,1.2570
65682,1979,11,0.7967
65712,1979,12,0.9363
65743,1980,1,0.8780
65774,1980,2,1.0953
65803,1980,3,1.0127
65834,1980,4,1.1137
65864,1980,5,0.8607
65895,1980,6,0.9033
65925,1980,7,1.3497
65956,1980,8,1.5527
65987,1980,9,2.0857
66017,1980,10,1.6870
66048,1980,11,1.2367
66078,1980,12,1.1863
66109,1981,1,0.9280
66140,1981,2,0.7353
66168,1981,3,0.6027
66199,1981,4,0.6937
66229,1981,5,0.8707
66260,1981,6,1.1333
66290,1981,7,1.5197
66321,1981,8,1.4127
66352,1981,9,1.5557
66382,1981,10,1.3670
66413,1981,11,0.7867
66443,1981,12,0.9363
66474,1982,1,1.1980
66505,1982,2,1.1053
66533,1982,3,1.0127
66564,1982,4,1.1537
66594,1982,5,1.0407
66625,1982,6,1.1833
66655,1982,7,1.6197
66686,1982,8,1.7127
66717,1982,9,1.7157
66747,1982,10,1.9270
66778,1982,11,1.4867
66808,1982,12,1.2363
66839,1983,1,0.9580
66870,1983,2,1.1453
66898,1983,3,1.0627
66929,1983,4,0.8537
66959,1983,5,0.5607
66990,1983,6,1.0033
67020,1983,7,1.8197
67051,1983,8,1.7627
67082,1983,9,1.8057
67112,1983,10,1.8370
67143,1983,11,1.3167
67173,1983,12,0.8963
67204,1984,1,0.4880
67235,1984,2,0.4353
67264,1984,3,0.5527
67295,1984,4,0.6937
67325,1984,5,0.6507
67356,1984,6,0.8533
67386,1984,7,1.2297
67417,1984,8,1.3427
67448,1984,9,1.2257
67478,1984,10,1.0670
67509,1984,11,0.6967
67539,1984,12,0.5863
67570,1985,1,0.7380
67601,1985,2,0.6053
67629,1985,3,0.8627
67660,1985,4,1.0437
67690,1985,5,1.1407
67721,1985,6,0.9233
67751,1985,7,0.9897
67782,1985,8,0.9727
67813,1985,9,1.1157
67843,1985,10,1.0570
67874,1985,11,0.8767
67904,1985,12,0.6463
67935,1986,1,0.9080
67966,1986,2,0.9153
67994,1986,3,0.8827
68025,1986,4,0.7437
68055,1986,5,0.4507
68086,1986,6,0.6833
68116,1986,7,1.3997
68147,1986,8,1.5527
68178,1986,9,1.8257
68208,1986,10,1.9870
68239,1986,11,1.3067
68269,1986,12,0.8163
68300,1987,1,0.9880
68331,1987,2,1.1853
68359,1987,3,0.7927
68390,1987,4,0.8937
68420,1987,5,0.8107
68451,1987,6,1.1933
68481,1987,7,1.5797
68512,1987,8,1.2027
68543,1987,9,1.6957
68573,1987,10,1.5570
68604,1987,11,1.0767
68634,1987,12,
68665,1988,1,
68696,1988,2,0.7153
68725,1988,3,0.9327
68756,1988,4,0.8037
68786,1988,5,0.6307
68817,1988,6,0.6433
68847,1988,7,1.0597
68878,1988,8,1.4627
68909,1988,9,1.7857
68939,1988,10,1.6370
68970,1988,11,1.1867
69000,1988,12,1.2263
69031,1989,1,0.9680
69062,1989,2,0.6353
69090,1989,3,0.3927
69121,1989,4,0.0137
69151,1989,5,0.1107
69182,1989,6,0.9433
69212,1989,7,1.3797
69243,1989,8,1.4527
69274,1989,9,1.4257
69304,1989,10,1.3370
69335,1989,11,0.9767
69365,1989,12,0.9863
69396,1990,1,0.7980
69427,1990,2,0.7153
69455,1990,3,0.8427
69486,1990,4,0.3337
69516,1990,5,0.3007
69547,1990,6,0.3433
69577,1990,7,0.4997
69608,1990,8,0.3727
69639,1990,9,0.5557
69669,1990,10,0.9870
69700,1990,11,0.9367
69730,1990,12,0.7063
69761,1991,1,0.3780
69792,1991,2,0.3853
69820,1991,3,0.3927
69851,1991,4,0.5437
69881,1991,5,0.5407
69912,1991,6,0.8133
69942,1991,7,0.7597
69973,1991,8,0.9927
70004,1991,9,0.8857
70034,1991,10,1.0470
70065,1991,11,0.7367
70095,1991,12,0.5463
70126,1992,1,0.6580
70157,1992,2,0.5953
70186,1992,3,0.4527
70217,1992,4,0.3637
70247,1992,5,0.2907
70278,1992,6,0.8533
70308,1992,7,1.5697
70339,1992,8,1.5027
70370,1992,9,1.8857
70400,1992,10,1.8270
70431,1992,11,1.2367
70461,1992,12,1.0063
70492,1993,1,0.9180
70523,1993,2,0.8253
70551,1993,3,0.7827
70582,1993,4,0.7637
70612,1993,5,0.4407
70643,1993,6,0.5733
70673,1993,7,0.7297
70704,1993,8,0.9027
70735,1993,9,0.8157
70765,1993,10,1.2970
70796,1993,11,1.1767
70826,1993,12,0.9163
70857,1994,1,0.7480
70888,1994,2,0.6953
70916,1994,3,0.5227
70947,1994,4,0.5737
70977,1994,5,0.6907
71008,1994,6,0.7233
71038,1994,7,1.1797
71069,1994,8,1.2127
71100,1994,9,1.5557
71130,1994,10,1.4270
71161,1994,11,0.9767
71191,1994,12,0.8663
71222,1995,1,0.6080
71253,1995,2,0.3653
71281,1995,3,0.2327
71312,1995,4,0.1337
71342,1995,5,0.0407
71373,1995,6,0.1433
71403,1995,7,0.2397
71434,1995,8,0.3127
71465,1995,9,0.4957
71495,1995,10,0.3370
71526,1995,11,0.6167
71556,1995,12,0.5163
71587,1996,1,0.1980
71618,1996,2,0.2853
71647,1996,3,0.0927
71678,1996,4,-0.0963
71708,1996,5,0.1607
71739,1996,6,0.7833
71769,1996,7,1.4097
71800,1996,8,1.7527
71831,1996,9,1.9957
71861,1996,10,1.6670
71892,1996,11,0.2567
71922,1996,12,0.4563
71953,1997,1,0.4380
71984,1997,2,0.5753
72012,1997,3,0.4427
72043,1997,4,0.2437
72073,1997,5,0.2507
72104,1997,6,0.4433
72134,1997,7,0.6597
72165,1997,8,0.8627
72196,1997,9,1.1057
72226,1997,10,0.8470
72257,1997,11,0.5367
72287,1997,12,0.6763
72318,1998,1,0.7380
72349,1998,2,0.8853
72377,1998,3,0.5727
72408,1998,4,0.5737
72438,1998,5,0.6607
72469,1998,6,0.4133
72499,1998,7,0.6697
72530,1998,8,1.0827
72561,1998,9,0.9557
72591,1998,10,0.9570
72622,1998,11,0.2967
72652,1998,12,0.3563
72683,1999,1,0.3780
72714,1999,2,0.4453
72742,1999,3,0.3727
72773,1999,4,0.7637
72803,1999,5,0.8207
72834,1999,6,0.4833
72864,1999,7,0.7397
72895,1999,8,0.8027
72926,1999,9,0.5357
72956,1999,10,1.1070
72987,1999,11,0.6567
73017,1999,12,0.2363
73048,2000,1,0.2380
73079,2000,2,0.2753
73108,2000,3,0.1927
73139,2000,4,0.2437
73169,2000,5,0.2207
73200,2000,6,0.3733
73230,2000,7,0.7597
73261,2000,8,0.7427
73292,2000,9,0.6657
73322,2000,10,0.8870
73353,2000,11,0.1767
73383,2000,12,0.2363
73414,2001,1,0.2180
73445,2001,2,0.3453
73473,2001,3,0.4927
73504,2001,4,0.5437
73534,2001,5,0.5807
73565,2001,6,0.1633
73595,2001,7,0.3197
73626,2001,8,1.0327
73657,2001,9,1.1457
73687,2001,10,0.8070
73718,2001,11,0.5167
73748,2001,12,0.0863
73779,2002,1,0.2880
73810,2002,2,0.4753
73838,2002,3,0.3227
73869,2002,4,-0.0163
73899,2002,5,0.0407
73930,2002,6,0.2833
73960,2002,7,0.5197
73991,2002,8,0.1727
74022,2002,9,0.2457
74052,2002,10,0.6670
74083,2002,11,0.1967
74113,2002,12,0.2063
74144,2003,1,0.4080
74175,2003,2,0.3253
74203,2003,3,0.4527
74234,2003,4,0.1937
74264,2003,5,0.0907
74295,2003,6,0.3033
74325,2003,7,0.4597
74356,2003,8,0.5127
74387,2003,9,0.5357
74417,2003,10,0.3570
74448,2003,11,-0.0133
74478,2003,12,0.1863
74509,2004,1,0.0480
74540,2004,2,0.0453
74569,2004,3,-0.0373
74600,2004,4,-0.3263
74630,2004,5,-0.3693
74661,2004,6,0.1533
74691,2004,7,0.6797
74722,2004,8,0.4227
74753,2004,9,0.3957
74783,2004,10,0.4370
74814,2004,11,0.1967
74844,2004,12,0.1463
74875,2005,1,-0.3220
74906,2005,2,-0.4947
74934,2005,3,-0.3373
74965,2005,4,-0.2263
74995,2005,5,-0.0193
75026,2005,6,-0.1367
75056,2005,7,-0.1003
75087,2005,8,-0.1273
75118,2005,9,-0.0843
75148,2005,10,-0.1430
75179,2005,11,0.0767
75209,2005,12,-0.1737
75240,2006,1,-0.5120
75271,2006,2,-0.5447
75299,2006,3,-0.6073
75330,2006,4,-0.4063
75360,2006,5,-0.4093
75391,2006,6,-0.3767
75421,2006,7,-0.2903
75452,2006,8,0.0727
75483,2006,9,0.2757
75513,2006,10,0.0470
75544,2006,11,-0.4833
75574,2006,12,-0.4537
75605,2007,1,-0.2820
75636,2007,2,-0.3547
75664,2007,3,-0.4873
75695,2007,4,-0.4663
75725,2007,5,-0.1493
75756,2007,6,-0.0767
75786,2007,7,-0.8103
75817,2007,8,-1.0873
75848,2007,9,-1.3143
75878,2007,10,-1.4530
75909,2007,11,-0.3833
75939,2007,12,-0.3737
75970,2008,1,-0.0920
76001,2008,2,0.0853
76030,2008,3,0.1527
76061,2008,4,0.0337
76091,2008,5,0.0407
76122,2008,6,-0.0867
76152,2008,7,-0.0703
76183,2008,8,-0.5173
76214,2008,9,-0.8943
76244,2008,10,-0.1430
76275,2008,11,0.1967
76305,2008,12,-0.0437
76336,2009,1,-0.0720
76367,2009,2,-0.0547
76395,2009,3,-0.0473
76426,2009,4,0.1837
76456,2009,5,0.2607
76487,2009,6,0.0233
76517,2009,7,-0.2803
76548,2009,8,-0.2873
76579,2009,9,-0.3243
76609,2009,10,-0.5730
76640,2009,11,-0.3733
76670,2009,12,-0.2037
76701,2010,1,-0.2420
76732,2010,2,-0.2847
76760,2010,3,0.1127
76791,2010,4,0.3437
76821,2010,5,-0.0593
76852,2010,6,-0.7067
76882,2010,7,-0.6803
76913,2010,8,-0.5573
76944,2010,9,-0.7143
76974,2010,10,-0.5130
77005,2010,11,-0.5333
77035,2010,12,-0.5737
77066,2011,1,-0.5220
77097,2011,2,-0.5047
77125,2011,3,-0.4773
77156,2011,4,-0.2063
77186,2011,5,-0.2493
77217,2011,6,-0.5467
77247,2011,7,-1.0303
77278,2011,8,-0.9273
77309,2011,9,-1.0243
77339,2011,10,-1.0330
77370,2011,11,-0.3733
77400,2011,12,-0.2537
77431,2012,1,-0.2520
77462,2012,2,-0.3147
77491,2012,3,0.1727
77522,2012,4,0.3137
77552,2012,5,0.0807
77583,2012,6,-0.6267
77613,2012,7,-1.0803
77644,2012,8,-1.7073
77675,2012,9,-2.0143
77705,2012,10,-1.6030
77736,2012,11,-0.7533
77766,2012,12,-0.3937
77797,2013,1,-0.2820
77828,2013,2,-0.1447
77856,2013,3,0.0027
77887,2013,4,-0.0163
77917,2013,5,0.0707
77948,2013,6,0.0633
77978,2013,7,-0.6203
78009,2013,8,-0.4173
78040,2013,9,-0.3743
78070,2013,10,-0.0430
78101,2013,11,-0.2033
78131,2013,12,-0.2237
78162,2014,1,-0.3320
78193,2014,2,-0.4447
78221,2014,3,-0.2673
78252,2014,4,-0.2263
78282,2014,5,-0.2293
78313,2014,6,-0.2667
78343,2014,7,-0.6403
78374,2014,8,-0.3473
78405,2014,9,-0.3643
78435,2014,10,-0.2630
78466,2014,11,-0.0333
78496,2014,12,-0.0537
78527,2015,1,-0.3820
78558,2015,2,-0.4647
78586,2015,3,-0.6573
78617,2015,4,-0.4263
78647,2015,5,-0.4593
78678,2015,6,-0.4167
78708,2015,7,-0.3703
78739,2015,8,-0.8273
78770,2015,9,-0.9643
78800,2015,10,-0.5230
78831,2015,11,-0.2933
78861,2015,12,-0.3637
78892,2016,1,-0.5220
78923,2016,2,-0.6647
78952,2016,3,-0.6273
78983,2016,4,-0.6363
79013,2016,5,-1.0093
79044,2016,6,-0.8867
79074,2016,7,-0.8103
79105,2016,8,-1.0573
79136,2016,9,-1.0543
79166,2016,10,-1.4130
79197,2016,11,-1.4833
79227,2016,12,-0.9437
79258,2017,1,-0.7920
79289,2017,2,-0.7447
79317,2017,3,-0.7373
79348,2017,4,-0.5663
79378,2017,5,-0.2993
79409,2017,6,-0.5367
79439,2017,7,-0.8103
79470,2017,8,-0.9473
79501,2017,9,-0.7643
79531,2017,10,-0.7230
79562,2017,11,-0.6533
79592,2017,12,-0.6637
79623,2018,1,-0.9020
79654,2018,2,-0.8947
79682,2018,3,-0.7273
79713,2018,4,-0.6163
79743,2018,5,-0.6993
79774,2018,6,-0.5167
79804,2018,7,-0.4803
79835,2018,8,-0.8173
79866,2018,9,-0.7943
79896,2018,10,-1.3630
79927,2018,11,-0.3233
79957,2018,12,-0.5437
79988,2019,1,-0.4120
80019,2019,2,-0.4747
80047,2019,3,-0.4573
80078,2019,4,-0.8863
80108,2019,5,-0.7393
80139,2019,6,-0.7067
80169,2019,7,-1.1603
80200,2019,8,-1.3973
80231,2019,9,-1.2243
80261,2019,10,-1.7630
80292,2019,11,-0.7933
80322,2019,12,-0.5037
80353,2020,1,-0.3420
80384,2020,2,-0.2247
80413,2020,3,-0.2973
80444,2020,4,-0.6963
80474,2020,5,-0.5893
80505,2020,6,-0.7067
80535,2020,7,-1.4603
80566,2020,8,-1.3573
80597,2020,9,-1.5843
80627,2020,10,-2.1630
80658,2020,11,-1.1533
80688,2020,12,-0.6737
80719,2021,1,-0.4820
80750,2021,2,-0.4747
80778,2021,3,-0.3673
80809,2021,4,-0.5263
80839,2021,5,-0.2493
80870,2021,6,-0.5267
80900,2021,7,-1.1003
80931,2021,8,-0.7173
80962,2021,9,-0.6343
80992,2021,10,-0.6730
81023,2021,11,-0.3133
81053,2021,12,-0.2537
81084,2022,1,-0.1120
81115,2022,2,-0.2547
81143,2022,3,-0.4373
81174,2022,4,-0.3263
81204,2022,5,-0.0493
81235,2022,6,-0.4167
81265,2022,7,-0.4603
81296,2022,8,-0.4773
81327,2022,9,-0.6843
81357,2022,10,-0.8330
81388,2022,11,-0.4133
81418,2022,12,-0.5137
81449,2023,1,-0.6320
81480,2023,2,-0.6847
81508,2023,3,-0.5873
81539,2023,4,-0.3263
81569,2023,5,-0.0993
81600,2023,6,-0.3367
81630,2023,7,-0.5703
81661,2023,8,-0.8573
81692,2023,9,-1.2143
81722,2023,10,-1.1230
81753,2023,11,-0.4833
81783,2023,12,-0.4037
81814,2024,1,-0.0620
end data
