Conventions,G,BADC-CSV,1
title,G,Regional mean land and ocean temperature for WMO RA 5 South-West Pacific
last_revised_date,G,2023-03-09
date_valid,G,2023-03-09
feature_type,G,area average
creator,G,WMO
source,G,Produced by climind version 0.1
observation_station,G,derived data
location,G,90.,-180.,-90.,180.
activity,G,WMO
history,G,""Data set created from file ['NOAAGlobalTemp_v*.nc'] downloaded from ['https://www.ncei.noaa.gov/data/noaa-global-surface-temperature/v5/access/gridded/NOAAGlobalTemp_v.*.nc'] at ['2023-03-09 09:23:30']""
history,G,""Data set created from file ['NOAAGlobalTemp_v*.nc'] downloaded from ['https://www.ncei.noaa.gov/data/noaa-global-surface-temperature/v5/access/gridded/NOAAGlobalTemp_v.*.nc'] at ['2023-03-09 09:23:30']""
history,G,""Regridded to 1 degree latitude-longitude resolution""
history,G,""Rebaselined to 1991-2020""
history,G,""Calculated area-average""
history,G,""Calculated annual average from monthly averages using arithmetic mean""
history,G,""Selected years within the range 1900 to 2022.""
history,G,""Wrote to file wmo_ra_land_ocean_5_NOAAGlobalTemp.csv""
history,G,"Data set created from file ['wmo_ra_land_ocean_5_NOAAGlobalTemp.csv'] downloaded from [''] at ['2023-03-09 11:07:57']"
reference,G,"Huang, B., M. J. Menne, T. Boyer, E. Freeman, B. E. Gleason, J. H. Lawrimore, C. Liu, J. J. Rennie, C. Schreck, F. Sun, R. Vose, C. N. Williams, X. Yin, H.-M. Zhang, 2020: Uncertainty estimates for sea surface temperature and land surface air temperature in NOAAGlobalTemp version 5. , J. Climate, 33, 1351-1379, DOI: 10.1175/JCLI-D-19-0395.1"
reference,G,"Zhang, Huai-Min, Jay H. Lawrimore, Boyin Huang, Matthew J. Menne, Xungang Yin, Ahira Sȧnchez-Lugo, Byron E. Gleason, Russell Vose, Derek Arndt, J. Jared Rennie, and Claude N. Williams. (2019) Updated Temperature Data Give a Sharper View of Climate Trends. Eos, 100, https://doi.org/10.1029/2019EO128229"
rights,G,TBD
comments,G,Data produced by climind version 0.1
comments,G,Format description https://help.ceda.ac.uk/article/105-badc-csv
long_name,time,time,days since 1800-01-01 00:00:00.0
type,time,int
long_name,year,year,1
type,year,int
long_name,data,wmo_ra_land_ocean_5,degC
type,data,float
coordinate_variable,time,t
data
time,year,data
36524,1900,-0.4276
36889,1901,-0.6072
37254,1902,-0.6875
37619,1903,-0.7499
37984,1904,-0.9211
38350,1905,-0.7496
38715,1906,-0.5894
39080,1907,-0.7283
39445,1908,-0.9222
39811,1909,-0.8790
40176,1910,-0.8277
40541,1911,-0.9092
40906,1912,-0.6868
41272,1913,-0.8046
41637,1914,-0.6125
42002,1915,-0.5393
42367,1916,-0.6692
42733,1917,-0.8733
43098,1918,-0.7582
43463,1919,-0.7985
43828,1920,-0.6869
44194,1921,-0.6095
44559,1922,-0.6597
44924,1923,-0.7018
45289,1924,-0.6999
45655,1925,-0.7454
46020,1926,-0.6207
46385,1927,-0.7018
46750,1928,-0.6504
47116,1929,-0.7927
47481,1930,-0.6875
47846,1931,-0.6282
48211,1932,-0.7636
48577,1933,-0.8531
48942,1934,-0.7426
49307,1935,-0.7025
49672,1936,-0.6519
50038,1937,-0.6380
50403,1938,-0.5982
50768,1939,-0.7001
51133,1940,-0.4265
51499,1941,-0.2401
51864,1942,-0.3883
52229,1943,-0.4251
52594,1944,-0.3285
52960,1945,-0.3063
53325,1946,-0.5214
53690,1947,-0.5807
54055,1948,-0.6867
54421,1949,-0.7395
54786,1950,-0.6154
55151,1951,-0.5556
55516,1952,-0.5198
55882,1953,-0.5247
56247,1954,-0.6202
56612,1955,-0.7268
56977,1956,-0.6371
57343,1957,-0.3898
57708,1958,-0.3647
58073,1959,-0.3969
58438,1960,-0.4591
58804,1961,-0.4435
59169,1962,-0.4611
59534,1963,-0.4420
59899,1964,-0.5340
60265,1965,-0.5678
60630,1966,-0.4973
60995,1967,-0.5045
61360,1968,-0.4682
61726,1969,-0.2552
62091,1970,-0.3710
62456,1971,-0.5592
62821,1972,-0.4084
63187,1973,-0.3310
63552,1974,-0.5238
63917,1975,-0.5457
64282,1976,-0.5189
64648,1977,-0.3114
65013,1978,-0.3663
65378,1979,-0.2487
65743,1980,-0.2156
66109,1981,-0.2410
66474,1982,-0.2948
66839,1983,-0.2339
67204,1984,-0.2708
67570,1985,-0.2701
67935,1986,-0.2272
68300,1987,-0.1286
68665,1988,-0.0614
69031,1989,-0.2293
69396,1990,-0.1077
69761,1991,-0.1271
70126,1992,-0.2118
70492,1993,-0.2890
70857,1994,-0.2121
71222,1995,-0.1408
71587,1996,-0.0886
71953,1997,-0.0676
72318,1998,-0.0493
72683,1999,-0.2378
73048,2000,-0.2301
73414,2001,-0.0042
73779,2002,0.1059
74144,2003,0.0511
74509,2004,0.0221
74875,2005,0.0496
75240,2006,-0.0575
75605,2007,-0.0633
75970,2008,-0.1952
76336,2009,0.0624
76701,2010,0.0521
77066,2011,-0.1246
77431,2012,-0.0337
77797,2013,0.1271
78162,2014,0.1725
78527,2015,0.2426
78892,2016,0.2960
79258,2017,0.2182
79623,2018,0.1961
79988,2019,0.2701
80353,2020,0.2514
80719,2021,0.0970
81084,2022,0.1370
end data
