Conventions,G,BADC-CSV,1
title,G,Regional mean land and ocean temperature for WMO RA 5 South-West Pacific
last_revised_date,G,2023-11-05
date_valid,G,2023-11-05
feature_type,G,area average
creator,G,WMO
source,G,Produced by climind version 1.0
observation_station,G,derived data
location,G,90.,-180.,-90.,180.
activity,G,WMO
history,G,""Gridded dataset created from file ['era5_2m_tas_2023.nc'] downloaded from ['']""
history,G,""Regridded to 1 degree latitude-longitude resolution""
history,G,""Rebaselined to 1991-2020""
history,G,""Calculated area-average""
history,G,""Calculated annual average from monthly averages using arithmetic mean""
history,G,""Selected years within the range 1900 to 2023.""
history,G,""Wrote to file wmo_ra_land_ocean_5_ERA5.csv""
history,G,"Data set created from file ['wmo_ra_land_ocean_5_ERA5.csv'] downloaded from [''] at ['2023-11-01 16:36:35']"
reference,G,"Hersbach H, Bell B, Berrisford P et al. 2020. The ERA5 global reanalysis. Q. J. R. Meteorol. Soc. 146: 1999-2049. https://doi.org/10.1002/qj.3803"
rights,G,TBD
comments,G,Data produced by climind version 1.0
comments,G,Format description https://help.ceda.ac.uk/article/105-badc-csv
comments,G,"Original data acknowledgement: Contains using Copernicus Climate Change Service information [2023]. Neither the European Commission nor ECMWF is responsible for any use that may be made of the Copernicus information or data it contains."
long_name,time,time,days since 1800-01-01 00:00:00.0
type,time,int
long_name,year,year,1
type,year,int
long_name,data,wmo_ra_land_ocean_5,degC
type,data,float
coordinate_variable,time,t
data
time,year,data
65378,1979,-0.1841
65743,1980,-0.1739
66109,1981,-0.2482
66474,1982,-0.3109
66839,1983,-0.1862
67204,1984,-0.3238
67570,1985,-0.3019
67935,1986,-0.2418
68300,1987,-0.1525
68665,1988,-0.0634
69031,1989,-0.2614
69396,1990,-0.0916
69761,1991,-0.0875
70126,1992,-0.2462
70492,1993,-0.2763
70857,1994,-0.2246
71222,1995,-0.1700
71587,1996,-0.1144
71953,1997,-0.1029
72318,1998,0.0133
72683,1999,-0.2590
73048,2000,-0.2047
73414,2001,-0.0654
73779,2002,0.0875
74144,2003,0.0163
74509,2004,-0.0036
74875,2005,0.0366
75240,2006,-0.0560
75605,2007,-0.0500
75970,2008,-0.1886
76336,2009,0.0426
76701,2010,0.0855
77066,2011,-0.1278
77431,2012,-0.0342
77797,2013,0.1299
78162,2014,0.1667
78527,2015,0.1903
78892,2016,0.3013
79258,2017,0.2637
79623,2018,0.2367
79988,2019,0.3333
80353,2020,0.3075
80719,2021,0.1650
81084,2022,0.1518
81449,2023,0.2552
end data
