Conventions,G,BADC-CSV,1
title,G,Regional mean land and ocean temperature for WMO RA 5 South-West Pacific
last_revised_date,G,2023-03-09
date_valid,G,2023-03-09
feature_type,G,area average
creator,G,WMO
source,G,Produced by climind version 0.1
observation_station,G,derived data
location,G,90.,-180.,-90.,180.
activity,G,WMO
history,G,""Gridded dataset created from file ['era5_2m_tas_2023.nc'] downloaded from ['extension']""
history,G,""Regridded to 1 degree latitude-longitude resolution""
history,G,""Rebaselined to 1991-2020""
history,G,""Calculated area-average""
history,G,""Calculated annual average from monthly averages using arithmetic mean""
history,G,""Selected years within the range 1900 to 2022.""
history,G,""Wrote to file wmo_ra_land_ocean_5_ERA5.csv""
history,G,"Data set created from file ['wmo_ra_land_ocean_5_ERA5.csv'] downloaded from [''] at ['2023-03-09 11:03:44']"
reference,G,"Hersbach H, Bell B, Berrisford P et al. 2020. The ERA5 global reanalysis. Q. J. R. Meteorol. Soc. 146: 1999-2049. https://doi.org/10.1002/qj.3803"
reference,G,"Bell, B., Hersbach, H., Simmons, A., Berrisford, P., Dahlgren, P., Horányi, A., et al. (2021) The ERA5 global reanalysis: Preliminary extension to 1950. Q J R Meteorol Soc, 147 741, 4186-4227. https://doi.org/10.1002/qj.4174"
rights,G,TBD
comments,G,Data produced by climind version 0.1
comments,G,Format description https://help.ceda.ac.uk/article/105-badc-csv
long_name,time,time,days since 1800-01-01 00:00:00.0
type,time,int
long_name,year,year,1
type,year,int
long_name,data,wmo_ra_land_ocean_5,degC
type,data,float
coordinate_variable,time,t
data
time,year,data
58073,1959,-0.3174
58438,1960,-0.3757
58804,1961,-0.3106
59169,1962,-0.3744
59534,1963,-0.3832
59899,1964,-0.4381
60265,1965,-0.5207
60630,1966,-0.4032
60995,1967,-0.3944
61360,1968,-0.4314
61726,1969,-0.2441
62091,1970,-0.3184
62456,1971,-0.5883
62821,1972,-0.3612
63187,1973,-0.2954
63552,1974,-0.5326
63917,1975,-0.5574
64282,1976,-0.5280
64648,1977,-0.3630
65013,1978,-0.3421
65378,1979,-0.1841
65743,1980,-0.1739
66109,1981,-0.2482
66474,1982,-0.3109
66839,1983,-0.1862
67204,1984,-0.3238
67570,1985,-0.3019
67935,1986,-0.2418
68300,1987,-0.1525
68665,1988,-0.0634
69031,1989,-0.2614
69396,1990,-0.0916
69761,1991,-0.0875
70126,1992,-0.2462
70492,1993,-0.2763
70857,1994,-0.2246
71222,1995,-0.1700
71587,1996,-0.1144
71953,1997,-0.1029
72318,1998,0.0133
72683,1999,-0.2590
73048,2000,-0.2047
73414,2001,-0.0654
73779,2002,0.0875
74144,2003,0.0163
74509,2004,-0.0036
74875,2005,0.0366
75240,2006,-0.0560
75605,2007,-0.0500
75970,2008,-0.1886
76336,2009,0.0426
76701,2010,0.0855
77066,2011,-0.1278
77431,2012,-0.0342
77797,2013,0.1299
78162,2014,0.1667
78527,2015,0.1903
78892,2016,0.3013
79258,2017,0.2637
79623,2018,0.2367
79988,2019,0.3333
80353,2020,0.3075
80719,2021,0.1650
81084,2022,0.1518
end data
