Conventions,G,BADC-CSV,1
title,G,Regional mean land and ocean temperature for WMO RA 5 South-West Pacific
last_revised_date,G,2023-10-31
date_valid,G,2023-10-31
feature_type,G,area average
creator,G,WMO
source,G,Produced by climind version 1.0
observation_station,G,derived data
location,G,90.,-180.,-90.,180.
activity,G,WMO
history,G,""Data set created from file ['HadCRUT.5.0.1.0.analysis.anomalies.ensemble_mean.nc'] downloaded from ['https://www.metoffice.gov.uk/hadobs/hadcrut5/data/current/analysis/HadCRUT.5.0.1.0.analysis.anomalies.ensemble_mean.nc'] at ['2023-10-13 17:19:31']""
history,G,""Regridded to 1 degree latitude-longitude resolution""
history,G,""Rebaselined to 1991-2020""
history,G,""Calculated area-average""
history,G,""Calculated annual average from monthly averages using arithmetic mean""
history,G,""Selected years within the range 1900 to 2023.""
history,G,""Wrote to file wmo_ra_land_ocean_5_HadCRUT5.csv""
history,G,"Data set created from file ['wmo_ra_land_ocean_5_HadCRUT5.csv'] downloaded from [''] at ['2023-10-27 10:55:53']"
reference,G,"Morice, C. P., Kennedy, J. J., Rayner, N. A., Winn, J. P., Hogan, E., Killick, R. E., et al. (2021). An updated assessment of near-surface temperature change from 1850: the HadCRUT5 data set. Journal of Geophysical Research: Atmospheres, 126, e2019JD032361. https://doi.org/10.1029/2019JD032361"
rights,G,TBD
comments,G,Data produced by climind version 1.0
comments,G,Format description https://help.ceda.ac.uk/article/105-badc-csv
comments,G,"Original data acknowledgement: HadCRUT.5.0.1.0 data were obtained from http://www.metoffice.gov.uk/hadobs/hadcrut5 on 2023-10-13 17:19:31 and are © British Crown Copyright, Met Office 2023, provided under an Open Government License, http://www.nationalarchives.gov.uk/doc/open-government-licence/version/3/"
long_name,time,time,days since 1800-01-01 00:00:00.0
type,time,int
long_name,year,year,1
type,year,int
long_name,data,wmo_ra_land_ocean_5,degC
type,data,float
coordinate_variable,time,t
data
time,year,data
36524,1900,-0.5175
36889,1901,-0.6864
37254,1902,-0.8169
37619,1903,-0.8918
37984,1904,-0.9577
38350,1905,-0.8157
38715,1906,-0.6826
39080,1907,-0.8218
39445,1908,-0.9561
39811,1909,-0.9325
40176,1910,-0.9115
40541,1911,-0.9575
40906,1912,-0.7752
41272,1913,-0.9102
41637,1914,-0.7174
42002,1915,-0.5922
42367,1916,-0.7455
42733,1917,-0.9383
43098,1918,-0.8420
43463,1919,-0.8045
43828,1920,-0.6964
44194,1921,-0.6390
44559,1922,-0.6949
44924,1923,-0.7263
45289,1924,-0.7055
45655,1925,-0.7616
46020,1926,-0.5766
46385,1927,-0.6594
46750,1928,-0.5978
47116,1929,-0.7624
47481,1930,-0.6496
47846,1931,-0.5818
48211,1932,-0.6696
48577,1933,-0.7749
48942,1934,-0.6962
49307,1935,-0.6304
49672,1936,-0.6055
50038,1937,-0.5387
50403,1938,-0.4819
50768,1939,-0.6290
51133,1940,-0.4331
51499,1941,-0.4492
51864,1942,-0.4289
52229,1943,-0.4587
52594,1944,-0.3648
52960,1945,-0.3200
53325,1946,-0.6051
53690,1947,-0.6149
54055,1948,-0.6317
54421,1949,-0.6863
54786,1950,-0.5847
55151,1951,-0.5202
55516,1952,-0.4138
55882,1953,-0.4586
56247,1954,-0.5013
56612,1955,-0.6655
56977,1956,-0.6482
57343,1957,-0.4251
57708,1958,-0.4174
58073,1959,-0.4193
58438,1960,-0.5202
58804,1961,-0.4478
59169,1962,-0.5221
59534,1963,-0.4799
59899,1964,-0.5890
60265,1965,-0.6229
60630,1966,-0.5517
60995,1967,-0.5607
61360,1968,-0.5311
61726,1969,-0.3298
62091,1970,-0.4249
62456,1971,-0.6058
62821,1972,-0.4573
63187,1973,-0.3466
63552,1974,-0.5239
63917,1975,-0.5388
64282,1976,-0.5536
64648,1977,-0.3037
65013,1978,-0.3485
65378,1979,-0.2212
65743,1980,-0.1897
66109,1981,-0.2284
66474,1982,-0.3439
66839,1983,-0.2554
67204,1984,-0.3152
67570,1985,-0.2806
67935,1986,-0.2381
68300,1987,-0.1331
68665,1988,-0.0885
69031,1989,-0.2135
69396,1990,-0.1021
69761,1991,-0.0925
70126,1992,-0.2209
70492,1993,-0.2788
70857,1994,-0.2037
71222,1995,-0.1745
71587,1996,-0.1041
71953,1997,-0.0785
72318,1998,-0.0257
72683,1999,-0.2366
73048,2000,-0.2213
73414,2001,-0.0090
73779,2002,0.0742
74144,2003,0.0073
74509,2004,-0.0027
74875,2005,0.0305
75240,2006,-0.0600
75605,2007,-0.0725
75970,2008,-0.2129
76336,2009,0.0596
76701,2010,0.0594
77066,2011,-0.1218
77431,2012,-0.0055
77797,2013,0.1619
78162,2014,0.1754
78527,2015,0.2426
78892,2016,0.3017
79258,2017,0.2468
79623,2018,0.2151
79988,2019,0.2794
80353,2020,0.2655
80719,2021,0.1239
81084,2022,0.1397
81449,2023,0.2206
end data
