Conventions,G,BADC-CSV,1
title,G,Regional mean land and ocean temperature for WMO RA 5 South-West Pacific
last_revised_date,G,2023-10-27
date_valid,G,2023-10-27
feature_type,G,area average
creator,G,WMO
source,G,Produced by climind version 1.0
observation_station,G,derived data
location,G,90.,-180.,-90.,180.
rights,G,TBD
activity,G,WMO
comments,G,Format description https://help.ceda.ac.uk/article/105-badc-csv
history,wmo_ra_land_ocean_5_Berkeley_Earth,""Data set created from file ['Land_and_Ocean_LatLong1.nc'] downloaded from ['https://berkeley-earth-temperature.s3.us-west-1.amazonaws.com/Global/Gridded/Land_and_Ocean_LatLong1.nc'] at ['2023-10-13 17:18:41']""
history,wmo_ra_land_ocean_5_Berkeley_Earth,""Rebaselined to 1991-2020""
history,wmo_ra_land_ocean_5_Berkeley_Earth,""Calculated area-average""
history,wmo_ra_land_ocean_5_Berkeley_Earth,""Calculated annual average from monthly averages using arithmetic mean""
history,wmo_ra_land_ocean_5_Berkeley_Earth,""Selected years within the range 1900 to 2023.""
history,wmo_ra_land_ocean_5_Berkeley_Earth,""Wrote to file wmo_ra_land_ocean_5_Berkeley Earth.csv""
history,wmo_ra_land_ocean_5_Berkeley_Earth,"Data set created from file ['wmo_ra_land_ocean_5_Berkeley Earth.csv'] downloaded from [''] at ['2023-10-27 10:53:50']"
reference,wmo_ra_land_ocean_5_Berkeley_Earth,"Rohde, R. A. and Hausfather, Z.: The Berkeley Earth Land/Ocean Temperature Record, Earth Syst. Sci. Data, 12, 3469-3479, https://doi.org/10.5194/essd-12-3469-2020, 2020"
comments,wmo_ra_land_ocean_5_Berkeley_Earth,"Original data acknowledgement: "
history,wmo_ra_land_ocean_5_ERA5,""Gridded dataset created from file ['era5_2m_tas_2023.nc'] downloaded from ['']""
history,wmo_ra_land_ocean_5_ERA5,""Regridded to 1 degree latitude-longitude resolution""
history,wmo_ra_land_ocean_5_ERA5,""Rebaselined to 1991-2020""
history,wmo_ra_land_ocean_5_ERA5,""Calculated area-average""
history,wmo_ra_land_ocean_5_ERA5,""Calculated annual average from monthly averages using arithmetic mean""
history,wmo_ra_land_ocean_5_ERA5,""Selected years within the range 1900 to 2023.""
history,wmo_ra_land_ocean_5_ERA5,""Wrote to file wmo_ra_land_ocean_5_ERA5.csv""
history,wmo_ra_land_ocean_5_ERA5,"Data set created from file ['wmo_ra_land_ocean_5_ERA5.csv'] downloaded from [''] at ['2023-10-27 10:54:38']"
reference,wmo_ra_land_ocean_5_ERA5,"Hersbach H, Bell B, Berrisford P et al. 2020. The ERA5 global reanalysis. Q. J. R. Meteorol. Soc. 146: 1999-2049. https://doi.org/10.1002/qj.3803"
comments,wmo_ra_land_ocean_5_ERA5,"Original data acknowledgement: Contains using Copernicus Climate Change Service information [2023]. Neither the European Commission nor ECMWF is responsible for any use that may be made of the Copernicus information or data it contains."
history,wmo_ra_land_ocean_5_GISTEMP,""Data set created from file ['gistemp1200_GHCNv4_ERSSTv5.nc.gz'] downloaded from ['https://data.giss.nasa.gov/pub/gistemp/gistemp1200_GHCNv4_ERSSTv5.nc.gz'] at ['2023-10-13 17:19:30']""
history,wmo_ra_land_ocean_5_GISTEMP,""Regridded to 1 degree latitude-longitude resolution""
history,wmo_ra_land_ocean_5_GISTEMP,""Rebaselined to 1991-2020""
history,wmo_ra_land_ocean_5_GISTEMP,""Calculated area-average""
history,wmo_ra_land_ocean_5_GISTEMP,""Calculated annual average from monthly averages using arithmetic mean""
history,wmo_ra_land_ocean_5_GISTEMP,""Selected years within the range 1900 to 2023.""
history,wmo_ra_land_ocean_5_GISTEMP,""Wrote to file wmo_ra_land_ocean_5_GISTEMP.csv""
history,wmo_ra_land_ocean_5_GISTEMP,"Data set created from file ['wmo_ra_land_ocean_5_GISTEMP.csv'] downloaded from [''] at ['2023-10-27 10:55:04']"
reference,wmo_ra_land_ocean_5_GISTEMP,"Lenssen, N., G. Schmidt, J. Hansen, M. Menne, A. Persin, R. Ruedy, and D. Zyss, 2019: Improvements in the GISTEMP uncertainty model. J. Geophys. Res. Atmos., 124, no. 12, 6307-6326, doi:10.1029/2018JD029522"
comments,wmo_ra_land_ocean_5_GISTEMP,"Original data acknowledgement: "
history,wmo_ra_land_ocean_5_HadCRUT5,""Data set created from file ['HadCRUT.5.0.1.0.analysis.anomalies.ensemble_mean.nc'] downloaded from ['https://www.metoffice.gov.uk/hadobs/hadcrut5/data/current/analysis/HadCRUT.5.0.1.0.analysis.anomalies.ensemble_mean.nc'] at ['2023-10-13 17:19:31']""
history,wmo_ra_land_ocean_5_HadCRUT5,""Regridded to 1 degree latitude-longitude resolution""
history,wmo_ra_land_ocean_5_HadCRUT5,""Rebaselined to 1991-2020""
history,wmo_ra_land_ocean_5_HadCRUT5,""Calculated area-average""
history,wmo_ra_land_ocean_5_HadCRUT5,""Calculated annual average from monthly averages using arithmetic mean""
history,wmo_ra_land_ocean_5_HadCRUT5,""Selected years within the range 1900 to 2023.""
history,wmo_ra_land_ocean_5_HadCRUT5,""Wrote to file wmo_ra_land_ocean_5_HadCRUT5.csv""
history,wmo_ra_land_ocean_5_HadCRUT5,"Data set created from file ['wmo_ra_land_ocean_5_HadCRUT5.csv'] downloaded from [''] at ['2023-10-27 10:55:53']"
reference,wmo_ra_land_ocean_5_HadCRUT5,"Morice, C. P., Kennedy, J. J., Rayner, N. A., Winn, J. P., Hogan, E., Killick, R. E., et al. (2021). An updated assessment of near-surface temperature change from 1850: the HadCRUT5 data set. Journal of Geophysical Research: Atmospheres, 126, e2019JD032361. https://doi.org/10.1029/2019JD032361"
comments,wmo_ra_land_ocean_5_HadCRUT5,"Original data acknowledgement: HadCRUT.5.0.1.0 data were obtained from http://www.metoffice.gov.uk/hadobs/hadcrut5 on 2023-10-13 17:19:31 and are © British Crown Copyright, Met Office 2023, provided under an Open Government License, http://www.nationalarchives.gov.uk/doc/open-government-licence/version/3/"
history,wmo_ra_land_ocean_5_JRA-55,""Data set created from file ['anl_surf125.011_tmp.202301_202312', 'anl_surf125.2023MMMM'] downloaded from ['', ''] at ['2023-10-06 11:01:38']""
history,wmo_ra_land_ocean_5_JRA-55,""Regridded to 1 degree latitude-longitude resolution""
history,wmo_ra_land_ocean_5_JRA-55,""Rebaselined to 1991-2020""
history,wmo_ra_land_ocean_5_JRA-55,""Calculated area-average""
history,wmo_ra_land_ocean_5_JRA-55,""Calculated annual average from monthly averages using arithmetic mean""
history,wmo_ra_land_ocean_5_JRA-55,""Selected years within the range 1900 to 2023.""
history,wmo_ra_land_ocean_5_JRA-55,""Wrote to file wmo_ra_land_ocean_5_JRA-55.csv""
history,wmo_ra_land_ocean_5_JRA-55,"Data set created from file ['wmo_ra_land_ocean_5_JRA-55.csv'] downloaded from [''] at ['2023-10-27 10:56:43']"
reference,wmo_ra_land_ocean_5_JRA-55,"Kobayashi, S., Ota, Y., Harada, Y., Ebita, A., Moriya, M., Onoda, H., Onogi, K., Kamahori, H., Kobayashi, C., Endo, H. and Miyaoka, K., (2015). The JRA-55 reanalysis: General specifications and basic characteristics. Journal of the Meteorological Society of Japan. Ser. II, 93(1), pp.5-48."
comments,wmo_ra_land_ocean_5_JRA-55,"Original data acknowledgement: "
history,wmo_ra_land_ocean_5_Kadow,""Data set created from file ['HadCRUT.5.0.1.0.anomalies.Kadow_et_al_2020_20crAI-infilled.ensemble_mean_185001-*.nc'] downloaded from [''] at ['2023-10-23 09:13:55']""
history,wmo_ra_land_ocean_5_Kadow,""Regridded to 1 degree latitude-longitude resolution""
history,wmo_ra_land_ocean_5_Kadow,""Rebaselined to 1991-2020""
history,wmo_ra_land_ocean_5_Kadow,""Calculated area-average""
history,wmo_ra_land_ocean_5_Kadow,""Calculated annual average from monthly averages using arithmetic mean""
history,wmo_ra_land_ocean_5_Kadow,""Selected years within the range 1900 to 2023.""
history,wmo_ra_land_ocean_5_Kadow,""Wrote to file wmo_ra_land_ocean_5_Kadow.csv""
history,wmo_ra_land_ocean_5_Kadow,"Data set created from file ['wmo_ra_land_ocean_5_Kadow.csv'] downloaded from [''] at ['2023-10-27 10:57:16']"
reference,wmo_ra_land_ocean_5_Kadow,"Kadow, C., Hall, D.M. & Ulbrich, U. Artificial intelligence reconstructs missing climate information. Nat. Geosci. (2020). https://doi.org/10.1038/s41561-020-0582-5"
comments,wmo_ra_land_ocean_5_Kadow,"Original data acknowledgement: "
history,wmo_ra_land_ocean_5_NOAA_Interim,""Data set created from file ['NOAAGlobalTemp_v*.nc'] downloaded from ['https://www.ncei.noaa.gov/data/noaa-global-surface-temperature/v5.1/access/gridded/NOAAGlobalTemp_v.*.nc'] at ['2023-10-14 08:45:48']""
history,wmo_ra_land_ocean_5_NOAA_Interim,""Data set created from file ['NOAAGlobalTemp_v*.nc'] downloaded from ['https://www.ncei.noaa.gov/data/noaa-global-surface-temperature/v5.1/access/gridded/NOAAGlobalTemp_v.*.nc'] at ['2023-10-14 08:45:48']""
history,wmo_ra_land_ocean_5_NOAA_Interim,""Regridded to 1 degree latitude-longitude resolution""
history,wmo_ra_land_ocean_5_NOAA_Interim,""Rebaselined to 1991-2020""
history,wmo_ra_land_ocean_5_NOAA_Interim,""Calculated area-average""
history,wmo_ra_land_ocean_5_NOAA_Interim,""Calculated annual average from monthly averages using arithmetic mean""
history,wmo_ra_land_ocean_5_NOAA_Interim,""Selected years within the range 1900 to 2023.""
history,wmo_ra_land_ocean_5_NOAA_Interim,""Wrote to file wmo_ra_land_ocean_5_NOAA Interim.csv""
history,wmo_ra_land_ocean_5_NOAA_Interim,"Data set created from file ['wmo_ra_land_ocean_5_NOAA Interim.csv'] downloaded from [''] at ['2023-10-27 10:58:09']"
reference,wmo_ra_land_ocean_5_NOAA_Interim,"Vose, R.S., B. Huang, X. Yin., D. Arndt, D.R. Easterling, J.H. Lawrimore, M.J. Menne, A. Sanchez-Lugo, H.-M. Zhang, 2021: Implementing full spatial coverage in NOAA’s global temperature analysis. Geophysical Research Letters, 48, e2020GL090873. https://doi.org/10.1029/2020GL090873"
comments,wmo_ra_land_ocean_5_NOAA_Interim,"Original data acknowledgement: "
long_name,time,time,days since 1800-01-01 00:00:00.0
type,time,int
long_name,year,year,1
type,year,int
long_name,wmo_ra_land_ocean_5_Berkeley_Earth,wmo_ra_land_ocean_5,degC
type,wmo_ra_land_ocean_5_Berkeley_Earth,float
long_name,wmo_ra_land_ocean_5_ERA5,wmo_ra_land_ocean_5,degC
type,wmo_ra_land_ocean_5_ERA5,float
long_name,wmo_ra_land_ocean_5_GISTEMP,wmo_ra_land_ocean_5,degC
type,wmo_ra_land_ocean_5_GISTEMP,float
long_name,wmo_ra_land_ocean_5_HadCRUT5,wmo_ra_land_ocean_5,degC
type,wmo_ra_land_ocean_5_HadCRUT5,float
long_name,wmo_ra_land_ocean_5_JRA-55,wmo_ra_land_ocean_5,degC
type,wmo_ra_land_ocean_5_JRA-55,float
long_name,wmo_ra_land_ocean_5_Kadow,wmo_ra_land_ocean_5,degC
type,wmo_ra_land_ocean_5_Kadow,float
long_name,wmo_ra_land_ocean_5_NOAA_Interim,wmo_ra_land_ocean_5,degC
type,wmo_ra_land_ocean_5_NOAA_Interim,float
coordinate_variable,time,t
data
time,year,wmo_ra_land_ocean_5_Berkeley_Earth,wmo_ra_land_ocean_5_ERA5,wmo_ra_land_ocean_5_GISTEMP,wmo_ra_land_ocean_5_HadCRUT5,wmo_ra_land_ocean_5_JRA-55,wmo_ra_land_ocean_5_Kadow,wmo_ra_land_ocean_5_NOAA_Interim
36524,1900,-0.4981,,-0.4118,-0.5175,,-0.4809,-0.4115
36889,1901,-0.6370,,-0.5172,-0.6864,,-0.6142,-0.5302
37254,1902,-0.7888,,-0.6336,-0.8169,,-0.7372,-0.6250
37619,1903,-0.8287,,-0.7572,-0.8918,,-0.7821,-0.7497
37984,1904,-0.9679,,-0.9076,-0.9577,,-0.9324,-0.9021
38350,1905,-0.7746,,-0.7098,-0.8157,,-0.7293,-0.7081
38715,1906,-0.6465,,-0.5877,-0.6826,,-0.6212,-0.5964
39080,1907,-0.7598,,-0.7156,-0.8218,,-0.7259,-0.7158
39445,1908,-0.9225,,-0.8903,-0.9561,,-0.8967,-0.8838
39811,1909,-0.9758,,-0.9009,-0.9325,,-0.9121,-0.9006
40176,1910,-0.9097,,-0.8667,-0.9115,,-0.8563,-0.8734
40541,1911,-0.9628,,-0.8750,-0.9575,,-0.9061,-0.8719
40906,1912,-0.7521,,-0.6674,-0.7752,,-0.7440,-0.6709
41272,1913,-0.8386,,-0.7859,-0.9102,,-0.8250,-0.7876
41637,1914,-0.6684,,-0.5780,-0.7174,,-0.6300,-0.5769
42002,1915,-0.5315,,-0.4999,-0.5922,,-0.4741,-0.5034
42367,1916,-0.6806,,-0.6941,-0.7455,,-0.6140,-0.6959
42733,1917,-1.0196,,-0.9536,-0.9383,,-1.0157,-0.9482
43098,1918,-0.6986,,-0.6454,-0.8420,,-0.6964,-0.6400
43463,1919,-0.8271,,-0.7296,-0.8045,,-0.7414,-0.7253
43828,1920,-0.6613,,-0.6356,-0.6964,,-0.5674,-0.6386
44194,1921,-0.6254,,-0.6041,-0.6390,,-0.6223,-0.6116
44559,1922,-0.6265,,-0.6608,-0.6949,,-0.5843,-0.6547
44924,1923,-0.6753,,-0.6940,-0.7263,,-0.6667,-0.6888
45289,1924,-0.6657,,-0.6845,-0.7055,,-0.6240,-0.6902
45655,1925,-0.6982,,-0.7330,-0.7616,,-0.6639,-0.7319
46020,1926,-0.5446,,-0.5946,-0.5766,,-0.5038,-0.6110
46385,1927,-0.6695,,-0.6844,-0.6594,,-0.6431,-0.6949
46750,1928,-0.6030,,-0.6316,-0.5978,,-0.5490,-0.6474
47116,1929,-0.7705,,-0.7763,-0.7624,,-0.7291,-0.7783
47481,1930,-0.6648,,-0.6725,-0.6496,,-0.6263,-0.6843
47846,1931,-0.6065,,-0.6085,-0.5818,,-0.5559,-0.6178
48211,1932,-0.7140,,-0.7541,-0.6696,,-0.6733,-0.7688
48577,1933,-0.8327,,-0.8288,-0.7749,,-0.7570,-0.8472
48942,1934,-0.7025,,-0.7276,-0.6962,,-0.6455,-0.7401
49307,1935,-0.6681,,-0.6848,-0.6304,,-0.6303,-0.6959
49672,1936,-0.6027,,-0.6282,-0.6055,,-0.5695,-0.6474
50038,1937,-0.5842,,-0.6078,-0.5387,,-0.5558,-0.6160
50403,1938,-0.5170,,-0.5730,-0.4819,,-0.4811,-0.5864
50768,1939,-0.6486,,-0.6514,-0.6290,,-0.6062,-0.6615
51133,1940,-0.5074,,-0.3557,-0.4331,,-0.4740,-0.3762
51499,1941,-0.5095,,-0.2266,-0.4492,,-0.4667,-0.2267
51864,1942,-0.4096,,-0.3691,-0.4289,,-0.3901,-0.3646
52229,1943,-0.3328,,-0.4265,-0.4587,,-0.3741,-0.4167
52594,1944,-0.3372,,-0.3272,-0.3648,,-0.3322,-0.3194
52960,1945,-0.3572,,-0.2934,-0.3200,,-0.3674,-0.2786
53325,1946,-0.6196,,-0.5277,-0.6051,,-0.5979,-0.5167
53690,1947,-0.5925,,-0.5239,-0.6149,,-0.5657,-0.5377
54055,1948,-0.6586,,-0.6617,-0.6317,,-0.6208,-0.6723
54421,1949,-0.7237,,-0.6973,-0.6863,,-0.6858,-0.7054
54786,1950,-0.6297,,-0.6081,-0.5847,,-0.6145,-0.6088
55151,1951,-0.4943,,-0.5515,-0.5202,,-0.4954,-0.5506
55516,1952,-0.4212,,-0.4897,-0.4138,,-0.4043,-0.4946
55882,1953,-0.4311,,-0.5237,-0.4586,,-0.4325,-0.5232
56247,1954,-0.4897,,-0.6136,-0.5013,,-0.4942,-0.6111
56612,1955,-0.6607,,-0.7152,-0.6655,,-0.6229,-0.7131
56977,1956,-0.6238,,-0.6278,-0.6482,,-0.6108,-0.6209
57343,1957,-0.4081,,-0.3741,-0.4251,,-0.3927,-0.3739
57708,1958,-0.3918,,-0.3440,-0.4174,-0.2426,-0.3765,-0.3454
58073,1959,-0.4199,,-0.3924,-0.4193,-0.2670,-0.4203,-0.3896
58438,1960,-0.4845,,-0.4615,-0.5202,-0.3660,-0.4744,-0.4442
58804,1961,-0.4386,,-0.4361,-0.4478,-0.3055,-0.4275,-0.4343
59169,1962,-0.5252,,-0.4643,-0.5221,-0.3558,-0.5187,-0.4650
59534,1963,-0.4677,,-0.4298,-0.4799,-0.3490,-0.4586,-0.4282
59899,1964,-0.5718,,-0.5266,-0.5890,-0.3646,-0.5762,-0.5173
60265,1965,-0.5897,,-0.5600,-0.6229,-0.4476,-0.5891,-0.5589
60630,1966,-0.5256,,-0.4880,-0.5517,-0.3599,-0.5065,-0.4816
60995,1967,-0.5333,,-0.4865,-0.5607,-0.3532,-0.5218,-0.4922
61360,1968,-0.5061,,-0.4639,-0.5311,-0.3399,-0.4981,-0.4610
61726,1969,-0.3194,,-0.2490,-0.3298,-0.1734,-0.3271,-0.2415
62091,1970,-0.4296,,-0.3705,-0.4249,-0.1927,-0.4129,-0.3675
62456,1971,-0.6048,,-0.5583,-0.6058,-0.3989,-0.6010,-0.5520
62821,1972,-0.4549,,-0.4026,-0.4573,-0.1985,-0.4552,-0.4047
63187,1973,-0.3767,,-0.3271,-0.3466,-0.1704,-0.3709,-0.3274
63552,1974,-0.5267,,-0.5233,-0.5239,-0.3812,-0.5337,-0.5273
63917,1975,-0.5629,,-0.5410,-0.5388,-0.3848,-0.5611,-0.5381
64282,1976,-0.5462,,-0.4939,-0.5536,-0.3834,-0.5398,-0.4976
64648,1977,-0.2837,,-0.2953,-0.3037,-0.1579,-0.2851,-0.2949
65013,1978,-0.3652,,-0.3646,-0.3485,-0.2343,-0.3482,-0.3593
65378,1979,-0.2422,-0.1841,-0.2487,-0.2212,-0.0946,-0.2528,-0.2478
65743,1980,-0.1997,-0.1739,-0.2070,-0.1897,-0.0626,-0.2062,-0.2072
66109,1981,-0.2550,-0.2482,-0.2352,-0.2284,-0.1161,-0.2589,-0.2368
66474,1982,-0.3209,-0.3109,-0.2944,-0.3439,-0.2225,-0.3234,-0.2900
66839,1983,-0.2816,-0.1862,-0.2253,-0.2554,-0.0725,-0.2721,-0.2248
67204,1984,-0.3309,-0.3238,-0.2755,-0.3152,-0.1597,-0.3228,-0.2687
67570,1985,-0.3075,-0.3019,-0.2801,-0.2806,-0.1601,-0.3041,-0.2715
67935,1986,-0.2521,-0.2418,-0.2406,-0.2381,-0.1399,-0.2525,-0.2275
68300,1987,-0.1794,-0.1525,-0.1275,-0.1331,-0.0251,-0.1857,-0.1249
68665,1988,-0.1037,-0.0634,-0.0620,-0.0885,0.0199,-0.0979,-0.0625
69031,1989,-0.2378,-0.2614,-0.2260,-0.2135,-0.1653,-0.2476,-0.2283
69396,1990,-0.1066,-0.0916,-0.0994,-0.1021,-0.0492,-0.1099,-0.1069
69761,1991,-0.0914,-0.0875,-0.1109,-0.0925,-0.0485,-0.0901,-0.1260
70126,1992,-0.1962,-0.2462,-0.2045,-0.2209,-0.2527,-0.2001,-0.2088
70492,1993,-0.2413,-0.2763,-0.2816,-0.2788,-0.1840,-0.2375,-0.2863
70857,1994,-0.1906,-0.2246,-0.2057,-0.2037,-0.0584,-0.1881,-0.2096
71222,1995,-0.1473,-0.1700,-0.1471,-0.1745,-0.0307,-0.1404,-0.1403
71587,1996,-0.0982,-0.1144,-0.1022,-0.1041,0.0010,-0.0926,-0.0914
71953,1997,-0.0618,-0.1029,-0.0773,-0.0785,-0.0074,-0.0557,-0.0682
72318,1998,-0.0433,0.0133,-0.0642,-0.0257,-0.0067,-0.0289,-0.0512
72683,1999,-0.2458,-0.2590,-0.2657,-0.2366,-0.2257,-0.2358,-0.2438
73048,2000,-0.2320,-0.2047,-0.2459,-0.2213,-0.1568,-0.2254,-0.2365
73414,2001,-0.0272,-0.0654,-0.0191,-0.0090,-0.0336,-0.0378,-0.0053
73779,2002,0.0957,0.0875,0.1031,0.0742,0.0941,0.0966,0.1082
74144,2003,0.0401,0.0163,0.0443,0.0073,0.0108,0.0363,0.0532
74509,2004,0.0160,-0.0036,0.0235,-0.0027,-0.0338,0.0133,0.0222
74875,2005,0.0554,0.0366,0.0485,0.0305,0.0379,0.0554,0.0506
75240,2006,-0.0743,-0.0560,-0.0584,-0.0600,-0.0351,-0.0654,-0.0565
75605,2007,-0.0810,-0.0500,-0.0531,-0.0725,-0.0419,-0.0787,-0.0630
75970,2008,-0.2090,-0.1886,-0.1986,-0.2129,-0.1941,-0.2128,-0.1969
76336,2009,0.0595,0.0426,0.0664,0.0596,0.0290,0.0532,0.0630
76701,2010,0.0524,0.0855,0.0576,0.0594,0.0324,0.0560,0.0554
77066,2011,-0.1135,-0.1278,-0.1203,-0.1218,-0.1556,-0.1048,-0.1234
77431,2012,-0.0177,-0.0342,-0.0327,-0.0055,-0.0838,-0.0189,-0.0315
77797,2013,0.1405,0.1299,0.1281,0.1619,0.0705,0.1201,0.1261
78162,2014,0.1633,0.1667,0.1737,0.1754,0.0899,0.1519,0.1726
78527,2015,0.2434,0.1903,0.2468,0.2426,0.1515,0.2399,0.2456
78892,2016,0.2727,0.3013,0.3095,0.3017,0.2271,0.2650,0.3004
79258,2017,0.2133,0.2637,0.2254,0.2468,0.1697,0.2034,0.2191
79623,2018,0.1923,0.2367,0.1993,0.2151,0.1501,0.1932,0.1956
79988,2019,0.2701,0.3333,0.2904,0.2794,0.2523,0.2737,0.2720
80353,2020,0.2558,0.3075,0.2707,0.2655,0.2324,0.2554,0.2547
80719,2021,0.1143,0.1650,0.1130,0.1239,0.0440,0.1158,0.0991
81084,2022,0.1389,0.1518,0.1430,0.1397,0.0464,0.1371,0.1371
81449,2023,0.1936,0.2552,0.2277,0.2206,0.1895,0.2042,0.2238
end data
