Conventions,G,BADC-CSV,1
title,G,Regional mean land and ocean temperature for WMO RA 5 South-West Pacific
last_revised_date,G,2024-01-23
date_valid,G,2024-01-23
feature_type,G,area average
creator,G,WMO
source,G,Produced by climind version 1.0
observation_station,G,derived data
location,G,90.,-180.,-90.,180.
activity,G,WMO
history,G,""Data set created from file ['anl_surf125.011_tmp.202401_202412', 'anl_surf125.2024MMMM'] downloaded from ['', ''] at ['2024-01-15 11:20:51']""
history,G,""Regridded to 1 degree latitude-longitude resolution""
history,G,""Rebaselined to 1991-2020""
history,G,""Calculated area-average""
history,G,""Calculated annual average from monthly averages using arithmetic mean""
history,G,""Selected years within the range 1900 to 2023.""
history,G,""Wrote to file wmo_ra_land_ocean_5_JRA-55.csv""
history,G,"Data set created from file ['wmo_ra_land_ocean_5_JRA-55.csv'] downloaded from [''] at ['2024-01-17 11:08:41']"
reference,G,"Kobayashi, S., Ota, Y., Harada, Y., Ebita, A., Moriya, M., Onoda, H., Onogi, K., Kamahori, H., Kobayashi, C., Endo, H. and Miyaoka, K., (2015). The JRA-55 reanalysis: General specifications and basic characteristics. Journal of the Meteorological Society of Japan. Ser. II, 93(1), pp.5-48."
rights,G,TBD
comments,G,Data produced by climind version 1.0
comments,G,Format description https://help.ceda.ac.uk/article/105-badc-csv
comments,G,"Original data acknowledgement: "
long_name,time,time,days since 1800-01-01 00:00:00.0
type,time,int
long_name,year,year,1
type,year,int
long_name,data,wmo_ra_land_ocean_5,degC
type,data,float
coordinate_variable,time,t
data
time,year,data
57708,1958,-0.2426
58073,1959,-0.2670
58438,1960,-0.3660
58804,1961,-0.3055
59169,1962,-0.3558
59534,1963,-0.3490
59899,1964,-0.3646
60265,1965,-0.4476
60630,1966,-0.3599
60995,1967,-0.3532
61360,1968,-0.3399
61726,1969,-0.1734
62091,1970,-0.1927
62456,1971,-0.3989
62821,1972,-0.1985
63187,1973,-0.1704
63552,1974,-0.3812
63917,1975,-0.3848
64282,1976,-0.3834
64648,1977,-0.1579
65013,1978,-0.2343
65378,1979,-0.0946
65743,1980,-0.0626
66109,1981,-0.1161
66474,1982,-0.2225
66839,1983,-0.0725
67204,1984,-0.1597
67570,1985,-0.1601
67935,1986,-0.1399
68300,1987,-0.0251
68665,1988,0.0199
69031,1989,-0.1653
69396,1990,-0.0492
69761,1991,-0.0485
70126,1992,-0.2527
70492,1993,-0.1840
70857,1994,-0.0584
71222,1995,-0.0307
71587,1996,0.0010
71953,1997,-0.0074
72318,1998,-0.0067
72683,1999,-0.2257
73048,2000,-0.1568
73414,2001,-0.0336
73779,2002,0.0941
74144,2003,0.0108
74509,2004,-0.0338
74875,2005,0.0379
75240,2006,-0.0351
75605,2007,-0.0419
75970,2008,-0.1941
76336,2009,0.0290
76701,2010,0.0324
77066,2011,-0.1556
77431,2012,-0.0838
77797,2013,0.0705
78162,2014,0.0899
78527,2015,0.1515
78892,2016,0.2271
79258,2017,0.1697
79623,2018,0.1501
79988,2019,0.2523
80353,2020,0.2324
80719,2021,0.0440
81084,2022,0.0464
81449,2023,0.2611
end data
