Conventions,G,BADC-CSV,1
title,G,Regional mean land and ocean temperature for WMO RA 5 South-West Pacific
last_revised_date,G,2024-01-18
date_valid,G,2024-01-18
feature_type,G,area average
creator,G,WMO
source,G,Produced by climind version 1.0
observation_station,G,derived data
location,G,90.,-180.,-90.,180.
rights,G,TBD
activity,G,WMO
comments,G,Format description https://help.ceda.ac.uk/article/105-badc-csv
history,wmo_ra_land_ocean_5_Berkeley_Earth,""Data set created from file ['Land_and_Ocean_LatLong1.nc'] downloaded from ['https://berkeley-earth-temperature.s3.us-west-1.amazonaws.com/Global/Gridded/Land_and_Ocean_LatLong1.nc'] at ['2024-01-17 10:19:03']""
history,wmo_ra_land_ocean_5_Berkeley_Earth,""Rebaselined to 1991-2020""
history,wmo_ra_land_ocean_5_Berkeley_Earth,""Calculated area-average""
history,wmo_ra_land_ocean_5_Berkeley_Earth,""Calculated annual average from monthly averages using arithmetic mean""
history,wmo_ra_land_ocean_5_Berkeley_Earth,""Selected years within the range 1900 to 2023.""
history,wmo_ra_land_ocean_5_Berkeley_Earth,""Wrote to file wmo_ra_land_ocean_5_Berkeley Earth.csv""
history,wmo_ra_land_ocean_5_Berkeley_Earth,"Data set created from file ['wmo_ra_land_ocean_5_Berkeley Earth.csv'] downloaded from [''] at ['2024-01-17 11:05:46']"
reference,wmo_ra_land_ocean_5_Berkeley_Earth,"Rohde, R. A. and Hausfather, Z.: The Berkeley Earth Land/Ocean Temperature Record, Earth Syst. Sci. Data, 12, 3469-3479, https://doi.org/10.5194/essd-12-3469-2020, 2020"
comments,wmo_ra_land_ocean_5_Berkeley_Earth,"Original data acknowledgement: "
history,wmo_ra_land_ocean_5_ERA5,""Gridded dataset created from file ['era5_2m_tas_2024.nc'] downloaded from ['']""
history,wmo_ra_land_ocean_5_ERA5,""Regridded to 1 degree latitude-longitude resolution""
history,wmo_ra_land_ocean_5_ERA5,""Rebaselined to 1991-2020""
history,wmo_ra_land_ocean_5_ERA5,""Calculated area-average""
history,wmo_ra_land_ocean_5_ERA5,""Calculated annual average from monthly averages using arithmetic mean""
history,wmo_ra_land_ocean_5_ERA5,""Selected years within the range 1900 to 2023.""
history,wmo_ra_land_ocean_5_ERA5,""Wrote to file wmo_ra_land_ocean_5_ERA5.csv""
history,wmo_ra_land_ocean_5_ERA5,"Data set created from file ['wmo_ra_land_ocean_5_ERA5.csv'] downloaded from [''] at ['2024-01-17 11:06:34']"
reference,wmo_ra_land_ocean_5_ERA5,"Hersbach H, Bell B, Berrisford P et al. 2020. The ERA5 global reanalysis. Q. J. R. Meteorol. Soc. 146: 1999-2049. https://doi.org/10.1002/qj.3803"
comments,wmo_ra_land_ocean_5_ERA5,"Original data acknowledgement: Contains using Copernicus Climate Change Service information [2024]. Neither the European Commission nor ECMWF is responsible for any use that may be made of the Copernicus information or data it contains."
history,wmo_ra_land_ocean_5_GISTEMP,""Data set created from file ['gistemp1200_GHCNv4_ERSSTv5.nc.gz'] downloaded from ['https://data.giss.nasa.gov/pub/gistemp/gistemp1200_GHCNv4_ERSSTv5.nc.gz'] at ['2024-01-15 11:20:46']""
history,wmo_ra_land_ocean_5_GISTEMP,""Regridded to 1 degree latitude-longitude resolution""
history,wmo_ra_land_ocean_5_GISTEMP,""Rebaselined to 1991-2020""
history,wmo_ra_land_ocean_5_GISTEMP,""Calculated area-average""
history,wmo_ra_land_ocean_5_GISTEMP,""Calculated annual average from monthly averages using arithmetic mean""
history,wmo_ra_land_ocean_5_GISTEMP,""Selected years within the range 1900 to 2023.""
history,wmo_ra_land_ocean_5_GISTEMP,""Wrote to file wmo_ra_land_ocean_5_GISTEMP.csv""
history,wmo_ra_land_ocean_5_GISTEMP,"Data set created from file ['wmo_ra_land_ocean_5_GISTEMP.csv'] downloaded from [''] at ['2024-01-17 11:07:01']"
reference,wmo_ra_land_ocean_5_GISTEMP,"Lenssen, N., G. Schmidt, J. Hansen, M. Menne, A. Persin, R. Ruedy, and D. Zyss, 2019: Improvements in the GISTEMP uncertainty model. J. Geophys. Res. Atmos., 124, no. 12, 6307-6326, doi:10.1029/2018JD029522"
comments,wmo_ra_land_ocean_5_GISTEMP,"Original data acknowledgement: "
history,wmo_ra_land_ocean_5_HadCRUT5,""Data set created from file ['HadCRUT.5.0.2.0.analysis.anomalies.ensemble_mean.nc'] downloaded from ['https://www.metoffice.gov.uk/hadobs/hadcrut5/data/HadCRUT.5.0.2.0/analysis/HadCRUT.5.0.2.0.analysis.anomalies.ensemble_mean.nc'] at ['2024-01-15 11:56:27']""
history,wmo_ra_land_ocean_5_HadCRUT5,""Regridded to 1 degree latitude-longitude resolution""
history,wmo_ra_land_ocean_5_HadCRUT5,""Rebaselined to 1991-2020""
history,wmo_ra_land_ocean_5_HadCRUT5,""Calculated area-average""
history,wmo_ra_land_ocean_5_HadCRUT5,""Calculated annual average from monthly averages using arithmetic mean""
history,wmo_ra_land_ocean_5_HadCRUT5,""Selected years within the range 1900 to 2023.""
history,wmo_ra_land_ocean_5_HadCRUT5,""Wrote to file wmo_ra_land_ocean_5_HadCRUT5.csv""
history,wmo_ra_land_ocean_5_HadCRUT5,"Data set created from file ['wmo_ra_land_ocean_5_HadCRUT5.csv'] downloaded from [''] at ['2024-01-17 11:07:50']"
reference,wmo_ra_land_ocean_5_HadCRUT5,"Morice, C. P., Kennedy, J. J., Rayner, N. A., Winn, J. P., Hogan, E., Killick, R. E., et al. (2021). An updated assessment of near-surface temperature change from 1850: the HadCRUT5 data set. Journal of Geophysical Research: Atmospheres, 126, e2019JD032361. https://doi.org/10.1029/2019JD032361"
comments,wmo_ra_land_ocean_5_HadCRUT5,"Original data acknowledgement: HadCRUT.5.0.2.0 data were obtained from http://www.metoffice.gov.uk/hadobs/hadcrut5 on 2024-01-15 11:56:27 and are © British Crown Copyright, Met Office 2024, provided under an Open Government License, http://www.nationalarchives.gov.uk/doc/open-government-licence/version/3/"
history,wmo_ra_land_ocean_5_JRA-55,""Data set created from file ['anl_surf125.011_tmp.202401_202412', 'anl_surf125.2024MMMM'] downloaded from ['', ''] at ['2024-01-15 11:20:51']""
history,wmo_ra_land_ocean_5_JRA-55,""Regridded to 1 degree latitude-longitude resolution""
history,wmo_ra_land_ocean_5_JRA-55,""Rebaselined to 1991-2020""
history,wmo_ra_land_ocean_5_JRA-55,""Calculated area-average""
history,wmo_ra_land_ocean_5_JRA-55,""Calculated annual average from monthly averages using arithmetic mean""
history,wmo_ra_land_ocean_5_JRA-55,""Selected years within the range 1900 to 2023.""
history,wmo_ra_land_ocean_5_JRA-55,""Wrote to file wmo_ra_land_ocean_5_JRA-55.csv""
history,wmo_ra_land_ocean_5_JRA-55,"Data set created from file ['wmo_ra_land_ocean_5_JRA-55.csv'] downloaded from [''] at ['2024-01-17 11:08:41']"
reference,wmo_ra_land_ocean_5_JRA-55,"Kobayashi, S., Ota, Y., Harada, Y., Ebita, A., Moriya, M., Onoda, H., Onogi, K., Kamahori, H., Kobayashi, C., Endo, H. and Miyaoka, K., (2015). The JRA-55 reanalysis: General specifications and basic characteristics. Journal of the Meteorological Society of Japan. Ser. II, 93(1), pp.5-48."
comments,wmo_ra_land_ocean_5_JRA-55,"Original data acknowledgement: "
history,wmo_ra_land_ocean_5_Kadow,""Data set created from file ['HadCRUT5.anomalies.Kadow_et_al_2020_20crAI-infilled.ensemble_mean_185001-*.nc'] downloaded from [''] at ['2024-01-17 10:11:02']""
history,wmo_ra_land_ocean_5_Kadow,""Regridded to 1 degree latitude-longitude resolution""
history,wmo_ra_land_ocean_5_Kadow,""Rebaselined to 1991-2020""
history,wmo_ra_land_ocean_5_Kadow,""Calculated area-average""
history,wmo_ra_land_ocean_5_Kadow,""Calculated annual average from monthly averages using arithmetic mean""
history,wmo_ra_land_ocean_5_Kadow,""Selected years within the range 1900 to 2023.""
history,wmo_ra_land_ocean_5_Kadow,""Wrote to file wmo_ra_land_ocean_5_Kadow.csv""
history,wmo_ra_land_ocean_5_Kadow,"Data set created from file ['wmo_ra_land_ocean_5_Kadow.csv'] downloaded from [''] at ['2024-01-17 11:09:15']"
reference,wmo_ra_land_ocean_5_Kadow,"Kadow, C., Hall, D.M. & Ulbrich, U. Artificial intelligence reconstructs missing climate information. Nat. Geosci. (2020). https://doi.org/10.1038/s41561-020-0582-5"
comments,wmo_ra_land_ocean_5_Kadow,"Original data acknowledgement: "
history,wmo_ra_land_ocean_5_NOAA_Interim,""Data set created from file ['NOAAGlobalTemp_v*.nc'] downloaded from ['https://www.ncei.noaa.gov/data/noaa-global-surface-temperature/v5.1/access/gridded/NOAAGlobalTemp_v.*.nc'] at ['2024-01-17 10:19:08']""
history,wmo_ra_land_ocean_5_NOAA_Interim,""Data set created from file ['NOAAGlobalTemp_v*.nc'] downloaded from ['https://www.ncei.noaa.gov/data/noaa-global-surface-temperature/v5.1/access/gridded/NOAAGlobalTemp_v.*.nc'] at ['2024-01-17 10:19:08']""
history,wmo_ra_land_ocean_5_NOAA_Interim,""Regridded to 1 degree latitude-longitude resolution""
history,wmo_ra_land_ocean_5_NOAA_Interim,""Rebaselined to 1991-2020""
history,wmo_ra_land_ocean_5_NOAA_Interim,""Calculated area-average""
history,wmo_ra_land_ocean_5_NOAA_Interim,""Calculated annual average from monthly averages using arithmetic mean""
history,wmo_ra_land_ocean_5_NOAA_Interim,""Selected years within the range 1900 to 2023.""
history,wmo_ra_land_ocean_5_NOAA_Interim,""Wrote to file wmo_ra_land_ocean_5_NOAA Interim.csv""
history,wmo_ra_land_ocean_5_NOAA_Interim,"Data set created from file ['wmo_ra_land_ocean_5_NOAA Interim.csv'] downloaded from [''] at ['2024-01-17 11:10:09']"
reference,wmo_ra_land_ocean_5_NOAA_Interim,"Vose, R.S., B. Huang, X. Yin., D. Arndt, D.R. Easterling, J.H. Lawrimore, M.J. Menne, A. Sanchez-Lugo, H.-M. Zhang, 2021: Implementing full spatial coverage in NOAA’s global temperature analysis. Geophysical Research Letters, 48, e2020GL090873. https://doi.org/10.1029/2020GL090873"
comments,wmo_ra_land_ocean_5_NOAA_Interim,"Original data acknowledgement: "
long_name,time,time,days since 1800-01-01 00:00:00.0
type,time,int
long_name,year,year,1
type,year,int
long_name,wmo_ra_land_ocean_5_Berkeley_Earth,wmo_ra_land_ocean_5,degC
type,wmo_ra_land_ocean_5_Berkeley_Earth,float
long_name,wmo_ra_land_ocean_5_ERA5,wmo_ra_land_ocean_5,degC
type,wmo_ra_land_ocean_5_ERA5,float
long_name,wmo_ra_land_ocean_5_GISTEMP,wmo_ra_land_ocean_5,degC
type,wmo_ra_land_ocean_5_GISTEMP,float
long_name,wmo_ra_land_ocean_5_HadCRUT5,wmo_ra_land_ocean_5,degC
type,wmo_ra_land_ocean_5_HadCRUT5,float
long_name,wmo_ra_land_ocean_5_JRA-55,wmo_ra_land_ocean_5,degC
type,wmo_ra_land_ocean_5_JRA-55,float
long_name,wmo_ra_land_ocean_5_Kadow,wmo_ra_land_ocean_5,degC
type,wmo_ra_land_ocean_5_Kadow,float
long_name,wmo_ra_land_ocean_5_NOAA_Interim,wmo_ra_land_ocean_5,degC
type,wmo_ra_land_ocean_5_NOAA_Interim,float
coordinate_variable,time,t
data
time,year,wmo_ra_land_ocean_5_Berkeley_Earth,wmo_ra_land_ocean_5_ERA5,wmo_ra_land_ocean_5_GISTEMP,wmo_ra_land_ocean_5_HadCRUT5,wmo_ra_land_ocean_5_JRA-55,wmo_ra_land_ocean_5_Kadow,wmo_ra_land_ocean_5_NOAA_Interim
36524,1900,-0.4950,,-0.4160,-0.5174,,-0.4809,-0.4129
36889,1901,-0.6371,,-0.5199,-0.6864,,-0.6142,-0.5314
37254,1902,-0.7891,,-0.6351,-0.8169,,-0.7372,-0.6264
37619,1903,-0.8326,,-0.7609,-0.8918,,-0.7821,-0.7515
37984,1904,-0.9722,,-0.9120,-0.9577,,-0.9324,-0.9056
38350,1905,-0.7762,,-0.7149,-0.8157,,-0.7293,-0.7127
38715,1906,-0.6467,,-0.5918,-0.6826,,-0.6212,-0.6003
39080,1907,-0.7616,,-0.7199,-0.8217,,-0.7259,-0.7209
39445,1908,-0.9275,,-0.8950,-0.9561,,-0.8967,-0.8882
39811,1909,-0.9759,,-0.9054,-0.9325,,-0.9121,-0.9047
40176,1910,-0.9120,,-0.8706,-0.9115,,-0.8563,-0.8785
40541,1911,-0.9637,,-0.8787,-0.9575,,-0.9061,-0.8767
40906,1912,-0.7543,,-0.6710,-0.7751,,-0.7440,-0.6750
41272,1913,-0.8394,,-0.7897,-0.9101,,-0.8250,-0.7923
41637,1914,-0.6698,,-0.5808,-0.7174,,-0.6300,-0.5803
42002,1915,-0.5278,,-0.5030,-0.5922,,-0.4741,-0.5064
42367,1916,-0.6781,,-0.6967,-0.7455,,-0.6140,-0.7004
42733,1917,-1.0175,,-0.9570,-0.9382,,-1.0157,-0.9522
43098,1918,-0.6960,,-0.6491,-0.8419,,-0.6964,-0.6435
43463,1919,-0.8278,,-0.7335,-0.8044,,-0.7414,-0.7286
43828,1920,-0.6632,,-0.6396,-0.6963,,-0.5674,-0.6416
44194,1921,-0.6280,,-0.6099,-0.6390,,-0.6223,-0.6146
44559,1922,-0.6279,,-0.6651,-0.6948,,-0.5843,-0.6580
44924,1923,-0.6761,,-0.6988,-0.7262,,-0.6667,-0.6917
45289,1924,-0.6674,,-0.6888,-0.7054,,-0.6240,-0.6928
45655,1925,-0.6981,,-0.7373,-0.7615,,-0.6639,-0.7342
46020,1926,-0.5424,,-0.6015,-0.5765,,-0.5038,-0.6128
46385,1927,-0.6673,,-0.6922,-0.6593,,-0.6431,-0.6977
46750,1928,-0.6000,,-0.6375,-0.5977,,-0.5490,-0.6499
47116,1929,-0.7695,,-0.7796,-0.7623,,-0.7291,-0.7807
47481,1930,-0.6639,,-0.6760,-0.6496,,-0.6263,-0.6867
47846,1931,-0.6057,,-0.6113,-0.5818,,-0.5559,-0.6200
48211,1932,-0.7140,,-0.7577,-0.6696,,-0.6733,-0.7707
48577,1933,-0.8321,,-0.8333,-0.7749,,-0.7570,-0.8496
48942,1934,-0.7018,,-0.7313,-0.6962,,-0.6455,-0.7423
49307,1935,-0.6676,,-0.6882,-0.6304,,-0.6303,-0.6981
49672,1936,-0.6017,,-0.6310,-0.6055,,-0.5695,-0.6498
50038,1937,-0.5844,,-0.6108,-0.5387,,-0.5558,-0.6187
50403,1938,-0.5161,,-0.5764,-0.4819,,-0.4811,-0.5886
50768,1939,-0.6467,,-0.6553,-0.6290,,-0.6062,-0.6640
51133,1940,-0.5047,,-0.3567,-0.4331,,-0.4740,-0.3783
51499,1941,-0.5050,,-0.2289,-0.4492,,-0.4667,-0.2283
51864,1942,-0.4060,,-0.3715,-0.4289,,-0.3901,-0.3665
52229,1943,-0.3294,,-0.4278,-0.4586,,-0.3741,-0.4187
52594,1944,-0.3369,,-0.3284,-0.3648,,-0.3322,-0.3217
52960,1945,-0.3575,,-0.2983,-0.3200,,-0.3674,-0.2804
53325,1946,-0.6196,,-0.5302,-0.6051,,-0.5979,-0.5188
53690,1947,-0.5921,,-0.5253,-0.6149,,-0.5657,-0.5395
54055,1948,-0.6583,,-0.6635,-0.6317,,-0.6208,-0.6744
54421,1949,-0.7233,,-0.6968,-0.6863,,-0.6858,-0.7078
54786,1950,-0.6293,,-0.6097,-0.5847,,-0.6145,-0.6111
55151,1951,-0.4942,,-0.5539,-0.5202,,-0.4954,-0.5521
55516,1952,-0.4209,,-0.4924,-0.4138,,-0.4043,-0.4957
55882,1953,-0.4312,,-0.5281,-0.4586,,-0.4325,-0.5246
56247,1954,-0.4905,,-0.6164,-0.5013,,-0.4942,-0.6126
56612,1955,-0.6608,,-0.7176,-0.6655,,-0.6229,-0.7144
56977,1956,-0.6236,,-0.6302,-0.6482,,-0.6108,-0.6226
57343,1957,-0.4086,,-0.3771,-0.4251,,-0.3927,-0.3755
57708,1958,-0.3925,,-0.3469,-0.4174,-0.2426,-0.3765,-0.3472
58073,1959,-0.4208,,-0.3949,-0.4193,-0.2670,-0.4203,-0.3910
58438,1960,-0.4849,,-0.4634,-0.5202,-0.3660,-0.4744,-0.4449
58804,1961,-0.4382,,-0.4389,-0.4478,-0.3055,-0.4275,-0.4354
59169,1962,-0.5246,,-0.4665,-0.5221,-0.3558,-0.5187,-0.4657
59534,1963,-0.4674,,-0.4324,-0.4799,-0.3490,-0.4586,-0.4289
59899,1964,-0.5703,,-0.5286,-0.5890,-0.3646,-0.5762,-0.5181
60265,1965,-0.5878,,-0.5623,-0.6229,-0.4476,-0.5891,-0.5596
60630,1966,-0.5236,,-0.4895,-0.5517,-0.3599,-0.5065,-0.4816
60995,1967,-0.5318,,-0.4880,-0.5607,-0.3532,-0.5218,-0.4919
61360,1968,-0.5049,,-0.4651,-0.5311,-0.3399,-0.4981,-0.4606
61726,1969,-0.3183,,-0.2501,-0.3298,-0.1734,-0.3271,-0.2408
62091,1970,-0.4281,,-0.3719,-0.4248,-0.1927,-0.4129,-0.3670
62456,1971,-0.6032,,-0.5602,-0.6058,-0.3989,-0.6010,-0.5516
62821,1972,-0.4536,,-0.4045,-0.4573,-0.1985,-0.4552,-0.4044
63187,1973,-0.3752,,-0.3291,-0.3466,-0.1704,-0.3709,-0.3279
63552,1974,-0.5252,,-0.5258,-0.5239,-0.3812,-0.5337,-0.5283
63917,1975,-0.5614,,-0.5428,-0.5388,-0.3848,-0.5611,-0.5389
64282,1976,-0.5448,,-0.4953,-0.5536,-0.3834,-0.5398,-0.4972
64648,1977,-0.2823,,-0.2957,-0.3037,-0.1579,-0.2851,-0.2943
65013,1978,-0.3638,,-0.3650,-0.3486,-0.2343,-0.3482,-0.3590
65378,1979,-0.2411,-0.1841,-0.2490,-0.2212,-0.0946,-0.2528,-0.2475
65743,1980,-0.1987,-0.1739,-0.2073,-0.1897,-0.0626,-0.2062,-0.2066
66109,1981,-0.2541,-0.2482,-0.2358,-0.2284,-0.1161,-0.2589,-0.2361
66474,1982,-0.3202,-0.3109,-0.2953,-0.3439,-0.2225,-0.3234,-0.2895
66839,1983,-0.2811,-0.1862,-0.2253,-0.2554,-0.0725,-0.2721,-0.2241
67204,1984,-0.3301,-0.3238,-0.2770,-0.3152,-0.1597,-0.3228,-0.2689
67570,1985,-0.3064,-0.3019,-0.2820,-0.2806,-0.1601,-0.3041,-0.2719
67935,1986,-0.2511,-0.2418,-0.2430,-0.2381,-0.1399,-0.2525,-0.2278
68300,1987,-0.1782,-0.1525,-0.1294,-0.1331,-0.0251,-0.1857,-0.1246
68665,1988,-0.1029,-0.0634,-0.0641,-0.0885,0.0199,-0.0979,-0.0619
69031,1989,-0.2367,-0.2614,-0.2272,-0.2135,-0.1653,-0.2476,-0.2276
69396,1990,-0.1045,-0.0916,-0.1002,-0.1021,-0.0492,-0.1099,-0.1057
69761,1991,-0.0898,-0.0875,-0.1111,-0.0925,-0.0485,-0.0901,-0.1251
70126,1992,-0.1952,-0.2462,-0.2052,-0.2209,-0.2527,-0.2001,-0.2078
70492,1993,-0.2401,-0.2763,-0.2820,-0.2788,-0.1840,-0.2375,-0.2855
70857,1994,-0.1896,-0.2246,-0.2059,-0.2037,-0.0584,-0.1881,-0.2084
71222,1995,-0.1457,-0.1700,-0.1466,-0.1745,-0.0307,-0.1404,-0.1389
71587,1996,-0.0965,-0.1144,-0.1011,-0.1041,0.0010,-0.0926,-0.0897
71953,1997,-0.0605,-0.1029,-0.0776,-0.0785,-0.0074,-0.0557,-0.0675
72318,1998,-0.0423,0.0133,-0.0641,-0.0257,-0.0067,-0.0289,-0.0500
72683,1999,-0.2449,-0.2590,-0.2655,-0.2366,-0.2257,-0.2358,-0.2433
73048,2000,-0.2320,-0.2047,-0.2457,-0.2213,-0.1568,-0.2254,-0.2368
73414,2001,-0.0278,-0.0654,-0.0183,-0.0090,-0.0336,-0.0378,-0.0050
73779,2002,0.0948,0.0875,0.1039,0.0742,0.0941,0.0966,0.1085
74144,2003,0.0399,0.0163,0.0446,0.0073,0.0108,0.0363,0.0530
74509,2004,0.0158,-0.0036,0.0238,-0.0026,-0.0338,0.0133,0.0220
74875,2005,0.0548,0.0366,0.0483,0.0305,0.0379,0.0554,0.0500
75240,2006,-0.0753,-0.0560,-0.0581,-0.0600,-0.0351,-0.0654,-0.0571
75605,2007,-0.0818,-0.0500,-0.0536,-0.0725,-0.0419,-0.0787,-0.0639
75970,2008,-0.2098,-0.1886,-0.1991,-0.2129,-0.1941,-0.2128,-0.1978
76336,2009,0.0591,0.0426,0.0664,0.0596,0.0290,0.0532,0.0624
76701,2010,0.0515,0.0855,0.0566,0.0594,0.0324,0.0560,0.0542
77066,2011,-0.1143,-0.1278,-0.1209,-0.1218,-0.1556,-0.1048,-0.1243
77431,2012,-0.0189,-0.0342,-0.0329,-0.0055,-0.0838,-0.0189,-0.0326
77797,2013,0.1398,0.1299,0.1280,0.1619,0.0705,0.1201,0.1251
78162,2014,0.1630,0.1667,0.1737,0.1754,0.0899,0.1519,0.1712
78527,2015,0.2428,0.1903,0.2474,0.2426,0.1515,0.2399,0.2443
78892,2016,0.2724,0.3013,0.3101,0.3017,0.2271,0.2650,0.3010
79258,2017,0.2130,0.2637,0.2261,0.2468,0.1697,0.2034,0.2201
79623,2018,0.1917,0.2367,0.1987,0.2151,0.1501,0.1932,0.1950
79988,2019,0.2699,0.3333,0.2896,0.2794,0.2523,0.2737,0.2721
80353,2020,0.2557,0.3075,0.2704,0.2654,0.2324,0.2554,0.2548
80719,2021,0.1142,0.1650,0.1131,0.1238,0.0440,0.1158,0.0999
81084,2022,0.1387,0.1518,0.1430,0.1396,0.0464,0.1371,0.1385
81449,2023,0.2761,0.3325,0.2869,0.3024,0.2611,0.2830,0.2810
end data
