Conventions,G,BADC-CSV,1
title,G,Regional mean temperature for Caribbean
last_revised_date,G,2023-08-28
date_valid,G,2023-08-28
feature_type,G,area average
creator,G,WMO
source,G,Produced by climind version 0.1
observation_station,G,derived data
location,G,90.,-180.,-90.,180.
activity,G,WMO
history,G,""Data set created from file ['NOAAGlobalTemp_v*.nc'] downloaded from ['https://www.ncei.noaa.gov/data/noaa-global-surface-temperature/v5/access/gridded/NOAAGlobalTemp_v.*.nc'] at ['2023-08-07 16:18:17']""
history,G,""Data set created from file ['NOAAGlobalTemp_v*.nc'] downloaded from ['https://www.ncei.noaa.gov/data/noaa-global-surface-temperature/v5/access/gridded/NOAAGlobalTemp_v.*.nc'] at ['2023-08-07 16:18:17']""
history,G,""Regridded to 1 degree latitude-longitude resolution""
history,G,""Rebaselined to 1991-2020""
history,G,""Calculated area-average""
history,G,""Calculated annual average from monthly averages using arithmetic mean""
history,G,""Selected years within the range 1900 to 2022.""
history,G,""Wrote to file lac_subregion_3_NOAAGlobalTemp.csv""
history,G,"Data set created from file ['lac_subregion_3_NOAAGlobalTemp.csv'] downloaded from [''] at ['2023-08-09 12:24:16']"
reference,G,"Huang, B., M. J. Menne, T. Boyer, E. Freeman, B. E. Gleason, J. H. Lawrimore, C. Liu, J. J. Rennie, C. Schreck, F. Sun, R. Vose, C. N. Williams, X. Yin, H.-M. Zhang, 2020: Uncertainty estimates for sea surface temperature and land surface air temperature in NOAAGlobalTemp version 5. , J. Climate, 33, 1351-1379, DOI: 10.1175/JCLI-D-19-0395.1"
reference,G,"Zhang, Huai-Min, Jay H. Lawrimore, Boyin Huang, Matthew J. Menne, Xungang Yin, Ahira Sȧnchez-Lugo, Byron E. Gleason, Russell Vose, Derek Arndt, J. Jared Rennie, and Claude N. Williams. (2019) Updated Temperature Data Give a Sharper View of Climate Trends. Eos, 100, https://doi.org/10.1029/2019EO128229"
rights,G,TBD
comments,G,Data produced by climind version 0.1
comments,G,Format description https://help.ceda.ac.uk/article/105-badc-csv
comments,G,"Original data acknowledgement: "
long_name,time,time,days since 1800-01-01 00:00:00.0
type,time,int
long_name,year,year,1
type,year,int
long_name,data,lac_subregion_3,degC
type,data,float
coordinate_variable,time,t
data
time,year,data
36524,1900,-0.6092
36889,1901,-0.6095
37254,1902,-0.6713
37619,1903,-0.7515
37984,1904,-0.9191
38350,1905,-0.7931
38715,1906,-0.8461
39080,1907,-1.1594
39445,1908,-0.9217
39811,1909,-1.0565
40176,1910,-1.1435
40541,1911,-1.0587
40906,1912,-0.9460
41272,1913,-1.1231
41637,1914,-0.9680
42002,1915,-0.5338
42367,1916,-0.9837
42733,1917,-1.3547
43098,1918,-1.0535
43463,1919,-0.8611
43828,1920,-1.0598
44194,1921,-1.1092
44559,1922,-1.0926
44924,1923,-1.1385
45289,1924,-1.0057
45655,1925,-1.0236
46020,1926,-0.6646
46385,1927,-0.8415
46750,1928,-0.8800
47116,1929,-0.9933
47481,1930,-0.7936
47846,1931,-0.5164
48211,1932,-0.6081
48577,1933,-0.8472
48942,1934,-0.8956
49307,1935,-0.8728
49672,1936,-0.5871
50038,1937,-0.5045
50403,1938,-0.8972
50768,1939,-0.7293
51133,1940,-0.3659
51499,1941,-0.1685
51864,1942,-0.4949
52229,1943,-0.7446
52594,1944,-0.5702
52960,1945,-0.6693
53325,1946,-0.6886
53690,1947,-0.6174
54055,1948,-0.6959
54421,1949,-0.8260
54786,1950,-1.1179
55151,1951,-0.5982
55516,1952,-0.4909
55882,1953,-0.4722
56247,1954,-0.8352
56612,1955,-0.7996
56977,1956,-0.8907
57343,1957,-0.5133
57708,1958,-0.1887
58073,1959,-0.5152
58438,1960,-0.4490
58804,1961,-0.5236
59169,1962,-0.5911
59534,1963,-0.5164
59899,1964,-0.5865
60265,1965,-0.6217
60630,1966,-0.4817
60995,1967,-0.7746
61360,1968,-0.7150
61726,1969,-0.1307
62091,1970,-0.5513
62456,1971,-0.8854
62821,1972,-0.6125
63187,1973,-0.4186
63552,1974,-0.8996
63917,1975,-0.8633
64282,1976,-0.8807
64648,1977,-0.4492
65013,1978,-0.5033
65378,1979,-0.4610
65743,1980,-0.3345
66109,1981,-0.4710
66474,1982,-0.5262
66839,1983,-0.1470
67204,1984,-0.7164
67570,1985,-0.7707
67935,1986,-0.6450
68300,1987,-0.0812
68665,1988,-0.4394
69031,1989,-0.6563
69396,1990,-0.3902
69761,1991,-0.3730
70126,1992,-0.3145
70492,1993,-0.3124
70857,1994,-0.4483
71222,1995,-0.1229
71587,1996,-0.4228
71953,1997,-0.1370
72318,1998,0.2467
72683,1999,-0.3384
73048,2000,-0.4489
73414,2001,-0.1887
73779,2002,-0.0784
74144,2003,0.0617
74509,2004,-0.1092
74875,2005,0.0754
75240,2006,0.0171
75605,2007,-0.0167
75970,2008,-0.1337
76336,2009,0.0676
76701,2010,0.3453
77066,2011,-0.0522
77431,2012,0.0030
77797,2013,0.1415
78162,2014,0.2488
78527,2015,0.5073
78892,2016,0.5711
79258,2017,0.2348
79623,2018,0.1098
79988,2019,0.3343
80353,2020,0.5329
80719,2021,0.2166
81084,2022,0.0601
end data
