Conventions,G,BADC-CSV,1
title,G,Regional mean temperature for Mexico
last_revised_date,G,2023-08-28
date_valid,G,2023-08-28
feature_type,G,area average
creator,G,WMO
source,G,Produced by climind version 0.1
observation_station,G,derived data
location,G,90.,-180.,-90.,180.
activity,G,WMO
history,G,""Data set created from file ['anl_surf125.011_tmp.202301_202312', 'anl_surf125.2023MMMM'] downloaded from ['', ''] at ['2023-08-07 16:16:00']""
history,G,""Regridded to 1 degree latitude-longitude resolution""
history,G,""Rebaselined to 1991-2020""
history,G,""Calculated area-average""
history,G,""Calculated annual average from monthly averages using arithmetic mean""
history,G,""Selected years within the range 1900 to 2022.""
history,G,""Wrote to file lac_subregion_4_JRA-55.csv""
history,G,"Data set created from file ['lac_subregion_4_JRA-55.csv'] downloaded from [''] at ['2023-08-09 11:02:36']"
history,G,"Calculated 10-year moving average"
reference,G,"Kobayashi, S., Ota, Y., Harada, Y., Ebita, A., Moriya, M., Onoda, H., Onogi, K., Kamahori, H., Kobayashi, C., Endo, H. and Miyaoka, K., (2015). The JRA-55 reanalysis: General specifications and basic characteristics. Journal of the Meteorological Society of Japan. Ser. II, 93(1), pp.5-48."
rights,G,TBD
comments,G,Data produced by climind version 0.1
comments,G,Format description https://help.ceda.ac.uk/article/105-badc-csv
comments,G,"Original data acknowledgement: "
long_name,time,time,days since 1800-01-01 00:00:00.0
type,time,int
long_name,year,year,1
type,year,int
long_name,data,lac_subregion_4,degC
type,data,float
coordinate_variable,time,t
data
time,year,data
57708,1958,
58073,1959,
58438,1960,
58804,1961,
59169,1962,
59534,1963,
59899,1964,
60265,1965,
60630,1966,
60995,1967,-0.9465
61360,1968,-0.9764
61726,1969,-0.9460
62091,1970,-0.9156
62456,1971,-0.8661
62821,1972,-0.8218
63187,1973,-0.8381
63552,1974,-0.7983
63917,1975,-0.8095
64282,1976,-0.8099
64648,1977,-0.8298
65013,1978,-0.8207
65378,1979,-0.8748
65743,1980,-0.8589
66109,1981,-0.8895
66474,1982,-0.9076
66839,1983,-0.8975
67204,1984,-0.9288
67570,1985,-0.9194
67935,1986,-0.8622
68300,1987,-0.8931
68665,1988,-0.8895
69031,1989,-0.8564
69396,1990,-0.8549
69761,1991,-0.8378
70126,1992,-0.8864
70492,1993,-0.8427
70857,1994,-0.7333
71222,1995,-0.6353
71587,1996,-0.5736
71953,1997,-0.5064
72318,1998,-0.4038
72683,1999,-0.3702
73048,2000,-0.3282
73414,2001,-0.2822
73779,2002,-0.2078
74144,2003,-0.1537
74509,2004,-0.1924
74875,2005,-0.1926
75240,2006,-0.1700
75605,2007,-0.1598
75970,2008,-0.1962
76336,2009,-0.1333
76701,2010,-0.1476
77066,2011,-0.0645
77431,2012,0.0153
77797,2013,0.0283
78162,2014,0.1158
78527,2015,0.1684
78892,2016,0.2316
79258,2017,0.3242
79623,2018,0.3714
79988,2019,0.3790
80353,2020,0.4758
80719,2021,0.4604
81084,2022,0.4221
end data
