Conventions,G,BADC-CSV,1
title,G,Regional mean temperature for Mexico
last_revised_date,G,2023-08-28
date_valid,G,2023-08-28
feature_type,G,area average
creator,G,WMO
source,G,Produced by climind version 0.1
observation_station,G,derived data
location,G,90.,-180.,-90.,180.
rights,G,TBD
activity,G,WMO
comments,G,Format description https://help.ceda.ac.uk/article/105-badc-csv
history,lac_subregion_4_Berkeley_Earth,""Data set created from file ['Land_and_Ocean_LatLong1.nc'] downloaded from ['https://berkeley-earth-temperature.s3.us-west-1.amazonaws.com/Global/Gridded/Land_and_Ocean_LatLong1.nc'] at ['2023-08-07 17:34:59']""
history,lac_subregion_4_Berkeley_Earth,""Rebaselined to 1991-2020""
history,lac_subregion_4_Berkeley_Earth,""Calculated area-average""
history,lac_subregion_4_Berkeley_Earth,""Calculated annual average from monthly averages using arithmetic mean""
history,lac_subregion_4_Berkeley_Earth,""Selected years within the range 1900 to 2022.""
history,lac_subregion_4_Berkeley_Earth,""Wrote to file lac_subregion_4_Berkeley Earth.csv""
history,lac_subregion_4_Berkeley_Earth,"Data set created from file ['lac_subregion_4_Berkeley Earth.csv'] downloaded from [''] at ['2023-08-09 11:00:25']"
history,lac_subregion_4_Berkeley_Earth,"Calculated 10-year moving average"
reference,lac_subregion_4_Berkeley_Earth,"Rohde, R. A. and Hausfather, Z.: The Berkeley Earth Land/Ocean Temperature Record, Earth Syst. Sci. Data, 12, 3469-3479, https://doi.org/10.5194/essd-12-3469-2020, 2020"
comments,lac_subregion_4_Berkeley_Earth,"Original data acknowledgement: "
history,lac_subregion_4_ERA5,""Gridded dataset created from file ['era5_2m_tas_2023.nc'] downloaded from ['']""
history,lac_subregion_4_ERA5,""Regridded to 1 degree latitude-longitude resolution""
history,lac_subregion_4_ERA5,""Rebaselined to 1991-2020""
history,lac_subregion_4_ERA5,""Calculated area-average""
history,lac_subregion_4_ERA5,""Calculated annual average from monthly averages using arithmetic mean""
history,lac_subregion_4_ERA5,""Selected years within the range 1900 to 2022.""
history,lac_subregion_4_ERA5,""Wrote to file lac_subregion_4_ERA5.csv""
history,lac_subregion_4_ERA5,"Data set created from file ['lac_subregion_4_ERA5.csv'] downloaded from [''] at ['2023-08-09 11:00:45']"
history,lac_subregion_4_ERA5,"Calculated 10-year moving average"
reference,lac_subregion_4_ERA5,"Hersbach H, Bell B, Berrisford P et al. 2020. The ERA5 global reanalysis. Q. J. R. Meteorol. Soc. 146: 1999-2049. https://doi.org/10.1002/qj.3803"
comments,lac_subregion_4_ERA5,"Original data acknowledgement: "
history,lac_subregion_4_GISTEMP,""Data set created from file ['gistemp1200_GHCNv4_ERSSTv5.nc.gz'] downloaded from ['https://data.giss.nasa.gov/pub/gistemp/gistemp1200_GHCNv4_ERSSTv5.nc.gz'] at ['2023-08-07 16:14:33']""
history,lac_subregion_4_GISTEMP,""Regridded to 1 degree latitude-longitude resolution""
history,lac_subregion_4_GISTEMP,""Rebaselined to 1991-2020""
history,lac_subregion_4_GISTEMP,""Calculated area-average""
history,lac_subregion_4_GISTEMP,""Calculated annual average from monthly averages using arithmetic mean""
history,lac_subregion_4_GISTEMP,""Selected years within the range 1900 to 2022.""
history,lac_subregion_4_GISTEMP,""Wrote to file lac_subregion_4_GISTEMP.csv""
history,lac_subregion_4_GISTEMP,"Data set created from file ['lac_subregion_4_GISTEMP.csv'] downloaded from [''] at ['2023-08-09 11:01:17']"
history,lac_subregion_4_GISTEMP,"Calculated 10-year moving average"
reference,lac_subregion_4_GISTEMP,"Lenssen, N., G. Schmidt, J. Hansen, M. Menne, A. Persin, R. Ruedy, and D. Zyss, 2019: Improvements in the GISTEMP uncertainty model. J. Geophys. Res. Atmos., 124, no. 12, 6307-6326, doi:10.1029/2018JD029522"
comments,lac_subregion_4_GISTEMP,"Original data acknowledgement: "
history,lac_subregion_4_HadCRUT5,""Data set created from file ['HadCRUT.5.0.1.0.analysis.anomalies.ensemble_mean.nc'] downloaded from ['https://www.metoffice.gov.uk/hadobs/hadcrut5/data/current/analysis/HadCRUT.5.0.1.0.analysis.anomalies.ensemble_mean.nc'] at ['2023-08-07 16:14:34']""
history,lac_subregion_4_HadCRUT5,""Regridded to 1 degree latitude-longitude resolution""
history,lac_subregion_4_HadCRUT5,""Rebaselined to 1991-2020""
history,lac_subregion_4_HadCRUT5,""Calculated area-average""
history,lac_subregion_4_HadCRUT5,""Calculated annual average from monthly averages using arithmetic mean""
history,lac_subregion_4_HadCRUT5,""Selected years within the range 1900 to 2022.""
history,lac_subregion_4_HadCRUT5,""Wrote to file lac_subregion_4_HadCRUT5.csv""
history,lac_subregion_4_HadCRUT5,"Data set created from file ['lac_subregion_4_HadCRUT5.csv'] downloaded from [''] at ['2023-08-09 11:02:10']"
history,lac_subregion_4_HadCRUT5,"Calculated 10-year moving average"
reference,lac_subregion_4_HadCRUT5,"Morice, C. P., Kennedy, J. J., Rayner, N. A., Winn, J. P., Hogan, E., Killick, R. E., et al. (2021). An updated assessment of near-surface temperature change from 1850: the HadCRUT5 data set. Journal of Geophysical Research: Atmospheres, 126, e2019JD032361. https://doi.org/10.1029/2019JD032361"
comments,lac_subregion_4_HadCRUT5,"Original data acknowledgement: HadCRUT.5.0.1.0 data were obtained from http://www.metoffice.gov.uk/hadobs/hadcrut5 on 2023-08-07 16:14:34 and are © British Crown Copyright, Met Office 2023, provided under an Open Government License, http://www.nationalarchives.gov.uk/doc/open-government-licence/version/3/"
history,lac_subregion_4_JRA-55,""Data set created from file ['anl_surf125.011_tmp.202301_202312', 'anl_surf125.2023MMMM'] downloaded from ['', ''] at ['2023-08-07 16:16:00']""
history,lac_subregion_4_JRA-55,""Regridded to 1 degree latitude-longitude resolution""
history,lac_subregion_4_JRA-55,""Rebaselined to 1991-2020""
history,lac_subregion_4_JRA-55,""Calculated area-average""
history,lac_subregion_4_JRA-55,""Calculated annual average from monthly averages using arithmetic mean""
history,lac_subregion_4_JRA-55,""Selected years within the range 1900 to 2022.""
history,lac_subregion_4_JRA-55,""Wrote to file lac_subregion_4_JRA-55.csv""
history,lac_subregion_4_JRA-55,"Data set created from file ['lac_subregion_4_JRA-55.csv'] downloaded from [''] at ['2023-08-09 11:02:36']"
history,lac_subregion_4_JRA-55,"Calculated 10-year moving average"
reference,lac_subregion_4_JRA-55,"Kobayashi, S., Ota, Y., Harada, Y., Ebita, A., Moriya, M., Onoda, H., Onogi, K., Kamahori, H., Kobayashi, C., Endo, H. and Miyaoka, K., (2015). The JRA-55 reanalysis: General specifications and basic characteristics. Journal of the Meteorological Society of Japan. Ser. II, 93(1), pp.5-48."
comments,lac_subregion_4_JRA-55,"Original data acknowledgement: "
history,lac_subregion_4_NOAAGlobalTemp,""Data set created from file ['NOAAGlobalTemp_v*.nc'] downloaded from ['https://www.ncei.noaa.gov/data/noaa-global-surface-temperature/v5/access/gridded/NOAAGlobalTemp_v.*.nc'] at ['2023-08-07 16:18:17']""
history,lac_subregion_4_NOAAGlobalTemp,""Data set created from file ['NOAAGlobalTemp_v*.nc'] downloaded from ['https://www.ncei.noaa.gov/data/noaa-global-surface-temperature/v5/access/gridded/NOAAGlobalTemp_v.*.nc'] at ['2023-08-07 16:18:17']""
history,lac_subregion_4_NOAAGlobalTemp,""Regridded to 1 degree latitude-longitude resolution""
history,lac_subregion_4_NOAAGlobalTemp,""Rebaselined to 1991-2020""
history,lac_subregion_4_NOAAGlobalTemp,""Calculated area-average""
history,lac_subregion_4_NOAAGlobalTemp,""Calculated annual average from monthly averages using arithmetic mean""
history,lac_subregion_4_NOAAGlobalTemp,""Selected years within the range 1900 to 2022.""
history,lac_subregion_4_NOAAGlobalTemp,""Wrote to file lac_subregion_4_NOAAGlobalTemp.csv""
history,lac_subregion_4_NOAAGlobalTemp,"Data set created from file ['lac_subregion_4_NOAAGlobalTemp.csv'] downloaded from [''] at ['2023-08-09 12:24:19']"
history,lac_subregion_4_NOAAGlobalTemp,"Calculated 10-year moving average"
reference,lac_subregion_4_NOAAGlobalTemp,"Huang, B., M. J. Menne, T. Boyer, E. Freeman, B. E. Gleason, J. H. Lawrimore, C. Liu, J. J. Rennie, C. Schreck, F. Sun, R. Vose, C. N. Williams, X. Yin, H.-M. Zhang, 2020: Uncertainty estimates for sea surface temperature and land surface air temperature in NOAAGlobalTemp version 5. , J. Climate, 33, 1351-1379, DOI: 10.1175/JCLI-D-19-0395.1"
reference,lac_subregion_4_NOAAGlobalTemp,"Zhang, Huai-Min, Jay H. Lawrimore, Boyin Huang, Matthew J. Menne, Xungang Yin, Ahira Sȧnchez-Lugo, Byron E. Gleason, Russell Vose, Derek Arndt, J. Jared Rennie, and Claude N. Williams. (2019) Updated Temperature Data Give a Sharper View of Climate Trends. Eos, 100, https://doi.org/10.1029/2019EO128229"
comments,lac_subregion_4_NOAAGlobalTemp,"Original data acknowledgement: "
long_name,time,time,days since 1800-01-01 00:00:00.0
type,time,int
long_name,year,year,1
type,year,int
long_name,lac_subregion_4_Berkeley_Earth,lac_subregion_4,degC
type,lac_subregion_4_Berkeley_Earth,float
long_name,lac_subregion_4_ERA5,lac_subregion_4,degC
type,lac_subregion_4_ERA5,float
long_name,lac_subregion_4_GISTEMP,lac_subregion_4,degC
type,lac_subregion_4_GISTEMP,float
long_name,lac_subregion_4_HadCRUT5,lac_subregion_4,degC
type,lac_subregion_4_HadCRUT5,float
long_name,lac_subregion_4_JRA-55,lac_subregion_4,degC
type,lac_subregion_4_JRA-55,float
long_name,lac_subregion_4_NOAAGlobalTemp,lac_subregion_4,degC
type,lac_subregion_4_NOAAGlobalTemp,float
coordinate_variable,time,t
data
time,year,lac_subregion_4_Berkeley_Earth,lac_subregion_4_ERA5,lac_subregion_4_GISTEMP,lac_subregion_4_HadCRUT5,lac_subregion_4_JRA-55,lac_subregion_4_NOAAGlobalTemp
36524,1900,,,,,,
36889,1901,,,,,,
37254,1902,,,,,,
37619,1903,,,,,,
37984,1904,,,,,,
38350,1905,,,,,,
38715,1906,,,,,,
39080,1907,,,,,,
39445,1908,,,,,,
39811,1909,-0.7372,,-0.8348,-1.1653,,-0.8811
40176,1910,-0.7593,,-0.8399,-1.2042,,-0.9144
40541,1911,-0.7552,,-0.8297,-1.1685,,-0.9029
40906,1912,-0.8269,,-0.9265,-1.2083,,-0.9598
41272,1913,-0.8638,,-0.9526,-1.2291,,-0.9950
41637,1914,-0.8681,,-0.9926,-1.2181,,-1.0124
42002,1915,-0.8698,,-1.0080,-1.2093,,-1.0167
42367,1916,-0.8452,,-0.9943,-1.1787,,-1.0092
42733,1917,-0.8752,,-1.0611,-1.2090,,-1.0515
43098,1918,-0.8924,,-1.0967,-1.2203,,-1.0734
43463,1919,-0.9272,,-1.1662,-1.2423,,-1.1030
43828,1920,-0.9276,,-1.2054,-1.2449,,-1.1108
44194,1921,-0.9123,,-1.1670,-1.2403,,-1.1287
44559,1922,-0.8420,,-1.0654,-1.1827,,-1.0749
44924,1923,-0.7657,,-0.9821,-1.1169,,-1.0063
45289,1924,-0.7402,,-0.9558,-1.1232,,-0.9898
45655,1925,-0.7101,,-0.8883,-1.1139,,-0.9445
46020,1926,-0.6881,,-0.8811,-1.1139,,-0.9216
46385,1927,-0.6137,,-0.7963,-1.0650,,-0.8621
46750,1928,-0.5692,,-0.7599,-1.0345,,-0.8280
47116,1929,-0.5256,,-0.7065,-1.0073,,-0.7869
47481,1930,-0.4940,,-0.6803,-0.9754,,-0.7524
47846,1931,-0.5118,,-0.7402,-0.9821,,-0.7511
48211,1932,-0.5200,,-0.7770,-0.9912,,-0.7661
48577,1933,-0.4959,,-0.7374,-0.9670,,-0.7632
48942,1934,-0.4546,,-0.6717,-0.9017,,-0.7249
49307,1935,-0.4600,,-0.6891,-0.8926,,-0.7410
49672,1936,-0.4567,,-0.6901,-0.8792,,-0.7380
50038,1937,-0.4671,,-0.7199,-0.8705,,-0.7403
50403,1938,-0.4743,,-0.7074,-0.8572,,-0.7362
50768,1939,-0.4631,,-0.6754,-0.8219,,-0.7161
51133,1940,-0.4515,,-0.6504,-0.7896,,-0.7039
51499,1941,-0.4164,,-0.6318,-0.7493,,-0.6764
51864,1942,-0.3933,,-0.6122,-0.7207,,-0.6611
52229,1943,-0.3888,,-0.6357,-0.7020,,-0.6476
52594,1944,-0.4209,,-0.7040,-0.7235,,-0.6802
52960,1945,-0.3597,,-0.6704,-0.6767,,-0.6502
53325,1946,-0.3180,,-0.6270,-0.6400,,-0.6276
53690,1947,-0.3370,,-0.6414,-0.6461,,-0.6605
54055,1948,-0.3043,,-0.6404,-0.6173,,-0.6564
54421,1949,-0.2882,,-0.6518,-0.6071,,-0.6676
54786,1950,-0.2469,,-0.6083,-0.5816,,-0.6409
55151,1951,-0.2268,,-0.5828,-0.5672,,-0.6318
55516,1952,-0.2300,,-0.5759,-0.5611,,-0.6259
55882,1953,-0.2146,,-0.5511,-0.5463,,-0.6123
56247,1954,-0.1580,,-0.4747,-0.5037,,-0.5613
56612,1955,-0.2103,,-0.5090,-0.5494,,-0.5913
56977,1956,-0.2466,,-0.5336,-0.5705,,-0.5994
57343,1957,-0.2012,,-0.4984,-0.5259,,-0.5385
57708,1958,-0.2215,,-0.5085,-0.5318,,-0.5181
58073,1959,-0.2190,,-0.5093,-0.5162,,-0.4945
58438,1960,-0.2524,,-0.5647,-0.5446,,-0.5268
58804,1961,-0.2835,,-0.6020,-0.5786,,-0.5513
59169,1962,-0.2624,,-0.5832,-0.5704,,-0.5380
59534,1963,-0.2653,,-0.5988,-0.5817,,-0.5360
59899,1964,-0.3135,,-0.6688,-0.6348,,-0.5863
60265,1965,-0.2967,,-0.6626,-0.6157,,-0.5690
60630,1966,-0.3263,,-0.7099,-0.6484,,-0.6007
60995,1967,-0.3729,,-0.7472,-0.7003,-0.9465,-0.6527
61360,1968,-0.4210,,-0.7983,-0.7613,-0.9764,-0.7159
61726,1969,-0.4077,,-0.7849,-0.7718,-0.9460,-0.7238
62091,1970,-0.4351,,-0.8038,-0.8016,-0.9156,-0.7492
62456,1971,-0.4406,,-0.7994,-0.8113,-0.8661,-0.7635
62821,1972,-0.4379,,-0.8026,-0.8033,-0.8218,-0.7575
63187,1973,-0.4846,,-0.8477,-0.8418,-0.8381,-0.8061
63552,1974,-0.4815,,-0.8382,-0.8363,-0.7983,-0.7966
63917,1975,-0.5161,,-0.8739,-0.8688,-0.8095,-0.8366
64282,1976,-0.5408,,-0.8955,-0.8827,-0.8099,-0.8532
64648,1977,-0.5223,,-0.8705,-0.8560,-0.8298,-0.8303
65013,1978,-0.4802,,-0.8242,-0.8086,-0.8207,-0.7878
65378,1979,-0.5192,,-0.8651,-0.8428,-0.8748,-0.8157
65743,1980,-0.4706,,-0.8012,-0.7856,-0.8589,-0.7567
66109,1981,-0.4581,,-0.7642,-0.7608,-0.8895,-0.7284
66474,1982,-0.4554,,-0.7548,-0.7548,-0.9076,-0.7212
66839,1983,-0.4358,,-0.7301,-0.7159,-0.8975,-0.6761
67204,1984,-0.4475,,-0.7230,-0.6993,-0.9288,-0.6693
67570,1985,-0.4320,,-0.6872,-0.6722,-0.9194,-0.6327
67935,1986,-0.3693,,-0.5990,-0.6103,-0.8622,-0.5763
68300,1987,-0.4081,,-0.6336,-0.6380,-0.8931,-0.5990
68665,1988,-0.4118,-0.7392,-0.6245,-0.6522,-0.8895,-0.6044
69031,1989,-0.3792,-0.7090,-0.5733,-0.6027,-0.8564,-0.5594
69396,1990,-0.3875,-0.7170,-0.5684,-0.5851,-0.8549,-0.5555
69761,1991,-0.3849,-0.7098,-0.5742,-0.5599,-0.8378,-0.5471
70126,1992,-0.4297,-0.7556,-0.5998,-0.5628,-0.8864,-0.5623
70492,1993,-0.4096,-0.7137,-0.5831,-0.5370,-0.8427,-0.5515
70857,1994,-0.3308,-0.6090,-0.5153,-0.4702,-0.7333,-0.4855
71222,1995,-0.2582,-0.5046,-0.4512,-0.3978,-0.6353,-0.4273
71587,1996,-0.2314,-0.4421,-0.4291,-0.3644,-0.5736,-0.4001
71953,1997,-0.1938,-0.3861,-0.3933,-0.3071,-0.5064,-0.3588
72318,1998,-0.1306,-0.3038,-0.3172,-0.2153,-0.4038,-0.2871
72683,1999,-0.1299,-0.2798,-0.2789,-0.2035,-0.3702,-0.2786
73048,2000,-0.1171,-0.2406,-0.2469,-0.1849,-0.3282,-0.2648
73414,2001,-0.1001,-0.1939,-0.2189,-0.1751,-0.2822,-0.2434
73779,2002,-0.0517,-0.1214,-0.1683,-0.1512,-0.2078,-0.2029
74144,2003,-0.0245,-0.0820,-0.1071,-0.1325,-0.1537,-0.1608
74509,2004,-0.0812,-0.1414,-0.1356,-0.1610,-0.1924,-0.1754
74875,2005,-0.0962,-0.1446,-0.1224,-0.1546,-0.1926,-0.1623
75240,2006,-0.0803,-0.1174,-0.0809,-0.1222,-0.1700,-0.1258
75605,2007,-0.0758,-0.0854,-0.0528,-0.1217,-0.1598,-0.1181
75970,2008,-0.1253,-0.1133,-0.0899,-0.1548,-0.1962,-0.1460
76336,2009,-0.0922,-0.0608,-0.0736,-0.1023,-0.1333,-0.1003
76701,2010,-0.1447,-0.0954,-0.1237,-0.1440,-0.1476,-0.1287
77066,2011,-0.1204,-0.0367,-0.0812,-0.1056,-0.0645,-0.0865
77431,2012,-0.1001,0.0068,-0.0100,-0.0604,0.0153,-0.0523
77797,2013,-0.1201,0.0006,-0.0352,-0.0678,0.0283,-0.0672
78162,2014,-0.0762,0.0650,-0.0038,-0.0218,0.1158,-0.0210
78527,2015,-0.0549,0.0771,0.0187,0.0087,0.1684,0.0256
78892,2016,-0.0239,0.0988,0.0560,0.0426,0.2316,0.0735
79258,2017,0.0544,0.1697,0.1592,0.1254,0.3242,0.1705
79623,2018,0.1046,0.2042,0.2211,0.1796,0.3714,0.2379
79988,2019,0.1353,0.2223,0.2443,0.2063,0.3790,0.2725
80353,2020,0.2618,0.3361,0.3706,0.3289,0.4758,0.3935
80719,2021,0.2899,0.3358,0.3905,0.3648,0.4604,0.4194
81084,2022,0.2884,0.3100,0.3648,0.3722,0.4221,0.4213
end data
