Conventions,G,BADC-CSV,1
title,G,Regional mean temperature for Mexico
last_revised_date,G,2023-08-28
date_valid,G,2023-08-28
feature_type,G,area average
creator,G,WMO
source,G,Produced by climind version 0.1
observation_station,G,derived data
location,G,90.,-180.,-90.,180.
activity,G,WMO
history,G,""Data set created from file ['NOAAGlobalTemp_v*.nc'] downloaded from ['https://www.ncei.noaa.gov/data/noaa-global-surface-temperature/v5/access/gridded/NOAAGlobalTemp_v.*.nc'] at ['2023-08-07 16:18:17']""
history,G,""Data set created from file ['NOAAGlobalTemp_v*.nc'] downloaded from ['https://www.ncei.noaa.gov/data/noaa-global-surface-temperature/v5/access/gridded/NOAAGlobalTemp_v.*.nc'] at ['2023-08-07 16:18:17']""
history,G,""Regridded to 1 degree latitude-longitude resolution""
history,G,""Rebaselined to 1991-2020""
history,G,""Calculated area-average""
history,G,""Calculated annual average from monthly averages using arithmetic mean""
history,G,""Selected years within the range 1900 to 2022.""
history,G,""Wrote to file lac_subregion_4_NOAAGlobalTemp.csv""
history,G,"Data set created from file ['lac_subregion_4_NOAAGlobalTemp.csv'] downloaded from [''] at ['2023-08-09 12:24:19']"
history,G,"Calculated 10-year moving average"
reference,G,"Huang, B., M. J. Menne, T. Boyer, E. Freeman, B. E. Gleason, J. H. Lawrimore, C. Liu, J. J. Rennie, C. Schreck, F. Sun, R. Vose, C. N. Williams, X. Yin, H.-M. Zhang, 2020: Uncertainty estimates for sea surface temperature and land surface air temperature in NOAAGlobalTemp version 5. , J. Climate, 33, 1351-1379, DOI: 10.1175/JCLI-D-19-0395.1"
reference,G,"Zhang, Huai-Min, Jay H. Lawrimore, Boyin Huang, Matthew J. Menne, Xungang Yin, Ahira Sȧnchez-Lugo, Byron E. Gleason, Russell Vose, Derek Arndt, J. Jared Rennie, and Claude N. Williams. (2019) Updated Temperature Data Give a Sharper View of Climate Trends. Eos, 100, https://doi.org/10.1029/2019EO128229"
rights,G,TBD
comments,G,Data produced by climind version 0.1
comments,G,Format description https://help.ceda.ac.uk/article/105-badc-csv
comments,G,"Original data acknowledgement: "
long_name,time,time,days since 1800-01-01 00:00:00.0
type,time,int
long_name,year,year,1
type,year,int
long_name,data,lac_subregion_4,degC
type,data,float
coordinate_variable,time,t
data
time,year,data
36524,1900,
36889,1901,
37254,1902,
37619,1903,
37984,1904,
38350,1905,
38715,1906,
39080,1907,
39445,1908,
39811,1909,-0.8811
40176,1910,-0.9144
40541,1911,-0.9029
40906,1912,-0.9598
41272,1913,-0.9950
41637,1914,-1.0124
42002,1915,-1.0167
42367,1916,-1.0092
42733,1917,-1.0515
43098,1918,-1.0734
43463,1919,-1.1030
43828,1920,-1.1108
44194,1921,-1.1287
44559,1922,-1.0749
44924,1923,-1.0063
45289,1924,-0.9898
45655,1925,-0.9445
46020,1926,-0.9216
46385,1927,-0.8621
46750,1928,-0.8280
47116,1929,-0.7869
47481,1930,-0.7524
47846,1931,-0.7511
48211,1932,-0.7661
48577,1933,-0.7632
48942,1934,-0.7249
49307,1935,-0.7410
49672,1936,-0.7380
50038,1937,-0.7403
50403,1938,-0.7362
50768,1939,-0.7161
51133,1940,-0.7039
51499,1941,-0.6764
51864,1942,-0.6611
52229,1943,-0.6476
52594,1944,-0.6802
52960,1945,-0.6502
53325,1946,-0.6276
53690,1947,-0.6605
54055,1948,-0.6564
54421,1949,-0.6676
54786,1950,-0.6409
55151,1951,-0.6318
55516,1952,-0.6259
55882,1953,-0.6123
56247,1954,-0.5613
56612,1955,-0.5913
56977,1956,-0.5994
57343,1957,-0.5385
57708,1958,-0.5181
58073,1959,-0.4945
58438,1960,-0.5268
58804,1961,-0.5513
59169,1962,-0.5380
59534,1963,-0.5360
59899,1964,-0.5863
60265,1965,-0.5690
60630,1966,-0.6007
60995,1967,-0.6527
61360,1968,-0.7159
61726,1969,-0.7238
62091,1970,-0.7492
62456,1971,-0.7635
62821,1972,-0.7575
63187,1973,-0.8061
63552,1974,-0.7966
63917,1975,-0.8366
64282,1976,-0.8532
64648,1977,-0.8303
65013,1978,-0.7878
65378,1979,-0.8157
65743,1980,-0.7567
66109,1981,-0.7284
66474,1982,-0.7212
66839,1983,-0.6761
67204,1984,-0.6693
67570,1985,-0.6327
67935,1986,-0.5763
68300,1987,-0.5990
68665,1988,-0.6044
69031,1989,-0.5594
69396,1990,-0.5555
69761,1991,-0.5471
70126,1992,-0.5623
70492,1993,-0.5515
70857,1994,-0.4855
71222,1995,-0.4273
71587,1996,-0.4001
71953,1997,-0.3588
72318,1998,-0.2871
72683,1999,-0.2786
73048,2000,-0.2648
73414,2001,-0.2434
73779,2002,-0.2029
74144,2003,-0.1608
74509,2004,-0.1754
74875,2005,-0.1623
75240,2006,-0.1258
75605,2007,-0.1181
75970,2008,-0.1460
76336,2009,-0.1003
76701,2010,-0.1287
77066,2011,-0.0865
77431,2012,-0.0523
77797,2013,-0.0672
78162,2014,-0.0210
78527,2015,0.0256
78892,2016,0.0735
79258,2017,0.1705
79623,2018,0.2379
79988,2019,0.2725
80353,2020,0.3935
80719,2021,0.4194
81084,2022,0.4213
end data
