Conventions,G,BADC-CSV,1
title,G,Global ocean pH
last_revised_date,G,2023-01-30
date_valid,G,2023-01-30
feature_type,G,area average
creator,G,WMO
source,G,Produced by climind version 0.1
observation_station,G,derived data
location,G,90.,-180.,-90.,180.
activity,G,WMO
history,G,"Data set created from file ['global_omi_health_carbon_ph_area_averaged_1985_P*.nc'] downloaded from ['ftp://my.cmems-du.eu/Core/GLOBAL_OMI_HEALTH_carbon_ph_area_averaged/global_omi_health_carbon_ph_area_averaged/global_omi_health_carbon_ph_area_averaged_1985_P*.nc'] at ['2023-01-17 09:17:03']"
reference,G,"Gehlen M., Thi Tuyet Trang Chau, Anna Conchon, Anna Denvil-Sommer, Frédéric Chevallier, Mathieu Vrac, Carlos Mejia (2020). Ocean acidification. In: Copernicus Marine Service Ocean State Report, Issue 4, Journal of Operational Oceanography, 13:sup1, s88–s91; DOI: 10.1080/1755876X.2020.1785097"
rights,G,TBD
comments,G,Data produced by climind version 0.1
comments,G,Format description https://help.ceda.ac.uk/article/105-badc-csv
long_name,time,time,days since 1800-01-01 00:00:00.0
type,time,int
long_name,year,year,1
type,year,int
long_name,data,ph,ph
type,data,float
long_name,uncertainty,ph uncertainty,ph
type,uncertainty,float
coordinate_variable,time,t
data
time,year,data,uncertainty
67570,1985,8.1097,0.0024
67935,1986,8.1088,0.0024
68300,1987,8.1072,0.0024
68665,1988,8.1050,0.0023
69031,1989,8.1039,0.0023
69396,1990,8.1028,0.0023
69761,1991,8.1018,0.0023
70126,1992,8.1010,0.0023
70492,1993,8.1004,0.0022
70857,1994,8.0987,0.0023
71222,1995,8.0967,0.0023
71587,1996,8.0950,0.0023
71953,1997,8.0950,0.0023
72318,1998,8.0917,0.0021
72683,1999,8.0891,0.0021
73048,2000,8.0879,0.0022
73414,2001,8.0866,0.0022
73779,2002,8.0853,0.0022
74144,2003,8.0832,0.0021
74509,2004,8.0816,0.0022
74875,2005,8.0798,0.0021
75240,2006,8.0782,0.0021
75605,2007,8.0763,0.0021
75970,2008,8.0742,0.0021
76336,2009,8.0733,0.0021
76701,2010,8.0718,0.0022
77066,2011,8.0697,0.0022
77431,2012,8.0679,0.0021
77797,2013,8.0655,0.0021
78162,2014,8.0644,0.0021
78527,2015,8.0630,0.0021
78892,2016,8.0602,0.0021
79258,2017,8.0582,0.0021
79623,2018,8.0566,0.0021
79988,2019,8.0550,0.0022
80353,2020,8.0534,0.0022
end data
