Conventions,G,BADC-CSV,1
title,G,Regional mean temperature for WMO RA 1 Central Africa
last_revised_date,G,2023-08-28
date_valid,G,2023-08-28
feature_type,G,area average
creator,G,WMO
source,G,Produced by climind version 0.1
observation_station,G,derived data
location,G,90.,-180.,-90.,180.
activity,G,WMO
history,G,""Data set created from file ['HadCRUT.5.0.1.0.analysis.anomalies.ensemble_mean.nc'] downloaded from ['https://www.metoffice.gov.uk/hadobs/hadcrut5/data/current/analysis/HadCRUT.5.0.1.0.analysis.anomalies.ensemble_mean.nc'] at ['2023-08-07 16:14:34']""
history,G,""Regridded to 1 degree latitude-longitude resolution""
history,G,""Rebaselined to 1991-2020""
history,G,""Calculated area-average""
history,G,""Calculated annual average from monthly averages using arithmetic mean""
history,G,""Selected years within the range 1900 to 2022.""
history,G,""Wrote to file africa_subregion_3_HadCRUT5.csv""
history,G,"Data set created from file ['africa_subregion_3_HadCRUT5.csv'] downloaded from [''] at ['2023-08-09 11:01:54']"
history,G,"Calculated 10-year moving average"
reference,G,"Morice, C. P., Kennedy, J. J., Rayner, N. A., Winn, J. P., Hogan, E., Killick, R. E., et al. (2021). An updated assessment of near-surface temperature change from 1850: the HadCRUT5 data set. Journal of Geophysical Research: Atmospheres, 126, e2019JD032361. https://doi.org/10.1029/2019JD032361"
rights,G,TBD
comments,G,Data produced by climind version 0.1
comments,G,Format description https://help.ceda.ac.uk/article/105-badc-csv
comments,G,"Original data acknowledgement: HadCRUT.5.0.1.0 data were obtained from http://www.metoffice.gov.uk/hadobs/hadcrut5 on 2023-08-07 16:14:34 and are © British Crown Copyright, Met Office 2023, provided under an Open Government License, http://www.nationalarchives.gov.uk/doc/open-government-licence/version/3/"
long_name,time,time,days since 1800-01-01 00:00:00.0
type,time,int
long_name,year,year,1
type,year,int
long_name,data,africa_subregion_3,degC
type,data,float
coordinate_variable,time,t
data
time,year,data
36524,1900,
36889,1901,
37254,1902,
37619,1903,
37984,1904,
38350,1905,
38715,1906,
39080,1907,
39445,1908,
39811,1909,-0.9197
40176,1910,-0.9453
40541,1911,-0.9487
40906,1912,-0.8794
41272,1913,-0.8067
41637,1914,-0.6593
42002,1915,-0.5734
42367,1916,-0.5615
42733,1917,-0.5205
43098,1918,-0.4647
43463,1919,-0.3751
43828,1920,-0.3028
44194,1921,-0.2832
44559,1922,-0.2833
44924,1923,-0.2883
45289,1924,-0.2770
45655,1925,-0.3733
46020,1926,-0.3697
46385,1927,-0.3726
46750,1928,-0.3570
47116,1929,-0.4297
47481,1930,-0.4312
47846,1931,-0.4271
48211,1932,-0.4793
48577,1933,-0.4793
48942,1934,-0.5750
49307,1935,-0.5671
49672,1936,-0.5931
50038,1937,-0.6262
50403,1938,-0.6636
50768,1939,-0.6655
51133,1940,-0.6832
51499,1941,-0.6412
51864,1942,-0.6066
52229,1943,-0.6322
52594,1944,-0.6015
52960,1945,-0.5882
53325,1946,-0.5323
53690,1947,-0.4629
54055,1948,-0.4458
54421,1949,-0.4146
54786,1950,-0.4442
55151,1951,-0.4988
55516,1952,-0.4976
55882,1953,-0.4764
56247,1954,-0.4875
56612,1955,-0.4927
56977,1956,-0.5406
57343,1957,-0.5850
57708,1958,-0.5670
58073,1959,-0.5862
58438,1960,-0.5511
58804,1961,-0.5881
59169,1962,-0.6267
59534,1963,-0.6280
59899,1964,-0.6384
60265,1965,-0.6385
60630,1966,-0.6111
60995,1967,-0.6363
61360,1968,-0.6807
61726,1969,-0.6538
62091,1970,-0.6608
62456,1971,-0.6653
62821,1972,-0.6535
63187,1973,-0.6369
63552,1974,-0.6508
63917,1975,-0.6674
64282,1976,-0.6975
64648,1977,-0.6789
65013,1978,-0.6662
65378,1979,-0.6673
65743,1980,-0.6454
66109,1981,-0.6105
66474,1982,-0.6181
66839,1983,-0.6228
67204,1984,-0.5796
67570,1985,-0.5550
67935,1986,-0.5277
68300,1987,-0.4758
68665,1988,-0.4472
69031,1989,-0.4926
69396,1990,-0.4907
69761,1991,-0.4552
70126,1992,-0.4450
70492,1993,-0.4501
70857,1994,-0.4654
71222,1995,-0.4432
71587,1996,-0.4197
71953,1997,-0.4047
72318,1998,-0.3601
72683,1999,-0.3220
73048,2000,-0.3217
73414,2001,-0.3224
73779,2002,-0.2757
74144,2003,-0.2352
74509,2004,-0.1647
74875,2005,-0.0685
75240,2006,-0.0105
75605,2007,-0.0000
75970,2008,-0.0145
76336,2009,0.0588
76701,2010,0.1507
77066,2011,0.1753
77431,2012,0.1769
77797,2013,0.1987
78162,2014,0.1964
78527,2015,0.1520
78892,2016,0.1728
79258,2017,0.1763
79623,2018,0.2042
79988,2019,0.2103
80353,2020,0.1719
80719,2021,0.1952
81084,2022,0.2031
end data
