Conventions,G,BADC-CSV,1
title,G,Regional mean temperature for WMO RA 1 Central Africa
last_revised_date,G,2023-08-28
date_valid,G,2023-08-28
feature_type,G,area average
creator,G,WMO
source,G,Produced by climind version 0.1
observation_station,G,derived data
location,G,90.,-180.,-90.,180.
activity,G,WMO
history,G,""Data set created from file ['anl_surf125.011_tmp.202301_202312', 'anl_surf125.2023MMMM'] downloaded from ['', ''] at ['2023-08-07 16:16:00']""
history,G,""Regridded to 1 degree latitude-longitude resolution""
history,G,""Rebaselined to 1991-2020""
history,G,""Calculated area-average""
history,G,""Calculated annual average from monthly averages using arithmetic mean""
history,G,""Selected years within the range 1900 to 2022.""
history,G,""Wrote to file africa_subregion_3_JRA-55.csv""
history,G,"Data set created from file ['africa_subregion_3_JRA-55.csv'] downloaded from [''] at ['2023-08-09 11:02:29']"
history,G,"Calculated 10-year moving average"
reference,G,"Kobayashi, S., Ota, Y., Harada, Y., Ebita, A., Moriya, M., Onoda, H., Onogi, K., Kamahori, H., Kobayashi, C., Endo, H. and Miyaoka, K., (2015). The JRA-55 reanalysis: General specifications and basic characteristics. Journal of the Meteorological Society of Japan. Ser. II, 93(1), pp.5-48."
rights,G,TBD
comments,G,Data produced by climind version 0.1
comments,G,Format description https://help.ceda.ac.uk/article/105-badc-csv
comments,G,"Original data acknowledgement: "
long_name,time,time,days since 1800-01-01 00:00:00.0
type,time,int
long_name,year,year,1
type,year,int
long_name,data,africa_subregion_3,degC
type,data,float
coordinate_variable,time,t
data
time,year,data
57708,1958,
58073,1959,
58438,1960,
58804,1961,
59169,1962,
59534,1963,
59899,1964,
60265,1965,
60630,1966,
60995,1967,-0.6451
61360,1968,-0.7099
61726,1969,-0.7369
62091,1970,-0.7653
62456,1971,-0.7674
62821,1972,-0.7521
63187,1973,-0.7240
63552,1974,-0.7571
63917,1975,-0.7911
64282,1976,-0.8205
64648,1977,-0.8081
65013,1978,-0.7904
65378,1979,-0.7902
65743,1980,-0.7730
66109,1981,-0.7360
66474,1982,-0.7305
66839,1983,-0.7210
67204,1984,-0.6617
67570,1985,-0.6247
67935,1986,-0.5990
68300,1987,-0.5241
68665,1988,-0.4739
69031,1989,-0.5015
69396,1990,-0.4601
69761,1991,-0.4292
70126,1992,-0.4288
70492,1993,-0.4445
70857,1994,-0.4368
71222,1995,-0.3760
71587,1996,-0.3376
71953,1997,-0.3509
72318,1998,-0.2736
72683,1999,-0.2032
73048,2000,-0.2151
73414,2001,-0.1972
73779,2002,-0.1369
74144,2003,-0.0843
74509,2004,-0.0523
74875,2005,-0.0246
75240,2006,-0.0071
75605,2007,-0.0112
75970,2008,-0.0998
76336,2009,-0.0939
76701,2010,-0.0245
77066,2011,-0.0073
77431,2012,-0.0046
77797,2013,0.0194
78162,2014,0.0491
78527,2015,0.0539
78892,2016,0.1110
79258,2017,0.1574
79623,2018,0.2127
79988,2019,0.2459
80353,2020,0.2396
80719,2021,0.2764
81084,2022,0.2956
end data
