Conventions,G,BADC-CSV,1
title,G,Regional mean temperature for WMO RA 1 Central Africa
last_revised_date,G,2023-08-28
date_valid,G,2023-08-28
feature_type,G,area average
creator,G,WMO
source,G,Produced by climind version 0.1
observation_station,G,derived data
location,G,90.,-180.,-90.,180.
rights,G,TBD
activity,G,WMO
comments,G,Format description https://help.ceda.ac.uk/article/105-badc-csv
history,africa_subregion_3_Berkeley_Earth,""Data set created from file ['Land_and_Ocean_LatLong1.nc'] downloaded from ['https://berkeley-earth-temperature.s3.us-west-1.amazonaws.com/Global/Gridded/Land_and_Ocean_LatLong1.nc'] at ['2023-08-07 17:34:59']""
history,africa_subregion_3_Berkeley_Earth,""Rebaselined to 1991-2020""
history,africa_subregion_3_Berkeley_Earth,""Calculated area-average""
history,africa_subregion_3_Berkeley_Earth,""Calculated annual average from monthly averages using arithmetic mean""
history,africa_subregion_3_Berkeley_Earth,""Selected years within the range 1900 to 2022.""
history,africa_subregion_3_Berkeley_Earth,""Wrote to file africa_subregion_3_Berkeley Earth.csv""
history,africa_subregion_3_Berkeley_Earth,"Data set created from file ['africa_subregion_3_Berkeley Earth.csv'] downloaded from [''] at ['2023-08-09 11:00:08']"
history,africa_subregion_3_Berkeley_Earth,"Calculated 10-year moving average"
reference,africa_subregion_3_Berkeley_Earth,"Rohde, R. A. and Hausfather, Z.: The Berkeley Earth Land/Ocean Temperature Record, Earth Syst. Sci. Data, 12, 3469-3479, https://doi.org/10.5194/essd-12-3469-2020, 2020"
comments,africa_subregion_3_Berkeley_Earth,"Original data acknowledgement: "
history,africa_subregion_3_ERA5,""Gridded dataset created from file ['era5_2m_tas_2023.nc'] downloaded from ['']""
history,africa_subregion_3_ERA5,""Regridded to 1 degree latitude-longitude resolution""
history,africa_subregion_3_ERA5,""Rebaselined to 1991-2020""
history,africa_subregion_3_ERA5,""Calculated area-average""
history,africa_subregion_3_ERA5,""Calculated annual average from monthly averages using arithmetic mean""
history,africa_subregion_3_ERA5,""Selected years within the range 1900 to 2022.""
history,africa_subregion_3_ERA5,""Wrote to file africa_subregion_3_ERA5.csv""
history,africa_subregion_3_ERA5,"Data set created from file ['africa_subregion_3_ERA5.csv'] downloaded from [''] at ['2023-08-09 11:00:40']"
history,africa_subregion_3_ERA5,"Calculated 10-year moving average"
reference,africa_subregion_3_ERA5,"Hersbach H, Bell B, Berrisford P et al. 2020. The ERA5 global reanalysis. Q. J. R. Meteorol. Soc. 146: 1999-2049. https://doi.org/10.1002/qj.3803"
comments,africa_subregion_3_ERA5,"Original data acknowledgement: "
history,africa_subregion_3_GISTEMP,""Data set created from file ['gistemp1200_GHCNv4_ERSSTv5.nc.gz'] downloaded from ['https://data.giss.nasa.gov/pub/gistemp/gistemp1200_GHCNv4_ERSSTv5.nc.gz'] at ['2023-08-07 16:14:33']""
history,africa_subregion_3_GISTEMP,""Regridded to 1 degree latitude-longitude resolution""
history,africa_subregion_3_GISTEMP,""Rebaselined to 1991-2020""
history,africa_subregion_3_GISTEMP,""Calculated area-average""
history,africa_subregion_3_GISTEMP,""Calculated annual average from monthly averages using arithmetic mean""
history,africa_subregion_3_GISTEMP,""Selected years within the range 1900 to 2022.""
history,africa_subregion_3_GISTEMP,""Wrote to file africa_subregion_3_GISTEMP.csv""
history,africa_subregion_3_GISTEMP,"Data set created from file ['africa_subregion_3_GISTEMP.csv'] downloaded from [''] at ['2023-08-09 11:01:07']"
history,africa_subregion_3_GISTEMP,"Calculated 10-year moving average"
reference,africa_subregion_3_GISTEMP,"Lenssen, N., G. Schmidt, J. Hansen, M. Menne, A. Persin, R. Ruedy, and D. Zyss, 2019: Improvements in the GISTEMP uncertainty model. J. Geophys. Res. Atmos., 124, no. 12, 6307-6326, doi:10.1029/2018JD029522"
comments,africa_subregion_3_GISTEMP,"Original data acknowledgement: "
history,africa_subregion_3_HadCRUT5,""Data set created from file ['HadCRUT.5.0.1.0.analysis.anomalies.ensemble_mean.nc'] downloaded from ['https://www.metoffice.gov.uk/hadobs/hadcrut5/data/current/analysis/HadCRUT.5.0.1.0.analysis.anomalies.ensemble_mean.nc'] at ['2023-08-07 16:14:34']""
history,africa_subregion_3_HadCRUT5,""Regridded to 1 degree latitude-longitude resolution""
history,africa_subregion_3_HadCRUT5,""Rebaselined to 1991-2020""
history,africa_subregion_3_HadCRUT5,""Calculated area-average""
history,africa_subregion_3_HadCRUT5,""Calculated annual average from monthly averages using arithmetic mean""
history,africa_subregion_3_HadCRUT5,""Selected years within the range 1900 to 2022.""
history,africa_subregion_3_HadCRUT5,""Wrote to file africa_subregion_3_HadCRUT5.csv""
history,africa_subregion_3_HadCRUT5,"Data set created from file ['africa_subregion_3_HadCRUT5.csv'] downloaded from [''] at ['2023-08-09 11:01:54']"
history,africa_subregion_3_HadCRUT5,"Calculated 10-year moving average"
reference,africa_subregion_3_HadCRUT5,"Morice, C. P., Kennedy, J. J., Rayner, N. A., Winn, J. P., Hogan, E., Killick, R. E., et al. (2021). An updated assessment of near-surface temperature change from 1850: the HadCRUT5 data set. Journal of Geophysical Research: Atmospheres, 126, e2019JD032361. https://doi.org/10.1029/2019JD032361"
comments,africa_subregion_3_HadCRUT5,"Original data acknowledgement: HadCRUT.5.0.1.0 data were obtained from http://www.metoffice.gov.uk/hadobs/hadcrut5 on 2023-08-07 16:14:34 and are © British Crown Copyright, Met Office 2023, provided under an Open Government License, http://www.nationalarchives.gov.uk/doc/open-government-licence/version/3/"
history,africa_subregion_3_JRA-55,""Data set created from file ['anl_surf125.011_tmp.202301_202312', 'anl_surf125.2023MMMM'] downloaded from ['', ''] at ['2023-08-07 16:16:00']""
history,africa_subregion_3_JRA-55,""Regridded to 1 degree latitude-longitude resolution""
history,africa_subregion_3_JRA-55,""Rebaselined to 1991-2020""
history,africa_subregion_3_JRA-55,""Calculated area-average""
history,africa_subregion_3_JRA-55,""Calculated annual average from monthly averages using arithmetic mean""
history,africa_subregion_3_JRA-55,""Selected years within the range 1900 to 2022.""
history,africa_subregion_3_JRA-55,""Wrote to file africa_subregion_3_JRA-55.csv""
history,africa_subregion_3_JRA-55,"Data set created from file ['africa_subregion_3_JRA-55.csv'] downloaded from [''] at ['2023-08-09 11:02:29']"
history,africa_subregion_3_JRA-55,"Calculated 10-year moving average"
reference,africa_subregion_3_JRA-55,"Kobayashi, S., Ota, Y., Harada, Y., Ebita, A., Moriya, M., Onoda, H., Onogi, K., Kamahori, H., Kobayashi, C., Endo, H. and Miyaoka, K., (2015). The JRA-55 reanalysis: General specifications and basic characteristics. Journal of the Meteorological Society of Japan. Ser. II, 93(1), pp.5-48."
comments,africa_subregion_3_JRA-55,"Original data acknowledgement: "
history,africa_subregion_3_NOAAGlobalTemp,""Data set created from file ['NOAAGlobalTemp_v*.nc'] downloaded from ['https://www.ncei.noaa.gov/data/noaa-global-surface-temperature/v5/access/gridded/NOAAGlobalTemp_v.*.nc'] at ['2023-08-07 16:18:17']""
history,africa_subregion_3_NOAAGlobalTemp,""Data set created from file ['NOAAGlobalTemp_v*.nc'] downloaded from ['https://www.ncei.noaa.gov/data/noaa-global-surface-temperature/v5/access/gridded/NOAAGlobalTemp_v.*.nc'] at ['2023-08-07 16:18:17']""
history,africa_subregion_3_NOAAGlobalTemp,""Regridded to 1 degree latitude-longitude resolution""
history,africa_subregion_3_NOAAGlobalTemp,""Rebaselined to 1991-2020""
history,africa_subregion_3_NOAAGlobalTemp,""Calculated area-average""
history,africa_subregion_3_NOAAGlobalTemp,""Calculated annual average from monthly averages using arithmetic mean""
history,africa_subregion_3_NOAAGlobalTemp,""Selected years within the range 1900 to 2022.""
history,africa_subregion_3_NOAAGlobalTemp,""Wrote to file africa_subregion_3_NOAAGlobalTemp.csv""
history,africa_subregion_3_NOAAGlobalTemp,"Data set created from file ['africa_subregion_3_NOAAGlobalTemp.csv'] downloaded from [''] at ['2023-08-09 12:23:56']"
history,africa_subregion_3_NOAAGlobalTemp,"Calculated 10-year moving average"
reference,africa_subregion_3_NOAAGlobalTemp,"Huang, B., M. J. Menne, T. Boyer, E. Freeman, B. E. Gleason, J. H. Lawrimore, C. Liu, J. J. Rennie, C. Schreck, F. Sun, R. Vose, C. N. Williams, X. Yin, H.-M. Zhang, 2020: Uncertainty estimates for sea surface temperature and land surface air temperature in NOAAGlobalTemp version 5. , J. Climate, 33, 1351-1379, DOI: 10.1175/JCLI-D-19-0395.1"
reference,africa_subregion_3_NOAAGlobalTemp,"Zhang, Huai-Min, Jay H. Lawrimore, Boyin Huang, Matthew J. Menne, Xungang Yin, Ahira Sȧnchez-Lugo, Byron E. Gleason, Russell Vose, Derek Arndt, J. Jared Rennie, and Claude N. Williams. (2019) Updated Temperature Data Give a Sharper View of Climate Trends. Eos, 100, https://doi.org/10.1029/2019EO128229"
comments,africa_subregion_3_NOAAGlobalTemp,"Original data acknowledgement: "
long_name,time,time,days since 1800-01-01 00:00:00.0
type,time,int
long_name,year,year,1
type,year,int
long_name,africa_subregion_3_Berkeley_Earth,africa_subregion_3,degC
type,africa_subregion_3_Berkeley_Earth,float
long_name,africa_subregion_3_ERA5,africa_subregion_3,degC
type,africa_subregion_3_ERA5,float
long_name,africa_subregion_3_GISTEMP,africa_subregion_3,degC
type,africa_subregion_3_GISTEMP,float
long_name,africa_subregion_3_HadCRUT5,africa_subregion_3,degC
type,africa_subregion_3_HadCRUT5,float
long_name,africa_subregion_3_JRA-55,africa_subregion_3,degC
type,africa_subregion_3_JRA-55,float
long_name,africa_subregion_3_NOAAGlobalTemp,africa_subregion_3,degC
type,africa_subregion_3_NOAAGlobalTemp,float
coordinate_variable,time,t
data
time,year,africa_subregion_3_Berkeley_Earth,africa_subregion_3_ERA5,africa_subregion_3_GISTEMP,africa_subregion_3_HadCRUT5,africa_subregion_3_JRA-55,africa_subregion_3_NOAAGlobalTemp
36524,1900,,,,,,
36889,1901,,,,,,
37254,1902,,,,,,
37619,1903,,,,,,
37984,1904,,,,,,
38350,1905,,,,,,
38715,1906,,,,,,
39080,1907,,,,,,
39445,1908,,,,,,
39811,1909,-1.1871,,,-0.9197,,
40176,1910,-1.2502,,,-0.9453,,
40541,1911,-1.3195,,-0.6905,-0.9487,,-1.0357
40906,1912,-1.2988,,-0.7420,-0.8794,,-1.0379
41272,1913,-1.2414,,-0.7820,-0.8067,,-1.0310
41637,1914,-1.0992,,-0.7276,-0.6593,,-0.9700
42002,1915,-1.0417,,-0.7563,-0.5734,,-0.9546
42367,1916,-1.0004,,-0.7805,-0.5615,,-0.9827
42733,1917,-0.9691,,-0.7920,-0.5205,,-0.9913
43098,1918,-0.9658,,-0.7958,-0.4647,,-1.0374
43463,1919,-0.9171,,-0.7490,-0.3751,,-1.0300
43828,1920,-0.9018,,-0.7539,-0.3028,,-1.0358
44194,1921,-0.8396,,-0.7181,-0.2832,,-1.0183
44559,1922,-0.8606,,-0.7134,-0.2833,,-1.0162
44924,1923,-0.8884,,-0.7324,-0.2883,,-1.0429
45289,1924,-0.9215,,-0.7262,-0.2770,,-1.0698
45655,1925,-0.9574,,-0.7362,-0.3733,,-1.1045
46020,1926,-0.9218,,-0.6995,-0.3697,,-1.0495
46385,1927,-0.8938,,-0.6672,-0.3726,,-1.0107
46750,1928,-0.8541,,-0.5935,-0.3570,,-0.9335
47116,1929,-0.8992,,-0.6301,-0.4297,,-0.9438
47481,1930,-0.8720,,-0.5872,-0.4312,,-0.9206
47846,1931,-0.8141,,-0.5251,-0.4271,,-0.8504
48211,1932,-0.7881,,-0.4952,-0.4793,,-0.8444
48577,1933,-0.7512,,-0.4460,-0.4793,,-0.8016
48942,1934,-0.7671,,-0.4479,-0.5750,,-0.7957
49307,1935,-0.7460,,-0.4636,-0.5671,,-0.7884
49672,1936,-0.7422,,-0.4694,-0.5931,,-0.8066
50038,1937,-0.7287,,-0.5066,-0.6262,,-0.7975
50403,1938,-0.7095,,-0.5541,-0.6636,,-0.7969
50768,1939,-0.6603,,-0.5456,-0.6655,,-0.7928
51133,1940,-0.6221,,-0.5226,-0.6832,,-0.7546
51499,1941,-0.6217,,-0.5227,-0.6412,,-0.7383
51864,1942,-0.5981,,-0.5138,-0.6066,,-0.7134
52229,1943,-0.6121,,-0.5667,-0.6322,,-0.7545
52594,1944,-0.5983,,-0.5865,-0.6015,,-0.7432
52960,1945,-0.5867,,-0.5837,-0.5882,,-0.7415
53325,1946,-0.5950,,-0.5892,-0.5323,,-0.7324
53690,1947,-0.5869,,-0.5656,-0.4629,,-0.7211
54055,1948,-0.6128,,-0.5886,-0.4458,,-0.7528
54421,1949,-0.6118,,-0.5755,-0.4146,,-0.7369
54786,1950,-0.6472,,-0.6321,-0.4442,,-0.7926
55151,1951,-0.7010,,-0.7078,-0.4988,,-0.8616
55516,1952,-0.7190,,-0.7308,-0.4976,,-0.8775
55882,1953,-0.7207,,-0.7220,-0.4764,,-0.8633
56247,1954,-0.7477,,-0.7410,-0.4875,,-0.8907
56612,1955,-0.7907,,-0.7662,-0.4927,,-0.9014
56977,1956,-0.8230,,-0.7971,-0.5406,,-0.9245
57343,1957,-0.8530,,-0.8158,-0.5850,,-0.9407
57708,1958,-0.8271,,-0.7763,-0.5670,,-0.8971
58073,1959,-0.8345,,-0.7868,-0.5862,,-0.9022
58438,1960,-0.8133,,-0.7457,-0.5511,,-0.8603
58804,1961,-0.8437,,-0.7623,-0.5881,,-0.8681
59169,1962,-0.8674,,-0.7799,-0.6267,,-0.8768
59534,1963,-0.8532,,-0.7671,-0.6280,,-0.8581
59899,1964,-0.8502,,-0.7736,-0.6384,,-0.8614
60265,1965,-0.8408,,-0.7642,-0.6385,,-0.8495
60630,1966,-0.8106,,-0.7293,-0.6111,,-0.8116
60995,1967,-0.8221,,-0.7434,-0.6363,-0.6451,-0.8266
61360,1968,-0.8610,,-0.7848,-0.6807,-0.7099,-0.8674
61726,1969,-0.8357,,-0.7606,-0.6538,-0.7369,-0.8413
62091,1970,-0.8325,,-0.7620,-0.6608,-0.7653,-0.8375
62456,1971,-0.8171,,-0.7527,-0.6653,-0.7674,-0.8279
62821,1972,-0.7874,,-0.7270,-0.6535,-0.7521,-0.8101
63187,1973,-0.7494,,-0.6865,-0.6369,-0.7240,-0.7710
63552,1974,-0.7458,,-0.6801,-0.6508,-0.7571,-0.7630
63917,1975,-0.7377,,-0.6782,-0.6674,-0.7911,-0.7601
64282,1976,-0.7373,,-0.6886,-0.6975,-0.8205,-0.7779
64648,1977,-0.7034,,-0.6581,-0.6789,-0.8081,-0.7457
65013,1978,-0.6691,,-0.6318,-0.6662,-0.7904,-0.7167
65378,1979,-0.6553,,-0.6248,-0.6673,-0.7902,-0.7077
65743,1980,-0.6226,,-0.5991,-0.6454,-0.7730,-0.6826
66109,1981,-0.5842,,-0.5730,-0.6105,-0.7360,-0.6688
66474,1982,-0.5825,,-0.5830,-0.6181,-0.7305,-0.6795
66839,1983,-0.5878,,-0.6012,-0.6228,-0.7210,-0.6884
67204,1984,-0.5442,,-0.5610,-0.5796,-0.6617,-0.6462
67570,1985,-0.5147,,-0.5408,-0.5550,-0.6247,-0.6193
67935,1986,-0.4876,,-0.5168,-0.5277,-0.5990,-0.5857
68300,1987,-0.4362,,-0.4707,-0.4758,-0.5241,-0.5315
68665,1988,-0.4146,-0.5996,-0.4550,-0.4472,-0.4739,-0.5085
69031,1989,-0.4580,-0.6162,-0.5116,-0.4926,-0.5015,-0.5576
69396,1990,-0.4539,-0.5748,-0.5048,-0.4907,-0.4601,-0.5460
69761,1991,-0.4421,-0.5402,-0.4906,-0.4552,-0.4292,-0.5115
70126,1992,-0.4505,-0.5329,-0.5070,-0.4450,-0.4288,-0.5115
70492,1993,-0.4567,-0.5369,-0.5094,-0.4501,-0.4445,-0.5185
70857,1994,-0.4521,-0.5256,-0.5069,-0.4654,-0.4368,-0.5293
71222,1995,-0.4192,-0.4700,-0.4736,-0.4432,-0.3760,-0.4946
71587,1996,-0.4064,-0.4504,-0.4639,-0.4197,-0.3376,-0.4872
71953,1997,-0.4090,-0.4699,-0.4656,-0.4047,-0.3509,-0.5159
72318,1998,-0.3487,-0.4077,-0.3990,-0.3601,-0.2736,-0.4552
72683,1999,-0.3039,-0.3790,-0.3371,-0.3220,-0.2032,-0.3905
73048,2000,-0.3056,-0.4191,-0.3382,-0.3217,-0.2151,-0.4034
73414,2001,-0.2844,-0.4181,-0.3237,-0.3224,-0.1972,-0.3911
73779,2002,-0.2120,-0.3609,-0.2430,-0.2757,-0.1369,-0.3174
74144,2003,-0.1612,-0.3172,-0.1857,-0.2352,-0.0843,-0.2533
74509,2004,-0.1062,-0.2617,-0.1295,-0.1647,-0.0523,-0.1830
74875,2005,-0.0291,-0.2034,-0.0659,-0.0685,-0.0246,-0.1211
75240,2006,0.0323,-0.1604,-0.0172,-0.0105,-0.0071,-0.0765
75605,2007,0.0475,-0.1273,-0.0020,-0.0000,-0.0112,-0.0339
75970,2008,0.0193,-0.1683,-0.0332,-0.0145,-0.0998,-0.0610
76336,2009,0.0790,-0.0923,0.0213,0.0588,-0.0939,-0.0133
76701,2010,0.1544,0.0173,0.1045,0.1507,-0.0245,0.0808
77066,2011,0.1658,0.0611,0.1363,0.1753,-0.0073,0.1089
77431,2012,0.1409,0.0823,0.1354,0.1769,-0.0046,0.1082
77797,2013,0.1370,0.1209,0.1349,0.1987,0.0194,0.1042
78162,2014,0.1364,0.1550,0.1278,0.1964,0.0491,0.1090
78527,2015,0.0964,0.1700,0.1132,0.1520,0.0539,0.1184
78892,2016,0.1169,0.2409,0.1621,0.1728,0.1110,0.1915
79258,2017,0.1353,0.2907,0.1967,0.1763,0.1574,0.2283
79623,2018,0.1588,0.3560,0.2313,0.2042,0.2127,0.2799
79988,2019,0.1659,0.3899,0.2533,0.2103,0.2459,0.3276
80353,2020,0.1511,0.4017,0.2337,0.1719,0.2396,0.3225
80719,2021,0.1917,0.4700,0.2765,0.1952,0.2764,0.3758
81084,2022,0.2108,0.5028,0.2800,0.2031,0.2956,0.3936
end data
