Conventions,G,BADC-CSV,1
title,G,Regional mean temperature for Mexico
last_revised_date,G,2023-02-03
date_valid,G,2023-02-03
feature_type,G,area average
creator,G,WMO
source,G,Produced by climind version 0.1
observation_station,G,derived data
location,G,90.,-180.,-90.,180.
activity,G,WMO
history,G,""Data set created from file ['anl_surf125.011_tmp.202301_202312', 'anl_surf125.2023MMMM'] downloaded from ['', ''] at ['2023-01-09 09:22:14']""
history,G,""Regridded to 1 degree latitude-longitude resolution""
history,G,""Rebaselined to 1991-2020""
history,G,""Calculated area-average""
history,G,""Calculated annual average from monthly averages using arithmetic mean""
history,G,""Selected years within the range 1900 to 2022.""
history,G,""Wrote to file lac_subregion_4_JRA-55.csv""
history,G,"Data set created from file ['lac_subregion_4_JRA-55.csv'] downloaded from [''] at ['2023-02-02 18:40:32']"
reference,G,"Kobayashi, S., Ota, Y., Harada, Y., Ebita, A., Moriya, M., Onoda, H., Onogi, K., Kamahori, H., Kobayashi, C., Endo, H. and Miyaoka, K., (2015). The JRA-55 reanalysis: General specifications and basic characteristics. Journal of the Meteorological Society of Japan. Ser. II, 93(1), pp.5-48."
rights,G,TBD
comments,G,Data produced by climind version 0.1
comments,G,Format description https://help.ceda.ac.uk/article/105-badc-csv
long_name,time,time,days since 1800-01-01 00:00:00.0
type,time,int
long_name,year,year,1
type,year,int
long_name,data,lac_subregion_4,degC
type,data,float
coordinate_variable,time,t
data
time,year,data
57708,1958,-0.7205
58073,1959,-0.6820
58438,1960,-1.0510
58804,1961,-1.1188
59169,1962,-0.7462
59534,1963,-0.8926
59899,1964,-1.2263
60265,1965,-0.9717
60630,1966,-1.4154
60995,1967,-0.6403
61360,1968,-1.0201
61726,1969,-0.3779
62091,1970,-0.7468
62456,1971,-0.6234
62821,1972,-0.3032
63187,1973,-1.0557
63552,1974,-0.8280
63917,1975,-1.0846
64282,1976,-1.4188
64648,1977,-0.8398
65013,1978,-0.9285
65378,1979,-0.9195
65743,1980,-0.5880
66109,1981,-0.9288
66474,1982,-0.4842
66839,1983,-0.9548
67204,1984,-1.1406
67570,1985,-0.9914
67935,1986,-0.8467
68300,1987,-1.1482
68665,1988,-0.8927
69031,1989,-0.5885
69396,1990,-0.5731
69761,1991,-0.7574
70126,1992,-0.9706
70492,1993,-0.5177
70857,1994,-0.0470
71222,1995,-0.0107
71587,1996,-0.2306
71953,1997,-0.4752
72318,1998,0.1326
72683,1999,-0.2523
73048,2000,-0.1532
73414,2001,-0.2977
73779,2002,-0.2265
74144,2003,0.0232
74509,2004,-0.4338
74875,2005,-0.0129
75240,2006,-0.0044
75605,2007,-0.3726
75970,2008,-0.2322
76336,2009,0.3770
76701,2010,-0.2961
77066,2011,0.5331
77431,2012,0.5718
77797,2013,0.1530
78162,2014,0.4413
78527,2015,0.5133
78892,2016,0.6274
79258,2017,0.5535
79623,2018,0.2398
79988,2019,0.4531
80353,2020,0.6715
80719,2021,0.3793
81084,2022,0.1887
end data
