Conventions,G,BADC-CSV,1
title,G,Regional mean temperature for Mexico
last_revised_date,G,2023-03-09
date_valid,G,2023-03-09
feature_type,G,area average
creator,G,WMO
source,G,Produced by climind version 0.1
observation_station,G,derived data
location,G,90.,-180.,-90.,180.
activity,G,WMO
history,G,""Gridded dataset created from file ['era5_2m_tas_2023.nc'] downloaded from ['extension']""
history,G,""Regridded to 1 degree latitude-longitude resolution""
history,G,""Rebaselined to 1991-2020""
history,G,""Calculated area-average""
history,G,""Calculated annual average from monthly averages using arithmetic mean""
history,G,""Selected years within the range 1900 to 2022.""
history,G,""Wrote to file lac_subregion_4_ERA5.csv""
history,G,"Data set created from file ['lac_subregion_4_ERA5.csv'] downloaded from [''] at ['2023-03-09 11:04:01']"
reference,G,"Hersbach H, Bell B, Berrisford P et al. 2020. The ERA5 global reanalysis. Q. J. R. Meteorol. Soc. 146: 1999-2049. https://doi.org/10.1002/qj.3803"
reference,G,"Bell, B., Hersbach, H., Simmons, A., Berrisford, P., Dahlgren, P., Horányi, A., et al. (2021) The ERA5 global reanalysis: Preliminary extension to 1950. Q J R Meteorol Soc, 147 741, 4186-4227. https://doi.org/10.1002/qj.4174"
rights,G,TBD
comments,G,Data produced by climind version 0.1
comments,G,Format description https://help.ceda.ac.uk/article/105-badc-csv
long_name,time,time,days since 1800-01-01 00:00:00.0
type,time,int
long_name,year,year,1
type,year,int
long_name,data,lac_subregion_4,degC
type,data,float
coordinate_variable,time,t
data
time,year,data
58073,1959,-1.1229
58438,1960,-1.0756
58804,1961,-1.0435
59169,1962,-0.6978
59534,1963,-0.8269
59899,1964,-1.1335
60265,1965,-1.0328
60630,1966,-1.3911
60995,1967,-0.8924
61360,1968,-1.2856
61726,1969,-0.6565
62091,1970,-1.0018
62456,1971,-0.9295
62821,1972,-0.6212
63187,1973,-1.2696
63552,1974,-1.0093
63917,1975,-1.1081
64282,1976,-1.4326
64648,1977,-0.7070
65013,1978,-0.7933
65378,1979,-0.7562
65743,1980,-0.3805
66109,1981,-0.7403
66474,1982,-0.3268
66839,1983,-0.8144
67204,1984,-0.9640
67570,1985,-0.9261
67935,1986,-0.7385
68300,1987,-1.0636
68665,1988,-0.6811
69031,1989,-0.4546
69396,1990,-0.4605
69761,1991,-0.6687
70126,1992,-0.7842
70492,1993,-0.3960
70857,1994,0.0829
71222,1995,0.1185
71587,1996,-0.1135
71953,1997,-0.5041
72318,1998,0.1419
72683,1999,-0.2142
73048,2000,-0.0690
73414,2001,-0.2013
73779,2002,-0.0593
74144,2003,-0.0021
74509,2004,-0.5106
74875,2005,0.0858
75240,2006,0.1592
75605,2007,-0.1839
75970,2008,-0.1375
76336,2009,0.3109
76701,2010,-0.4155
77066,2011,0.3863
77431,2012,0.3750
77797,2013,-0.0632
78162,2014,0.1334
78527,2015,0.2064
78892,2016,0.3760
79258,2017,0.5254
79623,2018,0.2069
79988,2019,0.4921
80353,2020,0.7222
80719,2021,0.3838
81084,2022,0.1169
end data
