Conventions,G,BADC-CSV,1
title,G,Regional mean temperature for Central America
last_revised_date,G,2023-11-02
date_valid,G,2023-11-02
feature_type,G,area average
creator,G,WMO
source,G,Produced by climind version 1.0
observation_station,G,derived data
location,G,90.,-180.,-90.,180.
activity,G,WMO
history,G,""Data set created from file ['HadCRUT.5.0.1.0.analysis.anomalies.ensemble_mean.nc'] downloaded from ['https://www.metoffice.gov.uk/hadobs/hadcrut5/data/current/analysis/HadCRUT.5.0.1.0.analysis.anomalies.ensemble_mean.nc'] at ['2023-10-31 16:06:13']""
history,G,""Regridded to 1 degree latitude-longitude resolution""
history,G,""Rebaselined to 1991-2020""
history,G,""Calculated area-average""
history,G,""Calculated annual average from monthly averages using arithmetic mean""
history,G,""Selected years within the range 1900 to 2023.""
history,G,""Wrote to file lac_subregion_5_HadCRUT5.csv""
history,G,"Data set created from file ['lac_subregion_5_HadCRUT5.csv'] downloaded from [''] at ['2023-11-01 16:38:22']"
reference,G,"Morice, C. P., Kennedy, J. J., Rayner, N. A., Winn, J. P., Hogan, E., Killick, R. E., et al. (2021). An updated assessment of near-surface temperature change from 1850: the HadCRUT5 data set. Journal of Geophysical Research: Atmospheres, 126, e2019JD032361. https://doi.org/10.1029/2019JD032361"
rights,G,TBD
comments,G,Data produced by climind version 1.0
comments,G,Format description https://help.ceda.ac.uk/article/105-badc-csv
comments,G,"Original data acknowledgement: HadCRUT.5.0.1.0 data were obtained from http://www.metoffice.gov.uk/hadobs/hadcrut5 on 2023-10-31 16:06:13 and are © British Crown Copyright, Met Office 2023, provided under an Open Government License, http://www.nationalarchives.gov.uk/doc/open-government-licence/version/3/"
long_name,time,time,days since 1800-01-01 00:00:00.0
type,time,int
long_name,year,year,1
type,year,int
long_name,data,lac_subregion_5,degC
type,data,float
coordinate_variable,time,t
data
time,year,data
36524,1900,-0.8020
36889,1901,-1.2813
37254,1902,-0.8967
37619,1903,-0.9501
37984,1904,-1.1537
38350,1905,-0.9577
38715,1906,-1.0590
39080,1907,-1.1259
39445,1908,-1.2114
39811,1909,-1.1764
40176,1910,-1.5412
40541,1911,-0.7144
40906,1912,-0.7051
41272,1913,-0.9815
41637,1914,-0.8336
42002,1915,-0.6359
42367,1916,-1.0358
42733,1917,-1.5570
43098,1918,-1.0968
43463,1919,-0.6462
43828,1920,-0.8823
44194,1921,-0.9445
44559,1922,-0.8272
44924,1923,-0.8611
45289,1924,-0.8920
45655,1925,-0.8189
46020,1926,-0.4774
46385,1927,-0.6938
46750,1928,-0.6311
47116,1929,-0.7736
47481,1930,-0.4388
47846,1931,-0.3877
48211,1932,-0.3648
48577,1933,-0.6056
48942,1934,-0.5221
49307,1935,-0.8290
49672,1936,-0.4816
50038,1937,-0.4927
50403,1938,-0.8956
50768,1939,-0.7874
51133,1940,-0.5144
51499,1941,-0.1692
51864,1942,-0.4464
52229,1943,-0.6475
52594,1944,-0.5299
52960,1945,-0.5557
53325,1946,-0.4407
53690,1947,-0.2361
54055,1948,-0.2909
54421,1949,-0.6138
54786,1950,-0.9811
55151,1951,-0.5266
55516,1952,-0.4410
55882,1953,-0.1788
56247,1954,-0.6790
56612,1955,-0.8030
56977,1956,-0.8289
57343,1957,-0.3208
57708,1958,-0.1286
58073,1959,-0.4151
58438,1960,-0.5292
58804,1961,-0.5272
59169,1962,-0.6692
59534,1963,-0.5471
59899,1964,-0.6085
60265,1965,-0.5285
60630,1966,-0.6356
60995,1967,-0.8382
61360,1968,-0.8587
61726,1969,-0.1807
62091,1970,-0.7231
62456,1971,-0.8806
62821,1972,-0.3270
63187,1973,-0.4101
63552,1974,-0.8766
63917,1975,-0.8692
64282,1976,-0.7716
64648,1977,-0.4041
65013,1978,-0.4173
65378,1979,-0.3200
65743,1980,-0.2114
66109,1981,-0.4813
66474,1982,-0.2030
66839,1983,0.2813
67204,1984,-0.5861
67570,1985,-0.6851
67935,1986,-0.5048
68300,1987,0.0483
68665,1988,-0.3685
69031,1989,-0.5093
69396,1990,-0.1580
69761,1991,-0.0429
70126,1992,-0.0349
70492,1993,-0.1542
70857,1994,-0.1287
71222,1995,-0.0219
71587,1996,-0.4775
71953,1997,0.2281
72318,1998,0.4133
72683,1999,-0.4758
73048,2000,-0.4285
73414,2001,-0.2466
73779,2002,-0.0600
74144,2003,0.0868
74509,2004,-0.0676
74875,2005,-0.0160
75240,2006,-0.0909
75605,2007,-0.0995
75970,2008,-0.2304
76336,2009,0.0716
76701,2010,0.0474
77066,2011,-0.1195
77431,2012,0.0116
77797,2013,-0.0553
78162,2014,0.1397
78527,2015,0.4360
78892,2016,0.4717
79258,2017,0.2287
79623,2018,-0.1097
79988,2019,0.2671
80353,2020,0.4579
80719,2021,0.1386
81084,2022,0.0428
81449,2023,0.5499
end data
