Conventions,G,BADC-CSV,1
title,G,Regional mean temperature for Mexico and Central America
last_revised_date,G,2023-02-01
date_valid,G,2023-02-01
feature_type,G,area average
creator,G,WMO
source,G,Produced by climind version 0.1
observation_station,G,derived data
location,G,90.,-180.,-90.,180.
activity,G,WMO
history,G,""Gridded dataset created from file ['era5_2m_tas_2023.nc'] downloaded from ['']""
history,G,""Regridded to 1 degree latitude-longitude resolution""
history,G,""Rebaselined to 1991-2020""
history,G,""Calculated area-average""
history,G,""Calculated annual average from monthly averages using arithmetic mean""
history,G,""Selected years within the range 1900 to 2022.""
history,G,""Wrote to file lac_subregion_2_ERA5.csv""
history,G,"Data set created from file ['lac_subregion_2_ERA5.csv'] downloaded from [''] at ['2023-02-01 16:41:19']"
reference,G,"Hersbach H, Bell B, Berrisford P et al. 2020. The ERA5 global reanalysis. Q. J. R. Meteorol. Soc. 146: 1999-2049. https://doi.org/10.1002/qj.3803"
rights,G,TBD
comments,G,Data produced by climind version 0.1
comments,G,Format description https://help.ceda.ac.uk/article/105-badc-csv
long_name,time,time,days since 1800-01-01 00:00:00.0
type,time,int
long_name,year,year,1
type,year,int
long_name,data,lac_subregion_2,degC
type,data,float
coordinate_variable,time,t
data
time,year,data
65378,1979,-0.9619
65743,1980,-0.4200
66109,1981,-0.6277
66474,1982,-0.4876
66839,1983,-0.9051
67204,1984,-0.8669
67570,1985,-0.8832
67935,1986,-0.5955
68300,1987,-0.8908
68665,1988,-0.6851
69031,1989,-0.5609
69396,1990,-0.3036
69761,1991,-0.5592
70126,1992,-0.7436
70492,1993,-0.5538
70857,1994,-0.0631
71222,1995,-0.0387
71587,1996,-0.2677
71953,1997,-0.6078
72318,1998,0.1489
72683,1999,-0.2003
73048,2000,-0.1216
73414,2001,-0.2982
73779,2002,-0.1722
74144,2003,-0.0812
74509,2004,-0.3813
74875,2005,0.1098
75240,2006,0.2634
75605,2007,-0.1082
75970,2008,-0.1330
76336,2009,0.1608
76701,2010,-0.2616
77066,2011,0.3898
77431,2012,0.5712
77797,2013,-0.1083
78162,2014,-0.0367
78527,2015,0.3188
78892,2016,0.5951
79258,2017,0.6750
79623,2018,0.2939
79988,2019,0.4601
80353,2020,0.7496
80719,2021,0.3940
81084,2022,0.2390
end data
