Conventions,G,BADC-CSV,1
title,G,Regional mean temperature for WMO RA 5 Central America
last_revised_date,G,2023-02-23
date_valid,G,2023-02-23
feature_type,G,area average
creator,G,WMO
source,G,Produced by climind version 0.1
observation_station,G,derived data
location,G,90.,-180.,-90.,180.
activity,G,WMO
history,G,""Data set created from file ['NOAAGlobalTemp_v*.nc'] downloaded from ['https://www.ncei.noaa.gov/data/noaa-global-surface-temperature/v5/access/gridded/NOAAGlobalTemp_v.*.nc'] at ['2023-02-22 09:22:48']""
history,G,""Data set created from file ['NOAAGlobalTemp_v*.nc'] downloaded from ['https://www.ncei.noaa.gov/data/noaa-global-surface-temperature/v5/access/gridded/NOAAGlobalTemp_v.*.nc'] at ['2023-02-22 09:22:48']""
history,G,""Regridded to 1 degree latitude-longitude resolution""
history,G,""Rebaselined to 1991-2020""
history,G,""Calculated area-average""
history,G,""Calculated annual average from monthly averages using arithmetic mean""
history,G,""Selected years within the range 1900 to 2022.""
history,G,""Wrote to file lac_subregion_5_NOAAGlobalTemp.csv""
history,G,"Data set created from file ['lac_subregion_5_NOAAGlobalTemp.csv'] downloaded from [''] at ['2023-02-23 17:08:50']"
reference,G,"Huang, B., M. J. Menne, T. Boyer, E. Freeman, B. E. Gleason, J. H. Lawrimore, C. Liu, J. J. Rennie, C. Schreck, F. Sun, R. Vose, C. N. Williams, X. Yin, H.-M. Zhang, 2020: Uncertainty estimates for sea surface temperature and land surface air temperature in NOAAGlobalTemp version 5. , J. Climate, 33, 1351-1379, DOI: 10.1175/JCLI-D-19-0395.1"
reference,G,"Zhang, Huai-Min, Jay H. Lawrimore, Boyin Huang, Matthew J. Menne, Xungang Yin, Ahira Sȧnchez-Lugo, Byron E. Gleason, Russell Vose, Derek Arndt, J. Jared Rennie, and Claude N. Williams. (2019) Updated Temperature Data Give a Sharper View of Climate Trends. Eos, 100, https://doi.org/10.1029/2019EO128229"
rights,G,TBD
comments,G,Data produced by climind version 0.1
comments,G,Format description https://help.ceda.ac.uk/article/105-badc-csv
long_name,time,time,days since 1800-01-01 00:00:00.0
type,time,int
long_name,year,year,1
type,year,int
long_name,data,lac_subregion_5,degC
type,data,float
coordinate_variable,time,t
data
time,year,data
36524,1900,-0.5725
36889,1901,-0.6972
37254,1902,-0.6391
37619,1903,-0.6828
37984,1904,-0.7957
38350,1905,-0.6455
38715,1906,-0.9797
39080,1907,-1.0150
39445,1908,-0.9408
39811,1909,-1.1220
40176,1910,-1.4019
40541,1911,-0.8139
40906,1912,-0.7208
41272,1913,-1.0269
41637,1914,-0.7063
42002,1915,-0.3729
42367,1916,-0.8416
42733,1917,-1.1403
43098,1918,-0.7229
43463,1919,-0.5514
43828,1920,-0.7972
44194,1921,-0.9394
44559,1922,-0.8386
44924,1923,-0.8002
45289,1924,-0.8799
45655,1925,-0.7802
46020,1926,-0.4715
46385,1927,-0.5980
46750,1928,-0.5205
47116,1929,-0.6885
47481,1930,-0.5083
47846,1931,-0.4802
48211,1932,-0.3910
48577,1933,-0.5648
48942,1934,-0.5448
49307,1935,-0.6346
49672,1936,-0.4276
50038,1937,-0.2769
50403,1938,-0.7459
50768,1939,-0.5240
51133,1940,-0.1121
51499,1941,0.1989
51864,1942,-0.1986
52229,1943,-0.4429
52594,1944,-0.4463
52960,1945,-0.3952
53325,1946,-0.3925
53690,1947,-0.4800
54055,1948,-0.3803
54421,1949,-0.5615
54786,1950,-0.8783
55151,1951,-0.4105
55516,1952,-0.3456
55882,1953,-0.1793
56247,1954,-0.6812
56612,1955,-0.7584
56977,1956,-0.6353
57343,1957,-0.1406
57708,1958,0.1034
58073,1959,-0.2138
58438,1960,-0.2641
58804,1961,-0.3463
59169,1962,-0.4359
59534,1963,-0.3357
59899,1964,-0.4338
60265,1965,-0.3867
60630,1966,-0.4511
60995,1967,-0.6706
61360,1968,-0.6370
61726,1969,-0.0165
62091,1970,-0.5446
62456,1971,-0.7935
62821,1972,-0.2391
63187,1973,-0.3807
63552,1974,-0.7317
63917,1975,-0.7171
64282,1976,-0.7221
64648,1977,-0.3967
65013,1978,-0.3830
65378,1979,-0.3341
65743,1980,-0.1994
66109,1981,-0.4014
66474,1982,-0.1539
66839,1983,0.2389
67204,1984,-0.5390
67570,1985,-0.6266
67935,1986,-0.4707
68300,1987,0.0720
68665,1988,-0.3076
69031,1989,-0.5160
69396,1990,-0.2274
69761,1991,-0.1346
70126,1992,-0.1273
70492,1993,-0.1987
70857,1994,-0.1648
71222,1995,-0.0475
71587,1996,-0.4839
71953,1997,0.1149
72318,1998,0.2582
72683,1999,-0.4709
73048,2000,-0.4861
73414,2001,-0.3487
73779,2002,-0.0799
74144,2003,0.0837
74509,2004,-0.0676
74875,2005,-0.0009
75240,2006,-0.0197
75605,2007,-0.0999
75970,2008,-0.2258
76336,2009,-0.0141
76701,2010,-0.0517
77066,2011,-0.1506
77431,2012,0.0060
77797,2013,-0.0359
78162,2014,0.2252
78527,2015,0.5951
78892,2016,0.5496
79258,2017,0.2810
79623,2018,0.1893
79988,2019,0.3898
80353,2020,0.5161
80719,2021,0.1950
81084,2022,0.0889
end data
