Conventions,G,BADC-CSV,1
title,G,Regional mean temperature for Central America
last_revised_date,G,2024-01-18
date_valid,G,2024-01-18
feature_type,G,area average
creator,G,WMO
source,G,Produced by climind version 1.0
observation_station,G,derived data
location,G,90.,-180.,-90.,180.
activity,G,WMO
history,G,""Gridded dataset created from file ['era5_2m_tas_2024.nc'] downloaded from ['']""
history,G,""Regridded to 1 degree latitude-longitude resolution""
history,G,""Rebaselined to 1991-2020""
history,G,""Calculated area-average""
history,G,""Calculated annual average from monthly averages using arithmetic mean""
history,G,""Selected years within the range 1900 to 2023.""
history,G,""Wrote to file lac_subregion_5_ERA5.csv""
history,G,"Data set created from file ['lac_subregion_5_ERA5.csv'] downloaded from [''] at ['2024-01-17 11:06:42']"
reference,G,"Hersbach H, Bell B, Berrisford P et al. 2020. The ERA5 global reanalysis. Q. J. R. Meteorol. Soc. 146: 1999-2049. https://doi.org/10.1002/qj.3803"
rights,G,TBD
comments,G,Data produced by climind version 1.0
comments,G,Format description https://help.ceda.ac.uk/article/105-badc-csv
comments,G,"Original data acknowledgement: Contains using Copernicus Climate Change Service information [2024]. Neither the European Commission nor ECMWF is responsible for any use that may be made of the Copernicus information or data it contains."
long_name,time,time,days since 1800-01-01 00:00:00.0
type,time,int
long_name,year,year,1
type,year,int
long_name,data,lac_subregion_5,degC
type,data,float
coordinate_variable,time,t
data
time,year,data
65378,1979,-0.4495
65743,1980,-0.3882
66109,1981,-0.5960
66474,1982,-0.3532
66839,1983,0.0396
67204,1984,-0.7150
67570,1985,-0.6841
67935,1986,-0.7204
68300,1987,-0.0405
68665,1988,-0.3014
69031,1989,-0.6031
69396,1990,-0.3118
69761,1991,-0.1791
70126,1992,-0.2242
70492,1993,-0.3449
70857,1994,-0.1904
71222,1995,-0.1280
71587,1996,-0.5863
71953,1997,-0.0346
72318,1998,0.2885
72683,1999,-0.7857
73048,2000,-0.6575
73414,2001,-0.4455
73779,2002,-0.0140
74144,2003,0.0480
74509,2004,-0.0824
74875,2005,0.1518
75240,2006,-0.0435
75605,2007,-0.0164
75970,2008,-0.2740
76336,2009,0.1376
76701,2010,0.1009
77066,2011,-0.0028
77431,2012,-0.0091
77797,2013,0.2062
78162,2014,0.2167
78527,2015,0.5989
78892,2016,0.5604
79258,2017,0.2859
79623,2018,0.1385
79988,2019,0.6798
80353,2020,0.6051
80719,2021,0.3867
81084,2022,0.1552
81449,2023,0.9359
end data
