Conventions,G,BADC-CSV,1
title,G,Regional mean temperature for Caribbean
last_revised_date,G,2024-01-25
date_valid,G,2024-01-25
feature_type,G,area average
creator,G,WMO
source,G,Produced by climind version 1.0
observation_station,G,derived data
location,G,90.,-180.,-90.,180.
rights,G,TBD
activity,G,WMO
comments,G,Format description https://help.ceda.ac.uk/article/105-badc-csv
history,lac_subregion_3_Berkeley_Earth,""Data set created from file ['Land_and_Ocean_LatLong1.nc'] downloaded from ['https://berkeley-earth-temperature.s3.us-west-1.amazonaws.com/Global/Gridded/Land_and_Ocean_LatLong1.nc'] at ['2024-01-17 10:19:03']""
history,lac_subregion_3_Berkeley_Earth,""Rebaselined to 1991-2020""
history,lac_subregion_3_Berkeley_Earth,""Calculated area-average""
history,lac_subregion_3_Berkeley_Earth,""Calculated annual average from monthly averages using arithmetic mean""
history,lac_subregion_3_Berkeley_Earth,""Selected years within the range 1900 to 2023.""
history,lac_subregion_3_Berkeley_Earth,""Wrote to file lac_subregion_3_Berkeley Earth.csv""
history,lac_subregion_3_Berkeley_Earth,"Data set created from file ['lac_subregion_3_Berkeley Earth.csv'] downloaded from [''] at ['2024-01-17 11:06:09']"
reference,lac_subregion_3_Berkeley_Earth,"Rohde, R. A. and Hausfather, Z.: The Berkeley Earth Land/Ocean Temperature Record, Earth Syst. Sci. Data, 12, 3469-3479, https://doi.org/10.5194/essd-12-3469-2020, 2020"
comments,lac_subregion_3_Berkeley_Earth,"Original data acknowledgement: "
history,lac_subregion_3_ERA5,""Gridded dataset created from file ['era5_2m_tas_2024.nc'] downloaded from ['']""
history,lac_subregion_3_ERA5,""Regridded to 1 degree latitude-longitude resolution""
history,lac_subregion_3_ERA5,""Rebaselined to 1991-2020""
history,lac_subregion_3_ERA5,""Calculated area-average""
history,lac_subregion_3_ERA5,""Calculated annual average from monthly averages using arithmetic mean""
history,lac_subregion_3_ERA5,""Selected years within the range 1900 to 2023.""
history,lac_subregion_3_ERA5,""Wrote to file lac_subregion_3_ERA5.csv""
history,lac_subregion_3_ERA5,"Data set created from file ['lac_subregion_3_ERA5.csv'] downloaded from [''] at ['2024-01-17 11:06:41']"
reference,lac_subregion_3_ERA5,"Hersbach H, Bell B, Berrisford P et al. 2020. The ERA5 global reanalysis. Q. J. R. Meteorol. Soc. 146: 1999-2049. https://doi.org/10.1002/qj.3803"
comments,lac_subregion_3_ERA5,"Original data acknowledgement: Contains using Copernicus Climate Change Service information [2024]. Neither the European Commission nor ECMWF is responsible for any use that may be made of the Copernicus information or data it contains."
history,lac_subregion_3_GISTEMP,""Data set created from file ['gistemp1200_GHCNv4_ERSSTv5.nc.gz'] downloaded from ['https://data.giss.nasa.gov/pub/gistemp/gistemp1200_GHCNv4_ERSSTv5.nc.gz'] at ['2024-01-15 11:20:46']""
history,lac_subregion_3_GISTEMP,""Regridded to 1 degree latitude-longitude resolution""
history,lac_subregion_3_GISTEMP,""Rebaselined to 1991-2020""
history,lac_subregion_3_GISTEMP,""Calculated area-average""
history,lac_subregion_3_GISTEMP,""Calculated annual average from monthly averages using arithmetic mean""
history,lac_subregion_3_GISTEMP,""Selected years within the range 1900 to 2023.""
history,lac_subregion_3_GISTEMP,""Wrote to file lac_subregion_3_GISTEMP.csv""
history,lac_subregion_3_GISTEMP,"Data set created from file ['lac_subregion_3_GISTEMP.csv'] downloaded from [''] at ['2024-01-17 11:07:14']"
reference,lac_subregion_3_GISTEMP,"Lenssen, N., G. Schmidt, J. Hansen, M. Menne, A. Persin, R. Ruedy, and D. Zyss, 2019: Improvements in the GISTEMP uncertainty model. J. Geophys. Res. Atmos., 124, no. 12, 6307-6326, doi:10.1029/2018JD029522"
comments,lac_subregion_3_GISTEMP,"Original data acknowledgement: "
history,lac_subregion_3_HadCRUT5,""Data set created from file ['HadCRUT.5.0.2.0.analysis.anomalies.ensemble_mean.nc'] downloaded from ['https://www.metoffice.gov.uk/hadobs/hadcrut5/data/HadCRUT.5.0.2.0/analysis/HadCRUT.5.0.2.0.analysis.anomalies.ensemble_mean.nc'] at ['2024-01-15 11:56:27']""
history,lac_subregion_3_HadCRUT5,""Regridded to 1 degree latitude-longitude resolution""
history,lac_subregion_3_HadCRUT5,""Rebaselined to 1991-2020""
history,lac_subregion_3_HadCRUT5,""Calculated area-average""
history,lac_subregion_3_HadCRUT5,""Calculated annual average from monthly averages using arithmetic mean""
history,lac_subregion_3_HadCRUT5,""Selected years within the range 1900 to 2023.""
history,lac_subregion_3_HadCRUT5,""Wrote to file lac_subregion_3_HadCRUT5.csv""
history,lac_subregion_3_HadCRUT5,"Data set created from file ['lac_subregion_3_HadCRUT5.csv'] downloaded from [''] at ['2024-01-17 11:08:13']"
reference,lac_subregion_3_HadCRUT5,"Morice, C. P., Kennedy, J. J., Rayner, N. A., Winn, J. P., Hogan, E., Killick, R. E., et al. (2021). An updated assessment of near-surface temperature change from 1850: the HadCRUT5 data set. Journal of Geophysical Research: Atmospheres, 126, e2019JD032361. https://doi.org/10.1029/2019JD032361"
comments,lac_subregion_3_HadCRUT5,"Original data acknowledgement: HadCRUT.5.0.2.0 data were obtained from http://www.metoffice.gov.uk/hadobs/hadcrut5 on 2024-01-15 11:56:27 and are © British Crown Copyright, Met Office 2024, provided under an Open Government License, http://www.nationalarchives.gov.uk/doc/open-government-licence/version/3/"
history,lac_subregion_3_JRA-55,""Data set created from file ['anl_surf125.011_tmp.202401_202412', 'anl_surf125.2024MMMM'] downloaded from ['', ''] at ['2024-01-15 11:20:51']""
history,lac_subregion_3_JRA-55,""Regridded to 1 degree latitude-longitude resolution""
history,lac_subregion_3_JRA-55,""Rebaselined to 1991-2020""
history,lac_subregion_3_JRA-55,""Calculated area-average""
history,lac_subregion_3_JRA-55,""Calculated annual average from monthly averages using arithmetic mean""
history,lac_subregion_3_JRA-55,""Selected years within the range 1900 to 2023.""
history,lac_subregion_3_JRA-55,""Wrote to file lac_subregion_3_JRA-55.csv""
history,lac_subregion_3_JRA-55,"Data set created from file ['lac_subregion_3_JRA-55.csv'] downloaded from [''] at ['2024-01-17 11:08:50']"
reference,lac_subregion_3_JRA-55,"Kobayashi, S., Ota, Y., Harada, Y., Ebita, A., Moriya, M., Onoda, H., Onogi, K., Kamahori, H., Kobayashi, C., Endo, H. and Miyaoka, K., (2015). The JRA-55 reanalysis: General specifications and basic characteristics. Journal of the Meteorological Society of Japan. Ser. II, 93(1), pp.5-48."
comments,lac_subregion_3_JRA-55,"Original data acknowledgement: "
history,lac_subregion_3_Kadow,""Data set created from file ['HadCRUT5.anomalies.Kadow_et_al_2020_20crAI-infilled.ensemble_mean_185001-*.nc'] downloaded from [''] at ['2024-01-17 10:11:02']""
history,lac_subregion_3_Kadow,""Regridded to 1 degree latitude-longitude resolution""
history,lac_subregion_3_Kadow,""Rebaselined to 1991-2020""
history,lac_subregion_3_Kadow,""Calculated area-average""
history,lac_subregion_3_Kadow,""Calculated annual average from monthly averages using arithmetic mean""
history,lac_subregion_3_Kadow,""Selected years within the range 1900 to 2023.""
history,lac_subregion_3_Kadow,""Wrote to file lac_subregion_3_Kadow.csv""
history,lac_subregion_3_Kadow,"Data set created from file ['lac_subregion_3_Kadow.csv'] downloaded from [''] at ['2024-01-17 11:09:31']"
reference,lac_subregion_3_Kadow,"Kadow, C., Hall, D.M. & Ulbrich, U. Artificial intelligence reconstructs missing climate information. Nat. Geosci. (2020). https://doi.org/10.1038/s41561-020-0582-5"
comments,lac_subregion_3_Kadow,"Original data acknowledgement: "
history,lac_subregion_3_NOAA_Interim,""Data set created from file ['NOAAGlobalTemp_v*.nc'] downloaded from ['https://www.ncei.noaa.gov/data/noaa-global-surface-temperature/v5.1/access/gridded/NOAAGlobalTemp_v.*.nc'] at ['2024-01-17 10:19:08']""
history,lac_subregion_3_NOAA_Interim,""Data set created from file ['NOAAGlobalTemp_v*.nc'] downloaded from ['https://www.ncei.noaa.gov/data/noaa-global-surface-temperature/v5.1/access/gridded/NOAAGlobalTemp_v.*.nc'] at ['2024-01-17 10:19:08']""
history,lac_subregion_3_NOAA_Interim,""Regridded to 1 degree latitude-longitude resolution""
history,lac_subregion_3_NOAA_Interim,""Rebaselined to 1991-2020""
history,lac_subregion_3_NOAA_Interim,""Calculated area-average""
history,lac_subregion_3_NOAA_Interim,""Calculated annual average from monthly averages using arithmetic mean""
history,lac_subregion_3_NOAA_Interim,""Selected years within the range 1900 to 2023.""
history,lac_subregion_3_NOAA_Interim,""Wrote to file lac_subregion_3_NOAA Interim.csv""
history,lac_subregion_3_NOAA_Interim,"Data set created from file ['lac_subregion_3_NOAA Interim.csv'] downloaded from [''] at ['2024-01-17 11:10:32']"
reference,lac_subregion_3_NOAA_Interim,"Vose, R.S., B. Huang, X. Yin., D. Arndt, D.R. Easterling, J.H. Lawrimore, M.J. Menne, A. Sanchez-Lugo, H.-M. Zhang, 2021: Implementing full spatial coverage in NOAA’s global temperature analysis. Geophysical Research Letters, 48, e2020GL090873. https://doi.org/10.1029/2020GL090873"
comments,lac_subregion_3_NOAA_Interim,"Original data acknowledgement: "
history,lac_subregion_4_Berkeley_Earth,""Data set created from file ['Land_and_Ocean_LatLong1.nc'] downloaded from ['https://berkeley-earth-temperature.s3.us-west-1.amazonaws.com/Global/Gridded/Land_and_Ocean_LatLong1.nc'] at ['2024-01-17 10:19:03']""
history,lac_subregion_4_Berkeley_Earth,""Rebaselined to 1991-2020""
history,lac_subregion_4_Berkeley_Earth,""Calculated area-average""
history,lac_subregion_4_Berkeley_Earth,""Calculated annual average from monthly averages using arithmetic mean""
history,lac_subregion_4_Berkeley_Earth,""Selected years within the range 1900 to 2023.""
history,lac_subregion_4_Berkeley_Earth,""Wrote to file lac_subregion_4_Berkeley Earth.csv""
history,lac_subregion_4_Berkeley_Earth,"Data set created from file ['lac_subregion_4_Berkeley Earth.csv'] downloaded from [''] at ['2024-01-17 11:06:12']"
reference,lac_subregion_4_Berkeley_Earth,"Rohde, R. A. and Hausfather, Z.: The Berkeley Earth Land/Ocean Temperature Record, Earth Syst. Sci. Data, 12, 3469-3479, https://doi.org/10.5194/essd-12-3469-2020, 2020"
comments,lac_subregion_4_Berkeley_Earth,"Original data acknowledgement: "
history,lac_subregion_4_ERA5,""Gridded dataset created from file ['era5_2m_tas_2024.nc'] downloaded from ['']""
history,lac_subregion_4_ERA5,""Regridded to 1 degree latitude-longitude resolution""
history,lac_subregion_4_ERA5,""Rebaselined to 1991-2020""
history,lac_subregion_4_ERA5,""Calculated area-average""
history,lac_subregion_4_ERA5,""Calculated annual average from monthly averages using arithmetic mean""
history,lac_subregion_4_ERA5,""Selected years within the range 1900 to 2023.""
history,lac_subregion_4_ERA5,""Wrote to file lac_subregion_4_ERA5.csv""
history,lac_subregion_4_ERA5,"Data set created from file ['lac_subregion_4_ERA5.csv'] downloaded from [''] at ['2024-01-17 11:06:41']"
reference,lac_subregion_4_ERA5,"Hersbach H, Bell B, Berrisford P et al. 2020. The ERA5 global reanalysis. Q. J. R. Meteorol. Soc. 146: 1999-2049. https://doi.org/10.1002/qj.3803"
comments,lac_subregion_4_ERA5,"Original data acknowledgement: Contains using Copernicus Climate Change Service information [2024]. Neither the European Commission nor ECMWF is responsible for any use that may be made of the Copernicus information or data it contains."
history,lac_subregion_4_GISTEMP,""Data set created from file ['gistemp1200_GHCNv4_ERSSTv5.nc.gz'] downloaded from ['https://data.giss.nasa.gov/pub/gistemp/gistemp1200_GHCNv4_ERSSTv5.nc.gz'] at ['2024-01-15 11:20:46']""
history,lac_subregion_4_GISTEMP,""Regridded to 1 degree latitude-longitude resolution""
history,lac_subregion_4_GISTEMP,""Rebaselined to 1991-2020""
history,lac_subregion_4_GISTEMP,""Calculated area-average""
history,lac_subregion_4_GISTEMP,""Calculated annual average from monthly averages using arithmetic mean""
history,lac_subregion_4_GISTEMP,""Selected years within the range 1900 to 2023.""
history,lac_subregion_4_GISTEMP,""Wrote to file lac_subregion_4_GISTEMP.csv""
history,lac_subregion_4_GISTEMP,"Data set created from file ['lac_subregion_4_GISTEMP.csv'] downloaded from [''] at ['2024-01-17 11:07:16']"
reference,lac_subregion_4_GISTEMP,"Lenssen, N., G. Schmidt, J. Hansen, M. Menne, A. Persin, R. Ruedy, and D. Zyss, 2019: Improvements in the GISTEMP uncertainty model. J. Geophys. Res. Atmos., 124, no. 12, 6307-6326, doi:10.1029/2018JD029522"
comments,lac_subregion_4_GISTEMP,"Original data acknowledgement: "
history,lac_subregion_4_HadCRUT5,""Data set created from file ['HadCRUT.5.0.2.0.analysis.anomalies.ensemble_mean.nc'] downloaded from ['https://www.metoffice.gov.uk/hadobs/hadcrut5/data/HadCRUT.5.0.2.0/analysis/HadCRUT.5.0.2.0.analysis.anomalies.ensemble_mean.nc'] at ['2024-01-15 11:56:27']""
history,lac_subregion_4_HadCRUT5,""Regridded to 1 degree latitude-longitude resolution""
history,lac_subregion_4_HadCRUT5,""Rebaselined to 1991-2020""
history,lac_subregion_4_HadCRUT5,""Calculated area-average""
history,lac_subregion_4_HadCRUT5,""Calculated annual average from monthly averages using arithmetic mean""
history,lac_subregion_4_HadCRUT5,""Selected years within the range 1900 to 2023.""
history,lac_subregion_4_HadCRUT5,""Wrote to file lac_subregion_4_HadCRUT5.csv""
history,lac_subregion_4_HadCRUT5,"Data set created from file ['lac_subregion_4_HadCRUT5.csv'] downloaded from [''] at ['2024-01-17 11:08:16']"
reference,lac_subregion_4_HadCRUT5,"Morice, C. P., Kennedy, J. J., Rayner, N. A., Winn, J. P., Hogan, E., Killick, R. E., et al. (2021). An updated assessment of near-surface temperature change from 1850: the HadCRUT5 data set. Journal of Geophysical Research: Atmospheres, 126, e2019JD032361. https://doi.org/10.1029/2019JD032361"
comments,lac_subregion_4_HadCRUT5,"Original data acknowledgement: HadCRUT.5.0.2.0 data were obtained from http://www.metoffice.gov.uk/hadobs/hadcrut5 on 2024-01-15 11:56:27 and are © British Crown Copyright, Met Office 2024, provided under an Open Government License, http://www.nationalarchives.gov.uk/doc/open-government-licence/version/3/"
history,lac_subregion_4_JRA-55,""Data set created from file ['anl_surf125.011_tmp.202401_202412', 'anl_surf125.2024MMMM'] downloaded from ['', ''] at ['2024-01-15 11:20:51']""
history,lac_subregion_4_JRA-55,""Regridded to 1 degree latitude-longitude resolution""
history,lac_subregion_4_JRA-55,""Rebaselined to 1991-2020""
history,lac_subregion_4_JRA-55,""Calculated area-average""
history,lac_subregion_4_JRA-55,""Calculated annual average from monthly averages using arithmetic mean""
history,lac_subregion_4_JRA-55,""Selected years within the range 1900 to 2023.""
history,lac_subregion_4_JRA-55,""Wrote to file lac_subregion_4_JRA-55.csv""
history,lac_subregion_4_JRA-55,"Data set created from file ['lac_subregion_4_JRA-55.csv'] downloaded from [''] at ['2024-01-17 11:08:51']"
reference,lac_subregion_4_JRA-55,"Kobayashi, S., Ota, Y., Harada, Y., Ebita, A., Moriya, M., Onoda, H., Onogi, K., Kamahori, H., Kobayashi, C., Endo, H. and Miyaoka, K., (2015). The JRA-55 reanalysis: General specifications and basic characteristics. Journal of the Meteorological Society of Japan. Ser. II, 93(1), pp.5-48."
comments,lac_subregion_4_JRA-55,"Original data acknowledgement: "
history,lac_subregion_4_Kadow,""Data set created from file ['HadCRUT5.anomalies.Kadow_et_al_2020_20crAI-infilled.ensemble_mean_185001-*.nc'] downloaded from [''] at ['2024-01-17 10:11:02']""
history,lac_subregion_4_Kadow,""Regridded to 1 degree latitude-longitude resolution""
history,lac_subregion_4_Kadow,""Rebaselined to 1991-2020""
history,lac_subregion_4_Kadow,""Calculated area-average""
history,lac_subregion_4_Kadow,""Calculated annual average from monthly averages using arithmetic mean""
history,lac_subregion_4_Kadow,""Selected years within the range 1900 to 2023.""
history,lac_subregion_4_Kadow,""Wrote to file lac_subregion_4_Kadow.csv""
history,lac_subregion_4_Kadow,"Data set created from file ['lac_subregion_4_Kadow.csv'] downloaded from [''] at ['2024-01-17 11:09:33']"
reference,lac_subregion_4_Kadow,"Kadow, C., Hall, D.M. & Ulbrich, U. Artificial intelligence reconstructs missing climate information. Nat. Geosci. (2020). https://doi.org/10.1038/s41561-020-0582-5"
comments,lac_subregion_4_Kadow,"Original data acknowledgement: "
history,lac_subregion_4_NOAA_Interim,""Data set created from file ['NOAAGlobalTemp_v*.nc'] downloaded from ['https://www.ncei.noaa.gov/data/noaa-global-surface-temperature/v5.1/access/gridded/NOAAGlobalTemp_v.*.nc'] at ['2024-01-17 10:19:08']""
history,lac_subregion_4_NOAA_Interim,""Data set created from file ['NOAAGlobalTemp_v*.nc'] downloaded from ['https://www.ncei.noaa.gov/data/noaa-global-surface-temperature/v5.1/access/gridded/NOAAGlobalTemp_v.*.nc'] at ['2024-01-17 10:19:08']""
history,lac_subregion_4_NOAA_Interim,""Regridded to 1 degree latitude-longitude resolution""
history,lac_subregion_4_NOAA_Interim,""Rebaselined to 1991-2020""
history,lac_subregion_4_NOAA_Interim,""Calculated area-average""
history,lac_subregion_4_NOAA_Interim,""Calculated annual average from monthly averages using arithmetic mean""
history,lac_subregion_4_NOAA_Interim,""Selected years within the range 1900 to 2023.""
history,lac_subregion_4_NOAA_Interim,""Wrote to file lac_subregion_4_NOAA Interim.csv""
history,lac_subregion_4_NOAA_Interim,"Data set created from file ['lac_subregion_4_NOAA Interim.csv'] downloaded from [''] at ['2024-01-17 11:10:35']"
reference,lac_subregion_4_NOAA_Interim,"Vose, R.S., B. Huang, X. Yin., D. Arndt, D.R. Easterling, J.H. Lawrimore, M.J. Menne, A. Sanchez-Lugo, H.-M. Zhang, 2021: Implementing full spatial coverage in NOAA’s global temperature analysis. Geophysical Research Letters, 48, e2020GL090873. https://doi.org/10.1029/2020GL090873"
comments,lac_subregion_4_NOAA_Interim,"Original data acknowledgement: "
history,lac_subregion_5_Berkeley_Earth,""Data set created from file ['Land_and_Ocean_LatLong1.nc'] downloaded from ['https://berkeley-earth-temperature.s3.us-west-1.amazonaws.com/Global/Gridded/Land_and_Ocean_LatLong1.nc'] at ['2024-01-17 10:19:03']""
history,lac_subregion_5_Berkeley_Earth,""Rebaselined to 1991-2020""
history,lac_subregion_5_Berkeley_Earth,""Calculated area-average""
history,lac_subregion_5_Berkeley_Earth,""Calculated annual average from monthly averages using arithmetic mean""
history,lac_subregion_5_Berkeley_Earth,""Selected years within the range 1900 to 2023.""
history,lac_subregion_5_Berkeley_Earth,""Wrote to file lac_subregion_5_Berkeley Earth.csv""
history,lac_subregion_5_Berkeley_Earth,"Data set created from file ['lac_subregion_5_Berkeley Earth.csv'] downloaded from [''] at ['2024-01-17 11:06:14']"
reference,lac_subregion_5_Berkeley_Earth,"Rohde, R. A. and Hausfather, Z.: The Berkeley Earth Land/Ocean Temperature Record, Earth Syst. Sci. Data, 12, 3469-3479, https://doi.org/10.5194/essd-12-3469-2020, 2020"
comments,lac_subregion_5_Berkeley_Earth,"Original data acknowledgement: "
history,lac_subregion_5_ERA5,""Gridded dataset created from file ['era5_2m_tas_2024.nc'] downloaded from ['']""
history,lac_subregion_5_ERA5,""Regridded to 1 degree latitude-longitude resolution""
history,lac_subregion_5_ERA5,""Rebaselined to 1991-2020""
history,lac_subregion_5_ERA5,""Calculated area-average""
history,lac_subregion_5_ERA5,""Calculated annual average from monthly averages using arithmetic mean""
history,lac_subregion_5_ERA5,""Selected years within the range 1900 to 2023.""
history,lac_subregion_5_ERA5,""Wrote to file lac_subregion_5_ERA5.csv""
history,lac_subregion_5_ERA5,"Data set created from file ['lac_subregion_5_ERA5.csv'] downloaded from [''] at ['2024-01-17 11:06:42']"
reference,lac_subregion_5_ERA5,"Hersbach H, Bell B, Berrisford P et al. 2020. The ERA5 global reanalysis. Q. J. R. Meteorol. Soc. 146: 1999-2049. https://doi.org/10.1002/qj.3803"
comments,lac_subregion_5_ERA5,"Original data acknowledgement: Contains using Copernicus Climate Change Service information [2024]. Neither the European Commission nor ECMWF is responsible for any use that may be made of the Copernicus information or data it contains."
history,lac_subregion_5_GISTEMP,""Data set created from file ['gistemp1200_GHCNv4_ERSSTv5.nc.gz'] downloaded from ['https://data.giss.nasa.gov/pub/gistemp/gistemp1200_GHCNv4_ERSSTv5.nc.gz'] at ['2024-01-15 11:20:46']""
history,lac_subregion_5_GISTEMP,""Regridded to 1 degree latitude-longitude resolution""
history,lac_subregion_5_GISTEMP,""Rebaselined to 1991-2020""
history,lac_subregion_5_GISTEMP,""Calculated area-average""
history,lac_subregion_5_GISTEMP,""Calculated annual average from monthly averages using arithmetic mean""
history,lac_subregion_5_GISTEMP,""Selected years within the range 1900 to 2023.""
history,lac_subregion_5_GISTEMP,""Wrote to file lac_subregion_5_GISTEMP.csv""
history,lac_subregion_5_GISTEMP,"Data set created from file ['lac_subregion_5_GISTEMP.csv'] downloaded from [''] at ['2024-01-17 11:07:17']"
reference,lac_subregion_5_GISTEMP,"Lenssen, N., G. Schmidt, J. Hansen, M. Menne, A. Persin, R. Ruedy, and D. Zyss, 2019: Improvements in the GISTEMP uncertainty model. J. Geophys. Res. Atmos., 124, no. 12, 6307-6326, doi:10.1029/2018JD029522"
comments,lac_subregion_5_GISTEMP,"Original data acknowledgement: "
history,lac_subregion_5_HadCRUT5,""Data set created from file ['HadCRUT.5.0.2.0.analysis.anomalies.ensemble_mean.nc'] downloaded from ['https://www.metoffice.gov.uk/hadobs/hadcrut5/data/HadCRUT.5.0.2.0/analysis/HadCRUT.5.0.2.0.analysis.anomalies.ensemble_mean.nc'] at ['2024-01-15 11:56:27']""
history,lac_subregion_5_HadCRUT5,""Regridded to 1 degree latitude-longitude resolution""
history,lac_subregion_5_HadCRUT5,""Rebaselined to 1991-2020""
history,lac_subregion_5_HadCRUT5,""Calculated area-average""
history,lac_subregion_5_HadCRUT5,""Calculated annual average from monthly averages using arithmetic mean""
history,lac_subregion_5_HadCRUT5,""Selected years within the range 1900 to 2023.""
history,lac_subregion_5_HadCRUT5,""Wrote to file lac_subregion_5_HadCRUT5.csv""
history,lac_subregion_5_HadCRUT5,"Data set created from file ['lac_subregion_5_HadCRUT5.csv'] downloaded from [''] at ['2024-01-17 11:08:18']"
reference,lac_subregion_5_HadCRUT5,"Morice, C. P., Kennedy, J. J., Rayner, N. A., Winn, J. P., Hogan, E., Killick, R. E., et al. (2021). An updated assessment of near-surface temperature change from 1850: the HadCRUT5 data set. Journal of Geophysical Research: Atmospheres, 126, e2019JD032361. https://doi.org/10.1029/2019JD032361"
comments,lac_subregion_5_HadCRUT5,"Original data acknowledgement: HadCRUT.5.0.2.0 data were obtained from http://www.metoffice.gov.uk/hadobs/hadcrut5 on 2024-01-15 11:56:27 and are © British Crown Copyright, Met Office 2024, provided under an Open Government License, http://www.nationalarchives.gov.uk/doc/open-government-licence/version/3/"
history,lac_subregion_5_JRA-55,""Data set created from file ['anl_surf125.011_tmp.202401_202412', 'anl_surf125.2024MMMM'] downloaded from ['', ''] at ['2024-01-15 11:20:51']""
history,lac_subregion_5_JRA-55,""Regridded to 1 degree latitude-longitude resolution""
history,lac_subregion_5_JRA-55,""Rebaselined to 1991-2020""
history,lac_subregion_5_JRA-55,""Calculated area-average""
history,lac_subregion_5_JRA-55,""Calculated annual average from monthly averages using arithmetic mean""
history,lac_subregion_5_JRA-55,""Selected years within the range 1900 to 2023.""
history,lac_subregion_5_JRA-55,""Wrote to file lac_subregion_5_JRA-55.csv""
history,lac_subregion_5_JRA-55,"Data set created from file ['lac_subregion_5_JRA-55.csv'] downloaded from [''] at ['2024-01-17 11:08:52']"
reference,lac_subregion_5_JRA-55,"Kobayashi, S., Ota, Y., Harada, Y., Ebita, A., Moriya, M., Onoda, H., Onogi, K., Kamahori, H., Kobayashi, C., Endo, H. and Miyaoka, K., (2015). The JRA-55 reanalysis: General specifications and basic characteristics. Journal of the Meteorological Society of Japan. Ser. II, 93(1), pp.5-48."
comments,lac_subregion_5_JRA-55,"Original data acknowledgement: "
history,lac_subregion_5_Kadow,""Data set created from file ['HadCRUT5.anomalies.Kadow_et_al_2020_20crAI-infilled.ensemble_mean_185001-*.nc'] downloaded from [''] at ['2024-01-17 10:11:02']""
history,lac_subregion_5_Kadow,""Regridded to 1 degree latitude-longitude resolution""
history,lac_subregion_5_Kadow,""Rebaselined to 1991-2020""
history,lac_subregion_5_Kadow,""Calculated area-average""
history,lac_subregion_5_Kadow,""Calculated annual average from monthly averages using arithmetic mean""
history,lac_subregion_5_Kadow,""Selected years within the range 1900 to 2023.""
history,lac_subregion_5_Kadow,""Wrote to file lac_subregion_5_Kadow.csv""
history,lac_subregion_5_Kadow,"Data set created from file ['lac_subregion_5_Kadow.csv'] downloaded from [''] at ['2024-01-17 11:09:35']"
reference,lac_subregion_5_Kadow,"Kadow, C., Hall, D.M. & Ulbrich, U. Artificial intelligence reconstructs missing climate information. Nat. Geosci. (2020). https://doi.org/10.1038/s41561-020-0582-5"
comments,lac_subregion_5_Kadow,"Original data acknowledgement: "
history,lac_subregion_5_NOAA_Interim,""Data set created from file ['NOAAGlobalTemp_v*.nc'] downloaded from ['https://www.ncei.noaa.gov/data/noaa-global-surface-temperature/v5.1/access/gridded/NOAAGlobalTemp_v.*.nc'] at ['2024-01-17 10:19:08']""
history,lac_subregion_5_NOAA_Interim,""Data set created from file ['NOAAGlobalTemp_v*.nc'] downloaded from ['https://www.ncei.noaa.gov/data/noaa-global-surface-temperature/v5.1/access/gridded/NOAAGlobalTemp_v.*.nc'] at ['2024-01-17 10:19:08']""
history,lac_subregion_5_NOAA_Interim,""Regridded to 1 degree latitude-longitude resolution""
history,lac_subregion_5_NOAA_Interim,""Rebaselined to 1991-2020""
history,lac_subregion_5_NOAA_Interim,""Calculated area-average""
history,lac_subregion_5_NOAA_Interim,""Calculated annual average from monthly averages using arithmetic mean""
history,lac_subregion_5_NOAA_Interim,""Selected years within the range 1900 to 2023.""
history,lac_subregion_5_NOAA_Interim,""Wrote to file lac_subregion_5_NOAA Interim.csv""
history,lac_subregion_5_NOAA_Interim,"Data set created from file ['lac_subregion_5_NOAA Interim.csv'] downloaded from [''] at ['2024-01-17 11:10:37']"
reference,lac_subregion_5_NOAA_Interim,"Vose, R.S., B. Huang, X. Yin., D. Arndt, D.R. Easterling, J.H. Lawrimore, M.J. Menne, A. Sanchez-Lugo, H.-M. Zhang, 2021: Implementing full spatial coverage in NOAA’s global temperature analysis. Geophysical Research Letters, 48, e2020GL090873. https://doi.org/10.1029/2020GL090873"
comments,lac_subregion_5_NOAA_Interim,"Original data acknowledgement: "
history,wmo_ra_3_Berkeley_Earth,""Data set created from file ['Land_and_Ocean_LatLong1.nc'] downloaded from ['https://berkeley-earth-temperature.s3.us-west-1.amazonaws.com/Global/Gridded/Land_and_Ocean_LatLong1.nc'] at ['2024-01-17 10:19:03']""
history,wmo_ra_3_Berkeley_Earth,""Rebaselined to 1991-2020""
history,wmo_ra_3_Berkeley_Earth,""Calculated area-average""
history,wmo_ra_3_Berkeley_Earth,""Calculated annual average from monthly averages using arithmetic mean""
history,wmo_ra_3_Berkeley_Earth,""Selected years within the range 1900 to 2023.""
history,wmo_ra_3_Berkeley_Earth,""Wrote to file wmo_ra_3_Berkeley Earth.csv""
history,wmo_ra_3_Berkeley_Earth,"Data set created from file ['wmo_ra_3_Berkeley Earth.csv'] downloaded from [''] at ['2024-01-17 11:05:30']"
reference,wmo_ra_3_Berkeley_Earth,"Rohde, R. A. and Hausfather, Z.: The Berkeley Earth Land/Ocean Temperature Record, Earth Syst. Sci. Data, 12, 3469-3479, https://doi.org/10.5194/essd-12-3469-2020, 2020"
comments,wmo_ra_3_Berkeley_Earth,"Original data acknowledgement: "
history,wmo_ra_3_ERA5,""Gridded dataset created from file ['era5_2m_tas_2024.nc'] downloaded from ['']""
history,wmo_ra_3_ERA5,""Regridded to 1 degree latitude-longitude resolution""
history,wmo_ra_3_ERA5,""Rebaselined to 1991-2020""
history,wmo_ra_3_ERA5,""Calculated area-average""
history,wmo_ra_3_ERA5,""Calculated annual average from monthly averages using arithmetic mean""
history,wmo_ra_3_ERA5,""Selected years within the range 1900 to 2023.""
history,wmo_ra_3_ERA5,""Wrote to file wmo_ra_3_ERA5.csv""
history,wmo_ra_3_ERA5,"Data set created from file ['wmo_ra_3_ERA5.csv'] downloaded from [''] at ['2024-01-17 11:06:30']"
reference,wmo_ra_3_ERA5,"Hersbach H, Bell B, Berrisford P et al. 2020. The ERA5 global reanalysis. Q. J. R. Meteorol. Soc. 146: 1999-2049. https://doi.org/10.1002/qj.3803"
comments,wmo_ra_3_ERA5,"Original data acknowledgement: Contains using Copernicus Climate Change Service information [2024]. Neither the European Commission nor ECMWF is responsible for any use that may be made of the Copernicus information or data it contains."
history,wmo_ra_3_GISTEMP,""Data set created from file ['gistemp1200_GHCNv4_ERSSTv5.nc.gz'] downloaded from ['https://data.giss.nasa.gov/pub/gistemp/gistemp1200_GHCNv4_ERSSTv5.nc.gz'] at ['2024-01-15 11:20:46']""
history,wmo_ra_3_GISTEMP,""Regridded to 1 degree latitude-longitude resolution""
history,wmo_ra_3_GISTEMP,""Rebaselined to 1991-2020""
history,wmo_ra_3_GISTEMP,""Calculated area-average""
history,wmo_ra_3_GISTEMP,""Calculated annual average from monthly averages using arithmetic mean""
history,wmo_ra_3_GISTEMP,""Selected years within the range 1900 to 2023.""
history,wmo_ra_3_GISTEMP,""Wrote to file wmo_ra_3_GISTEMP.csv""
history,wmo_ra_3_GISTEMP,"Data set created from file ['wmo_ra_3_GISTEMP.csv'] downloaded from [''] at ['2024-01-17 11:06:51']"
reference,wmo_ra_3_GISTEMP,"Lenssen, N., G. Schmidt, J. Hansen, M. Menne, A. Persin, R. Ruedy, and D. Zyss, 2019: Improvements in the GISTEMP uncertainty model. J. Geophys. Res. Atmos., 124, no. 12, 6307-6326, doi:10.1029/2018JD029522"
comments,wmo_ra_3_GISTEMP,"Original data acknowledgement: "
history,wmo_ra_3_HadCRUT5,""Data set created from file ['HadCRUT.5.0.2.0.analysis.anomalies.ensemble_mean.nc'] downloaded from ['https://www.metoffice.gov.uk/hadobs/hadcrut5/data/HadCRUT.5.0.2.0/analysis/HadCRUT.5.0.2.0.analysis.anomalies.ensemble_mean.nc'] at ['2024-01-15 11:56:27']""
history,wmo_ra_3_HadCRUT5,""Regridded to 1 degree latitude-longitude resolution""
history,wmo_ra_3_HadCRUT5,""Rebaselined to 1991-2020""
history,wmo_ra_3_HadCRUT5,""Calculated area-average""
history,wmo_ra_3_HadCRUT5,""Calculated annual average from monthly averages using arithmetic mean""
history,wmo_ra_3_HadCRUT5,""Selected years within the range 1900 to 2023.""
history,wmo_ra_3_HadCRUT5,""Wrote to file wmo_ra_3_HadCRUT5.csv""
history,wmo_ra_3_HadCRUT5,"Data set created from file ['wmo_ra_3_HadCRUT5.csv'] downloaded from [''] at ['2024-01-17 11:07:34']"
reference,wmo_ra_3_HadCRUT5,"Morice, C. P., Kennedy, J. J., Rayner, N. A., Winn, J. P., Hogan, E., Killick, R. E., et al. (2021). An updated assessment of near-surface temperature change from 1850: the HadCRUT5 data set. Journal of Geophysical Research: Atmospheres, 126, e2019JD032361. https://doi.org/10.1029/2019JD032361"
comments,wmo_ra_3_HadCRUT5,"Original data acknowledgement: HadCRUT.5.0.2.0 data were obtained from http://www.metoffice.gov.uk/hadobs/hadcrut5 on 2024-01-15 11:56:27 and are © British Crown Copyright, Met Office 2024, provided under an Open Government License, http://www.nationalarchives.gov.uk/doc/open-government-licence/version/3/"
history,wmo_ra_3_JRA-55,""Data set created from file ['anl_surf125.011_tmp.202401_202412', 'anl_surf125.2024MMMM'] downloaded from ['', ''] at ['2024-01-15 11:20:51']""
history,wmo_ra_3_JRA-55,""Regridded to 1 degree latitude-longitude resolution""
history,wmo_ra_3_JRA-55,""Rebaselined to 1991-2020""
history,wmo_ra_3_JRA-55,""Calculated area-average""
history,wmo_ra_3_JRA-55,""Calculated annual average from monthly averages using arithmetic mean""
history,wmo_ra_3_JRA-55,""Selected years within the range 1900 to 2023.""
history,wmo_ra_3_JRA-55,""Wrote to file wmo_ra_3_JRA-55.csv""
history,wmo_ra_3_JRA-55,"Data set created from file ['wmo_ra_3_JRA-55.csv'] downloaded from [''] at ['2024-01-17 11:08:35']"
reference,wmo_ra_3_JRA-55,"Kobayashi, S., Ota, Y., Harada, Y., Ebita, A., Moriya, M., Onoda, H., Onogi, K., Kamahori, H., Kobayashi, C., Endo, H. and Miyaoka, K., (2015). The JRA-55 reanalysis: General specifications and basic characteristics. Journal of the Meteorological Society of Japan. Ser. II, 93(1), pp.5-48."
comments,wmo_ra_3_JRA-55,"Original data acknowledgement: "
history,wmo_ra_3_Kadow,""Data set created from file ['HadCRUT5.anomalies.Kadow_et_al_2020_20crAI-infilled.ensemble_mean_185001-*.nc'] downloaded from [''] at ['2024-01-17 10:11:02']""
history,wmo_ra_3_Kadow,""Regridded to 1 degree latitude-longitude resolution""
history,wmo_ra_3_Kadow,""Rebaselined to 1991-2020""
history,wmo_ra_3_Kadow,""Calculated area-average""
history,wmo_ra_3_Kadow,""Calculated annual average from monthly averages using arithmetic mean""
history,wmo_ra_3_Kadow,""Selected years within the range 1900 to 2023.""
history,wmo_ra_3_Kadow,""Wrote to file wmo_ra_3_Kadow.csv""
history,wmo_ra_3_Kadow,"Data set created from file ['wmo_ra_3_Kadow.csv'] downloaded from [''] at ['2024-01-17 11:09:03']"
reference,wmo_ra_3_Kadow,"Kadow, C., Hall, D.M. & Ulbrich, U. Artificial intelligence reconstructs missing climate information. Nat. Geosci. (2020). https://doi.org/10.1038/s41561-020-0582-5"
comments,wmo_ra_3_Kadow,"Original data acknowledgement: "
history,wmo_ra_3_NOAA_Interim,""Data set created from file ['NOAAGlobalTemp_v*.nc'] downloaded from ['https://www.ncei.noaa.gov/data/noaa-global-surface-temperature/v5.1/access/gridded/NOAAGlobalTemp_v.*.nc'] at ['2024-01-17 10:19:08']""
history,wmo_ra_3_NOAA_Interim,""Data set created from file ['NOAAGlobalTemp_v*.nc'] downloaded from ['https://www.ncei.noaa.gov/data/noaa-global-surface-temperature/v5.1/access/gridded/NOAAGlobalTemp_v.*.nc'] at ['2024-01-17 10:19:08']""
history,wmo_ra_3_NOAA_Interim,""Regridded to 1 degree latitude-longitude resolution""
history,wmo_ra_3_NOAA_Interim,""Rebaselined to 1991-2020""
history,wmo_ra_3_NOAA_Interim,""Calculated area-average""
history,wmo_ra_3_NOAA_Interim,""Calculated annual average from monthly averages using arithmetic mean""
history,wmo_ra_3_NOAA_Interim,""Selected years within the range 1900 to 2023.""
history,wmo_ra_3_NOAA_Interim,""Wrote to file wmo_ra_3_NOAA Interim.csv""
history,wmo_ra_3_NOAA_Interim,"Data set created from file ['wmo_ra_3_NOAA Interim.csv'] downloaded from [''] at ['2024-01-17 11:09:53']"
reference,wmo_ra_3_NOAA_Interim,"Vose, R.S., B. Huang, X. Yin., D. Arndt, D.R. Easterling, J.H. Lawrimore, M.J. Menne, A. Sanchez-Lugo, H.-M. Zhang, 2021: Implementing full spatial coverage in NOAA’s global temperature analysis. Geophysical Research Letters, 48, e2020GL090873. https://doi.org/10.1029/2020GL090873"
comments,wmo_ra_3_NOAA_Interim,"Original data acknowledgement: "
long_name,time,time,days since 1800-01-01 00:00:00.0
type,time,int
long_name,year,year,1
type,year,int
long_name,lac_subregion_3_Berkeley_Earth,lac_subregion_3,degC
type,lac_subregion_3_Berkeley_Earth,float
long_name,lac_subregion_3_ERA5,lac_subregion_3,degC
type,lac_subregion_3_ERA5,float
long_name,lac_subregion_3_GISTEMP,lac_subregion_3,degC
type,lac_subregion_3_GISTEMP,float
long_name,lac_subregion_3_HadCRUT5,lac_subregion_3,degC
type,lac_subregion_3_HadCRUT5,float
long_name,lac_subregion_3_JRA-55,lac_subregion_3,degC
type,lac_subregion_3_JRA-55,float
long_name,lac_subregion_3_Kadow,lac_subregion_3,degC
type,lac_subregion_3_Kadow,float
long_name,lac_subregion_3_NOAA_Interim,lac_subregion_3,degC
type,lac_subregion_3_NOAA_Interim,float
long_name,lac_subregion_4_Berkeley_Earth,lac_subregion_4,degC
type,lac_subregion_4_Berkeley_Earth,float
long_name,lac_subregion_4_ERA5,lac_subregion_4,degC
type,lac_subregion_4_ERA5,float
long_name,lac_subregion_4_GISTEMP,lac_subregion_4,degC
type,lac_subregion_4_GISTEMP,float
long_name,lac_subregion_4_HadCRUT5,lac_subregion_4,degC
type,lac_subregion_4_HadCRUT5,float
long_name,lac_subregion_4_JRA-55,lac_subregion_4,degC
type,lac_subregion_4_JRA-55,float
long_name,lac_subregion_4_Kadow,lac_subregion_4,degC
type,lac_subregion_4_Kadow,float
long_name,lac_subregion_4_NOAA_Interim,lac_subregion_4,degC
type,lac_subregion_4_NOAA_Interim,float
long_name,lac_subregion_5_Berkeley_Earth,lac_subregion_5,degC
type,lac_subregion_5_Berkeley_Earth,float
long_name,lac_subregion_5_ERA5,lac_subregion_5,degC
type,lac_subregion_5_ERA5,float
long_name,lac_subregion_5_GISTEMP,lac_subregion_5,degC
type,lac_subregion_5_GISTEMP,float
long_name,lac_subregion_5_HadCRUT5,lac_subregion_5,degC
type,lac_subregion_5_HadCRUT5,float
long_name,lac_subregion_5_JRA-55,lac_subregion_5,degC
type,lac_subregion_5_JRA-55,float
long_name,lac_subregion_5_Kadow,lac_subregion_5,degC
type,lac_subregion_5_Kadow,float
long_name,lac_subregion_5_NOAA_Interim,lac_subregion_5,degC
type,lac_subregion_5_NOAA_Interim,float
long_name,wmo_ra_3_Berkeley_Earth,wmo_ra_3,degC
type,wmo_ra_3_Berkeley_Earth,float
long_name,wmo_ra_3_ERA5,wmo_ra_3,degC
type,wmo_ra_3_ERA5,float
long_name,wmo_ra_3_GISTEMP,wmo_ra_3,degC
type,wmo_ra_3_GISTEMP,float
long_name,wmo_ra_3_HadCRUT5,wmo_ra_3,degC
type,wmo_ra_3_HadCRUT5,float
long_name,wmo_ra_3_JRA-55,wmo_ra_3,degC
type,wmo_ra_3_JRA-55,float
long_name,wmo_ra_3_Kadow,wmo_ra_3,degC
type,wmo_ra_3_Kadow,float
long_name,wmo_ra_3_NOAA_Interim,wmo_ra_3,degC
type,wmo_ra_3_NOAA_Interim,float
coordinate_variable,time,t
data
time,year,lac_subregion_3_Berkeley_Earth,lac_subregion_3_ERA5,lac_subregion_3_GISTEMP,lac_subregion_3_HadCRUT5,lac_subregion_3_JRA-55,lac_subregion_3_Kadow,lac_subregion_3_NOAA_Interim,lac_subregion_4_Berkeley_Earth,lac_subregion_4_ERA5,lac_subregion_4_GISTEMP,lac_subregion_4_HadCRUT5,lac_subregion_4_JRA-55,lac_subregion_4_Kadow,lac_subregion_4_NOAA_Interim,lac_subregion_5_Berkeley_Earth,lac_subregion_5_ERA5,lac_subregion_5_GISTEMP,lac_subregion_5_HadCRUT5,lac_subregion_5_JRA-55,lac_subregion_5_Kadow,lac_subregion_5_NOAA_Interim,wmo_ra_3_Berkeley_Earth,wmo_ra_3_ERA5,wmo_ra_3_GISTEMP,wmo_ra_3_HadCRUT5,wmo_ra_3_JRA-55,wmo_ra_3_Kadow,wmo_ra_3_NOAA_Interim
36524,1900,-0.6430,,-0.2532,-0.7281,,-0.4729,-0.5518,-0.6163,,-0.8634,-0.9136,,-0.8373,-0.5976,-0.7189,,-0.7460,-0.8020,,-0.7710,-0.5248,-0.6288,,-0.2763,-0.4803,,-0.3894,-0.9836
36889,1901,-0.9728,,-0.8253,-0.8532,,-0.5000,-0.6418,-0.6725,,-0.9209,-1.3340,,-1.1232,-0.7132,-1.1436,,-1.0284,-1.2813,,-1.1617,-0.7055,-0.7856,,-0.5778,-0.3938,,-0.3856,-0.8407
37254,1902,-0.9207,,-0.6600,-0.8514,,-0.6346,-0.7313,-0.4249,,-0.7053,-1.0534,,-0.8629,-0.6314,-0.8763,,-0.6508,-0.8967,,-0.9911,-0.6064,-0.8731,,-0.5442,-0.4504,,-0.4210,-0.7239
37619,1903,-0.9240,,-0.7085,-0.8426,,-0.7181,-0.6115,-0.9637,,-1.4462,-1.4518,,-1.1752,-1.0284,-0.8630,,-0.8473,-0.9501,,-0.8837,-0.6861,-1.1009,,-0.7890,-0.6671,,-0.9195,-0.9142
37984,1904,-1.3659,,-1.1402,-1.1521,,-1.1832,-1.2388,-0.9099,,-0.9042,-1.2963,,-1.0662,-1.0368,-1.1826,,-1.2105,-1.1537,,-0.9656,-0.8724,-1.4070,,-1.0357,-0.8548,,-1.0387,-1.2453
38350,1905,-0.9914,,-0.8511,-0.9112,,-0.8299,-1.0320,-0.8524,,-1.2402,-1.1929,,-0.9285,-1.0333,-0.8767,,-0.8648,-0.9577,,-0.6750,-0.6715,-0.9756,,-0.6936,-0.6322,,-0.7506,-0.8875
38715,1906,-1.0783,,-0.9277,-0.8496,,-0.7664,-0.9793,-0.9722,,-1.1166,-1.2582,,-1.1651,-1.0972,-1.0623,,-1.2813,-1.0590,,-0.8522,-0.9603,-1.0054,,-0.8319,-0.6625,,-0.8442,-0.9663
39080,1907,-1.2531,,-1.1992,-1.1758,,-1.2044,-1.1854,-0.6007,,-0.6458,-0.9195,,-0.7610,-0.7707,-1.0278,,-1.1469,-1.1259,,-1.0779,-1.0867,-1.3250,,-1.1253,-0.9544,,-1.1813,-1.2056
39445,1908,-1.2463,,-0.9612,-1.2733,,-1.2113,-1.1272,-0.6600,,-0.8849,-1.0728,,-0.9933,-0.9077,-1.0595,,-1.3420,-1.2113,,-1.0593,-1.0145,-1.1871,,-1.0065,-0.8505,,-1.0924,-1.1518
39811,1909,-1.3153,,-1.0380,-1.2499,,-0.9221,-1.3539,-0.6975,,-0.8998,-1.1593,,-0.9431,-1.0490,-0.9691,,-1.5431,-1.1764,,-0.9722,-1.2081,-1.2415,,-1.1049,-0.8037,,-1.0918,-1.1352
40176,1910,-1.4274,,-1.1335,-1.3110,,-1.3297,-1.5549,-0.8518,,-0.9645,-1.3023,,-1.3075,-1.1642,-1.5623,,-1.8244,-1.5411,,-1.5717,-1.5242,-1.3041,,-1.2014,-0.9057,,-1.1845,-1.2447
40541,1911,-1.1009,,-1.0975,-0.9047,,-0.9572,-1.4123,-0.6179,,-0.8394,-0.9767,,-0.6872,-0.8041,-0.8824,,-1.3030,-0.7144,,-0.7393,-0.8802,-1.3138,,-1.4710,-0.9999,,-1.1548,-1.3511
40906,1912,-0.8724,,-1.1237,-0.7045,,-0.8675,-0.9551,-1.1508,,-1.7194,-1.4510,,-1.2395,-1.2600,-0.7884,,-1.3340,-0.7051,,-0.7578,-0.7330,-1.0064,,-1.2266,-0.6532,,-0.8194,-1.0285
41272,1913,-1.3222,,-1.3313,-1.2349,,-1.1488,-1.0450,-1.3420,,-1.7246,-1.6593,,-1.5880,-1.5077,-1.2069,,-1.8059,-0.9815,,-1.0364,-1.0200,-0.8594,,-0.9046,-0.5448,,-0.6196,-0.9886
41637,1914,-1.0266,,-1.0011,-0.8462,,-0.9196,-0.9067,-0.9799,,-1.2962,-1.1860,,-1.1722,-0.9610,-0.9714,,-1.1899,-0.8334,,-0.9507,-0.7855,-0.7435,,-0.8852,-0.3590,,-0.5381,-0.8724
42002,1915,-0.7567,,-0.6659,-0.2228,,-0.1669,-0.4501,-0.8804,,-1.3408,-1.1047,,-0.9803,-0.8101,-0.5193,,-0.5619,-0.6357,,-0.3826,-0.3718,-0.6041,,-0.8818,-0.2294,,-0.2696,-0.8217
42367,1916,-1.2619,,-1.1755,-0.6760,,-0.6983,-1.1678,-0.7037,,-0.9072,-0.9520,,-1.3805,-1.1866,-1.1040,,-1.2766,-1.0357,,-1.1447,-0.9388,-1.2167,,-1.4637,-0.8141,,-1.1325,-1.3983
42733,1917,-1.6071,,-1.6179,-1.0550,,-1.0389,-1.4740,-0.8315,,-1.2168,-1.2221,,-1.2911,-1.3447,-1.3956,,-1.5920,-1.5571,,-1.5414,-1.2222,-1.5940,,-1.7168,-1.1665,,-1.2557,-1.9147
43098,1918,-1.3426,,-1.0943,-0.9443,,-0.9326,-1.0217,-0.7472,,-1.1326,-1.1859,,-0.8603,-0.9418,-0.9134,,-1.1480,-1.0968,,-0.9026,-0.7283,-1.2804,,-1.3984,-0.9381,,-0.8848,-1.4816
43463,1919,-0.9093,,-0.8175,-0.6821,,-0.6348,-0.8779,-0.9500,,-1.5119,-1.3788,,-1.2511,-1.1033,-0.5979,,-0.8172,-0.6462,,-0.5544,-0.5965,-0.8304,,-0.9430,-0.5257,,-0.5953,-1.0155
43828,1920,-1.1693,,-1.1265,-0.7976,,-0.8803,-0.9464,-0.7829,,-1.2877,-1.3275,,-1.2910,-0.9732,-0.7662,,-1.0236,-0.8824,,-1.0062,-0.7388,-1.1969,,-1.1847,-0.8402,,-0.9464,-1.3682
44194,1921,-1.1256,,-1.2382,-0.9034,,-0.9252,-1.2203,-0.5049,,-0.4067,-0.9313,,-0.8588,-0.8802,-0.8016,,-1.0087,-0.9445,,-1.0380,-0.9055,-1.3293,,-1.4469,-1.0729,,-1.1296,-1.4906
44559,1922,-1.0942,,-1.0954,-0.9889,,-1.0418,-1.2800,-0.4091,,-0.6350,-0.8743,,-0.6980,-0.6517,-0.6947,,-0.9388,-0.8271,,-0.8971,-0.8327,-1.2357,,-1.3627,-1.0393,,-1.1878,-1.4879
44924,1923,-1.1975,,-1.1603,-1.0243,,-1.0833,-1.1354,-0.5252,,-0.8632,-1.0015,,-0.9159,-0.7779,-0.8764,,-0.9916,-0.8610,,-0.8399,-0.7923,-1.3192,,-1.4147,-1.0942,,-1.1197,-1.4709
45289,1924,-1.0920,,-1.0046,-0.8468,,-0.9040,-1.1018,-0.6684,,-1.0112,-1.2480,,-1.2734,-0.9369,-0.8703,,-0.9700,-0.8920,,-0.9012,-0.8544,-1.2683,,-1.5335,-1.0056,,-1.2185,-1.6281
45655,1925,-1.0161,,-1.0818,-0.8769,,-0.9668,-0.9938,-0.5289,,-0.6701,-1.0121,,-1.0080,-0.6572,-0.8908,,-0.8613,-0.8189,,-0.7763,-0.7596,-1.0780,,-1.1679,-0.8156,,-0.8000,-1.3434
46020,1926,-0.6314,,-0.6726,-0.4586,,-0.5917,-0.4634,-0.4569,,-0.8278,-0.9516,,-0.8791,-0.7602,-0.4759,,-0.4139,-0.4774,,-0.5286,-0.4439,-0.7363,,-0.9806,-0.5011,,-0.5576,-1.0247
46385,1927,-0.9749,,-0.7960,-0.8303,,-0.9312,-0.9613,-0.1441,,-0.3760,-0.7327,,-0.6313,-0.5095,-0.7101,,-0.6040,-0.6937,,-0.6970,-0.5924,-1.0048,,-1.2003,-0.7869,,-0.8866,-1.3857
46750,1928,-0.9571,,-0.8832,-0.8268,,-0.9060,-0.8623,-0.3652,,-0.7719,-0.8809,,-0.8487,-0.7473,-0.6868,,-0.6305,-0.6310,,-0.6932,-0.5501,-0.9602,,-1.1997,-0.7628,,-0.8960,-1.2609
47116,1929,-1.0292,,-0.9455,-0.8204,,-0.9531,-0.9278,-0.5678,,-0.9517,-1.1061,,-0.9770,-0.8352,-0.7011,,-0.6448,-0.7736,,-0.8196,-0.6900,-1.0658,,-1.1998,-0.8788,,-0.9402,-1.3308
47481,1930,-0.9457,,-0.9241,-0.6052,,-0.6219,-0.8334,-0.4875,,-0.9965,-1.0085,,-0.8725,-0.7906,-0.4954,,-0.5455,-0.4388,,-0.4212,-0.5114,-0.8555,,-0.9545,-0.6485,,-0.6961,-1.0247
47846,1931,-0.6201,,-0.5314,-0.1970,,-0.3726,-0.7066,-0.6015,,-0.9749,-0.9996,,-0.9199,-0.8659,-0.5725,,-0.6390,-0.3877,,-0.3705,-0.4956,-1.0119,,-1.0208,-0.7573,,-0.7639,-1.1350
48211,1932,-0.8174,,-0.6299,-0.3238,,-0.3297,-0.6017,-0.4776,,-1.0054,-0.9655,,-0.8454,-0.8027,-0.6504,,-0.5887,-0.3648,,-0.3308,-0.4136,-0.7942,,-0.7663,-0.5621,,-0.4913,-0.9064
48577,1933,-1.0678,,-0.8944,-0.6532,,-0.7899,-0.8038,-0.3177,,-0.4652,-0.7606,,-0.8281,-0.7969,-0.7026,,-0.3414,-0.6056,,-0.5759,-0.5777,-1.1150,,-1.1768,-0.9136,,-0.9622,-1.1666
48942,1934,-1.0756,,-0.9268,-0.6602,,-0.7825,-0.6767,-0.2786,,-0.3609,-0.5959,,-0.6386,-0.6248,-0.6123,,-0.4675,-0.5221,,-0.4996,-0.5507,-1.1751,,-1.2804,-0.9899,,-1.0618,-1.1969
49307,1935,-1.0876,,-1.0391,-0.7208,,-0.7837,-0.8275,-0.5886,,-0.8446,-0.9215,,-0.8981,-0.8663,-0.8680,,-0.6099,-0.8290,,-0.7862,-0.6427,-0.9873,,-1.0508,-0.8071,,-0.8452,-1.0687
49672,1936,-0.8998,,-0.8166,-0.4904,,-0.5403,-0.5739,-0.4511,,-0.8456,-0.8182,,-0.7606,-0.7922,-0.6245,,-0.5455,-0.4816,,-0.4438,-0.4444,-0.8443,,-0.9449,-0.6267,,-0.7301,-0.9469
50038,1937,-0.8196,,-0.6250,-0.4490,,-0.5148,-0.5531,-0.2371,,-0.6889,-0.6467,,-0.5338,-0.5514,-0.6758,,-0.3496,-0.4927,,-0.4289,-0.2705,-0.8563,,-0.9588,-0.6266,,-0.6501,-1.0054
50403,1938,-1.1365,,-0.9970,-0.7445,,-0.7945,-0.9451,-0.4215,,-0.6673,-0.7482,,-0.7310,-0.7367,-1.1251,,-0.7870,-0.8956,,-0.8761,-0.7483,-0.9592,,-1.0950,-0.7810,,-0.8301,-1.0588
50768,1939,-0.9799,,-1.0039,-0.6718,,-0.7059,-0.7862,-0.4553,,-0.6752,-0.7547,,-0.5963,-0.6741,-0.8994,,-0.7116,-0.7874,,-0.7525,-0.5410,-0.8195,,-0.9187,-0.6536,,-0.5993,-0.9160
51133,1940,-0.4864,,-0.6764,-0.1963,,-0.2507,-0.3420,-0.4047,,-0.7718,-0.6852,,-0.6303,-0.6628,-0.5971,,-0.4584,-0.5144,,-0.4989,-0.1113,-0.6139,,-0.7471,-0.4600,,-0.4040,-0.7368
51499,1941,-0.2581,,-0.4407,0.1670,,0.1924,-0.2647,-0.3076,,-0.7978,-0.5960,,-0.5213,-0.5408,-0.0979,,-0.1717,-0.1692,,-0.1269,0.2199,-0.5780,,-0.6571,-0.4364,,-0.4003,-0.6890
51864,1942,-0.4579,,-0.6342,-0.1578,,-0.2921,-0.5585,-0.3006,,-0.8065,-0.6796,,-0.6025,-0.6543,-0.3799,,-0.5131,-0.4464,,-0.4438,-0.1882,-0.8501,,-0.9422,-0.7254,,-0.6965,-0.9992
52229,1943,-0.8932,,-1.0508,-0.5471,,-0.5725,-0.8774,-0.2923,,-0.6997,-0.5737,,-0.5654,-0.6281,-0.6643,,-0.9002,-0.6475,,-0.8332,-0.4446,-0.9327,,-0.9968,-0.8128,,-0.7620,-1.0554
52594,1944,-0.7650,,-0.9214,-0.4346,,-0.4743,-0.6695,-0.6055,,-1.0373,-0.8113,,-0.7833,-0.8803,-0.6759,,-0.7876,-0.5299,,-0.6854,-0.4564,-0.6468,,-0.6776,-0.4681,,-0.3898,-0.6899
52960,1945,-0.8936,,-0.9261,-0.5290,,-0.5072,-0.7392,0.0205,,-0.5028,-0.4537,,-0.3237,-0.5396,-0.5948,,-0.5148,-0.5557,,-0.4943,-0.3994,-0.7493,,-0.7441,-0.5818,,-0.5396,-0.7657
53325,1946,-0.8743,,-0.8851,-0.5452,,-0.5864,-0.7495,-0.0302,,-0.4036,-0.4507,,-0.3673,-0.5132,-0.3154,,-0.4439,-0.4407,,-0.5315,-0.4152,-0.8179,,-0.8865,-0.7002,,-0.6836,-0.8520
53690,1947,-0.7129,,-0.7261,-0.2859,,-0.2625,-0.4879,-0.4323,,-0.8015,-0.7079,,-0.8061,-0.8475,-0.1817,,-0.5272,-0.2361,,-0.1895,-0.4638,-0.9135,,-0.9417,-0.7597,,-0.7628,-0.9729
54055,1948,-0.6200,,-0.6176,-0.2874,,-0.3142,-0.7316,-0.0989,,-0.6285,-0.4600,,-0.4500,-0.6152,-0.2879,,-0.5206,-0.2910,,-0.2808,-0.3725,-0.8172,,-0.8373,-0.7430,,-0.7587,-0.8629
54421,1949,-0.8826,,-0.7723,-0.6308,,-0.6526,-0.8729,-0.2858,,-0.7444,-0.6526,,-0.6429,-0.7457,-0.6147,,-0.6967,-0.6138,,-0.5545,-0.5566,-0.9096,,-0.9877,-0.8638,,-0.8851,-0.9572
54786,1950,-1.2333,,-1.1393,-0.9088,,-0.9367,-1.1572,0.0351,,-0.3008,-0.4308,,-0.3878,-0.4003,-0.8479,,-1.1049,-0.9811,,-0.8988,-0.8708,-0.9476,,-1.0018,-0.8816,,-0.9260,-1.0631
55151,1951,-0.6721,,-0.7792,-0.5365,,-0.5097,-0.7192,-0.0734,,-0.5034,-0.4515,,-0.4556,-0.4613,-0.3944,,-0.7281,-0.5266,,-0.4705,-0.4211,-0.8309,,-0.8298,-0.7123,,-0.7322,-0.9374
55516,1952,-0.4996,,-0.6167,-0.3479,,-0.3367,-0.5424,-0.2946,,-0.6944,-0.6183,,-0.5975,-0.5816,-0.4388,,-0.7297,-0.4410,,-0.3802,-0.3440,-0.7272,,-0.7716,-0.6258,,-0.6336,-0.8171
55882,1953,-0.5129,,-0.6116,-0.4294,,-0.4300,-0.5179,-0.1135,,-0.4087,-0.4264,,-0.4751,-0.4878,-0.2134,,-0.4634,-0.1788,,-0.1262,-0.1836,-0.5911,,-0.6183,-0.4612,,-0.4575,-0.6125
56247,1954,-0.8949,,-0.9099,-0.7731,,-0.7766,-0.8530,-0.0283,,-0.2248,-0.3854,,-0.3283,-0.3927,-0.6847,,-1.0623,-0.6790,,-0.6394,-0.6913,-0.8414,,-0.9831,-0.6810,,-0.7021,-0.9404
56612,1955,-0.9790,,-0.9715,-0.8261,,-0.8286,-0.8681,-0.5147,,-0.8042,-0.9100,,-0.8063,-0.8280,-0.7361,,-0.9439,-0.8030,,-0.7821,-0.7662,-1.0127,,-1.1462,-0.8459,,-0.8730,-1.1287
56977,1956,-1.0506,,-1.0515,-0.9497,,-0.9435,-0.9649,-0.4093,,-0.6132,-0.6624,,-0.6235,-0.6189,-0.8514,,-1.0092,-0.8289,,-0.7855,-0.6472,-1.2207,,-1.3463,-1.0985,,-1.0968,-1.2874
57343,1957,-0.5583,,-0.6148,-0.5067,,-0.4802,-0.5336,0.0014,,-0.4185,-0.2618,,-0.1761,-0.2212,-0.2937,,-0.5330,-0.3208,,-0.2807,-0.1445,-0.7396,,-0.7986,-0.6567,,-0.6566,-0.7986
57708,1958,-0.1444,,-0.2954,-0.0038,0.2208,0.0136,-0.1415,-0.3203,,-0.6946,-0.5188,-0.7205,-0.5509,-0.4135,-0.0709,,-0.3998,-0.1286,-0.3151,-0.1032,0.1038,-0.3935,,-0.4911,-0.2772,-0.0659,-0.2864,-0.5104
58073,1959,-0.5099,,-0.5367,-0.4082,-0.0098,-0.3641,-0.4585,-0.2868,,-0.7207,-0.4967,-0.6820,-0.4979,-0.4877,-0.4038,,-0.6195,-0.4151,-0.8224,-0.3786,-0.2171,-0.6341,,-0.7613,-0.5245,0.0161,-0.5322,-0.7581
58438,1960,-0.5704,,-0.6344,-0.4665,-0.1293,-0.4677,-0.4652,-0.3219,,-0.8282,-0.7147,-1.0510,-0.6788,-0.6928,-0.5175,,-0.6998,-0.5292,-0.9116,-0.4767,-0.2763,-0.7594,,-0.8812,-0.6001,-0.0526,-0.6102,-0.8668
58804,1961,-0.5805,,-0.6697,-0.4874,-0.1995,-0.4376,-0.5131,-0.4130,,-0.8585,-0.7913,-1.1188,-0.7806,-0.7111,-0.5366,,-0.6640,-0.5272,-0.9867,-0.4883,-0.3563,-0.5175,,-0.6821,-0.3364,-0.1461,-0.3256,-0.6297
59169,1962,-0.6215,,-0.7671,-0.5349,-0.3283,-0.4977,-0.5979,-0.1182,,-0.5010,-0.5364,-0.7462,-0.4726,-0.4436,-0.7276,,-0.7492,-0.6692,-1.0860,-0.6476,-0.4429,-0.7451,,-0.9157,-0.5502,-0.5501,-0.5344,-0.8629
59534,1963,-0.5802,,-0.7185,-0.4848,-0.1215,-0.4535,-0.5097,-0.1768,,-0.5526,-0.5395,-0.8926,-0.5451,-0.4623,-0.6267,,-0.6995,-0.5471,-0.6276,-0.5435,-0.3491,-0.4971,,-0.6437,-0.3037,-0.3016,-0.2913,-0.5716
59899,1964,-0.5565,,-0.7309,-0.5683,-0.2261,-0.5457,-0.6272,-0.5303,,-0.9157,-0.9167,-1.2263,-0.8980,-0.8714,-0.5100,,-0.6657,-0.6085,-0.5499,-0.5840,-0.4424,-0.8838,,-1.0709,-0.6741,-0.7090,-0.6500,-0.9520
60265,1965,-0.6050,,-0.7721,-0.6034,-0.2678,-0.5830,-0.6677,-0.3574,,-0.7320,-0.7190,-0.9717,-0.6244,-0.6381,-0.5141,,-0.6808,-0.5285,-0.5720,-0.4977,-0.4001,-0.6081,,-0.7290,-0.4045,-0.5056,-0.3801,-0.6672
60630,1966,-0.4854,,-0.6917,-0.4854,-0.2323,-0.4376,-0.4944,-0.7181,,-1.0677,-0.9890,-1.4154,-0.9335,-0.9300,-0.6031,,-0.8553,-0.6356,-0.6675,-0.5879,-0.4604,-0.6066,,-0.7993,-0.4494,-0.4338,-0.4124,-0.7106
60995,1967,-0.7834,,-0.9165,-0.7859,-0.5354,-0.7406,-0.7765,-0.4691,,-0.7819,-0.7810,-0.6403,-0.7599,-0.7760,-0.7506,,-0.8979,-0.8382,-0.6901,-0.8011,-0.6866,-0.6221,,-0.7893,-0.4625,-0.5727,-0.4331,-0.7155
61360,1968,-0.8246,,-0.9174,-0.7960,-0.5843,-0.7779,-0.7256,-0.8011,,-1.1984,-1.1292,-1.0201,-1.0962,-1.0571,-0.8530,,-0.9491,-0.8587,-0.7812,-0.8147,-0.6533,-0.8248,,-0.9468,-0.6663,-0.6562,-0.6553,-0.8960
61726,1969,-0.2833,,-0.3290,-0.2018,-0.0306,-0.2074,-0.1731,-0.1601,,-0.5797,-0.6017,-0.3779,-0.5937,-0.5517,-0.2262,,-0.3354,-0.1807,-0.0837,-0.1483,-0.0297,-0.2817,,-0.3864,-0.1442,-0.0712,-0.1210,-0.3472
62091,1970,-0.6347,,-0.6634,-0.6012,-0.2974,-0.6162,-0.5671,-0.6032,,-1.0098,-1.0123,-0.7468,-1.0008,-0.9575,-0.6510,,-0.8229,-0.7231,-0.5961,-0.7237,-0.5565,-0.5030,,-0.6270,-0.3650,-0.2241,-0.3437,-0.5575
62456,1971,-1.0307,,-1.0434,-0.9541,-0.5849,-0.9473,-0.9489,-0.4700,,-0.8011,-0.8885,-0.6234,-0.8239,-0.8746,-0.7685,,-0.7995,-0.8806,-0.7107,-0.8533,-0.7977,-0.9945,,-1.0677,-0.8944,-0.7356,-0.8840,-0.9908
62821,1972,-0.5566,,-0.6238,-0.5209,-0.2657,-0.5107,-0.6426,-0.0855,,-0.5180,-0.4561,-0.3032,-0.4328,-0.3851,-0.2641,,-0.3223,-0.3271,-0.1505,-0.2895,-0.2352,-0.5666,,-0.6486,-0.4852,-0.2760,-0.4781,-0.6084
63187,1973,-0.4371,,-0.4879,-0.3853,-0.1686,-0.3609,-0.4226,-0.6390,,-0.9925,-0.9245,-1.0557,-0.9270,-0.9456,-0.3129,,-0.4315,-0.4101,-0.2846,-0.3816,-0.3799,-0.4767,,-0.6376,-0.4785,-0.3729,-0.4885,-0.5320
63552,1974,-0.8775,,-0.9467,-0.8354,-0.5921,-0.8165,-0.8550,-0.4982,,-0.8144,-0.8617,-0.8280,-0.8329,-0.7914,-0.7962,,-0.8249,-0.8766,-0.8569,-0.8256,-0.7301,-0.8975,,-1.0188,-0.9200,-0.8536,-0.9447,-0.9606
63917,1975,-0.8332,,-0.9157,-0.8017,-0.6865,-0.7956,-0.8859,-0.6979,,-1.0796,-1.0435,-1.0846,-1.0663,-1.0449,-0.6871,,-0.6832,-0.8692,-0.6778,-0.8771,-0.7126,-0.7641,,-0.9145,-0.7830,-0.7503,-0.7937,-0.8294
64282,1976,-0.8732,,-0.9455,-0.8259,-0.6652,-0.8063,-0.8980,-0.9607,,-1.2809,-1.1283,-1.4188,-1.1449,-1.0883,-0.7553,,-0.8850,-0.7717,-0.7898,-0.7358,-0.7235,-0.8442,,-0.9754,-0.8815,-0.8530,-0.8731,-0.8906
64648,1977,-0.4005,,-0.5024,-0.3816,-0.2315,-0.3406,-0.4050,-0.2893,,-0.5301,-0.5147,-0.8398,-0.4595,-0.4998,-0.3137,,-0.5018,-0.4041,-0.3416,-0.3642,-0.3729,-0.3305,,-0.4755,-0.3674,-0.3877,-0.3552,-0.4485
65013,1978,-0.4109,,-0.5597,-0.3601,-0.2872,-0.3238,-0.4674,-0.3874,,-0.7333,-0.6550,-0.9285,-0.6170,-0.5947,-0.3791,,-0.5354,-0.4173,-0.3717,-0.4125,-0.3582,-0.4751,,-0.6419,-0.5097,-0.4887,-0.5095,-0.5994
65378,1979,-0.3612,-0.4610,-0.4712,-0.2951,-0.1846,-0.2682,-0.4665,-0.5494,-0.7562,-0.9910,-0.9432,-0.9195,-0.8404,-0.8227,-0.2843,-0.4495,-0.4279,-0.3200,-0.2259,-0.2413,-0.3050,-0.5294,-0.5337,-0.6183,-0.5031,-0.5884,-0.5082,-0.5862
65743,1980,-0.3353,-0.3554,-0.2728,-0.2197,-0.1191,-0.2066,-0.2757,-0.1133,-0.3805,-0.3779,-0.4408,-0.5880,-0.4084,-0.3450,-0.2691,-0.3882,-0.3265,-0.2114,-0.1800,-0.1337,-0.1742,-0.3348,-0.3571,-0.4036,-0.3533,-0.2885,-0.3668,-0.3806
66109,1981,-0.5258,-0.5733,-0.5037,-0.3696,-0.2825,-0.3599,-0.4318,-0.3379,-0.7403,-0.4396,-0.6399,-0.9288,-0.6476,-0.5669,-0.5563,-0.5960,-0.5003,-0.4813,-0.4091,-0.4099,-0.3856,-0.4690,-0.4888,-0.5585,-0.4872,-0.4297,-0.5085,-0.5220
66474,1982,-0.3911,-0.5581,-0.4634,-0.3852,-0.1646,-0.3736,-0.5090,-0.0550,-0.3268,-0.4309,-0.3963,-0.4842,-0.3405,-0.2885,-0.2281,-0.3532,-0.1754,-0.2030,-0.0688,-0.1648,-0.1348,-0.3382,-0.4026,-0.4423,-0.3393,-0.2547,-0.3561,-0.4550
66839,1983,-0.1288,-0.2670,-0.1371,-0.0940,-0.0263,-0.1062,-0.1120,-0.4404,-0.8144,-0.7552,-0.5359,-0.9548,-0.5754,-0.4688,0.1744,0.0396,-0.0052,0.2813,0.2980,0.3518,0.2518,-0.1518,-0.2132,-0.2428,-0.1886,-0.1051,-0.1792,-0.2212
67204,1984,-0.6538,-0.8165,-0.7843,-0.6095,-0.6154,-0.6061,-0.6869,-0.6119,-0.9640,-0.7540,-0.6953,-1.1406,-0.7314,-0.7072,-0.5997,-0.7150,-0.6703,-0.5861,-0.6109,-0.5272,-0.5277,-0.5907,-0.7305,-0.6899,-0.6074,-0.6055,-0.6235,-0.6411
67570,1985,-0.7871,-0.8654,-0.8070,-0.7146,-0.5682,-0.7257,-0.7762,-0.5456,-0.9261,-0.7368,-0.7724,-0.9914,-0.7779,-0.6530,-0.6126,-0.6841,-0.6208,-0.6851,-0.5106,-0.6573,-0.6104,-0.5245,-0.6562,-0.6024,-0.5129,-0.5396,-0.5216,-0.5851
67935,1986,-0.6367,-0.7109,-0.6535,-0.5489,-0.5696,-0.5661,-0.6170,-0.3341,-0.7385,-0.4150,-0.5095,-0.8467,-0.5455,-0.5058,-0.5317,-0.7204,-0.5274,-0.5048,-0.4214,-0.4759,-0.4559,-0.4385,-0.5475,-0.4777,-0.4376,-0.4566,-0.4312,-0.4587
68300,1987,-0.0719,-0.0805,-0.1131,0.0885,-0.0171,0.0823,-0.1186,-0.6776,-1.0636,-0.8804,-0.7915,-1.1482,-0.8901,-0.7511,-0.0160,-0.0405,-0.2133,0.0483,0.1369,0.0688,0.0800,-0.0497,-0.1022,-0.1232,-0.0785,-0.0271,-0.0728,-0.0933
68665,1988,-0.4588,-0.3809,-0.4951,-0.3157,-0.3062,-0.3113,-0.4257,-0.4221,-0.6811,-0.6486,-0.7978,-0.8927,-0.9547,-0.6882,-0.2884,-0.3014,-0.3594,-0.3685,-0.0666,-0.3285,-0.3045,-0.4333,-0.4170,-0.5121,-0.4575,-0.3637,-0.4469,-0.4375
69031,1989,-0.7224,-0.7277,-0.7055,-0.7095,-0.5943,-0.7426,-0.6821,-0.2246,-0.4546,-0.4768,-0.4478,-0.5885,-0.3922,-0.4020,-0.5740,-0.6031,-0.5390,-0.5094,-0.3873,-0.4859,-0.5081,-0.5456,-0.5619,-0.5906,-0.5357,-0.4642,-0.5304,-0.5636
69396,1990,-0.2920,-0.3739,-0.3384,-0.3237,-0.1771,-0.3400,-0.3720,-0.1965,-0.4605,-0.3230,-0.2644,-0.5731,-0.2873,-0.3105,-0.2818,-0.3118,-0.2455,-0.1580,-0.0698,-0.1019,-0.2134,-0.3127,-0.3610,-0.3880,-0.3511,-0.2934,-0.3419,-0.3807
69761,1991,-0.3181,-0.4095,-0.2881,-0.2581,-0.3124,-0.2354,-0.3486,-0.3140,-0.6687,-0.4895,-0.3877,-0.7574,-0.4143,-0.4776,-0.1009,-0.1791,-0.0559,-0.0430,-0.0104,-0.0399,-0.1280,-0.2999,-0.4012,-0.3478,-0.3641,-0.3228,-0.3506,-0.3400
70126,1992,-0.3341,-0.4444,-0.3081,-0.2736,-0.3486,-0.2757,-0.3203,-0.4961,-0.7842,-0.6695,-0.4255,-0.9706,-0.4692,-0.4807,-0.0903,-0.2242,-0.2476,-0.0349,-0.0968,-0.0177,-0.1280,-0.4115,-0.5438,-0.4782,-0.5166,-0.4462,-0.5272,-0.4724
70492,1993,-0.4342,-0.4491,-0.3666,-0.3091,-0.3573,-0.3216,-0.3492,-0.2303,-0.3960,-0.5699,-0.2785,-0.5177,-0.1943,-0.3772,-0.2006,-0.3449,-0.2696,-0.1542,-0.2889,-0.1404,-0.1915,-0.3078,-0.3659,-0.3530,-0.3957,-0.2713,-0.3945,-0.3559
70857,1994,-0.3665,-0.3723,-0.3974,-0.3966,-0.3357,-0.3833,-0.4564,0.1770,0.0829,-0.0540,-0.0270,-0.0470,-0.0040,-0.0486,-0.0050,-0.1904,-0.1198,-0.1287,-0.1590,-0.1303,-0.1549,-0.1245,-0.1849,-0.1896,-0.1903,-0.0807,-0.1970,-0.2078
71222,1995,-0.0745,-0.2261,-0.1423,-0.0633,-0.0863,-0.0504,-0.1161,0.1839,0.1185,-0.0732,-0.0488,-0.0107,-0.0097,-0.0993,0.1018,-0.1280,-0.0591,-0.0219,-0.0096,-0.0182,-0.0358,-0.0707,-0.1736,-0.1806,-0.1127,-0.1066,-0.1235,-0.1816
71587,1996,-0.3978,-0.5937,-0.4654,-0.3696,-0.3016,-0.3873,-0.4273,-0.0578,-0.1135,-0.1803,-0.1753,-0.2306,-0.2170,-0.2711,-0.4466,-0.5863,-0.5571,-0.4775,-0.5312,-0.4947,-0.4809,-0.3049,-0.4176,-0.3904,-0.3662,-0.3186,-0.3629,-0.3832
71953,1997,0.0036,-0.1618,-0.0799,-0.0334,0.0255,-0.0532,-0.1477,-0.2883,-0.5041,-0.5160,-0.2178,-0.4752,-0.2093,-0.3563,0.2534,-0.0346,0.0254,0.2281,-0.0375,0.2129,0.1267,0.0803,-0.0344,0.0147,0.0547,0.0179,0.0215,-0.0145
72318,1998,0.2944,0.2027,0.3059,0.2845,0.4017,0.2442,0.2259,0.2214,0.1419,0.1188,0.1194,0.1326,0.1825,0.0421,0.5000,0.2885,0.2779,0.4132,0.2626,0.4462,0.2665,0.2478,0.2278,0.1951,0.2332,0.2650,0.2503,0.2198
72683,1999,-0.3854,-0.6759,-0.4488,-0.3581,-0.3844,-0.3490,-0.3900,-0.2026,-0.2142,-0.0962,-0.3290,-0.2523,-0.3664,-0.3219,-0.4347,-0.7857,-0.4459,-0.4758,-0.7582,-0.5324,-0.4638,-0.3734,-0.4489,-0.4347,-0.3634,-0.3529,-0.3732,-0.4051
73048,2000,-0.4445,-0.6414,-0.5301,-0.3910,-0.4535,-0.4030,-0.4790,-0.0594,-0.0690,-0.0029,-0.0792,-0.1532,-0.0850,-0.2191,-0.4607,-0.6575,-0.4915,-0.4285,-0.5228,-0.5140,-0.5097,-0.4724,-0.5829,-0.4783,-0.4027,-0.4746,-0.4034,-0.4369
73414,2001,-0.1211,-0.3523,-0.1793,-0.1366,-0.1868,-0.1732,-0.1945,-0.1404,-0.2013,-0.1935,-0.2897,-0.2977,-0.3072,-0.2871,-0.3172,-0.4455,-0.3207,-0.2466,-0.3629,-0.3011,-0.3643,-0.1628,-0.2286,-0.1282,-0.0583,-0.1437,-0.0652,-0.1378
73779,2002,0.0606,-0.0909,-0.0156,-0.0609,0.0425,-0.0807,-0.0545,-0.0139,-0.0593,-0.1578,-0.1859,-0.2265,-0.1779,-0.0786,-0.0359,-0.0140,-0.0917,-0.0600,-0.0190,-0.0573,-0.0813,0.0617,0.0169,0.0455,0.1169,0.0680,0.1289,0.0774
74144,2003,0.1738,-0.0041,0.0654,0.2051,0.1496,0.2392,0.1073,0.0396,-0.0021,0.0396,-0.0921,0.0232,-0.1673,0.0209,0.0747,0.0480,0.0125,0.0868,0.1240,0.0684,0.0784,0.0472,-0.0005,0.0033,0.0734,-0.0058,0.0731,0.0067
74509,2004,-0.0164,-0.0845,-0.1275,-0.0597,-0.0036,-0.0582,-0.1006,-0.3934,-0.5106,-0.3272,-0.3121,-0.4338,-0.3523,-0.2011,-0.0759,-0.0824,-0.0846,-0.0676,0.0210,-0.0597,-0.0717,-0.0690,-0.0681,-0.0803,0.0047,-0.1268,-0.0017,-0.0651
74875,2005,0.0904,0.1727,0.0423,0.0886,0.1217,0.0833,0.0702,0.0313,0.0858,0.0757,0.0155,-0.0129,0.1310,0.0341,-0.0067,0.1518,0.0412,-0.0160,0.0896,0.0031,-0.0132,0.0240,0.0772,0.0172,0.1009,-0.0287,0.0867,0.0299
75240,2006,-0.0247,0.0431,-0.0525,0.0078,0.0135,0.0103,0.0032,0.0910,0.1592,0.2602,0.1490,-0.0044,0.1760,0.1221,-0.0981,-0.0435,-0.0678,-0.0909,-0.0244,-0.1207,-0.0170,-0.0100,0.0604,0.0189,0.0805,-0.0151,0.0610,0.0051
75605,2007,-0.0205,0.0791,-0.0023,-0.0261,-0.0908,-0.0356,-0.0250,-0.2562,-0.1839,-0.2103,-0.2132,-0.3726,-0.2466,-0.2790,-0.1023,-0.0164,-0.0780,-0.0995,-0.1112,-0.0998,-0.1205,-0.2134,-0.0600,-0.2082,-0.0810,-0.2141,-0.1033,-0.1656
75970,2008,-0.2282,-0.1772,-0.2288,-0.2442,-0.1842,-0.2260,-0.1882,-0.2933,-0.1375,-0.2178,-0.2114,-0.2322,-0.1691,-0.2442,-0.4084,-0.2740,-0.2737,-0.2304,-0.3084,-0.1622,-0.2309,-0.1793,-0.0941,-0.1479,-0.0687,-0.2283,-0.0794,-0.1643
76336,2009,0.1352,0.2316,0.1055,0.0366,0.0922,-0.0019,0.0744,0.1079,0.3109,0.0866,0.1963,0.3770,0.1851,0.1738,-0.0485,0.1376,0.0970,0.0716,-0.0366,0.0411,0.0085,0.0692,0.1237,0.0941,0.1540,0.0513,0.1364,0.0512
76701,2010,0.1529,0.2576,0.1966,0.1936,0.1666,0.1709,0.3005,-0.6093,-0.4155,-0.4897,-0.4963,-0.2961,-0.5064,-0.4964,-0.2492,0.1009,-0.1466,0.0474,-0.0760,0.0448,-0.0602,0.0771,0.2214,0.0726,0.1883,0.1391,0.1796,0.0856
77066,2011,-0.0998,-0.0102,-0.0932,-0.1498,-0.1041,-0.1771,-0.0746,0.0783,0.3863,0.2166,0.0940,0.5331,0.1443,0.1205,-0.2124,-0.0028,-0.0860,-0.1195,-0.1061,-0.0395,-0.1409,-0.0981,-0.0411,-0.0853,-0.0306,-0.0404,-0.0410,-0.1047
77431,2012,-0.0643,0.0602,0.0008,-0.0626,-0.0008,-0.0993,0.0028,0.1614,0.3750,0.5522,0.2665,0.5718,0.2440,0.2459,-0.1073,-0.0091,-0.0758,0.0116,-0.0474,0.0081,-0.0091,0.1282,0.2018,0.1573,0.1267,0.1944,0.1342,0.1501
77797,2013,0.0714,0.2920,0.1082,0.0569,0.1030,0.0794,0.1158,-0.1924,-0.0632,-0.2230,-0.1663,0.1530,-0.2341,-0.1448,0.0511,0.2062,-0.0102,-0.0553,0.1414,-0.0625,-0.0412,-0.0173,0.1159,0.0057,0.0058,0.0816,0.0255,0.0397
78162,2014,0.1392,0.3744,0.1519,0.1468,0.1315,0.1502,0.2894,0.0212,0.1334,-0.0347,0.1474,0.4413,0.1322,0.2380,0.1108,0.2167,0.0257,0.1397,0.1980,0.1708,0.2216,0.1571,0.2136,0.2469,0.1129,0.1706,0.1308,0.2515
78527,2015,0.4579,0.7527,0.5677,0.5460,0.4476,0.5390,0.5145,0.2253,0.2064,0.2916,0.3212,0.5133,0.3611,0.5013,0.5735,0.5989,0.5899,0.4360,0.5853,0.5092,0.5955,0.5518,0.6026,0.6581,0.5073,0.5287,0.5101,0.6051
78892,2016,0.3797,0.6508,0.5184,0.5640,0.4508,0.5698,0.5503,0.3938,0.3760,0.6270,0.4877,0.6274,0.4243,0.5888,0.4554,0.5604,0.5580,0.4717,0.5773,0.5134,0.5503,0.3693,0.4462,0.3738,0.2883,0.3789,0.3241,0.3868
79258,2017,0.1881,0.2723,0.2868,0.1763,0.1289,0.1035,0.2144,0.5309,0.5254,0.8006,0.6144,0.5535,0.6281,0.6478,0.1403,0.2859,0.3037,0.2287,0.2348,0.2547,0.2938,0.3463,0.3772,0.4159,0.2652,0.3054,0.2704,0.3927
79623,2018,0.0941,0.1844,0.2000,0.0458,-0.0469,0.0242,0.1903,0.2109,0.2069,0.3642,0.3305,0.2398,0.3174,0.4045,0.0546,0.1385,0.2027,-0.1097,0.0506,-0.0936,0.1925,0.0565,0.1057,0.1455,-0.0234,0.0526,-0.0116,0.1173
79988,2019,0.5032,0.5231,0.5617,0.3620,0.4078,0.5700,0.4154,0.4178,0.4921,0.3019,0.4634,0.4531,0.4659,0.4998,0.4928,0.6798,0.5939,0.2671,0.5719,0.1899,0.3891,0.3806,0.4550,0.4785,0.2769,0.4509,0.3288,0.4603
80353,2020,0.5856,0.5969,0.6147,0.4786,0.5145,0.5268,0.5974,0.6558,0.7222,0.7705,0.7305,0.6715,0.7383,0.7434,0.5923,0.6051,0.7537,0.4581,0.6498,0.4211,0.5200,0.5179,0.4004,0.5595,0.3866,0.4721,0.3734,0.5556
80719,2021,0.0843,0.0036,0.2192,0.0552,-0.0088,0.3151,0.2947,0.3613,0.3838,0.4198,0.4523,0.3793,0.4973,0.3774,0.2599,0.3867,0.4522,0.1389,0.4407,0.1251,0.1877,0.1825,0.1361,0.2416,0.0227,0.1680,0.0980,0.2705
81084,2022,-0.0490,-0.0233,0.0622,-0.0116,-0.1309,-0.0664,0.1160,0.1342,0.1169,0.2807,0.3411,0.1887,0.3560,0.2522,0.0272,0.1552,0.2051,0.0430,0.1395,0.0814,0.0874,-0.0232,-0.0866,0.0133,-0.0986,-0.0583,-0.0562,0.0625
81449,2023,0.7151,0.7889,0.7917,0.6716,0.5980,0.5645,0.7015,0.8105,0.8258,0.8237,1.0570,0.9578,1.0594,0.8203,0.8005,0.9359,0.9748,0.6714,0.9146,0.7107,0.7917,0.8044,0.7280,0.9660,0.7589,0.7230,0.6305,0.8580
end data
