Conventions,G,BADC-CSV,1
title,G,Regional mean temperature for WMO RA 3 South America
last_revised_date,G,2024-01-23
date_valid,G,2024-01-23
feature_type,G,area average
creator,G,WMO
source,G,Produced by climind version 1.0
observation_station,G,derived data
location,G,90.,-180.,-90.,180.
activity,G,WMO
history,G,""Data set created from file ['anl_surf125.011_tmp.202401_202412', 'anl_surf125.2024MMMM'] downloaded from ['', ''] at ['2024-01-15 11:20:51']""
history,G,""Regridded to 1 degree latitude-longitude resolution""
history,G,""Rebaselined to 1991-2020""
history,G,""Calculated area-average""
history,G,""Calculated annual average from monthly averages using arithmetic mean""
history,G,""Selected years within the range 1900 to 2023.""
history,G,""Wrote to file wmo_ra_3_JRA-55.csv""
history,G,"Data set created from file ['wmo_ra_3_JRA-55.csv'] downloaded from [''] at ['2024-01-17 11:08:35']"
reference,G,"Kobayashi, S., Ota, Y., Harada, Y., Ebita, A., Moriya, M., Onoda, H., Onogi, K., Kamahori, H., Kobayashi, C., Endo, H. and Miyaoka, K., (2015). The JRA-55 reanalysis: General specifications and basic characteristics. Journal of the Meteorological Society of Japan. Ser. II, 93(1), pp.5-48."
rights,G,TBD
comments,G,Data produced by climind version 1.0
comments,G,Format description https://help.ceda.ac.uk/article/105-badc-csv
comments,G,"Original data acknowledgement: "
long_name,time,time,days since 1800-01-01 00:00:00.0
type,time,int
long_name,year,year,1
type,year,int
long_name,data,wmo_ra_3,degC
type,data,float
coordinate_variable,time,t
data
time,year,data
57708,1958,-0.0659
58073,1959,0.0161
58438,1960,-0.0526
58804,1961,-0.1461
59169,1962,-0.5501
59534,1963,-0.3016
59899,1964,-0.7090
60265,1965,-0.5056
60630,1966,-0.4338
60995,1967,-0.5727
61360,1968,-0.6562
61726,1969,-0.0712
62091,1970,-0.2241
62456,1971,-0.7356
62821,1972,-0.2760
63187,1973,-0.3729
63552,1974,-0.8536
63917,1975,-0.7503
64282,1976,-0.8530
64648,1977,-0.3877
65013,1978,-0.4887
65378,1979,-0.5884
65743,1980,-0.2885
66109,1981,-0.4297
66474,1982,-0.2547
66839,1983,-0.1051
67204,1984,-0.6055
67570,1985,-0.5396
67935,1986,-0.4566
68300,1987,-0.0271
68665,1988,-0.3637
69031,1989,-0.4642
69396,1990,-0.2934
69761,1991,-0.3228
70126,1992,-0.4462
70492,1993,-0.2713
70857,1994,-0.0807
71222,1995,-0.1066
71587,1996,-0.3186
71953,1997,0.0179
72318,1998,0.2650
72683,1999,-0.3529
73048,2000,-0.4746
73414,2001,-0.1437
73779,2002,0.0680
74144,2003,-0.0058
74509,2004,-0.1268
74875,2005,-0.0287
75240,2006,-0.0151
75605,2007,-0.2141
75970,2008,-0.2283
76336,2009,0.0513
76701,2010,0.1391
77066,2011,-0.0404
77431,2012,0.1944
77797,2013,0.0816
78162,2014,0.1706
78527,2015,0.5287
78892,2016,0.3789
79258,2017,0.3054
79623,2018,0.0526
79988,2019,0.4509
80353,2020,0.4721
80719,2021,0.1680
81084,2022,-0.0583
81449,2023,0.7230
end data
