Conventions,G,BADC-CSV,1
title,G,Regional mean temperature for Caribbean
last_revised_date,G,2023-11-02
date_valid,G,2023-11-02
feature_type,G,area average
creator,G,WMO
source,G,Produced by climind version 1.0
observation_station,G,derived data
location,G,90.,-180.,-90.,180.
rights,G,TBD
activity,G,WMO
comments,G,Format description https://help.ceda.ac.uk/article/105-badc-csv
history,lac_subregion_3_Berkeley_Earth,""Data set created from file ['Land_and_Ocean_LatLong1.nc'] downloaded from ['https://berkeley-earth-temperature.s3.us-west-1.amazonaws.com/Global/Gridded/Land_and_Ocean_LatLong1.nc'] at ['2023-10-31 16:14:45']""
history,lac_subregion_3_Berkeley_Earth,""Rebaselined to 1991-2020""
history,lac_subregion_3_Berkeley_Earth,""Calculated area-average""
history,lac_subregion_3_Berkeley_Earth,""Calculated annual average from monthly averages using arithmetic mean""
history,lac_subregion_3_Berkeley_Earth,""Selected years within the range 1900 to 2023.""
history,lac_subregion_3_Berkeley_Earth,""Wrote to file lac_subregion_3_Berkeley Earth.csv""
history,lac_subregion_3_Berkeley_Earth,"Data set created from file ['lac_subregion_3_Berkeley Earth.csv'] downloaded from [''] at ['2023-11-01 16:36:10']"
reference,lac_subregion_3_Berkeley_Earth,"Rohde, R. A. and Hausfather, Z.: The Berkeley Earth Land/Ocean Temperature Record, Earth Syst. Sci. Data, 12, 3469-3479, https://doi.org/10.5194/essd-12-3469-2020, 2020"
comments,lac_subregion_3_Berkeley_Earth,"Original data acknowledgement: "
history,lac_subregion_3_ERA5,""Gridded dataset created from file ['era5_2m_tas_2023.nc'] downloaded from ['']""
history,lac_subregion_3_ERA5,""Regridded to 1 degree latitude-longitude resolution""
history,lac_subregion_3_ERA5,""Rebaselined to 1991-2020""
history,lac_subregion_3_ERA5,""Calculated area-average""
history,lac_subregion_3_ERA5,""Calculated annual average from monthly averages using arithmetic mean""
history,lac_subregion_3_ERA5,""Selected years within the range 1900 to 2023.""
history,lac_subregion_3_ERA5,""Wrote to file lac_subregion_3_ERA5.csv""
history,lac_subregion_3_ERA5,"Data set created from file ['lac_subregion_3_ERA5.csv'] downloaded from [''] at ['2023-11-01 16:36:42']"
reference,lac_subregion_3_ERA5,"Hersbach H, Bell B, Berrisford P et al. 2020. The ERA5 global reanalysis. Q. J. R. Meteorol. Soc. 146: 1999-2049. https://doi.org/10.1002/qj.3803"
comments,lac_subregion_3_ERA5,"Original data acknowledgement: Contains using Copernicus Climate Change Service information [2023]. Neither the European Commission nor ECMWF is responsible for any use that may be made of the Copernicus information or data it contains."
history,lac_subregion_3_GISTEMP,""Data set created from file ['gistemp1200_GHCNv4_ERSSTv5.nc.gz'] downloaded from ['https://data.giss.nasa.gov/pub/gistemp/gistemp1200_GHCNv4_ERSSTv5.nc.gz'] at ['2023-10-13 17:19:30']""
history,lac_subregion_3_GISTEMP,""Regridded to 1 degree latitude-longitude resolution""
history,lac_subregion_3_GISTEMP,""Rebaselined to 1991-2020""
history,lac_subregion_3_GISTEMP,""Calculated area-average""
history,lac_subregion_3_GISTEMP,""Calculated annual average from monthly averages using arithmetic mean""
history,lac_subregion_3_GISTEMP,""Selected years within the range 1900 to 2023.""
history,lac_subregion_3_GISTEMP,""Wrote to file lac_subregion_3_GISTEMP.csv""
history,lac_subregion_3_GISTEMP,"Data set created from file ['lac_subregion_3_GISTEMP.csv'] downloaded from [''] at ['2023-11-01 16:37:16']"
reference,lac_subregion_3_GISTEMP,"Lenssen, N., G. Schmidt, J. Hansen, M. Menne, A. Persin, R. Ruedy, and D. Zyss, 2019: Improvements in the GISTEMP uncertainty model. J. Geophys. Res. Atmos., 124, no. 12, 6307-6326, doi:10.1029/2018JD029522"
comments,lac_subregion_3_GISTEMP,"Original data acknowledgement: "
history,lac_subregion_3_HadCRUT5,""Data set created from file ['HadCRUT.5.0.1.0.analysis.anomalies.ensemble_mean.nc'] downloaded from ['https://www.metoffice.gov.uk/hadobs/hadcrut5/data/current/analysis/HadCRUT.5.0.1.0.analysis.anomalies.ensemble_mean.nc'] at ['2023-10-31 16:06:13']""
history,lac_subregion_3_HadCRUT5,""Regridded to 1 degree latitude-longitude resolution""
history,lac_subregion_3_HadCRUT5,""Rebaselined to 1991-2020""
history,lac_subregion_3_HadCRUT5,""Calculated area-average""
history,lac_subregion_3_HadCRUT5,""Calculated annual average from monthly averages using arithmetic mean""
history,lac_subregion_3_HadCRUT5,""Selected years within the range 1900 to 2023.""
history,lac_subregion_3_HadCRUT5,""Wrote to file lac_subregion_3_HadCRUT5.csv""
history,lac_subregion_3_HadCRUT5,"Data set created from file ['lac_subregion_3_HadCRUT5.csv'] downloaded from [''] at ['2023-11-01 16:38:17']"
reference,lac_subregion_3_HadCRUT5,"Morice, C. P., Kennedy, J. J., Rayner, N. A., Winn, J. P., Hogan, E., Killick, R. E., et al. (2021). An updated assessment of near-surface temperature change from 1850: the HadCRUT5 data set. Journal of Geophysical Research: Atmospheres, 126, e2019JD032361. https://doi.org/10.1029/2019JD032361"
comments,lac_subregion_3_HadCRUT5,"Original data acknowledgement: HadCRUT.5.0.1.0 data were obtained from http://www.metoffice.gov.uk/hadobs/hadcrut5 on 2023-10-31 16:06:13 and are © British Crown Copyright, Met Office 2023, provided under an Open Government License, http://www.nationalarchives.gov.uk/doc/open-government-licence/version/3/"
history,lac_subregion_3_JRA-55,""Data set created from file ['anl_surf125.011_tmp.202301_202312', 'anl_surf125.2023MMMM'] downloaded from ['', ''] at ['2023-10-06 11:01:38']""
history,lac_subregion_3_JRA-55,""Regridded to 1 degree latitude-longitude resolution""
history,lac_subregion_3_JRA-55,""Rebaselined to 1991-2020""
history,lac_subregion_3_JRA-55,""Calculated area-average""
history,lac_subregion_3_JRA-55,""Calculated annual average from monthly averages using arithmetic mean""
history,lac_subregion_3_JRA-55,""Selected years within the range 1900 to 2023.""
history,lac_subregion_3_JRA-55,""Wrote to file lac_subregion_3_JRA-55.csv""
history,lac_subregion_3_JRA-55,"Data set created from file ['lac_subregion_3_JRA-55.csv'] downloaded from [''] at ['2023-11-01 16:38:54']"
reference,lac_subregion_3_JRA-55,"Kobayashi, S., Ota, Y., Harada, Y., Ebita, A., Moriya, M., Onoda, H., Onogi, K., Kamahori, H., Kobayashi, C., Endo, H. and Miyaoka, K., (2015). The JRA-55 reanalysis: General specifications and basic characteristics. Journal of the Meteorological Society of Japan. Ser. II, 93(1), pp.5-48."
comments,lac_subregion_3_JRA-55,"Original data acknowledgement: "
history,lac_subregion_3_Kadow,""Data set created from file ['HadCRUT.5.0.1.0.anomalies.Kadow_et_al_2020_20crAI-infilled.ensemble_mean_185001-*.nc'] downloaded from [''] at ['2023-11-02 09:03:42']""
history,lac_subregion_3_Kadow,""Regridded to 1 degree latitude-longitude resolution""
history,lac_subregion_3_Kadow,""Rebaselined to 1991-2020""
history,lac_subregion_3_Kadow,""Calculated area-average""
history,lac_subregion_3_Kadow,""Calculated annual average from monthly averages using arithmetic mean""
history,lac_subregion_3_Kadow,""Selected years within the range 1900 to 2023.""
history,lac_subregion_3_Kadow,""Wrote to file lac_subregion_3_Kadow.csv""
history,lac_subregion_3_Kadow,"Data set created from file ['lac_subregion_3_Kadow.csv'] downloaded from [''] at ['2023-11-02 09:21:18']"
reference,lac_subregion_3_Kadow,"Kadow, C., Hall, D.M. & Ulbrich, U. Artificial intelligence reconstructs missing climate information. Nat. Geosci. (2020). https://doi.org/10.1038/s41561-020-0582-5"
comments,lac_subregion_3_Kadow,"Original data acknowledgement: "
history,lac_subregion_3_NOAA_Interim,""Data set created from file ['NOAAGlobalTemp_v*.nc'] downloaded from ['https://www.ncei.noaa.gov/data/noaa-global-surface-temperature/v5.1/access/gridded/NOAAGlobalTemp_v.*.nc'] at ['2023-10-14 08:45:48']""
history,lac_subregion_3_NOAA_Interim,""Data set created from file ['NOAAGlobalTemp_v*.nc'] downloaded from ['https://www.ncei.noaa.gov/data/noaa-global-surface-temperature/v5.1/access/gridded/NOAAGlobalTemp_v.*.nc'] at ['2023-10-14 08:45:48']""
history,lac_subregion_3_NOAA_Interim,""Regridded to 1 degree latitude-longitude resolution""
history,lac_subregion_3_NOAA_Interim,""Rebaselined to 1991-2020""
history,lac_subregion_3_NOAA_Interim,""Calculated area-average""
history,lac_subregion_3_NOAA_Interim,""Calculated annual average from monthly averages using arithmetic mean""
history,lac_subregion_3_NOAA_Interim,""Selected years within the range 1900 to 2023.""
history,lac_subregion_3_NOAA_Interim,""Wrote to file lac_subregion_3_NOAA Interim.csv""
history,lac_subregion_3_NOAA_Interim,"Data set created from file ['lac_subregion_3_NOAA Interim.csv'] downloaded from [''] at ['2023-11-01 16:40:39']"
reference,lac_subregion_3_NOAA_Interim,"Vose, R.S., B. Huang, X. Yin., D. Arndt, D.R. Easterling, J.H. Lawrimore, M.J. Menne, A. Sanchez-Lugo, H.-M. Zhang, 2021: Implementing full spatial coverage in NOAA’s global temperature analysis. Geophysical Research Letters, 48, e2020GL090873. https://doi.org/10.1029/2020GL090873"
comments,lac_subregion_3_NOAA_Interim,"Original data acknowledgement: "
history,lac_subregion_4_Berkeley_Earth,""Data set created from file ['Land_and_Ocean_LatLong1.nc'] downloaded from ['https://berkeley-earth-temperature.s3.us-west-1.amazonaws.com/Global/Gridded/Land_and_Ocean_LatLong1.nc'] at ['2023-10-31 16:14:45']""
history,lac_subregion_4_Berkeley_Earth,""Rebaselined to 1991-2020""
history,lac_subregion_4_Berkeley_Earth,""Calculated area-average""
history,lac_subregion_4_Berkeley_Earth,""Calculated annual average from monthly averages using arithmetic mean""
history,lac_subregion_4_Berkeley_Earth,""Selected years within the range 1900 to 2023.""
history,lac_subregion_4_Berkeley_Earth,""Wrote to file lac_subregion_4_Berkeley Earth.csv""
history,lac_subregion_4_Berkeley_Earth,"Data set created from file ['lac_subregion_4_Berkeley Earth.csv'] downloaded from [''] at ['2023-11-01 16:36:13']"
reference,lac_subregion_4_Berkeley_Earth,"Rohde, R. A. and Hausfather, Z.: The Berkeley Earth Land/Ocean Temperature Record, Earth Syst. Sci. Data, 12, 3469-3479, https://doi.org/10.5194/essd-12-3469-2020, 2020"
comments,lac_subregion_4_Berkeley_Earth,"Original data acknowledgement: "
history,lac_subregion_4_ERA5,""Gridded dataset created from file ['era5_2m_tas_2023.nc'] downloaded from ['']""
history,lac_subregion_4_ERA5,""Regridded to 1 degree latitude-longitude resolution""
history,lac_subregion_4_ERA5,""Rebaselined to 1991-2020""
history,lac_subregion_4_ERA5,""Calculated area-average""
history,lac_subregion_4_ERA5,""Calculated annual average from monthly averages using arithmetic mean""
history,lac_subregion_4_ERA5,""Selected years within the range 1900 to 2023.""
history,lac_subregion_4_ERA5,""Wrote to file lac_subregion_4_ERA5.csv""
history,lac_subregion_4_ERA5,"Data set created from file ['lac_subregion_4_ERA5.csv'] downloaded from [''] at ['2023-11-01 16:36:42']"
reference,lac_subregion_4_ERA5,"Hersbach H, Bell B, Berrisford P et al. 2020. The ERA5 global reanalysis. Q. J. R. Meteorol. Soc. 146: 1999-2049. https://doi.org/10.1002/qj.3803"
comments,lac_subregion_4_ERA5,"Original data acknowledgement: Contains using Copernicus Climate Change Service information [2023]. Neither the European Commission nor ECMWF is responsible for any use that may be made of the Copernicus information or data it contains."
history,lac_subregion_4_GISTEMP,""Data set created from file ['gistemp1200_GHCNv4_ERSSTv5.nc.gz'] downloaded from ['https://data.giss.nasa.gov/pub/gistemp/gistemp1200_GHCNv4_ERSSTv5.nc.gz'] at ['2023-10-13 17:19:30']""
history,lac_subregion_4_GISTEMP,""Regridded to 1 degree latitude-longitude resolution""
history,lac_subregion_4_GISTEMP,""Rebaselined to 1991-2020""
history,lac_subregion_4_GISTEMP,""Calculated area-average""
history,lac_subregion_4_GISTEMP,""Calculated annual average from monthly averages using arithmetic mean""
history,lac_subregion_4_GISTEMP,""Selected years within the range 1900 to 2023.""
history,lac_subregion_4_GISTEMP,""Wrote to file lac_subregion_4_GISTEMP.csv""
history,lac_subregion_4_GISTEMP,"Data set created from file ['lac_subregion_4_GISTEMP.csv'] downloaded from [''] at ['2023-11-01 16:37:17']"
reference,lac_subregion_4_GISTEMP,"Lenssen, N., G. Schmidt, J. Hansen, M. Menne, A. Persin, R. Ruedy, and D. Zyss, 2019: Improvements in the GISTEMP uncertainty model. J. Geophys. Res. Atmos., 124, no. 12, 6307-6326, doi:10.1029/2018JD029522"
comments,lac_subregion_4_GISTEMP,"Original data acknowledgement: "
history,lac_subregion_4_HadCRUT5,""Data set created from file ['HadCRUT.5.0.1.0.analysis.anomalies.ensemble_mean.nc'] downloaded from ['https://www.metoffice.gov.uk/hadobs/hadcrut5/data/current/analysis/HadCRUT.5.0.1.0.analysis.anomalies.ensemble_mean.nc'] at ['2023-10-31 16:06:13']""
history,lac_subregion_4_HadCRUT5,""Regridded to 1 degree latitude-longitude resolution""
history,lac_subregion_4_HadCRUT5,""Rebaselined to 1991-2020""
history,lac_subregion_4_HadCRUT5,""Calculated area-average""
history,lac_subregion_4_HadCRUT5,""Calculated annual average from monthly averages using arithmetic mean""
history,lac_subregion_4_HadCRUT5,""Selected years within the range 1900 to 2023.""
history,lac_subregion_4_HadCRUT5,""Wrote to file lac_subregion_4_HadCRUT5.csv""
history,lac_subregion_4_HadCRUT5,"Data set created from file ['lac_subregion_4_HadCRUT5.csv'] downloaded from [''] at ['2023-11-01 16:38:19']"
reference,lac_subregion_4_HadCRUT5,"Morice, C. P., Kennedy, J. J., Rayner, N. A., Winn, J. P., Hogan, E., Killick, R. E., et al. (2021). An updated assessment of near-surface temperature change from 1850: the HadCRUT5 data set. Journal of Geophysical Research: Atmospheres, 126, e2019JD032361. https://doi.org/10.1029/2019JD032361"
comments,lac_subregion_4_HadCRUT5,"Original data acknowledgement: HadCRUT.5.0.1.0 data were obtained from http://www.metoffice.gov.uk/hadobs/hadcrut5 on 2023-10-31 16:06:13 and are © British Crown Copyright, Met Office 2023, provided under an Open Government License, http://www.nationalarchives.gov.uk/doc/open-government-licence/version/3/"
history,lac_subregion_4_JRA-55,""Data set created from file ['anl_surf125.011_tmp.202301_202312', 'anl_surf125.2023MMMM'] downloaded from ['', ''] at ['2023-10-06 11:01:38']""
history,lac_subregion_4_JRA-55,""Regridded to 1 degree latitude-longitude resolution""
history,lac_subregion_4_JRA-55,""Rebaselined to 1991-2020""
history,lac_subregion_4_JRA-55,""Calculated area-average""
history,lac_subregion_4_JRA-55,""Calculated annual average from monthly averages using arithmetic mean""
history,lac_subregion_4_JRA-55,""Selected years within the range 1900 to 2023.""
history,lac_subregion_4_JRA-55,""Wrote to file lac_subregion_4_JRA-55.csv""
history,lac_subregion_4_JRA-55,"Data set created from file ['lac_subregion_4_JRA-55.csv'] downloaded from [''] at ['2023-11-01 16:38:55']"
reference,lac_subregion_4_JRA-55,"Kobayashi, S., Ota, Y., Harada, Y., Ebita, A., Moriya, M., Onoda, H., Onogi, K., Kamahori, H., Kobayashi, C., Endo, H. and Miyaoka, K., (2015). The JRA-55 reanalysis: General specifications and basic characteristics. Journal of the Meteorological Society of Japan. Ser. II, 93(1), pp.5-48."
comments,lac_subregion_4_JRA-55,"Original data acknowledgement: "
history,lac_subregion_4_Kadow,""Data set created from file ['HadCRUT.5.0.1.0.anomalies.Kadow_et_al_2020_20crAI-infilled.ensemble_mean_185001-*.nc'] downloaded from [''] at ['2023-11-02 09:03:42']""
history,lac_subregion_4_Kadow,""Regridded to 1 degree latitude-longitude resolution""
history,lac_subregion_4_Kadow,""Rebaselined to 1991-2020""
history,lac_subregion_4_Kadow,""Calculated area-average""
history,lac_subregion_4_Kadow,""Calculated annual average from monthly averages using arithmetic mean""
history,lac_subregion_4_Kadow,""Selected years within the range 1900 to 2023.""
history,lac_subregion_4_Kadow,""Wrote to file lac_subregion_4_Kadow.csv""
history,lac_subregion_4_Kadow,"Data set created from file ['lac_subregion_4_Kadow.csv'] downloaded from [''] at ['2023-11-02 09:21:21']"
reference,lac_subregion_4_Kadow,"Kadow, C., Hall, D.M. & Ulbrich, U. Artificial intelligence reconstructs missing climate information. Nat. Geosci. (2020). https://doi.org/10.1038/s41561-020-0582-5"
comments,lac_subregion_4_Kadow,"Original data acknowledgement: "
history,lac_subregion_4_NOAA_Interim,""Data set created from file ['NOAAGlobalTemp_v*.nc'] downloaded from ['https://www.ncei.noaa.gov/data/noaa-global-surface-temperature/v5.1/access/gridded/NOAAGlobalTemp_v.*.nc'] at ['2023-10-14 08:45:48']""
history,lac_subregion_4_NOAA_Interim,""Data set created from file ['NOAAGlobalTemp_v*.nc'] downloaded from ['https://www.ncei.noaa.gov/data/noaa-global-surface-temperature/v5.1/access/gridded/NOAAGlobalTemp_v.*.nc'] at ['2023-10-14 08:45:48']""
history,lac_subregion_4_NOAA_Interim,""Regridded to 1 degree latitude-longitude resolution""
history,lac_subregion_4_NOAA_Interim,""Rebaselined to 1991-2020""
history,lac_subregion_4_NOAA_Interim,""Calculated area-average""
history,lac_subregion_4_NOAA_Interim,""Calculated annual average from monthly averages using arithmetic mean""
history,lac_subregion_4_NOAA_Interim,""Selected years within the range 1900 to 2023.""
history,lac_subregion_4_NOAA_Interim,""Wrote to file lac_subregion_4_NOAA Interim.csv""
history,lac_subregion_4_NOAA_Interim,"Data set created from file ['lac_subregion_4_NOAA Interim.csv'] downloaded from [''] at ['2023-11-01 16:40:42']"
reference,lac_subregion_4_NOAA_Interim,"Vose, R.S., B. Huang, X. Yin., D. Arndt, D.R. Easterling, J.H. Lawrimore, M.J. Menne, A. Sanchez-Lugo, H.-M. Zhang, 2021: Implementing full spatial coverage in NOAA’s global temperature analysis. Geophysical Research Letters, 48, e2020GL090873. https://doi.org/10.1029/2020GL090873"
comments,lac_subregion_4_NOAA_Interim,"Original data acknowledgement: "
history,lac_subregion_5_Berkeley_Earth,""Data set created from file ['Land_and_Ocean_LatLong1.nc'] downloaded from ['https://berkeley-earth-temperature.s3.us-west-1.amazonaws.com/Global/Gridded/Land_and_Ocean_LatLong1.nc'] at ['2023-10-31 16:14:45']""
history,lac_subregion_5_Berkeley_Earth,""Rebaselined to 1991-2020""
history,lac_subregion_5_Berkeley_Earth,""Calculated area-average""
history,lac_subregion_5_Berkeley_Earth,""Calculated annual average from monthly averages using arithmetic mean""
history,lac_subregion_5_Berkeley_Earth,""Selected years within the range 1900 to 2023.""
history,lac_subregion_5_Berkeley_Earth,""Wrote to file lac_subregion_5_Berkeley Earth.csv""
history,lac_subregion_5_Berkeley_Earth,"Data set created from file ['lac_subregion_5_Berkeley Earth.csv'] downloaded from [''] at ['2023-11-01 16:36:15']"
reference,lac_subregion_5_Berkeley_Earth,"Rohde, R. A. and Hausfather, Z.: The Berkeley Earth Land/Ocean Temperature Record, Earth Syst. Sci. Data, 12, 3469-3479, https://doi.org/10.5194/essd-12-3469-2020, 2020"
comments,lac_subregion_5_Berkeley_Earth,"Original data acknowledgement: "
history,lac_subregion_5_ERA5,""Gridded dataset created from file ['era5_2m_tas_2023.nc'] downloaded from ['']""
history,lac_subregion_5_ERA5,""Regridded to 1 degree latitude-longitude resolution""
history,lac_subregion_5_ERA5,""Rebaselined to 1991-2020""
history,lac_subregion_5_ERA5,""Calculated area-average""
history,lac_subregion_5_ERA5,""Calculated annual average from monthly averages using arithmetic mean""
history,lac_subregion_5_ERA5,""Selected years within the range 1900 to 2023.""
history,lac_subregion_5_ERA5,""Wrote to file lac_subregion_5_ERA5.csv""
history,lac_subregion_5_ERA5,"Data set created from file ['lac_subregion_5_ERA5.csv'] downloaded from [''] at ['2023-11-01 16:36:43']"
reference,lac_subregion_5_ERA5,"Hersbach H, Bell B, Berrisford P et al. 2020. The ERA5 global reanalysis. Q. J. R. Meteorol. Soc. 146: 1999-2049. https://doi.org/10.1002/qj.3803"
comments,lac_subregion_5_ERA5,"Original data acknowledgement: Contains using Copernicus Climate Change Service information [2023]. Neither the European Commission nor ECMWF is responsible for any use that may be made of the Copernicus information or data it contains."
history,lac_subregion_5_GISTEMP,""Data set created from file ['gistemp1200_GHCNv4_ERSSTv5.nc.gz'] downloaded from ['https://data.giss.nasa.gov/pub/gistemp/gistemp1200_GHCNv4_ERSSTv5.nc.gz'] at ['2023-10-13 17:19:30']""
history,lac_subregion_5_GISTEMP,""Regridded to 1 degree latitude-longitude resolution""
history,lac_subregion_5_GISTEMP,""Rebaselined to 1991-2020""
history,lac_subregion_5_GISTEMP,""Calculated area-average""
history,lac_subregion_5_GISTEMP,""Calculated annual average from monthly averages using arithmetic mean""
history,lac_subregion_5_GISTEMP,""Selected years within the range 1900 to 2023.""
history,lac_subregion_5_GISTEMP,""Wrote to file lac_subregion_5_GISTEMP.csv""
history,lac_subregion_5_GISTEMP,"Data set created from file ['lac_subregion_5_GISTEMP.csv'] downloaded from [''] at ['2023-11-01 16:37:19']"
reference,lac_subregion_5_GISTEMP,"Lenssen, N., G. Schmidt, J. Hansen, M. Menne, A. Persin, R. Ruedy, and D. Zyss, 2019: Improvements in the GISTEMP uncertainty model. J. Geophys. Res. Atmos., 124, no. 12, 6307-6326, doi:10.1029/2018JD029522"
comments,lac_subregion_5_GISTEMP,"Original data acknowledgement: "
history,lac_subregion_5_HadCRUT5,""Data set created from file ['HadCRUT.5.0.1.0.analysis.anomalies.ensemble_mean.nc'] downloaded from ['https://www.metoffice.gov.uk/hadobs/hadcrut5/data/current/analysis/HadCRUT.5.0.1.0.analysis.anomalies.ensemble_mean.nc'] at ['2023-10-31 16:06:13']""
history,lac_subregion_5_HadCRUT5,""Regridded to 1 degree latitude-longitude resolution""
history,lac_subregion_5_HadCRUT5,""Rebaselined to 1991-2020""
history,lac_subregion_5_HadCRUT5,""Calculated area-average""
history,lac_subregion_5_HadCRUT5,""Calculated annual average from monthly averages using arithmetic mean""
history,lac_subregion_5_HadCRUT5,""Selected years within the range 1900 to 2023.""
history,lac_subregion_5_HadCRUT5,""Wrote to file lac_subregion_5_HadCRUT5.csv""
history,lac_subregion_5_HadCRUT5,"Data set created from file ['lac_subregion_5_HadCRUT5.csv'] downloaded from [''] at ['2023-11-01 16:38:22']"
reference,lac_subregion_5_HadCRUT5,"Morice, C. P., Kennedy, J. J., Rayner, N. A., Winn, J. P., Hogan, E., Killick, R. E., et al. (2021). An updated assessment of near-surface temperature change from 1850: the HadCRUT5 data set. Journal of Geophysical Research: Atmospheres, 126, e2019JD032361. https://doi.org/10.1029/2019JD032361"
comments,lac_subregion_5_HadCRUT5,"Original data acknowledgement: HadCRUT.5.0.1.0 data were obtained from http://www.metoffice.gov.uk/hadobs/hadcrut5 on 2023-10-31 16:06:13 and are © British Crown Copyright, Met Office 2023, provided under an Open Government License, http://www.nationalarchives.gov.uk/doc/open-government-licence/version/3/"
history,lac_subregion_5_JRA-55,""Data set created from file ['anl_surf125.011_tmp.202301_202312', 'anl_surf125.2023MMMM'] downloaded from ['', ''] at ['2023-10-06 11:01:38']""
history,lac_subregion_5_JRA-55,""Regridded to 1 degree latitude-longitude resolution""
history,lac_subregion_5_JRA-55,""Rebaselined to 1991-2020""
history,lac_subregion_5_JRA-55,""Calculated area-average""
history,lac_subregion_5_JRA-55,""Calculated annual average from monthly averages using arithmetic mean""
history,lac_subregion_5_JRA-55,""Selected years within the range 1900 to 2023.""
history,lac_subregion_5_JRA-55,""Wrote to file lac_subregion_5_JRA-55.csv""
history,lac_subregion_5_JRA-55,"Data set created from file ['lac_subregion_5_JRA-55.csv'] downloaded from [''] at ['2023-11-01 16:38:56']"
reference,lac_subregion_5_JRA-55,"Kobayashi, S., Ota, Y., Harada, Y., Ebita, A., Moriya, M., Onoda, H., Onogi, K., Kamahori, H., Kobayashi, C., Endo, H. and Miyaoka, K., (2015). The JRA-55 reanalysis: General specifications and basic characteristics. Journal of the Meteorological Society of Japan. Ser. II, 93(1), pp.5-48."
comments,lac_subregion_5_JRA-55,"Original data acknowledgement: "
history,lac_subregion_5_Kadow,""Data set created from file ['HadCRUT.5.0.1.0.anomalies.Kadow_et_al_2020_20crAI-infilled.ensemble_mean_185001-*.nc'] downloaded from [''] at ['2023-11-02 09:03:42']""
history,lac_subregion_5_Kadow,""Regridded to 1 degree latitude-longitude resolution""
history,lac_subregion_5_Kadow,""Rebaselined to 1991-2020""
history,lac_subregion_5_Kadow,""Calculated area-average""
history,lac_subregion_5_Kadow,""Calculated annual average from monthly averages using arithmetic mean""
history,lac_subregion_5_Kadow,""Selected years within the range 1900 to 2023.""
history,lac_subregion_5_Kadow,""Wrote to file lac_subregion_5_Kadow.csv""
history,lac_subregion_5_Kadow,"Data set created from file ['lac_subregion_5_Kadow.csv'] downloaded from [''] at ['2023-11-02 09:21:24']"
reference,lac_subregion_5_Kadow,"Kadow, C., Hall, D.M. & Ulbrich, U. Artificial intelligence reconstructs missing climate information. Nat. Geosci. (2020). https://doi.org/10.1038/s41561-020-0582-5"
comments,lac_subregion_5_Kadow,"Original data acknowledgement: "
history,lac_subregion_5_NOAA_Interim,""Data set created from file ['NOAAGlobalTemp_v*.nc'] downloaded from ['https://www.ncei.noaa.gov/data/noaa-global-surface-temperature/v5.1/access/gridded/NOAAGlobalTemp_v.*.nc'] at ['2023-10-14 08:45:48']""
history,lac_subregion_5_NOAA_Interim,""Data set created from file ['NOAAGlobalTemp_v*.nc'] downloaded from ['https://www.ncei.noaa.gov/data/noaa-global-surface-temperature/v5.1/access/gridded/NOAAGlobalTemp_v.*.nc'] at ['2023-10-14 08:45:48']""
history,lac_subregion_5_NOAA_Interim,""Regridded to 1 degree latitude-longitude resolution""
history,lac_subregion_5_NOAA_Interim,""Rebaselined to 1991-2020""
history,lac_subregion_5_NOAA_Interim,""Calculated area-average""
history,lac_subregion_5_NOAA_Interim,""Calculated annual average from monthly averages using arithmetic mean""
history,lac_subregion_5_NOAA_Interim,""Selected years within the range 1900 to 2023.""
history,lac_subregion_5_NOAA_Interim,""Wrote to file lac_subregion_5_NOAA Interim.csv""
history,lac_subregion_5_NOAA_Interim,"Data set created from file ['lac_subregion_5_NOAA Interim.csv'] downloaded from [''] at ['2023-11-01 16:40:44']"
reference,lac_subregion_5_NOAA_Interim,"Vose, R.S., B. Huang, X. Yin., D. Arndt, D.R. Easterling, J.H. Lawrimore, M.J. Menne, A. Sanchez-Lugo, H.-M. Zhang, 2021: Implementing full spatial coverage in NOAA’s global temperature analysis. Geophysical Research Letters, 48, e2020GL090873. https://doi.org/10.1029/2020GL090873"
comments,lac_subregion_5_NOAA_Interim,"Original data acknowledgement: "
history,wmo_ra_3_Berkeley_Earth,""Data set created from file ['Land_and_Ocean_LatLong1.nc'] downloaded from ['https://berkeley-earth-temperature.s3.us-west-1.amazonaws.com/Global/Gridded/Land_and_Ocean_LatLong1.nc'] at ['2023-10-31 16:14:45']""
history,wmo_ra_3_Berkeley_Earth,""Rebaselined to 1991-2020""
history,wmo_ra_3_Berkeley_Earth,""Calculated area-average""
history,wmo_ra_3_Berkeley_Earth,""Calculated annual average from monthly averages using arithmetic mean""
history,wmo_ra_3_Berkeley_Earth,""Selected years within the range 1900 to 2023.""
history,wmo_ra_3_Berkeley_Earth,""Wrote to file wmo_ra_3_Berkeley Earth.csv""
history,wmo_ra_3_Berkeley_Earth,"Data set created from file ['wmo_ra_3_Berkeley Earth.csv'] downloaded from [''] at ['2023-11-01 16:35:30']"
reference,wmo_ra_3_Berkeley_Earth,"Rohde, R. A. and Hausfather, Z.: The Berkeley Earth Land/Ocean Temperature Record, Earth Syst. Sci. Data, 12, 3469-3479, https://doi.org/10.5194/essd-12-3469-2020, 2020"
comments,wmo_ra_3_Berkeley_Earth,"Original data acknowledgement: "
history,wmo_ra_3_ERA5,""Gridded dataset created from file ['era5_2m_tas_2023.nc'] downloaded from ['']""
history,wmo_ra_3_ERA5,""Regridded to 1 degree latitude-longitude resolution""
history,wmo_ra_3_ERA5,""Rebaselined to 1991-2020""
history,wmo_ra_3_ERA5,""Calculated area-average""
history,wmo_ra_3_ERA5,""Calculated annual average from monthly averages using arithmetic mean""
history,wmo_ra_3_ERA5,""Selected years within the range 1900 to 2023.""
history,wmo_ra_3_ERA5,""Wrote to file wmo_ra_3_ERA5.csv""
history,wmo_ra_3_ERA5,"Data set created from file ['wmo_ra_3_ERA5.csv'] downloaded from [''] at ['2023-11-01 16:36:31']"
reference,wmo_ra_3_ERA5,"Hersbach H, Bell B, Berrisford P et al. 2020. The ERA5 global reanalysis. Q. J. R. Meteorol. Soc. 146: 1999-2049. https://doi.org/10.1002/qj.3803"
comments,wmo_ra_3_ERA5,"Original data acknowledgement: Contains using Copernicus Climate Change Service information [2023]. Neither the European Commission nor ECMWF is responsible for any use that may be made of the Copernicus information or data it contains."
history,wmo_ra_3_GISTEMP,""Data set created from file ['gistemp1200_GHCNv4_ERSSTv5.nc.gz'] downloaded from ['https://data.giss.nasa.gov/pub/gistemp/gistemp1200_GHCNv4_ERSSTv5.nc.gz'] at ['2023-10-13 17:19:30']""
history,wmo_ra_3_GISTEMP,""Regridded to 1 degree latitude-longitude resolution""
history,wmo_ra_3_GISTEMP,""Rebaselined to 1991-2020""
history,wmo_ra_3_GISTEMP,""Calculated area-average""
history,wmo_ra_3_GISTEMP,""Calculated annual average from monthly averages using arithmetic mean""
history,wmo_ra_3_GISTEMP,""Selected years within the range 1900 to 2023.""
history,wmo_ra_3_GISTEMP,""Wrote to file wmo_ra_3_GISTEMP.csv""
history,wmo_ra_3_GISTEMP,"Data set created from file ['wmo_ra_3_GISTEMP.csv'] downloaded from [''] at ['2023-11-01 16:36:52']"
reference,wmo_ra_3_GISTEMP,"Lenssen, N., G. Schmidt, J. Hansen, M. Menne, A. Persin, R. Ruedy, and D. Zyss, 2019: Improvements in the GISTEMP uncertainty model. J. Geophys. Res. Atmos., 124, no. 12, 6307-6326, doi:10.1029/2018JD029522"
comments,wmo_ra_3_GISTEMP,"Original data acknowledgement: "
history,wmo_ra_3_HadCRUT5,""Data set created from file ['HadCRUT.5.0.1.0.analysis.anomalies.ensemble_mean.nc'] downloaded from ['https://www.metoffice.gov.uk/hadobs/hadcrut5/data/current/analysis/HadCRUT.5.0.1.0.analysis.anomalies.ensemble_mean.nc'] at ['2023-10-31 16:06:13']""
history,wmo_ra_3_HadCRUT5,""Regridded to 1 degree latitude-longitude resolution""
history,wmo_ra_3_HadCRUT5,""Rebaselined to 1991-2020""
history,wmo_ra_3_HadCRUT5,""Calculated area-average""
history,wmo_ra_3_HadCRUT5,""Calculated annual average from monthly averages using arithmetic mean""
history,wmo_ra_3_HadCRUT5,""Selected years within the range 1900 to 2023.""
history,wmo_ra_3_HadCRUT5,""Wrote to file wmo_ra_3_HadCRUT5.csv""
history,wmo_ra_3_HadCRUT5,"Data set created from file ['wmo_ra_3_HadCRUT5.csv'] downloaded from [''] at ['2023-11-01 16:37:36']"
reference,wmo_ra_3_HadCRUT5,"Morice, C. P., Kennedy, J. J., Rayner, N. A., Winn, J. P., Hogan, E., Killick, R. E., et al. (2021). An updated assessment of near-surface temperature change from 1850: the HadCRUT5 data set. Journal of Geophysical Research: Atmospheres, 126, e2019JD032361. https://doi.org/10.1029/2019JD032361"
comments,wmo_ra_3_HadCRUT5,"Original data acknowledgement: HadCRUT.5.0.1.0 data were obtained from http://www.metoffice.gov.uk/hadobs/hadcrut5 on 2023-10-31 16:06:13 and are © British Crown Copyright, Met Office 2023, provided under an Open Government License, http://www.nationalarchives.gov.uk/doc/open-government-licence/version/3/"
history,wmo_ra_3_JRA-55,""Data set created from file ['anl_surf125.011_tmp.202301_202312', 'anl_surf125.2023MMMM'] downloaded from ['', ''] at ['2023-10-06 11:01:38']""
history,wmo_ra_3_JRA-55,""Regridded to 1 degree latitude-longitude resolution""
history,wmo_ra_3_JRA-55,""Rebaselined to 1991-2020""
history,wmo_ra_3_JRA-55,""Calculated area-average""
history,wmo_ra_3_JRA-55,""Calculated annual average from monthly averages using arithmetic mean""
history,wmo_ra_3_JRA-55,""Selected years within the range 1900 to 2023.""
history,wmo_ra_3_JRA-55,""Wrote to file wmo_ra_3_JRA-55.csv""
history,wmo_ra_3_JRA-55,"Data set created from file ['wmo_ra_3_JRA-55.csv'] downloaded from [''] at ['2023-11-01 16:38:38']"
reference,wmo_ra_3_JRA-55,"Kobayashi, S., Ota, Y., Harada, Y., Ebita, A., Moriya, M., Onoda, H., Onogi, K., Kamahori, H., Kobayashi, C., Endo, H. and Miyaoka, K., (2015). The JRA-55 reanalysis: General specifications and basic characteristics. Journal of the Meteorological Society of Japan. Ser. II, 93(1), pp.5-48."
comments,wmo_ra_3_JRA-55,"Original data acknowledgement: "
history,wmo_ra_3_Kadow,""Data set created from file ['HadCRUT.5.0.1.0.anomalies.Kadow_et_al_2020_20crAI-infilled.ensemble_mean_185001-*.nc'] downloaded from [''] at ['2023-11-02 09:03:42']""
history,wmo_ra_3_Kadow,""Regridded to 1 degree latitude-longitude resolution""
history,wmo_ra_3_Kadow,""Rebaselined to 1991-2020""
history,wmo_ra_3_Kadow,""Calculated area-average""
history,wmo_ra_3_Kadow,""Calculated annual average from monthly averages using arithmetic mean""
history,wmo_ra_3_Kadow,""Selected years within the range 1900 to 2023.""
history,wmo_ra_3_Kadow,""Wrote to file wmo_ra_3_Kadow.csv""
history,wmo_ra_3_Kadow,"Data set created from file ['wmo_ra_3_Kadow.csv'] downloaded from [''] at ['2023-11-02 09:20:25']"
reference,wmo_ra_3_Kadow,"Kadow, C., Hall, D.M. & Ulbrich, U. Artificial intelligence reconstructs missing climate information. Nat. Geosci. (2020). https://doi.org/10.1038/s41561-020-0582-5"
comments,wmo_ra_3_Kadow,"Original data acknowledgement: "
history,wmo_ra_3_NOAA_Interim,""Data set created from file ['NOAAGlobalTemp_v*.nc'] downloaded from ['https://www.ncei.noaa.gov/data/noaa-global-surface-temperature/v5.1/access/gridded/NOAAGlobalTemp_v.*.nc'] at ['2023-10-14 08:45:48']""
history,wmo_ra_3_NOAA_Interim,""Data set created from file ['NOAAGlobalTemp_v*.nc'] downloaded from ['https://www.ncei.noaa.gov/data/noaa-global-surface-temperature/v5.1/access/gridded/NOAAGlobalTemp_v.*.nc'] at ['2023-10-14 08:45:48']""
history,wmo_ra_3_NOAA_Interim,""Regridded to 1 degree latitude-longitude resolution""
history,wmo_ra_3_NOAA_Interim,""Rebaselined to 1991-2020""
history,wmo_ra_3_NOAA_Interim,""Calculated area-average""
history,wmo_ra_3_NOAA_Interim,""Calculated annual average from monthly averages using arithmetic mean""
history,wmo_ra_3_NOAA_Interim,""Selected years within the range 1900 to 2023.""
history,wmo_ra_3_NOAA_Interim,""Wrote to file wmo_ra_3_NOAA Interim.csv""
history,wmo_ra_3_NOAA_Interim,"Data set created from file ['wmo_ra_3_NOAA Interim.csv'] downloaded from [''] at ['2023-11-01 16:39:59']"
reference,wmo_ra_3_NOAA_Interim,"Vose, R.S., B. Huang, X. Yin., D. Arndt, D.R. Easterling, J.H. Lawrimore, M.J. Menne, A. Sanchez-Lugo, H.-M. Zhang, 2021: Implementing full spatial coverage in NOAA’s global temperature analysis. Geophysical Research Letters, 48, e2020GL090873. https://doi.org/10.1029/2020GL090873"
comments,wmo_ra_3_NOAA_Interim,"Original data acknowledgement: "
long_name,time,time,days since 1800-01-01 00:00:00.0
type,time,int
long_name,year,year,1
type,year,int
long_name,lac_subregion_3_Berkeley_Earth,lac_subregion_3,degC
type,lac_subregion_3_Berkeley_Earth,float
long_name,lac_subregion_3_ERA5,lac_subregion_3,degC
type,lac_subregion_3_ERA5,float
long_name,lac_subregion_3_GISTEMP,lac_subregion_3,degC
type,lac_subregion_3_GISTEMP,float
long_name,lac_subregion_3_HadCRUT5,lac_subregion_3,degC
type,lac_subregion_3_HadCRUT5,float
long_name,lac_subregion_3_JRA-55,lac_subregion_3,degC
type,lac_subregion_3_JRA-55,float
long_name,lac_subregion_3_Kadow,lac_subregion_3,degC
type,lac_subregion_3_Kadow,float
long_name,lac_subregion_3_NOAA_Interim,lac_subregion_3,degC
type,lac_subregion_3_NOAA_Interim,float
long_name,lac_subregion_4_Berkeley_Earth,lac_subregion_4,degC
type,lac_subregion_4_Berkeley_Earth,float
long_name,lac_subregion_4_ERA5,lac_subregion_4,degC
type,lac_subregion_4_ERA5,float
long_name,lac_subregion_4_GISTEMP,lac_subregion_4,degC
type,lac_subregion_4_GISTEMP,float
long_name,lac_subregion_4_HadCRUT5,lac_subregion_4,degC
type,lac_subregion_4_HadCRUT5,float
long_name,lac_subregion_4_JRA-55,lac_subregion_4,degC
type,lac_subregion_4_JRA-55,float
long_name,lac_subregion_4_Kadow,lac_subregion_4,degC
type,lac_subregion_4_Kadow,float
long_name,lac_subregion_4_NOAA_Interim,lac_subregion_4,degC
type,lac_subregion_4_NOAA_Interim,float
long_name,lac_subregion_5_Berkeley_Earth,lac_subregion_5,degC
type,lac_subregion_5_Berkeley_Earth,float
long_name,lac_subregion_5_ERA5,lac_subregion_5,degC
type,lac_subregion_5_ERA5,float
long_name,lac_subregion_5_GISTEMP,lac_subregion_5,degC
type,lac_subregion_5_GISTEMP,float
long_name,lac_subregion_5_HadCRUT5,lac_subregion_5,degC
type,lac_subregion_5_HadCRUT5,float
long_name,lac_subregion_5_JRA-55,lac_subregion_5,degC
type,lac_subregion_5_JRA-55,float
long_name,lac_subregion_5_Kadow,lac_subregion_5,degC
type,lac_subregion_5_Kadow,float
long_name,lac_subregion_5_NOAA_Interim,lac_subregion_5,degC
type,lac_subregion_5_NOAA_Interim,float
long_name,wmo_ra_3_Berkeley_Earth,wmo_ra_3,degC
type,wmo_ra_3_Berkeley_Earth,float
long_name,wmo_ra_3_ERA5,wmo_ra_3,degC
type,wmo_ra_3_ERA5,float
long_name,wmo_ra_3_GISTEMP,wmo_ra_3,degC
type,wmo_ra_3_GISTEMP,float
long_name,wmo_ra_3_HadCRUT5,wmo_ra_3,degC
type,wmo_ra_3_HadCRUT5,float
long_name,wmo_ra_3_JRA-55,wmo_ra_3,degC
type,wmo_ra_3_JRA-55,float
long_name,wmo_ra_3_Kadow,wmo_ra_3,degC
type,wmo_ra_3_Kadow,float
long_name,wmo_ra_3_NOAA_Interim,wmo_ra_3,degC
type,wmo_ra_3_NOAA_Interim,float
coordinate_variable,time,t
data
time,year,lac_subregion_3_Berkeley_Earth,lac_subregion_3_ERA5,lac_subregion_3_GISTEMP,lac_subregion_3_HadCRUT5,lac_subregion_3_JRA-55,lac_subregion_3_Kadow,lac_subregion_3_NOAA_Interim,lac_subregion_4_Berkeley_Earth,lac_subregion_4_ERA5,lac_subregion_4_GISTEMP,lac_subregion_4_HadCRUT5,lac_subregion_4_JRA-55,lac_subregion_4_Kadow,lac_subregion_4_NOAA_Interim,lac_subregion_5_Berkeley_Earth,lac_subregion_5_ERA5,lac_subregion_5_GISTEMP,lac_subregion_5_HadCRUT5,lac_subregion_5_JRA-55,lac_subregion_5_Kadow,lac_subregion_5_NOAA_Interim,wmo_ra_3_Berkeley_Earth,wmo_ra_3_ERA5,wmo_ra_3_GISTEMP,wmo_ra_3_HadCRUT5,wmo_ra_3_JRA-55,wmo_ra_3_Kadow,wmo_ra_3_NOAA_Interim
36524,1900,-0.5747,,-0.6439,-0.7281,,-0.4729,-0.4260,-0.6451,,-0.7946,-0.9136,,-0.8373,-0.5519,-0.6921,,-0.7016,-0.8020,,-0.7710,-0.5222,-0.6131,,-0.4589,-0.4803,,-0.3894,-0.9280
36889,1901,-1.0291,,-0.8436,-0.8532,,-0.5000,-0.6488,-0.7002,,-0.8556,-1.3341,,-1.1232,-0.6985,-1.1207,,-0.9822,-1.2813,,-1.1617,-0.7371,-0.7804,,-0.6181,-0.3938,,-0.3856,-0.8202
37254,1902,-0.8715,,-0.8238,-0.8514,,-0.6346,-0.7625,-0.4483,,-0.6503,-1.0534,,-0.8629,-0.6258,-0.8397,,-0.6177,-0.8967,,-0.9911,-0.6406,-0.8435,,-0.6284,-0.4504,,-0.4210,-0.7065
37619,1903,-0.8766,,-0.6533,-0.8426,,-0.7181,-0.5351,-0.9869,,-1.3955,-1.4519,,-1.1752,-0.9685,-0.8461,,-0.8055,-0.9501,,-0.8837,-0.6678,-1.0827,,-0.8479,-0.6671,,-0.9195,-0.8489
37984,1904,-1.3038,,-1.1130,-1.1521,,-1.1832,-1.1894,-0.9299,,-0.8244,-1.2964,,-1.0662,-0.9405,-1.1726,,-1.1754,-1.1537,,-0.9656,-0.8544,-1.3895,,-1.0988,-0.8549,,-1.0387,-1.2133
38350,1905,-0.9771,,-0.8117,-0.9112,,-0.8299,-1.0425,-0.8717,,-1.1489,-1.1930,,-0.9285,-0.9518,-0.8657,,-0.8227,-0.9577,,-0.6750,-0.6626,-0.9718,,-0.7227,-0.6323,,-0.7506,-0.8999
38715,1906,-1.0777,,-0.8856,-0.8496,,-0.7664,-0.9827,-0.9960,,-1.0143,-1.2583,,-1.1651,-1.0027,-1.0547,,-1.2660,-1.0590,,-0.8522,-0.9399,-1.0034,,-0.8704,-0.6626,,-0.8442,-0.9647
39080,1907,-1.2222,,-0.9678,-1.1758,,-1.2044,-1.1568,-0.6259,,-0.5201,-0.9197,,-0.7610,-0.6577,-1.0413,,-1.1644,-1.1259,,-1.0779,-1.0528,-1.3197,,-1.1314,-0.9545,,-1.1813,-1.1930
39445,1908,-1.1715,,-0.9062,-1.2733,,-1.2113,-1.1161,-0.6818,,-0.7545,-1.0730,,-0.9933,-0.7992,-1.0307,,-1.2977,-1.2114,,-1.0593,-0.9898,-1.1678,,-1.0537,-0.8507,,-1.0924,-1.1581
39811,1909,-1.2084,,-1.0148,-1.2499,,-0.9221,-1.3277,-0.7157,,-0.7745,-1.1595,,-0.9431,-0.9458,-0.8988,,-1.5118,-1.1764,,-0.9722,-1.1821,-1.2171,,-1.1663,-0.8039,,-1.0918,-1.1427
40176,1910,-1.3746,,-1.2503,-1.3110,,-1.3297,-1.5386,-0.8706,,-0.8606,-1.3026,,-1.3075,-1.0645,-1.5376,,-1.7648,-1.5412,,-1.5717,-1.5028,-1.2916,,-1.2532,-0.9059,,-1.1845,-1.2542
40541,1911,-1.1069,,-0.8647,-0.9047,,-0.9572,-1.4129,-0.6330,,-0.7287,-0.9771,,-0.6872,-0.7061,-0.9250,,-1.2780,-0.7144,,-0.7393,-0.8603,-1.2830,,-1.2882,-1.0001,,-1.1548,-1.3539
40906,1912,-0.9465,,-0.9275,-0.7045,,-0.8675,-0.9759,-1.1586,,-1.6163,-1.4514,,-1.2395,-1.1678,-0.8255,,-1.3193,-0.7051,,-0.7578,-0.7161,-0.9933,,-0.9838,-0.6533,,-0.8194,-1.0475
41272,1913,-1.3532,,-1.1483,-1.2349,,-1.1488,-1.0526,-1.3555,,-1.6249,-1.6597,,-1.5880,-1.4265,-1.1779,,-1.7934,-0.9815,,-1.0364,-1.0045,-0.8442,,-0.9040,-0.5450,,-0.6196,-1.0015
41637,1914,-0.9965,,-0.8466,-0.8462,,-0.9196,-0.8372,-1.0066,,-1.2228,-1.1865,,-1.1722,-0.8858,-0.9357,,-1.1862,-0.8336,,-0.9507,-0.7549,-0.7172,,-0.8770,-0.3592,,-0.5381,-0.8645
42002,1915,-0.6710,,-0.6510,-0.2228,,-0.1669,-0.3975,-0.9133,,-1.3055,-1.1052,,-0.9803,-0.7770,-0.5121,,-0.5594,-0.6359,,-0.3826,-0.3566,-0.5626,,-0.9040,-0.2296,,-0.2696,-0.8084
42367,1916,-1.2171,,-1.1093,-0.6761,,-0.6983,-1.0983,-0.7508,,-0.8708,-0.9525,,-1.3805,-1.1442,-1.0998,,-1.2667,-1.0358,,-1.1447,-0.9257,-1.1878,,-1.4859,-0.8143,,-1.1325,-1.3845
42733,1917,-1.6112,,-1.4384,-1.0550,,-1.0389,-1.3949,-0.9111,,-1.1772,-1.2225,,-1.2911,-1.3107,-1.4614,,-1.5820,-1.5570,,-1.5414,-1.2099,-1.5760,,-1.7230,-1.1667,,-1.2557,-1.8907
43098,1918,-1.3386,,-1.1503,-0.9443,,-0.9326,-0.9531,-0.8227,,-1.1042,-1.1864,,-0.8603,-0.9171,-0.9765,,-1.1401,-1.0968,,-0.9026,-0.7211,-1.2989,,-1.4465,-0.9383,,-0.8848,-1.4321
43463,1919,-0.9685,,-0.7440,-0.6821,,-0.6348,-0.8972,-1.0200,,-1.4849,-1.3793,,-1.2511,-1.0911,-0.6639,,-0.8072,-0.6462,,-0.5544,-0.6075,-0.8281,,-0.9836,-0.5259,,-0.5953,-0.9979
43828,1920,-1.1822,,-1.0665,-0.7976,,-0.8803,-0.9382,-0.8657,,-1.2400,-1.3280,,-1.2910,-0.9439,-0.7963,,-1.0083,-0.8823,,-1.0062,-0.7370,-1.1888,,-1.2243,-0.8404,,-0.9464,-1.3269
44194,1921,-1.1422,,-1.0309,-0.9035,,-0.9252,-1.1548,-0.6069,,-0.3357,-0.9319,,-0.8588,-0.8157,-0.8233,,-0.9875,-0.9445,,-1.0380,-0.8929,-1.3193,,-1.4384,-1.0731,,-1.1296,-1.4288
44559,1922,-1.1245,,-1.0546,-0.9889,,-1.0418,-1.2263,-0.4933,,-0.5623,-0.8750,,-0.6980,-0.6078,-0.7167,,-0.9159,-0.8272,,-0.8971,-0.8234,-1.2702,,-1.4082,-1.0395,,-1.1878,-1.4326
44924,1923,-1.2175,,-1.0914,-1.0244,,-1.0833,-1.0947,-0.6034,,-0.7858,-1.0022,,-0.9159,-0.7199,-0.8843,,-0.9773,-0.8611,,-0.8399,-0.7856,-1.3650,,-1.4461,-1.0945,,-1.1197,-1.4175
45289,1924,-1.1365,,-0.9738,-0.8468,,-0.9040,-1.0472,-0.7205,,-0.9439,-1.2487,,-1.2734,-0.8710,-0.8794,,-0.9499,-0.8920,,-0.9012,-0.8462,-1.3063,,-1.5602,-1.0059,,-1.2185,-1.5477
45655,1925,-1.0646,,-1.0343,-0.8769,,-0.9668,-0.9293,-0.5768,,-0.5944,-1.0128,,-1.0080,-0.5911,-0.9295,,-0.8350,-0.8189,,-0.7763,-0.7540,-1.0995,,-1.1861,-0.8158,,-0.8000,-1.2499
46020,1926,-0.6367,,-0.5850,-0.4586,,-0.5917,-0.4071,-0.5190,,-0.7570,-0.9524,,-0.8791,-0.6904,-0.4845,,-0.3722,-0.4774,,-0.5286,-0.4391,-0.7583,,-0.9828,-0.5014,,-0.5576,-0.9281
46385,1927,-0.9514,,-0.6884,-0.8303,,-0.9312,-0.8991,-0.1823,,-0.3044,-0.7335,,-0.6313,-0.4517,-0.7218,,-0.5475,-0.6938,,-0.6970,-0.5875,-1.0086,,-1.2029,-0.7872,,-0.8866,-1.2948
46750,1928,-0.9381,,-0.8122,-0.8269,,-0.9060,-0.7882,-0.3934,,-0.7152,-0.8817,,-0.8487,-0.6781,-0.6937,,-0.5799,-0.6311,,-0.6932,-0.5441,-0.9611,,-1.1593,-0.7631,,-0.8960,-1.1770
47116,1929,-0.9995,,-0.8209,-0.8205,,-0.9531,-0.8621,-0.6050,,-0.9018,-1.1069,,-0.9770,-0.7791,-0.7040,,-0.5798,-0.7736,,-0.8196,-0.6937,-1.0806,,-1.1851,-0.8791,,-0.9402,-1.2464
47481,1930,-0.9440,,-0.6766,-0.6052,,-0.6219,-0.7951,-0.5294,,-0.9553,-1.0085,,-0.8725,-0.7326,-0.5014,,-0.5203,-0.4388,,-0.4212,-0.5125,-0.8728,,-0.9257,-0.6485,,-0.6961,-0.9504
47846,1931,-0.6334,,-0.4719,-0.1970,,-0.3726,-0.6739,-0.6472,,-0.9190,-0.9996,,-0.9199,-0.7954,-0.5803,,-0.6559,-0.3877,,-0.3705,-0.4891,-1.0380,,-1.0175,-0.7573,,-0.7639,-1.1274
48211,1932,-0.7547,,-0.6100,-0.3238,,-0.3297,-0.6208,-0.5444,,-0.9436,-0.9655,,-0.8454,-0.7358,-0.6552,,-0.6202,-0.3648,,-0.3308,-0.4195,-0.8088,,-0.7546,-0.5621,,-0.4913,-0.9065
48577,1933,-1.0872,,-0.7447,-0.6532,,-0.7899,-0.7421,-0.3868,,-0.3940,-0.7606,,-0.8281,-0.7147,-0.7079,,-0.3321,-0.6056,,-0.5759,-0.5695,-1.1408,,-1.1460,-0.9136,,-0.9622,-1.1434
48942,1934,-1.0938,,-0.8895,-0.6602,,-0.7825,-0.6214,-0.3361,,-0.2978,-0.5959,,-0.6386,-0.5410,-0.6138,,-0.4643,-0.5221,,-0.4996,-0.5488,-1.1996,,-1.2650,-0.9899,,-1.0618,-1.1772
49307,1935,-1.1005,,-0.9163,-0.7208,,-0.7837,-0.7642,-0.6293,,-0.7794,-0.9215,,-0.8981,-0.7793,-0.8699,,-0.6069,-0.8290,,-0.7862,-0.6432,-1.0121,,-1.0326,-0.8071,,-0.8452,-1.0552
49672,1936,-0.9020,,-0.6853,-0.4904,,-0.5403,-0.4933,-0.4884,,-0.7809,-0.8182,,-0.7606,-0.6989,-0.6243,,-0.5450,-0.4816,,-0.4438,-0.4435,-0.8574,,-0.9185,-0.6267,,-0.7301,-0.9292
50038,1937,-0.8252,,-0.5516,-0.4490,,-0.5148,-0.4727,-0.2642,,-0.6236,-0.6467,,-0.5338,-0.4550,-0.6698,,-0.3563,-0.4927,,-0.4289,-0.2745,-0.8775,,-0.9276,-0.6266,,-0.6501,-0.9749
50403,1938,-1.1581,,-0.8521,-0.7445,,-0.7945,-0.8572,-0.4389,,-0.5996,-0.7482,,-0.7310,-0.6375,-1.1158,,-0.8221,-0.8956,,-0.8761,-0.7530,-1.0018,,-1.0698,-0.7810,,-0.8301,-1.0378
50768,1939,-1.0016,,-0.8932,-0.6718,,-0.7059,-0.6718,-0.4712,,-0.6041,-0.7547,,-0.5963,-0.5731,-0.9012,,-0.6961,-0.7874,,-0.7525,-0.5389,-0.8578,,-0.8921,-0.6536,,-0.5993,-0.8757
51133,1940,-0.5180,,-0.5610,-0.1963,,-0.2507,-0.2142,-0.4159,,-0.7158,-0.6852,,-0.6303,-0.5722,-0.5966,,-0.4244,-0.5144,,-0.4989,-0.1000,-0.6647,,-0.7133,-0.4600,,-0.4040,-0.6953
51499,1941,-0.3007,,-0.3518,0.1670,,0.1924,-0.1500,-0.3159,,-0.7472,-0.5960,,-0.5213,-0.4809,-0.1032,,-0.1590,-0.1692,,-0.1269,0.2229,-0.6226,,-0.6389,-0.4364,,-0.4003,-0.6567
51864,1942,-0.5030,,-0.5642,-0.1578,,-0.2921,-0.4795,-0.3174,,-0.7627,-0.6796,,-0.6025,-0.5994,-0.3837,,-0.5027,-0.4464,,-0.4438,-0.1906,-0.8902,,-0.9326,-0.7254,,-0.6965,-0.9898
52229,1943,-0.9319,,-0.9632,-0.5471,,-0.5725,-0.7562,-0.3142,,-0.6524,-0.5737,,-0.5654,-0.5737,-0.6709,,-0.8953,-0.6475,,-0.8332,-0.4439,-0.9733,,-0.9605,-0.8128,,-0.7620,-1.0358
52594,1944,-0.7981,,-0.8361,-0.4346,,-0.4743,-0.5426,-0.6375,,-0.9890,-0.8113,,-0.7833,-0.8221,-0.6852,,-0.7832,-0.5299,,-0.6854,-0.4476,-0.6763,,-0.6572,-0.4681,,-0.3898,-0.6609
52960,1945,-0.9175,,-0.8194,-0.5290,,-0.5072,-0.6370,-0.0150,,-0.4546,-0.4537,,-0.3237,-0.4817,-0.6048,,-0.5032,-0.5557,,-0.4943,-0.3907,-0.7788,,-0.7065,-0.5818,,-0.5396,-0.7530
53325,1946,-0.8933,,-0.7927,-0.5452,,-0.5864,-0.6552,-0.0703,,-0.3585,-0.4507,,-0.3673,-0.4657,-0.3310,,-0.4254,-0.4407,,-0.5315,-0.4095,-0.8438,,-0.8670,-0.7002,,-0.6836,-0.8478
53690,1947,-0.7336,,-0.6865,-0.2859,,-0.2625,-0.4506,-0.4676,,-0.7677,-0.7079,,-0.8061,-0.8258,-0.1947,,-0.5161,-0.2361,,-0.1895,-0.4690,-0.9431,,-0.9177,-0.7597,,-0.7628,-0.9743
54055,1948,-0.6408,,-0.5985,-0.2874,,-0.3142,-0.7452,-0.1279,,-0.5915,-0.4600,,-0.4500,-0.5972,-0.2968,,-0.5148,-0.2909,,-0.2808,-0.3863,-0.8447,,-0.8225,-0.7430,,-0.7587,-0.8872
54421,1949,-0.8989,,-0.7610,-0.6308,,-0.6526,-0.8757,-0.3178,,-0.7098,-0.6526,,-0.6429,-0.7207,-0.6302,,-0.6961,-0.6138,,-0.5545,-0.5648,-0.9334,,-0.9857,-0.8638,,-0.8851,-0.9820
54786,1950,-1.2524,,-1.1328,-0.9088,,-0.9367,-1.1325,0.0009,,-0.2735,-0.4308,,-0.3878,-0.3839,-0.8521,,-1.1175,-0.9811,,-0.8988,-0.8776,-0.9610,,-1.0087,-0.8816,,-0.9260,-1.0714
55151,1951,-0.6597,,-0.7930,-0.5365,,-0.5097,-0.7111,-0.0965,,-0.4871,-0.4515,,-0.4556,-0.4421,-0.3850,,-0.7449,-0.5266,,-0.4705,-0.4271,-0.8301,,-0.8260,-0.7123,,-0.7322,-0.9459
55516,1952,-0.4866,,-0.6206,-0.3479,,-0.3367,-0.5203,-0.3234,,-0.6818,-0.6183,,-0.5975,-0.5607,-0.4177,,-0.7434,-0.4410,,-0.3802,-0.3497,-0.7301,,-0.7806,-0.6258,,-0.6336,-0.8276
55882,1953,-0.5123,,-0.6016,-0.4294,,-0.4300,-0.4897,-0.1424,,-0.3944,-0.4264,,-0.4751,-0.4670,-0.1689,,-0.4714,-0.1788,,-0.1262,-0.1845,-0.6132,,-0.6300,-0.4612,,-0.4575,-0.6231
56247,1954,-0.8881,,-0.9005,-0.7731,,-0.7766,-0.8437,-0.0467,,-0.2069,-0.3854,,-0.3283,-0.3643,-0.6340,,-1.0661,-0.6790,,-0.6394,-0.6936,-0.8597,,-0.9919,-0.6810,,-0.7021,-0.9555
56612,1955,-0.9679,,-0.9932,-0.8261,,-0.8286,-0.8685,-0.5270,,-0.7821,-0.9100,,-0.8063,-0.7947,-0.6944,,-0.9444,-0.8030,,-0.7821,-0.7666,-1.0331,,-1.1760,-0.8459,,-0.8730,-1.1630
56977,1956,-1.0500,,-1.0918,-0.9496,,-0.9435,-0.9750,-0.4213,,-0.5891,-0.6624,,-0.6235,-0.5935,-0.8184,,-1.0098,-0.8289,,-0.7855,-0.6461,-1.2484,,-1.3739,-1.0985,,-1.0968,-1.3246
57343,1957,-0.5637,,-0.6657,-0.5067,,-0.4802,-0.5485,-0.0075,,-0.3913,-0.2618,,-0.1761,-0.1946,-0.2756,,-0.5371,-0.3208,,-0.2807,-0.1426,-0.7723,,-0.8321,-0.6567,,-0.6566,-0.8232
57708,1958,-0.1794,,-0.3131,-0.0038,0.2208,0.0136,-0.1436,-0.3331,,-0.6664,-0.5188,-0.7205,-0.5509,-0.3890,-0.0562,,-0.4084,-0.1286,-0.3151,-0.1032,0.0848,-0.4305,,-0.5085,-0.2772,-0.0659,-0.2864,-0.5274
58073,1959,-0.5278,,-0.5791,-0.4082,-0.0098,-0.3641,-0.4756,-0.3054,,-0.6974,-0.4967,-0.6820,-0.4979,-0.4663,-0.3985,,-0.6291,-0.4151,-0.8224,-0.3786,-0.2386,-0.6649,,-0.7648,-0.5245,0.0161,-0.5322,-0.7844
58438,1960,-0.5895,,-0.6983,-0.4665,-0.1293,-0.4677,-0.4641,-0.3451,,-0.8056,-0.7147,-1.0510,-0.6788,-0.6716,-0.5138,,-0.7114,-0.5292,-0.9116,-0.4767,-0.2980,-0.7946,,-0.8916,-0.6001,-0.0526,-0.6102,-0.8925
58804,1961,-0.5914,,-0.7217,-0.4874,-0.1995,-0.4376,-0.5301,-0.4353,,-0.8362,-0.7913,-1.1188,-0.7806,-0.6901,-0.5276,,-0.6722,-0.5272,-0.9867,-0.4883,-0.3799,-0.5450,,-0.6986,-0.3364,-0.1461,-0.3256,-0.6618
59169,1962,-0.6377,,-0.8140,-0.5349,-0.3283,-0.4977,-0.6132,-0.1405,,-0.4775,-0.5364,-0.7462,-0.4726,-0.4215,-0.7092,,-0.7610,-0.6692,-1.0860,-0.6476,-0.4573,-0.7771,,-0.9361,-0.5502,-0.5501,-0.5344,-0.8933
59534,1963,-0.5907,,-0.7619,-0.4848,-0.1215,-0.4535,-0.5194,-0.1961,,-0.5310,-0.5395,-0.8926,-0.5451,-0.4489,-0.5976,,-0.7179,-0.5471,-0.6276,-0.5435,-0.3659,-0.5300,,-0.6533,-0.3037,-0.3016,-0.2913,-0.6040
59899,1964,-0.5679,,-0.7833,-0.5683,-0.2261,-0.5457,-0.6417,-0.5439,,-0.8939,-0.9167,-1.2263,-0.8980,-0.8583,-0.4846,,-0.6827,-0.6085,-0.5499,-0.5840,-0.4601,-0.9074,,-1.0833,-0.6741,-0.7090,-0.6500,-0.9894
60265,1965,-0.6158,,-0.8327,-0.6034,-0.2678,-0.5830,-0.6872,-0.3689,,-0.7133,-0.7190,-0.9717,-0.6244,-0.6295,-0.4750,,-0.6966,-0.5285,-0.5720,-0.4977,-0.4182,-0.6267,,-0.7418,-0.4045,-0.5056,-0.3801,-0.7098
60630,1966,-0.5055,,-0.7531,-0.4854,-0.2323,-0.4376,-0.4985,-0.7293,,-1.0532,-0.9890,-1.4154,-0.9335,-0.9201,-0.5795,,-0.8818,-0.6356,-0.6675,-0.5879,-0.4793,-0.6251,,-0.8177,-0.4494,-0.4338,-0.4124,-0.7480
60995,1967,-0.8111,,-0.9723,-0.7859,-0.5354,-0.7406,-0.7850,-0.4805,,-0.7711,-0.7810,-0.6403,-0.7599,-0.7663,-0.7176,,-0.9124,-0.8382,-0.6901,-0.8011,-0.6912,-0.6379,,-0.8094,-0.4625,-0.5727,-0.4331,-0.7589
61360,1968,-0.8274,,-0.9754,-0.7960,-0.5843,-0.7779,-0.7228,-0.8154,,-1.1905,-1.1292,-1.0201,-1.0962,-1.0465,-0.8185,,-0.9697,-0.8587,-0.7812,-0.8147,-0.6604,-0.8267,,-0.9713,-0.6663,-0.6562,-0.6553,-0.9375
61726,1969,-0.2709,,-0.3867,-0.2018,-0.0306,-0.2074,-0.1764,-0.1715,,-0.5725,-0.6017,-0.3779,-0.5937,-0.5388,-0.1867,,-0.3553,-0.1807,-0.0837,-0.1483,-0.0367,-0.2750,,-0.4090,-0.1442,-0.0712,-0.1210,-0.3887
62091,1970,-0.6340,,-0.7193,-0.6012,-0.2974,-0.6162,-0.5721,-0.6167,,-1.0039,-1.0123,-0.7468,-1.0008,-0.9461,-0.6170,,-0.8393,-0.7231,-0.5961,-0.7237,-0.5642,-0.5003,,-0.6471,-0.3650,-0.2241,-0.3437,-0.5971
62456,1971,-1.0412,,-1.1025,-0.9541,-0.5849,-0.9473,-0.9549,-0.4808,,-0.7936,-0.8885,-0.6234,-0.8239,-0.8627,-0.7217,,-0.8145,-0.8806,-0.7107,-0.8533,-0.8076,-0.9853,,-1.0919,-0.8944,-0.7356,-0.8840,-1.0302
62821,1972,-0.5464,,-0.6880,-0.5209,-0.2657,-0.5107,-0.6673,-0.0940,,-0.5120,-0.4561,-0.3032,-0.4328,-0.3709,-0.2178,,-0.3371,-0.3270,-0.1505,-0.2895,-0.2479,-0.5421,,-0.6672,-0.4852,-0.2760,-0.4781,-0.6499
63187,1973,-0.4369,,-0.5398,-0.3853,-0.1686,-0.3609,-0.4536,-0.6498,,-0.9895,-0.9245,-1.0557,-0.9270,-0.9343,-0.2763,,-0.4492,-0.4101,-0.2846,-0.3816,-0.3913,-0.4548,,-0.6683,-0.4785,-0.3729,-0.4885,-0.5864
63552,1974,-0.8850,,-0.9995,-0.8353,-0.5921,-0.8165,-0.8833,-0.5098,,-0.8054,-0.8617,-0.8280,-0.8329,-0.7768,-0.7661,,-0.8459,-0.8766,-0.8569,-0.8256,-0.7393,-0.8788,,-1.0468,-0.9200,-0.8536,-0.9447,-1.0119
63917,1975,-0.8318,,-0.9659,-0.8017,-0.6865,-0.7956,-0.9239,-0.7111,,-1.0686,-1.0435,-1.0846,-1.0663,-1.0312,-0.6674,,-0.6998,-0.8692,-0.6778,-0.8771,-0.7187,-0.7500,,-0.9357,-0.7830,-0.7503,-0.7937,-0.8758
64282,1976,-0.8540,,-0.9991,-0.8259,-0.6652,-0.8063,-0.9420,-0.9765,,-1.2730,-1.1283,-1.4188,-1.1449,-1.0753,-0.7223,,-0.8913,-0.7716,-0.7898,-0.7358,-0.7269,-0.8377,,-0.9914,-0.8814,-0.8530,-0.8731,-0.9334
64648,1977,-0.3878,,-0.5286,-0.3816,-0.2315,-0.3406,-0.4281,-0.3055,,-0.5124,-0.5147,-0.8398,-0.4595,-0.4857,-0.2873,,-0.5039,-0.4041,-0.3416,-0.3642,-0.3793,-0.3278,,-0.4869,-0.3674,-0.3877,-0.3552,-0.4919
65013,1978,-0.4018,,-0.5854,-0.3600,-0.2872,-0.3238,-0.4748,-0.4072,,-0.7152,-0.6550,-0.9285,-0.6170,-0.5837,-0.3636,,-0.5338,-0.4173,-0.3717,-0.4125,-0.3651,-0.4813,,-0.6518,-0.5097,-0.4887,-0.5095,-0.6382
65378,1979,-0.3307,-0.4610,-0.5033,-0.2951,-0.1846,-0.2682,-0.4817,-0.5752,-0.7562,-0.9701,-0.9432,-0.9195,-0.8404,-0.8085,-0.2582,-0.4495,-0.4314,-0.3200,-0.2259,-0.2413,-0.3137,-0.5241,-0.5337,-0.6279,-0.5031,-0.5884,-0.5082,-0.6260
65743,1980,-0.2978,-0.3554,-0.2914,-0.2197,-0.1191,-0.2066,-0.2835,-0.1382,-0.3805,-0.3577,-0.4407,-0.5880,-0.4084,-0.3345,-0.2412,-0.3882,-0.3371,-0.2114,-0.1800,-0.1337,-0.1875,-0.3341,-0.3571,-0.4139,-0.3532,-0.2885,-0.3668,-0.4162
66109,1981,-0.4889,-0.5733,-0.5175,-0.3696,-0.2825,-0.3599,-0.4561,-0.3626,-0.7403,-0.4204,-0.6398,-0.9288,-0.6476,-0.5573,-0.5208,-0.5960,-0.5088,-0.4813,-0.4091,-0.4099,-0.3989,-0.4738,-0.4888,-0.5564,-0.4872,-0.4297,-0.5085,-0.5526
66474,1982,-0.3790,-0.5581,-0.4709,-0.3852,-0.1646,-0.3736,-0.5277,-0.0792,-0.3268,-0.4108,-0.3963,-0.4842,-0.3405,-0.2774,-0.2080,-0.3532,-0.1788,-0.2030,-0.0688,-0.1648,-0.1456,-0.3389,-0.4026,-0.4458,-0.3393,-0.2547,-0.3561,-0.4935
66839,1983,-0.1307,-0.2670,-0.1575,-0.0940,-0.0263,-0.1062,-0.1321,-0.4656,-0.8144,-0.7362,-0.5359,-0.9548,-0.5754,-0.4555,0.1895,0.0396,-0.0038,0.2813,0.2980,0.3518,0.2429,-0.1609,-0.2132,-0.2502,-0.1886,-0.1051,-0.1792,-0.2581
67204,1984,-0.6588,-0.8165,-0.7930,-0.6095,-0.6154,-0.6061,-0.7014,-0.6361,-0.9640,-0.7326,-0.6953,-1.1406,-0.7314,-0.6911,-0.5866,-0.7150,-0.6676,-0.5861,-0.6109,-0.5272,-0.5391,-0.5956,-0.7305,-0.6990,-0.6074,-0.6055,-0.6235,-0.6670
67570,1985,-0.8046,-0.8654,-0.8014,-0.7146,-0.5682,-0.7257,-0.7956,-0.5685,-0.9261,-0.7168,-0.7724,-0.9914,-0.7779,-0.6443,-0.6002,-0.6841,-0.6174,-0.6851,-0.5106,-0.6573,-0.6182,-0.5306,-0.6562,-0.6118,-0.5129,-0.5396,-0.5216,-0.6171
67935,1986,-0.6608,-0.7109,-0.6461,-0.5489,-0.5696,-0.5661,-0.6279,-0.3548,-0.7385,-0.3956,-0.5095,-0.8467,-0.5455,-0.4900,-0.5088,-0.7204,-0.5264,-0.5048,-0.4214,-0.4759,-0.4627,-0.4495,-0.5475,-0.4825,-0.4376,-0.4566,-0.4312,-0.4796
68300,1987,-0.0910,-0.0805,-0.1173,0.0885,-0.0171,0.0823,-0.1303,-0.6965,-1.0636,-0.8631,-0.7915,-1.1482,-0.8901,-0.7404,0.0073,-0.0405,-0.2025,0.0483,0.1369,0.0688,0.0740,-0.0621,-0.1022,-0.1341,-0.0785,-0.0271,-0.0728,-0.1202
68665,1988,-0.4638,-0.3809,-0.4796,-0.3157,-0.3062,-0.3113,-0.4316,-0.4423,-0.6811,-0.6306,-0.7978,-0.8927,-0.9547,-0.6715,-0.2624,-0.3014,-0.3433,-0.3685,-0.0666,-0.3285,-0.3087,-0.4411,-0.4170,-0.5274,-0.4575,-0.3637,-0.4469,-0.4690
69031,1989,-0.7220,-0.7277,-0.6905,-0.7095,-0.5943,-0.7426,-0.6899,-0.2424,-0.4546,-0.4620,-0.4478,-0.5885,-0.3922,-0.3849,-0.5592,-0.6031,-0.5410,-0.5093,-0.3873,-0.4859,-0.5142,-0.5513,-0.5619,-0.6047,-0.5357,-0.4642,-0.5304,-0.5971
69396,1990,-0.3219,-0.3739,-0.3190,-0.3237,-0.1771,-0.3400,-0.4072,-0.2182,-0.4605,-0.3066,-0.2644,-0.5731,-0.2873,-0.2945,-0.2592,-0.3118,-0.2358,-0.1580,-0.0698,-0.1019,-0.2181,-0.3179,-0.3610,-0.3995,-0.3511,-0.2934,-0.3419,-0.4156
69761,1991,-0.3375,-0.4095,-0.2710,-0.2581,-0.3124,-0.2354,-0.3587,-0.3338,-0.6687,-0.4765,-0.3877,-0.7574,-0.4143,-0.4571,-0.0805,-0.1791,-0.0494,-0.0429,-0.0104,-0.0399,-0.1302,-0.3149,-0.4012,-0.3502,-0.3641,-0.3228,-0.3506,-0.3541
70126,1992,-0.3034,-0.4444,-0.3009,-0.2736,-0.3486,-0.2757,-0.3363,-0.5162,-0.7842,-0.6668,-0.4255,-0.9706,-0.4692,-0.4666,-0.0843,-0.2242,-0.2403,-0.0349,-0.0968,-0.0177,-0.1300,-0.4238,-0.5438,-0.4869,-0.5166,-0.4462,-0.5272,-0.4853
70492,1993,-0.3917,-0.4491,-0.3550,-0.3091,-0.3573,-0.3216,-0.3727,-0.2517,-0.3960,-0.5673,-0.2785,-0.5177,-0.1943,-0.3657,-0.2104,-0.3449,-0.2633,-0.1542,-0.2889,-0.1404,-0.1960,-0.3219,-0.3659,-0.3659,-0.3957,-0.2713,-0.3945,-0.3777
70857,1994,-0.3523,-0.3723,-0.3943,-0.3966,-0.3357,-0.3833,-0.4722,0.1623,0.0829,-0.0509,-0.0270,-0.0470,-0.0040,-0.0339,-0.0186,-0.1904,-0.1097,-0.1287,-0.1590,-0.1303,-0.1594,-0.1500,-0.1849,-0.2117,-0.1903,-0.0807,-0.1970,-0.2355
71222,1995,-0.0651,-0.2261,-0.1563,-0.0633,-0.0863,-0.0504,-0.1378,0.1660,0.1185,-0.0648,-0.0488,-0.0107,-0.0097,-0.0876,0.0896,-0.1280,-0.0458,-0.0219,-0.0096,-0.0182,-0.0444,-0.0932,-0.1736,-0.2004,-0.1127,-0.1066,-0.1235,-0.2006
71587,1996,-0.3931,-0.5937,-0.4895,-0.3696,-0.3016,-0.3873,-0.4368,-0.0829,-0.1135,-0.1707,-0.1753,-0.2306,-0.2170,-0.2560,-0.4559,-0.5863,-0.5329,-0.4775,-0.5312,-0.4947,-0.4877,-0.3291,-0.4176,-0.3989,-0.3662,-0.3186,-0.3629,-0.3891
71953,1997,0.0166,-0.1618,-0.0994,-0.0334,0.0255,-0.0532,-0.1548,-0.3124,-0.5041,-0.5065,-0.2178,-0.4752,-0.2093,-0.3379,0.2645,-0.0346,0.0352,0.2281,-0.0375,0.2129,0.1177,0.0473,-0.0344,0.0084,0.0547,0.0179,0.0215,-0.0275
72318,1998,0.3108,0.2027,0.2808,0.2845,0.4017,0.2442,0.2017,0.1983,0.1419,0.1233,0.1194,0.1326,0.1825,0.0484,0.5148,0.2885,0.2830,0.4133,0.2626,0.4462,0.2546,0.2332,0.2278,0.1808,0.2332,0.2650,0.2503,0.2057
72683,1999,-0.3848,-0.6759,-0.4568,-0.3581,-0.3844,-0.3490,-0.3945,-0.2232,-0.2142,-0.0957,-0.3290,-0.2523,-0.3664,-0.3220,-0.4050,-0.7857,-0.4361,-0.4758,-0.7582,-0.5324,-0.4736,-0.3781,-0.4489,-0.4460,-0.3634,-0.3529,-0.3732,-0.4122
73048,2000,-0.4457,-0.6414,-0.5363,-0.3910,-0.4535,-0.4030,-0.4817,-0.0745,-0.0690,-0.0043,-0.0792,-0.1532,-0.0850,-0.2141,-0.4454,-0.6575,-0.4876,-0.4285,-0.5228,-0.5140,-0.5179,-0.4768,-0.5829,-0.4907,-0.4027,-0.4746,-0.4034,-0.4468
73414,2001,-0.1239,-0.3523,-0.1925,-0.1366,-0.1868,-0.1732,-0.2107,-0.1516,-0.2013,-0.2125,-0.2897,-0.2977,-0.3072,-0.2822,-0.3008,-0.4455,-0.3248,-0.2466,-0.3629,-0.3011,-0.3734,-0.1667,-0.2286,-0.1439,-0.0583,-0.1437,-0.0652,-0.1544
73779,2002,0.0615,-0.0909,-0.0356,-0.0609,0.0425,-0.0807,-0.0819,-0.0275,-0.0593,-0.1721,-0.1859,-0.2265,-0.1779,-0.0690,-0.0152,-0.0140,-0.0969,-0.0600,-0.0190,-0.0573,-0.0910,0.0613,0.0169,0.0376,0.1169,0.0680,0.1289,0.0601
74144,2003,0.1725,-0.0041,0.0470,0.2051,0.1496,0.2392,0.0785,0.0259,-0.0021,0.0291,-0.0921,0.0232,-0.1673,0.0212,0.0906,0.0480,0.0057,0.0868,0.1240,0.0684,0.0647,0.0478,-0.0005,-0.0054,0.0734,-0.0058,0.0731,-0.0083
74509,2004,-0.0089,-0.0845,-0.1231,-0.0597,-0.0036,-0.0582,-0.0917,-0.3984,-0.5106,-0.3397,-0.3121,-0.4338,-0.3523,-0.2088,-0.0587,-0.0824,-0.1027,-0.0676,0.0210,-0.0597,-0.0880,-0.0680,-0.0681,-0.0741,0.0047,-0.1268,-0.0017,-0.0668
74875,2005,0.0955,0.1727,0.0577,0.0886,0.1217,0.0833,0.0905,0.0257,0.0858,0.0652,0.0155,-0.0129,0.1310,0.0164,0.0056,0.1518,0.0129,-0.0160,0.0896,0.0031,-0.0323,0.0308,0.0772,0.0258,0.1009,-0.0287,0.0867,0.0338
75240,2006,-0.0269,0.0431,-0.0379,0.0078,0.0135,0.0103,0.0226,0.0845,0.1592,0.2466,0.1490,-0.0044,0.1760,0.1008,-0.0821,-0.0435,-0.0751,-0.0909,-0.0244,-0.1207,-0.0292,0.0016,0.0604,0.0256,0.0805,-0.0151,0.0610,0.0115
75605,2007,-0.0180,0.0791,0.0038,-0.0261,-0.0908,-0.0356,-0.0039,-0.2598,-0.1839,-0.2260,-0.2132,-0.3726,-0.2466,-0.2949,-0.0854,-0.0164,-0.0668,-0.0995,-0.1112,-0.0998,-0.1238,-0.1924,-0.0600,-0.2033,-0.0810,-0.2141,-0.1033,-0.1576
75970,2008,-0.2286,-0.1772,-0.2152,-0.2442,-0.1842,-0.2260,-0.1600,-0.2902,-0.1375,-0.2381,-0.2114,-0.2322,-0.1691,-0.2695,-0.3963,-0.2740,-0.2731,-0.2304,-0.3084,-0.1622,-0.2364,-0.1588,-0.0941,-0.1386,-0.0687,-0.2283,-0.0794,-0.1511
76336,2009,0.1440,0.2316,0.0994,0.0366,0.0922,-0.0019,0.0780,0.1140,0.3109,0.0805,0.1963,0.3770,0.1851,0.1445,-0.0365,0.1376,0.1171,0.0716,-0.0366,0.0411,0.0034,0.0865,0.1237,0.0990,0.1540,0.0513,0.1364,0.0637
76701,2010,0.1580,0.2576,0.1869,0.1936,0.1666,0.1709,0.2941,-0.5950,-0.4155,-0.4911,-0.4963,-0.2961,-0.5064,-0.5102,-0.2371,0.1009,-0.1417,0.0474,-0.0760,0.0448,-0.0634,0.0894,0.2214,0.0795,0.1883,0.1391,0.1796,0.1018
77066,2011,-0.0923,-0.0102,-0.1154,-0.1498,-0.1041,-0.1771,-0.0875,0.0964,0.3863,0.2151,0.0940,0.5331,0.1443,0.1042,-0.1957,-0.0028,-0.0853,-0.1195,-0.1061,-0.0395,-0.1442,-0.0852,-0.0411,-0.0810,-0.0306,-0.0404,-0.0410,-0.0926
77431,2012,-0.0804,0.0602,-0.0029,-0.0626,-0.0008,-0.0993,0.0118,0.1880,0.3750,0.5482,0.2665,0.5718,0.2440,0.2333,-0.1047,-0.0091,-0.0681,0.0116,-0.0474,0.0081,-0.0089,0.1369,0.2018,0.1735,0.1267,0.1944,0.1342,0.1760
77797,2013,0.0449,0.2920,0.0949,0.0569,0.1030,0.0794,0.1295,-0.1712,-0.0632,-0.2175,-0.1663,0.1530,-0.2341,-0.1592,0.0425,0.2062,0.0044,-0.0553,0.1414,-0.0625,-0.0418,-0.0121,0.1159,0.0134,0.0058,0.0816,0.0255,0.0596
78162,2014,0.1125,0.3744,0.1730,0.1468,0.1315,0.1502,0.3060,0.0448,0.1334,-0.0272,0.1475,0.4413,0.1322,0.2300,0.0935,0.2167,0.0400,0.1397,0.1980,0.1708,0.2358,0.1593,0.2136,0.2591,0.1129,0.1706,0.1308,0.2540
78527,2015,0.4478,0.7527,0.5834,0.5460,0.4476,0.5390,0.5204,0.2422,0.2064,0.2966,0.3212,0.5133,0.3611,0.4944,0.5502,0.5989,0.5785,0.4360,0.5853,0.5092,0.6214,0.5555,0.6026,0.6701,0.5073,0.5287,0.5101,0.6107
78892,2016,0.3529,0.6508,0.5243,0.5640,0.4508,0.5698,0.5562,0.4021,0.3760,0.6325,0.4877,0.6274,0.4243,0.5874,0.4122,0.5604,0.5293,0.4717,0.5773,0.5134,0.5780,0.3690,0.4462,0.3900,0.2883,0.3789,0.3241,0.4034
79258,2017,0.1624,0.2723,0.2886,0.1763,0.1289,0.1035,0.2127,0.5521,0.5254,0.8134,0.6144,0.5535,0.6281,0.6764,0.1063,0.2859,0.2817,0.2287,0.2348,0.2547,0.3000,0.3501,0.3772,0.4294,0.2652,0.3054,0.2704,0.4091
79623,2018,0.0954,0.1844,0.2240,0.0458,-0.0469,0.0242,0.2191,0.2386,0.2069,0.3804,0.3305,0.2398,0.3174,0.4172,0.0149,0.1385,0.1974,-0.1097,0.0506,-0.0936,0.2123,0.0643,0.1057,0.1529,-0.0234,0.0526,-0.0116,0.1323
79988,2019,0.4722,0.5231,0.5846,0.3620,0.4078,0.5700,0.4439,0.4489,0.4921,0.3160,0.4634,0.4531,0.4659,0.5066,0.4360,0.6798,0.5830,0.2671,0.5719,0.1899,0.4288,0.3973,0.4550,0.4870,0.2769,0.4509,0.3288,0.4735
80353,2020,0.6057,0.5969,0.6337,0.4786,0.5145,0.5268,0.6161,0.6985,0.7222,0.7808,0.7304,0.6715,0.7383,0.7540,0.5920,0.6051,0.7314,0.4579,0.6498,0.4211,0.5547,0.5406,0.4004,0.5653,0.3866,0.4721,0.3734,0.5645
80719,2021,0.1347,0.0036,0.2326,0.0551,-0.0088,0.3151,0.3074,0.4077,0.3838,0.4338,0.4523,0.3793,0.4973,0.3925,0.2585,0.3867,0.4082,0.1386,0.4407,0.1251,0.2401,0.2123,0.1361,0.2369,0.0227,0.1680,0.0980,0.2839
81084,2022,0.0143,-0.0233,0.0724,-0.0117,-0.1309,-0.0664,0.1322,0.1793,0.1169,0.3078,0.3411,0.1887,0.3560,0.2795,0.0306,0.1552,0.1439,0.0428,0.1395,0.0814,0.1272,-0.0193,-0.0866,0.0076,-0.0986,-0.0583,-0.0562,0.0608
81449,2023,0.5451,0.6044,0.6478,0.5104,0.4637,0.4082,0.5704,0.7859,0.8549,0.8369,1.1083,1.0040,1.0856,0.8684,0.6573,0.8609,0.8713,0.5499,0.8430,0.5538,0.7619,0.6255,0.5658,0.8360,0.6574,0.5702,0.5486,0.7431
end data
