Conventions,G,BADC-CSV,1
title,G,Antarctic ice sheet cumulative mass balance
last_revised_date,G,2024-03-21
date_valid,G,2024-03-21
feature_type,G,area average
creator,G,WMO
source,G,Produced by climind version 1.0
observation_station,G,derived data
location,G,90.,-180.,-90.,180.
rights,G,TBD
activity,G,WMO
comments,G,Format description https://help.ceda.ac.uk/article/105-badc-csv
history,IMBIE_2021_Antarctica,"Data set created from file ['imbie_antarctica_2021_Gt.csv'] downloaded from ['https://ramadda.data.bas.ac.uk/repository/entry/get/imbie_antarctica_2021_Gt.csv?entryid=synth%3A77b64c55-7166-4a06-9def-2e400398e452%3AL2ltYmllX2FudGFyY3RpY2FfMjAyMV9HdC5jc3Y%3D'] at ['2023-08-07 14:40:19']"
history,IMBIE_2021_Antarctica,"Zeroed series on June 2005 by subtracting the value for that month from all data values (see next entry)"
history,IMBIE_2021_Antarctica,"Added offset of 646.1411 to all data values."
history,IMBIE_2021_Antarctica,"Manually changed baseline to 2005-2005. Note that data values remain unchanged."
reference,IMBIE_2021_Antarctica,"Shepherd, A., Ivins, E., Rignot, E., Smith, B., van den Broeke, M., Velicogna, I., Whitehouse, P., Briggs, K., Joughin, I., Krinner, G., Nowicki, S., Payne, A., Scambos, T., Schlegel, N., A, G., Agosta, C., Ahlstrøm, A., Babonis, G., Barletta, V., … Wuite, J. (2021). Antarctic and Greenland Ice Sheet mass balance 1992-2020 for IPCC AR6 (Version 1.0) [Data set]. UK Polar Data Centre, Natural Environment Research Council, UK Research & Innovation. https://doi.org/10.5285/77B64C55-7166-4A06-9DEF-2E400398E452"
comments,IMBIE_2021_Antarctica,"Original data acknowledgement: "
history,Velicogna_Antarctica,"Data set created from file ['out_ts_filled_4_261_AIS.txt'] downloaded from [''] at ['2024-02-28 15:05:42']"
history,Velicogna_Antarctica,"Zeroed series on June 2005 by subtracting the value for that month from all data values (see next entry)"
history,Velicogna_Antarctica,"Added offset of -761.983 to all data values."
history,Velicogna_Antarctica,"Manually changed baseline to 2005-2005. Note that data values remain unchanged."
reference,Velicogna_Antarctica,"Geruo, A., Wahr, J., & Zhong, S. (2013). Computations of the viscoelastic response of a 3-D compressible Earth to surface loading: An application to Glacial Isostatic Adjustment in Antarctica and Canada. Geophysical Journal International, 192(2), 557–572"
reference,Velicogna_Antarctica,"Ivins, E. R., T. S. James, J. Wahr, E. J. O Schrama, F. W. Landerer, and K. M. Simon (2013), Antarctic contribution to sea level rise observed by GRACE with improved GIA correction, J. Geophys. Res. Solid Earth, 118, 3126–3141, doi:10.1002/jgrb.50208"
reference,Velicogna_Antarctica,"Loomis, B. D., Rachlin, K. E., & Luthcke, S. B. (2019). Improved Earth oblateness rate reveals increased ice sheet losses and mass-driven sea level rise. Geophysical Research Letters, 46, 6910–6917. https://doi.org/10.1029/2019GL082929"
reference,Velicogna_Antarctica,"Peltier, W., Argus, D., & Drummond, R. (2015). Space geodesy constrains ice age terminal deglaciation: The global ICE-6G_C (VM5a) model. Journal of Geophysical Research: Solid Earth, 120, 450–487. https://doi.org/10.1002/2014JB011176"
reference,Velicogna_Antarctica,"Simpson, M. J., Milne, G. A., Huybrechts, P., & Long, A. J. (2009). Calibrating a glaciological model of the Greenland ice sheet from the Last Glacial Maximum to present-day using field observations of relative sea level and ice extent. Quaternary Science Reviews, 28(17), 1631–1657"
reference,Velicogna_Antarctica,"Sutterley, T. C., & Velicogna, I. (2019). Improved estimates of geocenter variability from time-variable gravity and ocean model outputs. Remote Sensing, 11(18), 2108"
reference,Velicogna_Antarctica,"Velicogna I., Mohajerani Y., A G., Landerer F., Mouginot J., Noel B., Rignot E., Sutterley T., van den Broeke M., van Wessem J., Wiese D. (2020). Continuity of ice sheet mass loss in Greenland and Antarctica from the GRACE and GRACE Follow-On missions, Geophys. Res. Lett. 47, e2020GL087291"
comments,Velicogna_Antarctica,"Original data acknowledgement: "
long_name,time,time,days since 1800-01-01 00:00:00.0
type,time,int
long_name,year,year,1
type,year,int
long_name,month,month,1
type,month,int
long_name,IMBIE_2021_Antarctica,antarctica,Gt
type,IMBIE_2021_Antarctica,float
long_name,Velicogna_Antarctica,antarctica,Gt
type,Velicogna_Antarctica,float
coordinate_variable,time,t
data
time,year,month,IMBIE_2021_Antarctica,Velicogna_Antarctica
70126,1992,1,648.6661,
70157,1992,2,651.1911,
70186,1992,3,653.7161,
70217,1992,4,642.8282,
70247,1992,5,631.9402,
70278,1992,6,627.3184,
70308,1992,7,622.6965,
70339,1992,8,618.0746,
70370,1992,9,613.4528,
70400,1992,10,608.8309,
70431,1992,11,604.2090,
70461,1992,12,599.5872,
70492,1993,1,592.9053,
70523,1993,2,586.2234,
70551,1993,3,579.5415,
70582,1993,4,572.8596,
70612,1993,5,566.1777,
70643,1993,6,559.4958,
70673,1993,7,552.8139,
70704,1993,8,546.1320,
70735,1993,9,539.4501,
70765,1993,10,532.7682,
70796,1993,11,526.0863,
70826,1993,12,519.4044,
70857,1994,1,511.9648,
70888,1994,2,504.5253,
70916,1994,3,497.0857,
70947,1994,4,489.6462,
70977,1994,5,482.2066,
71008,1994,6,474.7671,
71038,1994,7,467.3275,
71069,1994,8,459.8880,
71100,1994,9,452.4484,
71130,1994,10,445.0088,
71161,1994,11,437.5693,
71191,1994,12,430.1297,
71222,1995,1,421.9830,
71253,1995,2,413.8364,
71281,1995,3,405.6897,
71312,1995,4,397.5430,
71342,1995,5,389.3963,
71373,1995,6,383.4661,
71403,1995,7,377.5359,
71434,1995,8,371.6057,
71465,1995,9,365.6755,
71495,1995,10,359.7453,
71526,1995,11,353.8151,
71556,1995,12,347.8849,
71587,1996,1,342.2216,
71618,1996,2,336.5583,
71647,1996,3,330.8950,
71678,1996,4,325.2317,
71708,1996,5,319.5685,
71739,1996,6,313.9052,
71769,1996,7,310.7974,
71800,1996,8,307.6897,
71831,1996,9,304.5820,
71861,1996,10,301.4743,
71892,1996,11,298.3666,
71922,1996,12,295.2589,
71953,1997,1,294.6295,
71984,1997,2,294.0002,
72012,1997,3,293.3708,
72043,1997,4,292.7414,
72073,1997,5,292.1121,
72104,1997,6,291.4827,
72134,1997,7,290.8533,
72165,1997,8,290.2240,
72196,1997,9,289.5946,
72226,1997,10,288.9653,
72257,1997,11,288.3359,
72287,1997,12,287.7065,
72318,1998,1,286.6241,
72349,1998,2,285.5417,
72377,1998,3,284.4593,
72408,1998,4,283.3768,
72438,1998,5,282.2944,
72469,1998,6,281.2120,
72499,1998,7,280.1295,
72530,1998,8,279.0471,
72561,1998,9,277.9647,
72591,1998,10,276.8823,
72622,1998,11,275.7998,
72652,1998,12,274.7174,
72683,1999,1,272.9788,
72714,1999,2,271.2402,
72742,1999,3,269.5017,
72773,1999,4,267.7631,
72803,1999,5,266.0245,
72834,1999,6,264.2859,
72864,1999,7,262.5474,
72895,1999,8,260.8088,
72926,1999,9,259.0702,
72956,1999,10,257.3316,
72987,1999,11,255.5931,
73017,1999,12,253.8545,
73048,2000,1,251.8410,
73079,2000,2,249.8274,
73108,2000,3,247.8139,
73139,2000,4,245.8004,
73169,2000,5,243.7868,
73200,2000,6,241.7733,
73230,2000,7,239.7598,
73261,2000,8,237.7463,
73292,2000,9,235.7327,
73322,2000,10,233.7192,
73353,2000,11,231.7057,
73383,2000,12,229.6922,
73414,2001,1,227.0688,
73445,2001,2,224.4454,
73473,2001,3,221.8221,
73504,2001,4,219.1987,
73534,2001,5,216.5754,
73565,2001,6,213.9520,
73595,2001,7,211.3287,
73626,2001,8,208.7053,
73657,2001,9,206.0820,
73687,2001,10,203.4586,
73718,2001,11,200.8353,
73748,2001,12,198.2119,
73779,2002,1,196.0146,
73810,2002,2,193.8173,
73838,2002,3,191.6200,
73869,2002,4,189.4227,47.7450
73899,2002,5,187.2254,332.3770
73930,2002,6,184.2081,238.5900
73960,2002,7,181.1908,144.8030
73991,2002,8,178.1153,51.0170
74022,2002,9,175.0398,68.4980
74052,2002,10,171.9642,212.4720
74083,2002,11,168.8887,-67.1750
74113,2002,12,165.8132,-116.5060
74144,2003,1,160.5163,-403.8040
74175,2003,2,154.9458,-125.1350
74203,2003,3,149.1360,-69.1270
74234,2003,4,143.4413,72.6270
74264,2003,5,138.0499,109.9350
74295,2003,6,132.7731,69.4870
74325,2003,7,127.4944,29.0390
74356,2003,8,121.5698,-17.5620
74387,2003,9,115.4985,-61.6170
74417,2003,10,108.7650,0.5440
74448,2003,11,102.0760,-35.8160
74478,2003,12,95.5853,-109.9520
74509,2004,1,89.3793,-208.0010
74540,2004,2,83.2874,-367.1560
74569,2004,3,77.1959,-238.7560
74600,2004,4,71.2814,-167.2380
74630,2004,5,65.6219,129.9450
74661,2004,6,60.1364,-49.9450
74691,2004,7,54.7421,-161.7130
74722,2004,8,49.2648,28.4650
74753,2004,9,43.7620,-14.5410
74783,2004,10,38.2747,37.1380
74814,2004,11,32.9635,-155.8850
74844,2004,12,27.8631,-188.6320
74875,2005,1,22.8535,-240.5070
74906,2005,2,17.8988,-326.5260
74934,2005,3,13.1558,-191.9730
74965,2005,4,8.6051,-38.1520
74995,2005,5,4.2464,34.0820
75026,2005,6,0.0000,0.0000
75056,2005,7,-4.1878,89.1590
75087,2005,8,-8.6642,17.3970
75118,2005,9,-13.5719,147.0080
75148,2005,10,-18.6995,123.8330
75179,2005,11,-23.9896,168.0160
75209,2005,12,-29.1570,24.6620
75240,2006,1,-35.4535,1.9300
75271,2006,2,-41.9282,-56.5470
75299,2006,3,-48.4343,218.9790
75330,2006,4,-54.8751,212.2460
75360,2006,5,-61.2353,171.5780
75391,2006,6,-67.7435,349.3760
75421,2006,7,-74.5155,217.4020
75452,2006,8,-81.7727,513.7230
75483,2006,9,-89.3783,340.8520
75513,2006,10,-97.3205,126.7960
75544,2006,11,-105.4578,90.0230
75574,2006,12,-113.8079,59.1780
75605,2007,1,-122.9538,-228.8330
75636,2007,2,-132.3663,-239.9910
75664,2007,3,-142.0578,34.9050
75695,2007,4,-151.7078,84.4450
75725,2007,5,-161.2830,256.4310
75756,2007,6,-170.7328,231.7700
75786,2007,7,-180.1600,178.0770
75817,2007,8,-189.7567,191.6700
75848,2007,9,-199.4924,275.6850
75878,2007,10,-209.1863,-17.0790
75909,2007,11,-218.7699,-192.3370
75939,2007,12,-228.2583,-306.4660
75970,2008,1,-237.9228,-495.8800
76001,2008,2,-247.4604,-378.8210
76030,2008,3,-256.8144,-362.9690
76061,2008,4,-265.9468,-105.1170
76091,2008,5,-274.9189,-16.2310
76122,2008,6,-283.7844,-159.9570
76152,2008,7,-292.5646,-337.2980
76183,2008,8,-301.5011,-271.2980
76214,2008,9,-310.5783,-32.3430
76244,2008,10,-319.7024,-266.9870
76275,2008,11,-329.5169,-306.6120
76305,2008,12,-339.2243,-376.6040
76336,2009,1,-348.1703,-420.4840
76367,2009,2,-357.2052,-412.9770
76395,2009,3,-366.2195,-270.8880
76426,2009,4,-375.0652,-105.8490
76456,2009,5,-383.8852,-64.5310
76487,2009,6,-392.7435,-177.8480
76517,2009,7,-401.6237,14.1720
76548,2009,8,-410.7795,17.1960
76579,2009,9,-420.1883,-90.8120
76609,2009,10,-429.8854,-312.7260
76640,2009,11,-439.6280,-182.9240
76670,2009,12,-449.4975,-285.3980
76701,2010,1,-460.8113,-547.4820
76732,2010,2,-472.4151,-426.4640
76760,2010,3,-484.0990,-296.5130
76791,2010,4,-495.5288,-292.6210
76821,2010,5,-506.6597,-323.7330
76852,2010,6,-517.6889,-507.1640
76882,2010,7,-528.6551,-657.3190
76913,2010,8,-541.4578,-501.7590
76944,2010,9,-554.3247,-495.9120
76974,2010,10,-567.2047,-585.0460
77005,2010,11,-579.9933,-632.3040
77035,2010,12,-592.7513,-541.2060
77066,2011,1,-607.7200,-589.8900
77097,2011,2,-622.6403,-638.5740
77125,2011,3,-637.3386,-578.2560
77156,2011,4,-651.7295,-553.5210
77186,2011,5,-665.9967,-534.9860
77217,2011,6,-680.0631,-427.1540
77247,2011,7,-693.9960,-319.3220
77278,2011,8,-708.0992,-445.6780
77309,2011,9,-722.3460,-296.8380
77339,2011,10,-736.4477,-451.8040
77370,2011,11,-750.2877,-491.6500
77400,2011,12,-764.0359,-717.9960
77431,2012,1,-776.8850,-633.6010
77462,2012,2,-789.8372,-733.6720
77491,2012,3,-802.8056,-620.0800
77522,2012,4,-815.7514,-521.1910
77552,2012,5,-830.2422,-659.3540
77583,2012,6,-844.7873,-797.5170
77613,2012,7,-858.8257,-839.9110
77644,2012,8,-873.1095,-621.1140
77675,2012,9,-887.4613,-395.0440
77705,2012,10,-902.0775,-514.3880
77736,2012,11,-916.8776,-633.7330
77766,2012,12,-931.7727,-730.4020
77797,2013,1,-947.3925,-815.4700
77828,2013,2,-963.1343,-999.1010
77856,2013,3,-978.9053,-835.7250
77887,2013,4,-994.4597,-672.3480
77917,2013,5,-1009.8709,-675.0020
77948,2013,6,-1025.1772,-791.0940
77978,2013,7,-1040.4651,-623.8050
78009,2013,8,-1055.8813,-695.4380
78040,2013,9,-1071.4794,-767.0710
78070,2013,10,-1087.2329,-838.7040
78101,2013,11,-1103.1555,-964.4520
78131,2013,12,-1119.0803,-977.1800
78162,2014,1,-1135.5818,-1316.5540
78193,2014,2,-1152.3445,-1191.0880
78221,2014,3,-1169.1573,-1065.6210
78252,2014,4,-1185.7998,-1022.4250
78282,2014,5,-1202.4403,-863.1120
78313,2014,6,-1219.0612,-1007.4340
78343,2014,7,-1235.6796,-1009.8730
78374,2014,8,-1252.4482,-1012.3110
78405,2014,9,-1269.4140,-844.7960
78435,2014,10,-1286.2991,-1011.0630
78466,2014,11,-1303.1291,-1077.9650
78496,2014,12,-1319.8627,-1197.9810
78527,2015,1,-1331.7182,-1317.9970
78558,2015,2,-1342.8947,-1501.9310
78586,2015,3,-1353.8392,-1441.1310
78617,2015,4,-1364.7515,-1355.6350
78647,2015,5,-1375.5249,-1146.8410
78678,2015,6,-1386.0901,-1166.2640
78708,2015,7,-1396.4159,-1185.6870
78739,2015,8,-1406.7677,-1546.0280
78770,2015,9,-1417.1237,-1545.7650
78800,2015,10,-1427.5982,-1538.8000
78831,2015,11,-1437.8977,-1531.8340
78861,2015,12,-1447.9790,-1524.8690
78892,2016,1,-1454.2739,-1521.7390
78923,2016,2,-1460.5462,-1423.7700
78952,2016,3,-1466.6657,-1368.1160
78983,2016,4,-1472.4923,-1404.4580
79013,2016,5,-1478.0302,-1440.8000
79044,2016,6,-1483.1619,-1320.0550
79074,2016,7,-1488.2627,-1055.1540
79105,2016,8,-1493.2185,-1267.9180
79136,2016,9,-1498.1387,-1309.0360
79166,2016,10,-1502.9579,-1350.1540
79197,2016,11,-1507.4411,-1391.2720
79227,2016,12,-1511.8973,-1167.1090
79258,2017,1,-1519.0290,-1050.9450
79289,2017,2,-1526.4041,-1254.4740
79317,2017,3,-1533.8605,-1661.5310
79348,2017,4,-1541.3180,-1378.2480
79378,2017,5,-1546.2456,-1250.2970
79378,2017,5,-1546.2456,-1113.2400
79409,2017,6,-1551.3925,
79439,2017,7,-1556.9024,
79470,2017,8,-1562.7560,
79501,2017,9,-1568.9226,
79531,2017,10,-1575.3677,
79562,2017,11,-1581.7116,
79592,2017,12,-1588.3035,
79623,2018,1,-1601.4751,
79654,2018,2,-1614.3301,
79682,2018,3,-1626.7789,
79713,2018,4,-1638.9435,
79743,2018,5,-1651.0589,
79774,2018,6,-1663.2909,-1271.2130
79804,2018,7,-1675.5149,-1318.3030
79835,2018,8,-1692.6131,-1390.6540
79866,2018,9,-1710.0062,-1463.0050
79896,2018,10,-1727.8252,-1535.3550
79927,2018,11,-1745.7522,-1538.4500
79957,2018,12,-1763.8837,-1765.5400
79988,2019,1,-1782.2999,-1802.3240
80019,2019,2,-1796.9810,-1850.1140
80047,2019,3,-1810.5492,-1683.3230
80078,2019,4,-1823.9704,-1626.7310
80108,2019,5,-1837.4282,-1326.7710
80139,2019,6,-1850.9248,-1437.6460
80169,2019,7,-1864.4214,-1347.3940
80200,2019,8,-1877.9180,-1482.1950
80231,2019,9,-1891.4146,-1566.8420
80261,2019,10,-1904.7772,-1675.4800
80292,2019,11,-1918.1397,-1659.9110
80322,2019,12,-1931.5443,-1736.4170
80353,2020,1,-1944.9488,-2041.5280
80384,2020,2,-1952.1708,-2047.2510
80413,2020,3,-1959.3929,-1977.7160
80444,2020,4,-1966.6149,-1752.5770
80474,2020,5,-1973.8370,-1585.1320
80505,2020,6,-1981.0590,-1545.3900
80535,2020,7,-1988.2811,-1646.6070
80566,2020,8,-1995.5031,-1517.8370
80597,2020,9,-2002.7252,-1584.5630
80627,2020,10,-2009.9472,-1780.6490
80658,2020,11,-2017.1693,-1929.4590
80688,2020,12,-2024.3913,-1937.3280
80719,2021,1,,-2174.6040
80750,2021,2,,-2016.5350
80778,2021,3,,-1890.6590
80809,2021,4,,-1488.4740
80839,2021,5,,-1453.8840
80870,2021,6,,-1752.7260
80900,2021,7,,-1901.8910
80931,2021,8,,-1792.1000
80962,2021,9,,-1989.1070
80992,2021,10,,-1755.1450
81023,2021,11,,-2053.9290
81053,2021,12,,-1960.7320
81084,2022,1,,-2033.6120
81115,2022,2,,-1995.1420
81143,2022,3,,-1896.0050
81174,2022,4,,-1392.9240
81204,2022,5,,-1177.5760
81235,2022,6,,-1333.5700
81265,2022,7,,-1531.4590
81296,2022,8,,-1474.3150
81327,2022,9,,-1415.7140
81357,2022,10,,-1653.0520
81388,2022,11,,-1607.3590
81418,2022,12,,-1561.3070
81449,2023,1,,-1586.6890
81480,2023,2,,-1622.0190
81508,2023,3,,-1481.8450
81539,2023,4,,-1090.1940
81569,2023,5,,-1338.2580
81600,2023,6,,-1403.7170
81630,2023,7,,-1548.1130
81661,2023,8,,-1308.4030
81692,2023,9,,-1357.0120
end data
