Conventions,G,BADC-CSV,1
title,G,Antarctic ice sheet cumulative mass balance
last_revised_date,G,2023-11-02
date_valid,G,2023-11-02
feature_type,G,area average
creator,G,WMO
source,G,Produced by climind version 1.0
observation_station,G,derived data
location,G,90.,-180.,-90.,180.
rights,G,TBD
activity,G,WMO
comments,G,Format description https://help.ceda.ac.uk/article/105-badc-csv
history,GRACE_Antarctica,"Data set created from file ['antarctica_mass_200204_2023MMMM.txt'] downloaded from ['https://archive.podaac.earthdata.nasa.gov/podaac-ops-cumulus-protected/ANTARCTICA_MASS_TELLUS_MASCON_CRI_TIME_SERIES_RL06.1_V3/antarctica_mass_200204_2023MMMM.txt'] at ['2023-08-01 16:16:14']"
history,GRACE_Antarctica,"Zeroed series on June 2005 by subtracting the value for that month from all data values (see next entry)"
history,GRACE_Antarctica,"Added offset of 203.52 to all data values."
history,GRACE_Antarctica,"Manually changed baseline to 2005-2005. Note that data values remain unchanged."
reference,GRACE_Antarctica,"Watkins, M. M., D. N. Wiese, D. -N. Yuan, C. Boening, and F. W. Landerer (2015), Improved methods for observing Earth's time variable mass distribution with GRACE using spherical cap mascons, J. Geophys. Res. Solid Earth, 120, 2648_2671, doi: 10.1002/2014JB011547."
comments,GRACE_Antarctica,"Original data acknowledgement: "
history,IMBIE_2021_Antarctica,"Data set created from file ['imbie_antarctica_2021_Gt.csv'] downloaded from ['https://ramadda.data.bas.ac.uk/repository/entry/get/imbie_antarctica_2021_Gt.csv?entryid=synth%3A77b64c55-7166-4a06-9def-2e400398e452%3AL2ltYmllX2FudGFyY3RpY2FfMjAyMV9HdC5jc3Y%3D'] at ['2023-08-07 14:40:19']"
history,IMBIE_2021_Antarctica,"Zeroed series on June 2005 by subtracting the value for that month from all data values (see next entry)"
history,IMBIE_2021_Antarctica,"Added offset of 646.1411 to all data values."
history,IMBIE_2021_Antarctica,"Manually changed baseline to 2005-2005. Note that data values remain unchanged."
reference,IMBIE_2021_Antarctica,"Shepherd, A., Ivins, E., Rignot, E., Smith, B., van den Broeke, M., Velicogna, I., Whitehouse, P., Briggs, K., Joughin, I., Krinner, G., Nowicki, S., Payne, A., Scambos, T., Schlegel, N., A, G., Agosta, C., Ahlstrøm, A., Babonis, G., Barletta, V., … Wuite, J. (2021). Antarctic and Greenland Ice Sheet mass balance 1992-2020 for IPCC AR6 (Version 1.0) [Data set]. UK Polar Data Centre, Natural Environment Research Council, UK Research & Innovation. https://doi.org/10.5285/77B64C55-7166-4A06-9DEF-2E400398E452"
comments,IMBIE_2021_Antarctica,"Original data acknowledgement: "
long_name,time,time,days since 1800-01-01 00:00:00.0
type,time,int
long_name,year,year,1
type,year,int
long_name,month,month,1
type,month,int
long_name,GRACE_Antarctica,antarctica,Gt
type,GRACE_Antarctica,float
long_name,IMBIE_2021_Antarctica,antarctica,Gt
type,IMBIE_2021_Antarctica,float
coordinate_variable,time,t
data
time,year,month,GRACE_Antarctica,IMBIE_2021_Antarctica
70126,1992,1,,648.6661
70157,1992,2,,651.1911
70186,1992,3,,653.7161
70217,1992,4,,642.8282
70247,1992,5,,631.9402
70278,1992,6,,627.3184
70308,1992,7,,622.6965
70339,1992,8,,618.0746
70370,1992,9,,613.4528
70400,1992,10,,608.8309
70431,1992,11,,604.2090
70461,1992,12,,599.5872
70492,1993,1,,592.9053
70523,1993,2,,586.2234
70551,1993,3,,579.5415
70582,1993,4,,572.8596
70612,1993,5,,566.1777
70643,1993,6,,559.4958
70673,1993,7,,552.8139
70704,1993,8,,546.1320
70735,1993,9,,539.4501
70765,1993,10,,532.7682
70796,1993,11,,526.0863
70826,1993,12,,519.4044
70857,1994,1,,511.9648
70888,1994,2,,504.5253
70916,1994,3,,497.0857
70947,1994,4,,489.6462
70977,1994,5,,482.2066
71008,1994,6,,474.7671
71038,1994,7,,467.3275
71069,1994,8,,459.8880
71100,1994,9,,452.4484
71130,1994,10,,445.0088
71161,1994,11,,437.5693
71191,1994,12,,430.1297
71222,1995,1,,421.9830
71253,1995,2,,413.8364
71281,1995,3,,405.6897
71312,1995,4,,397.5430
71342,1995,5,,389.3963
71373,1995,6,,383.4661
71403,1995,7,,377.5359
71434,1995,8,,371.6057
71465,1995,9,,365.6755
71495,1995,10,,359.7453
71526,1995,11,,353.8151
71556,1995,12,,347.8849
71587,1996,1,,342.2216
71618,1996,2,,336.5583
71647,1996,3,,330.8950
71678,1996,4,,325.2317
71708,1996,5,,319.5685
71739,1996,6,,313.9052
71769,1996,7,,310.7974
71800,1996,8,,307.6897
71831,1996,9,,304.5820
71861,1996,10,,301.4743
71892,1996,11,,298.3666
71922,1996,12,,295.2589
71953,1997,1,,294.6295
71984,1997,2,,294.0002
72012,1997,3,,293.3708
72043,1997,4,,292.7414
72073,1997,5,,292.1121
72104,1997,6,,291.4827
72134,1997,7,,290.8533
72165,1997,8,,290.2240
72196,1997,9,,289.5946
72226,1997,10,,288.9653
72257,1997,11,,288.3359
72287,1997,12,,287.7065
72318,1998,1,,286.6241
72349,1998,2,,285.5417
72377,1998,3,,284.4593
72408,1998,4,,283.3768
72438,1998,5,,282.2944
72469,1998,6,,281.2120
72499,1998,7,,280.1295
72530,1998,8,,279.0471
72561,1998,9,,277.9647
72591,1998,10,,276.8823
72622,1998,11,,275.7998
72652,1998,12,,274.7174
72683,1999,1,,272.9788
72714,1999,2,,271.2402
72742,1999,3,,269.5017
72773,1999,4,,267.7631
72803,1999,5,,266.0245
72834,1999,6,,264.2859
72864,1999,7,,262.5474
72895,1999,8,,260.8088
72926,1999,9,,259.0702
72956,1999,10,,257.3316
72987,1999,11,,255.5931
73017,1999,12,,253.8545
73048,2000,1,,251.8410
73079,2000,2,,249.8274
73108,2000,3,,247.8139
73139,2000,4,,245.8004
73169,2000,5,,243.7868
73200,2000,6,,241.7733
73230,2000,7,,239.7598
73261,2000,8,,237.7463
73292,2000,9,,235.7327
73322,2000,10,,233.7192
73353,2000,11,,231.7057
73383,2000,12,,229.6922
73414,2001,1,,227.0688
73445,2001,2,,224.4454
73473,2001,3,,221.8221
73504,2001,4,,219.1987
73534,2001,5,,216.5754
73565,2001,6,,213.9520
73595,2001,7,,211.3287
73626,2001,8,,208.7053
73657,2001,9,,206.0820
73687,2001,10,,203.4586
73718,2001,11,,200.8353
73748,2001,12,,198.2119
73779,2002,1,,196.0146
73810,2002,2,,193.8173
73838,2002,3,,191.6200
73869,2002,4,203.5200,189.4227
73899,2002,5,222.4400,187.2254
73930,2002,6,,184.2081
73960,2002,7,,181.1908
73991,2002,8,142.3900,178.1153
74022,2002,9,246.5300,175.0398
74052,2002,10,264.7900,171.9642
74083,2002,11,133.3400,168.8887
74113,2002,12,155.5300,165.8132
74144,2003,1,155.5000,160.5163
74175,2003,2,4.1800,154.9458
74203,2003,3,33.8800,149.1360
74234,2003,4,161.5800,143.4413
74264,2003,5,206.3500,138.0499
74295,2003,6,,132.7731
74325,2003,7,75.8500,127.4944
74356,2003,8,81.8700,121.5698
74387,2003,9,71.9900,115.4985
74417,2003,10,154.6000,108.7650
74448,2003,11,95.2800,102.0760
74478,2003,12,-70.0000,95.5853
74509,2004,1,-126.6700,89.3793
74540,2004,2,-285.8500,83.2874
74569,2004,3,-133.9300,77.1959
74600,2004,4,-180.5900,71.2814
74630,2004,5,48.7300,65.6219
74661,2004,6,16.7000,60.1364
74691,2004,7,-108.8100,54.7421
74722,2004,8,37.1300,49.2648
74753,2004,9,41.8800,43.7620
74783,2004,10,116.4800,38.2747
74814,2004,11,-23.6800,32.9635
74844,2004,12,-102.4400,27.8631
74875,2005,1,-187.9800,22.8535
74906,2005,2,-251.1600,17.8988
74934,2005,3,-201.3500,13.1558
74965,2005,4,-47.0500,8.6051
74995,2005,5,-24.7100,4.2464
75026,2005,6,0.0000,0.0000
75056,2005,7,44.2600,-4.1878
75087,2005,8,-5.8400,-8.6642
75118,2005,9,90.3800,-13.5719
75148,2005,10,96.2900,-18.6995
75179,2005,11,142.1200,-23.9896
75209,2005,12,43.4400,-29.1570
75240,2006,1,-20.5000,-35.4535
75271,2006,2,-113.7400,-41.9282
75299,2006,3,20.5500,-48.4343
75330,2006,4,44.9600,-54.8751
75360,2006,5,125.9800,-61.2353
75391,2006,6,153.7800,-67.7435
75421,2006,7,103.6400,-74.5155
75452,2006,8,190.0100,-81.7727
75483,2006,9,180.3400,-89.3783
75513,2006,10,106.9100,-97.3205
75544,2006,11,114.5500,-105.4578
75574,2006,12,-30.3800,-113.8079
75605,2007,1,-233.8300,-122.9538
75636,2007,2,-224.8100,-132.3663
75664,2007,3,-157.0300,-142.0578
75695,2007,4,-132.3800,-151.7078
75725,2007,5,23.1200,-161.2830
75756,2007,6,12.4000,-170.7328
75786,2007,7,-66.2400,-180.1600
75817,2007,8,-29.4500,-189.7567
75848,2007,9,42.9500,-199.4924
75878,2007,10,-43.9000,-209.1863
75909,2007,11,-236.0800,-218.7699
75939,2007,12,-317.6600,-228.2583
75970,2008,1,-524.6600,-237.9228
76001,2008,2,-402.8100,-247.4604
76030,2008,3,-535.4700,-256.8144
76061,2008,4,-359.8100,-265.9468
76091,2008,5,-269.4000,-274.9189
76122,2008,6,-353.0000,-283.7844
76152,2008,7,-447.8100,-292.5646
76183,2008,8,-400.0800,-301.5011
76214,2008,9,-242.4600,-310.5783
76244,2008,10,-331.0200,-319.7024
76275,2008,11,-317.3500,-329.5169
76305,2008,12,-421.7000,-339.2243
76336,2009,1,-501.9100,-348.1703
76367,2009,2,-475.7800,-357.2052
76395,2009,3,-412.1000,-366.2195
76426,2009,4,-377.3700,-375.0652
76456,2009,5,-350.2800,-383.8852
76487,2009,6,-336.7600,-392.7435
76517,2009,7,-235.5400,-401.6237
76548,2009,8,-267.6200,-410.7795
76579,2009,9,-279.8600,-420.1883
76609,2009,10,-334.4400,-429.8854
76640,2009,11,-321.3700,-439.6280
76670,2009,12,-429.4000,-449.4975
76701,2010,1,-597.9600,-460.8113
76732,2010,2,-604.5100,-472.4151
76760,2010,3,-486.3800,-484.0990
76791,2010,4,-557.0700,-495.5288
76821,2010,5,-578.8400,-506.6597
76852,2010,6,-590.9200,-517.6889
76882,2010,7,-794.1900,-528.6551
76913,2010,8,-724.8800,-541.4578
76944,2010,9,-645.1900,-554.3247
76974,2010,10,-677.3900,-567.2047
77005,2010,11,-698.3300,-579.9933
77035,2010,12,-711.0200,-592.7513
77066,2011,1,,-607.7200
77097,2011,2,-799.2700,-622.6403
77125,2011,3,-815.3500,-637.3386
77156,2011,4,-826.7200,-651.7295
77186,2011,5,-760.6900,-665.9967
77217,2011,6,,-680.0631
77247,2011,7,-711.6900,-693.9960
77278,2011,8,-726.6500,-708.0992
77309,2011,9,-638.7600,-722.3460
77339,2011,10,-683.7800,-736.4477
77339,2011,10,-679.2600,-736.4477
77370,2011,11,,-750.2877
77400,2011,12,,-764.0359
77431,2012,1,-946.2400,-776.8850
77431,2012,1,-875.1600,-776.8850
77462,2012,2,-938.1700,-789.8372
77491,2012,3,-916.7500,-802.8056
77522,2012,4,-856.3000,-815.7514
77552,2012,5,,-830.2422
77583,2012,6,-892.3600,-844.7873
77613,2012,7,-859.9100,-858.8257
77644,2012,8,-780.9300,-873.1095
77675,2012,9,-750.0600,-887.4613
77705,2012,10,,-902.0775
77736,2012,11,-871.9200,-916.8776
77766,2012,12,-916.0900,-931.7727
77797,2013,1,-1086.3800,-947.3925
77828,2013,2,-1192.3800,-963.1343
77856,2013,3,,-978.9053
77887,2013,4,-936.5100,-994.4597
77917,2013,5,-1037.9500,-1009.8709
77948,2013,6,-1046.8100,-1025.1772
77978,2013,7,-1011.7000,-1040.4651
78009,2013,8,,-1055.8813
78040,2013,9,,-1071.4794
78070,2013,10,-1101.6500,-1087.2329
78101,2013,11,-1147.7200,-1103.1555
78131,2013,12,-1198.8500,-1119.0803
78162,2014,1,-1307.7500,-1135.5818
78193,2014,2,,-1152.3445
78221,2014,3,-1415.7900,-1169.1573
78252,2014,4,-1334.3700,-1185.7998
78282,2014,5,-1241.8300,-1202.4403
78313,2014,6,-1286.4800,-1219.0612
78343,2014,7,,-1235.6796
78374,2014,8,-1336.3200,-1252.4482
78405,2014,9,-1164.9600,-1269.4140
78435,2014,10,-1252.0800,-1286.2991
78466,2014,11,-1328.3100,-1303.1291
78496,2014,12,,-1319.8627
78527,2015,1,-1630.8700,-1331.7182
78558,2015,2,-1706.6000,-1342.8947
78586,2015,3,-1671.2400,-1353.8392
78617,2015,4,-1650.3900,-1364.7515
78617,2015,4,-1578.8600,-1364.7515
78647,2015,5,,-1375.5249
78678,2015,6,,-1386.0901
78708,2015,7,-1550.9200,-1396.4159
78739,2015,8,-1699.3700,-1406.7677
78770,2015,9,-1651.6600,-1417.1237
78800,2015,10,,-1427.5982
78831,2015,11,,-1437.8977
78861,2015,12,-1693.4000,-1447.9790
78892,2016,1,-1716.5800,-1454.2739
78923,2016,2,-1791.6800,-1460.5462
78952,2016,3,-1728.4200,-1466.6657
78983,2016,4,,-1472.4923
79013,2016,5,-1595.9800,-1478.0302
79044,2016,6,-1576.8100,-1483.1619
79074,2016,7,-1461.2800,-1488.2627
79105,2016,8,-1415.3400,-1493.2185
79136,2016,9,,-1498.1387
79166,2016,10,,-1502.9579
79197,2016,11,-1481.6600,-1507.4411
79227,2016,12,-1394.0400,-1511.8973
79258,2017,1,-1416.3100,-1519.0290
79289,2017,2,,-1526.4041
79317,2017,3,,-1533.8605
79348,2017,4,-1744.9100,-1541.3180
79348,2017,4,-1662.3100,-1541.3180
79378,2017,5,-1625.8500,-1546.2456
79409,2017,6,-1632.1000,-1551.3925
79439,2017,7,,-1556.9024
79470,2017,8,,-1562.7560
79501,2017,9,,-1568.9226
79531,2017,10,,-1575.3677
79562,2017,11,,-1581.7116
79592,2017,12,,-1588.3035
79623,2018,1,,-1601.4751
79654,2018,2,,-1614.3301
79682,2018,3,,-1626.7789
79713,2018,4,,-1638.9435
79743,2018,5,,-1651.0589
79774,2018,6,-1808.9000,-1663.2909
79804,2018,7,-1836.1700,-1675.5149
79835,2018,8,,-1692.6131
79866,2018,9,,-1710.0062
79896,2018,10,-1979.3200,-1727.8252
79927,2018,11,-1936.8800,-1745.7522
79957,2018,12,-2076.5400,-1763.8837
79988,2019,1,-2194.1600,-1782.2999
80019,2019,2,-2253.8300,-1796.9810
80047,2019,3,-2200.1000,-1810.5492
80078,2019,4,-2166.6700,-1823.9704
80108,2019,5,-2007.0100,-1837.4282
80139,2019,6,-2063.0700,-1850.9248
80169,2019,7,-1926.0400,-1864.4214
80200,2019,8,-2087.7100,-1877.9180
80231,2019,9,-2130.5500,-1891.4146
80261,2019,10,-2112.5900,-1904.7772
80292,2019,11,-2121.7700,-1918.1397
80322,2019,12,-2228.6500,-1931.5443
80353,2020,1,-2473.0700,-1944.9488
80384,2020,2,-2575.5700,-1952.1708
80413,2020,3,-2496.5700,-1959.3929
80444,2020,4,-2373.8600,-1966.6149
80474,2020,5,-2251.3900,-1973.8370
80505,2020,6,-2193.6000,-1981.0590
80535,2020,7,-2244.1100,-1988.2811
80566,2020,8,-2205.8600,-1995.5031
80597,2020,9,-2267.3800,-2002.7252
80627,2020,10,-2330.2400,-2009.9472
80658,2020,11,-2398.4600,-2017.1693
80688,2020,12,-2445.4200,-2024.3913
80719,2021,1,-2657.7800,
80750,2021,2,-2445.9000,
80778,2021,3,-2473.1700,
80809,2021,4,-2257.4200,
80839,2021,5,-2285.6300,
80870,2021,6,-2458.9800,
80900,2021,7,-2469.6500,
80931,2021,8,-2409.0400,
80962,2021,9,-2496.4400,
80992,2021,10,-2299.2300,
81023,2021,11,-2537.2400,
81053,2021,12,-2441.1600,
81084,2022,1,-2534.4900,
81115,2022,2,-2493.3000,
81143,2022,3,-2417.5300,
81174,2022,4,-2178.6800,
81204,2022,5,-2083.3800,
81235,2022,6,-2104.7600,
81265,2022,7,-2213.7300,
81296,2022,8,-2167.9600,
81327,2022,9,-2152.0700,
81357,2022,10,-2207.9400,
81388,2022,11,-2141.7000,
81418,2022,12,-2143.8100,
81449,2023,1,-2214.1200,
81480,2023,2,-2267.1000,
81508,2023,3,-2169.9100,
81539,2023,4,-1961.6600,
81569,2023,5,-2108.5800,
end data
