Conventions,G,BADC-CSV,1
title,G,Regional mean temperature for WMO RA 1 West Africa
last_revised_date,G,2023-08-28
date_valid,G,2023-08-28
feature_type,G,area average
creator,G,WMO
source,G,Produced by climind version 0.1
observation_station,G,derived data
location,G,90.,-180.,-90.,180.
activity,G,WMO
history,G,""Data set created from file ['NOAAGlobalTemp_v*.nc'] downloaded from ['https://www.ncei.noaa.gov/data/noaa-global-surface-temperature/v5/access/gridded/NOAAGlobalTemp_v.*.nc'] at ['2023-08-07 16:18:17']""
history,G,""Data set created from file ['NOAAGlobalTemp_v*.nc'] downloaded from ['https://www.ncei.noaa.gov/data/noaa-global-surface-temperature/v5/access/gridded/NOAAGlobalTemp_v.*.nc'] at ['2023-08-07 16:18:17']""
history,G,""Regridded to 1 degree latitude-longitude resolution""
history,G,""Rebaselined to 1991-2020""
history,G,""Calculated area-average""
history,G,""Calculated annual average from monthly averages using arithmetic mean""
history,G,""Selected years within the range 1900 to 2022.""
history,G,""Wrote to file africa_subregion_2_NOAAGlobalTemp.csv""
history,G,"Data set created from file ['africa_subregion_2_NOAAGlobalTemp.csv'] downloaded from [''] at ['2023-08-09 12:23:52']"
history,G,"Calculated 10-year moving average"
reference,G,"Huang, B., M. J. Menne, T. Boyer, E. Freeman, B. E. Gleason, J. H. Lawrimore, C. Liu, J. J. Rennie, C. Schreck, F. Sun, R. Vose, C. N. Williams, X. Yin, H.-M. Zhang, 2020: Uncertainty estimates for sea surface temperature and land surface air temperature in NOAAGlobalTemp version 5. , J. Climate, 33, 1351-1379, DOI: 10.1175/JCLI-D-19-0395.1"
reference,G,"Zhang, Huai-Min, Jay H. Lawrimore, Boyin Huang, Matthew J. Menne, Xungang Yin, Ahira Sȧnchez-Lugo, Byron E. Gleason, Russell Vose, Derek Arndt, J. Jared Rennie, and Claude N. Williams. (2019) Updated Temperature Data Give a Sharper View of Climate Trends. Eos, 100, https://doi.org/10.1029/2019EO128229"
rights,G,TBD
comments,G,Data produced by climind version 0.1
comments,G,Format description https://help.ceda.ac.uk/article/105-badc-csv
comments,G,"Original data acknowledgement: "
long_name,time,time,days since 1800-01-01 00:00:00.0
type,time,int
long_name,year,year,1
type,year,int
long_name,data,africa_subregion_2,degC
type,data,float
coordinate_variable,time,t
data
time,year,data
36524,1900,
36889,1901,
37254,1902,
37619,1903,
37984,1904,
38350,1905,
38715,1906,
39080,1907,
39445,1908,
39811,1909,-0.9573
40176,1910,-0.9400
40541,1911,-0.9743
40906,1912,-0.9885
41272,1913,-0.9354
41637,1914,-0.9011
42002,1915,-0.8944
42367,1916,-0.9398
42733,1917,-0.9324
43098,1918,-1.0193
43463,1919,-1.0287
43828,1920,-1.0899
44194,1921,-1.1042
44559,1922,-1.1386
44924,1923,-1.2346
45289,1924,-1.2476
45655,1925,-1.2801
46020,1926,-1.2228
46385,1927,-1.2155
46750,1928,-1.1583
47116,1929,-1.1946
47481,1930,-1.1587
47846,1931,-1.0685
48211,1932,-1.0552
48577,1933,-0.9963
48942,1934,-1.0205
49307,1935,-1.0125
49672,1936,-1.0388
50038,1937,-1.0191
50403,1938,-1.0052
50768,1939,-0.9730
51133,1940,-0.9526
51499,1941,-0.9574
51864,1942,-0.9163
52229,1943,-0.9480
52594,1944,-0.9325
52960,1945,-0.9236
53325,1946,-0.9315
53690,1947,-0.9254
54055,1948,-0.9589
54421,1949,-0.9473
54786,1950,-1.0040
55151,1951,-1.0517
55516,1952,-1.1035
55882,1953,-1.0877
56247,1954,-1.1191
56612,1955,-1.1212
56977,1956,-1.1325
57343,1957,-1.1691
57708,1958,-1.1120
58073,1959,-1.1148
58438,1960,-1.0714
58804,1961,-1.0946
59169,1962,-1.0762
59534,1963,-1.0371
59899,1964,-1.0188
60265,1965,-1.0426
60630,1966,-0.9985
60995,1967,-0.9986
61360,1968,-1.0292
61726,1969,-0.9715
62091,1970,-0.9486
62456,1971,-0.9331
62821,1972,-0.9184
63187,1973,-0.8929
63552,1974,-0.9090
63917,1975,-0.9017
64282,1976,-0.9422
64648,1977,-0.8936
65013,1978,-0.8552
65378,1979,-0.8521
65743,1980,-0.8186
66109,1981,-0.7639
66474,1982,-0.7563
66839,1983,-0.7355
67204,1984,-0.6615
67570,1985,-0.6053
67935,1986,-0.5525
68300,1987,-0.4656
68665,1988,-0.4395
69031,1989,-0.4741
69396,1990,-0.4523
69761,1991,-0.4511
70126,1992,-0.4555
70492,1993,-0.4618
70857,1994,-0.4709
71222,1995,-0.4277
71587,1996,-0.3584
71953,1997,-0.3906
72318,1998,-0.3257
72683,1999,-0.2800
73048,2000,-0.2918
73414,2001,-0.2476
73779,2002,-0.1635
74144,2003,-0.1298
74509,2004,-0.0624
74875,2005,-0.0136
75240,2006,-0.0030
75605,2007,0.0168
75970,2008,-0.0246
76336,2009,0.0155
76701,2010,0.1034
77066,2011,0.1203
77431,2012,0.1051
77797,2013,0.1140
78162,2014,0.1171
78527,2015,0.1019
78892,2016,0.1423
79258,2017,0.1709
79623,2018,0.1988
79988,2019,0.2080
80353,2020,0.1883
80719,2021,0.2517
81084,2022,0.2730
end data
