Conventions,G,BADC-CSV,1
title,G,Regional mean temperature for WMO RA 1 West Africa
last_revised_date,G,2023-08-28
date_valid,G,2023-08-28
feature_type,G,area average
creator,G,WMO
source,G,Produced by climind version 0.1
observation_station,G,derived data
location,G,90.,-180.,-90.,180.
rights,G,TBD
activity,G,WMO
comments,G,Format description https://help.ceda.ac.uk/article/105-badc-csv
history,africa_subregion_2_Berkeley_Earth,""Data set created from file ['Land_and_Ocean_LatLong1.nc'] downloaded from ['https://berkeley-earth-temperature.s3.us-west-1.amazonaws.com/Global/Gridded/Land_and_Ocean_LatLong1.nc'] at ['2023-08-07 17:34:59']""
history,africa_subregion_2_Berkeley_Earth,""Rebaselined to 1991-2020""
history,africa_subregion_2_Berkeley_Earth,""Calculated area-average""
history,africa_subregion_2_Berkeley_Earth,""Calculated annual average from monthly averages using arithmetic mean""
history,africa_subregion_2_Berkeley_Earth,""Selected years within the range 1900 to 2022.""
history,africa_subregion_2_Berkeley_Earth,""Wrote to file africa_subregion_2_Berkeley Earth.csv""
history,africa_subregion_2_Berkeley_Earth,"Data set created from file ['africa_subregion_2_Berkeley Earth.csv'] downloaded from [''] at ['2023-08-09 11:00:06']"
history,africa_subregion_2_Berkeley_Earth,"Calculated 10-year moving average"
reference,africa_subregion_2_Berkeley_Earth,"Rohde, R. A. and Hausfather, Z.: The Berkeley Earth Land/Ocean Temperature Record, Earth Syst. Sci. Data, 12, 3469-3479, https://doi.org/10.5194/essd-12-3469-2020, 2020"
comments,africa_subregion_2_Berkeley_Earth,"Original data acknowledgement: "
history,africa_subregion_2_ERA5,""Gridded dataset created from file ['era5_2m_tas_2023.nc'] downloaded from ['']""
history,africa_subregion_2_ERA5,""Regridded to 1 degree latitude-longitude resolution""
history,africa_subregion_2_ERA5,""Rebaselined to 1991-2020""
history,africa_subregion_2_ERA5,""Calculated area-average""
history,africa_subregion_2_ERA5,""Calculated annual average from monthly averages using arithmetic mean""
history,africa_subregion_2_ERA5,""Selected years within the range 1900 to 2022.""
history,africa_subregion_2_ERA5,""Wrote to file africa_subregion_2_ERA5.csv""
history,africa_subregion_2_ERA5,"Data set created from file ['africa_subregion_2_ERA5.csv'] downloaded from [''] at ['2023-08-09 11:00:40']"
history,africa_subregion_2_ERA5,"Calculated 10-year moving average"
reference,africa_subregion_2_ERA5,"Hersbach H, Bell B, Berrisford P et al. 2020. The ERA5 global reanalysis. Q. J. R. Meteorol. Soc. 146: 1999-2049. https://doi.org/10.1002/qj.3803"
comments,africa_subregion_2_ERA5,"Original data acknowledgement: "
history,africa_subregion_2_GISTEMP,""Data set created from file ['gistemp1200_GHCNv4_ERSSTv5.nc.gz'] downloaded from ['https://data.giss.nasa.gov/pub/gistemp/gistemp1200_GHCNv4_ERSSTv5.nc.gz'] at ['2023-08-07 16:14:33']""
history,africa_subregion_2_GISTEMP,""Regridded to 1 degree latitude-longitude resolution""
history,africa_subregion_2_GISTEMP,""Rebaselined to 1991-2020""
history,africa_subregion_2_GISTEMP,""Calculated area-average""
history,africa_subregion_2_GISTEMP,""Calculated annual average from monthly averages using arithmetic mean""
history,africa_subregion_2_GISTEMP,""Selected years within the range 1900 to 2022.""
history,africa_subregion_2_GISTEMP,""Wrote to file africa_subregion_2_GISTEMP.csv""
history,africa_subregion_2_GISTEMP,"Data set created from file ['africa_subregion_2_GISTEMP.csv'] downloaded from [''] at ['2023-08-09 11:01:06']"
history,africa_subregion_2_GISTEMP,"Calculated 10-year moving average"
reference,africa_subregion_2_GISTEMP,"Lenssen, N., G. Schmidt, J. Hansen, M. Menne, A. Persin, R. Ruedy, and D. Zyss, 2019: Improvements in the GISTEMP uncertainty model. J. Geophys. Res. Atmos., 124, no. 12, 6307-6326, doi:10.1029/2018JD029522"
comments,africa_subregion_2_GISTEMP,"Original data acknowledgement: "
history,africa_subregion_2_HadCRUT5,""Data set created from file ['HadCRUT.5.0.1.0.analysis.anomalies.ensemble_mean.nc'] downloaded from ['https://www.metoffice.gov.uk/hadobs/hadcrut5/data/current/analysis/HadCRUT.5.0.1.0.analysis.anomalies.ensemble_mean.nc'] at ['2023-08-07 16:14:34']""
history,africa_subregion_2_HadCRUT5,""Regridded to 1 degree latitude-longitude resolution""
history,africa_subregion_2_HadCRUT5,""Rebaselined to 1991-2020""
history,africa_subregion_2_HadCRUT5,""Calculated area-average""
history,africa_subregion_2_HadCRUT5,""Calculated annual average from monthly averages using arithmetic mean""
history,africa_subregion_2_HadCRUT5,""Selected years within the range 1900 to 2022.""
history,africa_subregion_2_HadCRUT5,""Wrote to file africa_subregion_2_HadCRUT5.csv""
history,africa_subregion_2_HadCRUT5,"Data set created from file ['africa_subregion_2_HadCRUT5.csv'] downloaded from [''] at ['2023-08-09 11:01:51']"
history,africa_subregion_2_HadCRUT5,"Calculated 10-year moving average"
reference,africa_subregion_2_HadCRUT5,"Morice, C. P., Kennedy, J. J., Rayner, N. A., Winn, J. P., Hogan, E., Killick, R. E., et al. (2021). An updated assessment of near-surface temperature change from 1850: the HadCRUT5 data set. Journal of Geophysical Research: Atmospheres, 126, e2019JD032361. https://doi.org/10.1029/2019JD032361"
comments,africa_subregion_2_HadCRUT5,"Original data acknowledgement: HadCRUT.5.0.1.0 data were obtained from http://www.metoffice.gov.uk/hadobs/hadcrut5 on 2023-08-07 16:14:34 and are © British Crown Copyright, Met Office 2023, provided under an Open Government License, http://www.nationalarchives.gov.uk/doc/open-government-licence/version/3/"
history,africa_subregion_2_JRA-55,""Data set created from file ['anl_surf125.011_tmp.202301_202312', 'anl_surf125.2023MMMM'] downloaded from ['', ''] at ['2023-08-07 16:16:00']""
history,africa_subregion_2_JRA-55,""Regridded to 1 degree latitude-longitude resolution""
history,africa_subregion_2_JRA-55,""Rebaselined to 1991-2020""
history,africa_subregion_2_JRA-55,""Calculated area-average""
history,africa_subregion_2_JRA-55,""Calculated annual average from monthly averages using arithmetic mean""
history,africa_subregion_2_JRA-55,""Selected years within the range 1900 to 2022.""
history,africa_subregion_2_JRA-55,""Wrote to file africa_subregion_2_JRA-55.csv""
history,africa_subregion_2_JRA-55,"Data set created from file ['africa_subregion_2_JRA-55.csv'] downloaded from [''] at ['2023-08-09 11:02:28']"
history,africa_subregion_2_JRA-55,"Calculated 10-year moving average"
reference,africa_subregion_2_JRA-55,"Kobayashi, S., Ota, Y., Harada, Y., Ebita, A., Moriya, M., Onoda, H., Onogi, K., Kamahori, H., Kobayashi, C., Endo, H. and Miyaoka, K., (2015). The JRA-55 reanalysis: General specifications and basic characteristics. Journal of the Meteorological Society of Japan. Ser. II, 93(1), pp.5-48."
comments,africa_subregion_2_JRA-55,"Original data acknowledgement: "
history,africa_subregion_2_NOAAGlobalTemp,""Data set created from file ['NOAAGlobalTemp_v*.nc'] downloaded from ['https://www.ncei.noaa.gov/data/noaa-global-surface-temperature/v5/access/gridded/NOAAGlobalTemp_v.*.nc'] at ['2023-08-07 16:18:17']""
history,africa_subregion_2_NOAAGlobalTemp,""Data set created from file ['NOAAGlobalTemp_v*.nc'] downloaded from ['https://www.ncei.noaa.gov/data/noaa-global-surface-temperature/v5/access/gridded/NOAAGlobalTemp_v.*.nc'] at ['2023-08-07 16:18:17']""
history,africa_subregion_2_NOAAGlobalTemp,""Regridded to 1 degree latitude-longitude resolution""
history,africa_subregion_2_NOAAGlobalTemp,""Rebaselined to 1991-2020""
history,africa_subregion_2_NOAAGlobalTemp,""Calculated area-average""
history,africa_subregion_2_NOAAGlobalTemp,""Calculated annual average from monthly averages using arithmetic mean""
history,africa_subregion_2_NOAAGlobalTemp,""Selected years within the range 1900 to 2022.""
history,africa_subregion_2_NOAAGlobalTemp,""Wrote to file africa_subregion_2_NOAAGlobalTemp.csv""
history,africa_subregion_2_NOAAGlobalTemp,"Data set created from file ['africa_subregion_2_NOAAGlobalTemp.csv'] downloaded from [''] at ['2023-08-09 12:23:52']"
history,africa_subregion_2_NOAAGlobalTemp,"Calculated 10-year moving average"
reference,africa_subregion_2_NOAAGlobalTemp,"Huang, B., M. J. Menne, T. Boyer, E. Freeman, B. E. Gleason, J. H. Lawrimore, C. Liu, J. J. Rennie, C. Schreck, F. Sun, R. Vose, C. N. Williams, X. Yin, H.-M. Zhang, 2020: Uncertainty estimates for sea surface temperature and land surface air temperature in NOAAGlobalTemp version 5. , J. Climate, 33, 1351-1379, DOI: 10.1175/JCLI-D-19-0395.1"
reference,africa_subregion_2_NOAAGlobalTemp,"Zhang, Huai-Min, Jay H. Lawrimore, Boyin Huang, Matthew J. Menne, Xungang Yin, Ahira Sȧnchez-Lugo, Byron E. Gleason, Russell Vose, Derek Arndt, J. Jared Rennie, and Claude N. Williams. (2019) Updated Temperature Data Give a Sharper View of Climate Trends. Eos, 100, https://doi.org/10.1029/2019EO128229"
comments,africa_subregion_2_NOAAGlobalTemp,"Original data acknowledgement: "
long_name,time,time,days since 1800-01-01 00:00:00.0
type,time,int
long_name,year,year,1
type,year,int
long_name,africa_subregion_2_Berkeley_Earth,africa_subregion_2,degC
type,africa_subregion_2_Berkeley_Earth,float
long_name,africa_subregion_2_ERA5,africa_subregion_2,degC
type,africa_subregion_2_ERA5,float
long_name,africa_subregion_2_GISTEMP,africa_subregion_2,degC
type,africa_subregion_2_GISTEMP,float
long_name,africa_subregion_2_HadCRUT5,africa_subregion_2,degC
type,africa_subregion_2_HadCRUT5,float
long_name,africa_subregion_2_JRA-55,africa_subregion_2,degC
type,africa_subregion_2_JRA-55,float
long_name,africa_subregion_2_NOAAGlobalTemp,africa_subregion_2,degC
type,africa_subregion_2_NOAAGlobalTemp,float
coordinate_variable,time,t
data
time,year,africa_subregion_2_Berkeley_Earth,africa_subregion_2_ERA5,africa_subregion_2_GISTEMP,africa_subregion_2_HadCRUT5,africa_subregion_2_JRA-55,africa_subregion_2_NOAAGlobalTemp
36524,1900,,,,,,
36889,1901,,,,,,
37254,1902,,,,,,
37619,1903,,,,,,
37984,1904,,,,,,
38350,1905,,,,,,
38715,1906,,,,,,
39080,1907,,,,,,
39445,1908,,,,,,
39811,1909,-1.2698,,-0.7324,-0.9487,,-0.9573
40176,1910,-1.2804,,-0.7013,-0.9559,,-0.9400
40541,1911,-1.3452,,-0.7428,-0.9656,,-0.9743
40906,1912,-1.3669,,-0.7672,-0.9472,,-0.9885
41272,1913,-1.2938,,-0.7110,-0.8667,,-0.9354
41637,1914,-1.1801,,-0.6648,-0.7846,,-0.9011
42002,1915,-1.1111,,-0.6846,-0.7261,,-0.8944
42367,1916,-1.1084,,-0.7141,-0.7477,,-0.9398
42733,1917,-1.0494,,-0.6841,-0.7158,,-0.9324
43098,1918,-1.0498,,-0.7380,-0.7457,,-1.0193
43463,1919,-1.0147,,-0.7244,-0.7235,,-1.0287
43828,1920,-1.0064,,-0.8048,-0.7424,,-1.0899
44194,1921,-0.9488,,-0.8063,-0.7016,,-1.1042
44559,1922,-0.9149,,-0.8534,-0.7229,,-1.1386
44924,1923,-0.9155,,-0.9233,-0.7643,,-1.2346
45289,1924,-0.9239,,-0.9765,-0.7946,,-1.2476
45655,1925,-0.9258,,-0.9940,-0.8424,,-1.2801
46020,1926,-0.8520,,-0.9371,-0.8032,,-1.2228
46385,1927,-0.8424,,-0.9451,-0.8299,,-1.2155
46750,1928,-0.8178,,-0.8892,-0.8367,,-1.1583
47116,1929,-0.8559,,-0.9313,-0.8910,,-1.1946
47481,1930,-0.8316,,-0.8900,-0.8591,,-1.1587
47846,1931,-0.7688,,-0.8279,-0.8134,,-1.0685
48211,1932,-0.7717,,-0.8196,-0.8114,,-1.0552
48577,1933,-0.7686,,-0.7923,-0.7950,,-0.9963
48942,1934,-0.8145,,-0.7753,-0.7996,,-1.0205
49307,1935,-0.8383,,-0.7716,-0.7243,,-1.0125
49672,1936,-0.9042,,-0.8029,-0.7142,,-1.0388
50038,1937,-0.8744,,-0.7899,-0.6292,,-1.0191
50403,1938,-0.8501,,-0.7881,-0.5353,,-1.0052
50768,1939,-0.8122,,-0.7565,-0.4656,,-0.9730
51133,1940,-0.7895,,-0.7410,-0.4332,,-0.9526
51499,1941,-0.7786,,-0.7501,-0.4302,,-0.9574
51864,1942,-0.7516,,-0.7308,-0.3952,,-0.9163
52229,1943,-0.7764,,-0.7633,-0.4189,,-0.9480
52594,1944,-0.7362,,-0.7632,-0.4009,,-0.9325
52960,1945,-0.7103,,-0.7726,-0.4500,,-0.9236
53325,1946,-0.6821,,-0.8011,-0.4819,,-0.9315
53690,1947,-0.6741,,-0.8008,-0.5177,,-0.9254
54055,1948,-0.7038,,-0.8539,-0.6041,,-0.9589
54421,1949,-0.6922,,-0.8607,-0.6287,,-0.9473
54786,1950,-0.7635,,-0.9242,-0.7047,,-1.0040
55151,1951,-0.8236,,-0.9797,-0.7621,,-1.0517
55516,1952,-0.8788,,-1.0261,-0.8153,,-1.1035
55882,1953,-0.8666,,-1.0259,-0.8065,,-1.0877
56247,1954,-0.9136,,-1.0677,-0.8581,,-1.1191
56612,1955,-0.9207,,-1.0797,-0.8645,,-1.1212
56977,1956,-0.9406,,-1.0852,-0.8833,,-1.1325
57343,1957,-0.9885,,-1.1245,-0.9322,,-1.1691
57708,1958,-0.9437,,-1.0732,-0.8910,,-1.1120
58073,1959,-0.9523,,-1.0841,-0.9024,,-1.1148
58438,1960,-0.9094,,-1.0493,-0.8686,,-1.0714
58804,1961,-0.9383,,-1.0703,-0.9034,,-1.0946
59169,1962,-0.9171,,-1.0539,-0.8970,,-1.0762
59534,1963,-0.8829,,-1.0152,-0.8685,,-1.0371
59899,1964,-0.8615,,-0.9989,-0.8464,,-1.0188
60265,1965,-0.8931,,-1.0153,-0.8740,,-1.0426
60630,1966,-0.8543,,-0.9778,-0.8415,,-0.9985
60995,1967,-0.8627,,-0.9816,-0.8481,-0.7764,-0.9986
61360,1968,-0.8967,,-1.0101,-0.8689,-0.8017,-1.0292
61726,1969,-0.8497,,-0.9542,-0.8104,-0.7322,-0.9715
62091,1970,-0.8318,,-0.9282,-0.7826,-0.7063,-0.9486
62456,1971,-0.8212,,-0.9103,-0.7678,-0.6813,-0.9331
62821,1972,-0.8183,,-0.8906,-0.7495,-0.6521,-0.9184
63187,1973,-0.8041,,-0.8589,-0.7349,-0.6001,-0.8929
63552,1974,-0.8334,,-0.8727,-0.7654,-0.6239,-0.9090
63917,1975,-0.8329,,-0.8619,-0.7693,-0.6424,-0.9017
64282,1976,-0.8897,,-0.8971,-0.8153,-0.7053,-0.9422
64648,1977,-0.8481,,-0.8468,-0.7757,-0.6615,-0.8936
65013,1978,-0.8201,,-0.8113,-0.7575,-0.6367,-0.8552
65378,1979,-0.8264,,-0.8091,-0.7762,-0.6528,-0.8521
65743,1980,-0.8005,,-0.7760,-0.7596,-0.6402,-0.8186
66109,1981,-0.7508,,-0.7234,-0.7270,-0.6087,-0.7639
66474,1982,-0.7468,,-0.7194,-0.7358,-0.6327,-0.7563
66839,1983,-0.7211,,-0.7021,-0.7152,-0.6256,-0.7355
67204,1984,-0.6437,,-0.6249,-0.6357,-0.5540,-0.6615
67570,1985,-0.5838,,-0.5667,-0.5781,-0.5005,-0.6053
67935,1986,-0.5243,,-0.5113,-0.5325,-0.4552,-0.5525
68300,1987,-0.4298,,-0.4219,-0.4503,-0.3656,-0.4656
68665,1988,-0.4059,-0.4571,-0.3973,-0.4331,-0.3460,-0.4395
69031,1989,-0.4330,-0.4699,-0.4279,-0.4641,-0.3789,-0.4741
69396,1990,-0.4083,-0.4484,-0.4061,-0.4411,-0.3619,-0.4523
69761,1991,-0.3973,-0.4315,-0.4017,-0.4219,-0.3567,-0.4511
70126,1992,-0.3926,-0.4296,-0.3999,-0.4197,-0.3614,-0.4555
70492,1993,-0.4058,-0.4459,-0.4053,-0.4344,-0.3933,-0.4618
70857,1994,-0.4204,-0.4551,-0.4229,-0.4715,-0.4222,-0.4709
71222,1995,-0.3827,-0.4250,-0.3882,-0.4426,-0.4046,-0.4277
71587,1996,-0.3153,-0.3758,-0.3273,-0.3818,-0.3406,-0.3584
71953,1997,-0.3536,-0.4288,-0.3634,-0.4062,-0.3793,-0.3906
72318,1998,-0.2879,-0.3732,-0.2973,-0.3389,-0.3090,-0.3257
72683,1999,-0.2583,-0.3675,-0.2647,-0.3041,-0.2806,-0.2800
73048,2000,-0.2791,-0.3958,-0.2817,-0.3257,-0.2857,-0.2918
73414,2001,-0.2530,-0.3593,-0.2507,-0.2980,-0.2354,-0.2476
73779,2002,-0.1785,-0.2773,-0.1760,-0.2224,-0.1483,-0.1635
74144,2003,-0.1460,-0.2296,-0.1447,-0.1803,-0.0889,-0.1298
74509,2004,-0.0787,-0.1572,-0.0736,-0.0919,-0.0159,-0.0624
74875,2005,-0.0333,-0.0873,-0.0214,-0.0380,0.0483,-0.0136
75240,2006,-0.0286,-0.0636,-0.0127,-0.0280,0.0612,-0.0030
75605,2007,-0.0116,-0.0377,0.0112,-0.0104,0.0783,0.0168
75970,2008,-0.0559,-0.0793,-0.0320,-0.0516,0.0258,-0.0246
76336,2009,-0.0011,0.0071,0.0169,0.0091,0.0897,0.0155
76701,2010,0.1000,0.1346,0.1019,0.1206,0.1929,0.1034
77066,2011,0.1245,0.1692,0.1229,0.1526,0.2075,0.1203
77431,2012,0.1030,0.1632,0.0995,0.1459,0.1871,0.1051
77797,2013,0.1146,0.1750,0.1017,0.1644,0.1883,0.1140
78162,2014,0.1149,0.1847,0.0983,0.1679,0.1914,0.1171
78527,2015,0.0956,0.1643,0.0765,0.1594,0.1522,0.1019
78892,2016,0.1376,0.2203,0.1191,0.2108,0.1789,0.1423
79258,2017,0.1714,0.2600,0.1460,0.2296,0.1854,0.1709
79623,2018,0.2027,0.3063,0.1789,0.2657,0.1902,0.1988
79988,2019,0.2090,0.2962,0.1944,0.2488,0.1613,0.2080
80353,2020,0.1791,0.2612,0.1798,0.2053,0.0928,0.1883
80719,2021,0.2327,0.3135,0.2384,0.2441,0.1261,0.2517
81084,2022,0.2608,0.3345,0.2651,0.2489,0.1222,0.2730
end data
