Conventions,G,BADC-CSV,1
title,G,Regional mean temperature for WMO RA 1 West Africa
last_revised_date,G,2023-08-28
date_valid,G,2023-08-28
feature_type,G,area average
creator,G,WMO
source,G,Produced by climind version 0.1
observation_station,G,derived data
location,G,90.,-180.,-90.,180.
activity,G,WMO
history,G,""Data set created from file ['HadCRUT.5.0.1.0.analysis.anomalies.ensemble_mean.nc'] downloaded from ['https://www.metoffice.gov.uk/hadobs/hadcrut5/data/current/analysis/HadCRUT.5.0.1.0.analysis.anomalies.ensemble_mean.nc'] at ['2023-08-07 16:14:34']""
history,G,""Regridded to 1 degree latitude-longitude resolution""
history,G,""Rebaselined to 1991-2020""
history,G,""Calculated area-average""
history,G,""Calculated annual average from monthly averages using arithmetic mean""
history,G,""Selected years within the range 1900 to 2022.""
history,G,""Wrote to file africa_subregion_2_HadCRUT5.csv""
history,G,"Data set created from file ['africa_subregion_2_HadCRUT5.csv'] downloaded from [''] at ['2023-08-09 11:01:51']"
history,G,"Calculated 10-year moving average"
reference,G,"Morice, C. P., Kennedy, J. J., Rayner, N. A., Winn, J. P., Hogan, E., Killick, R. E., et al. (2021). An updated assessment of near-surface temperature change from 1850: the HadCRUT5 data set. Journal of Geophysical Research: Atmospheres, 126, e2019JD032361. https://doi.org/10.1029/2019JD032361"
rights,G,TBD
comments,G,Data produced by climind version 0.1
comments,G,Format description https://help.ceda.ac.uk/article/105-badc-csv
comments,G,"Original data acknowledgement: HadCRUT.5.0.1.0 data were obtained from http://www.metoffice.gov.uk/hadobs/hadcrut5 on 2023-08-07 16:14:34 and are © British Crown Copyright, Met Office 2023, provided under an Open Government License, http://www.nationalarchives.gov.uk/doc/open-government-licence/version/3/"
long_name,time,time,days since 1800-01-01 00:00:00.0
type,time,int
long_name,year,year,1
type,year,int
long_name,data,africa_subregion_2,degC
type,data,float
coordinate_variable,time,t
data
time,year,data
36524,1900,
36889,1901,
37254,1902,
37619,1903,
37984,1904,
38350,1905,
38715,1906,
39080,1907,
39445,1908,
39811,1909,-0.9487
40176,1910,-0.9559
40541,1911,-0.9656
40906,1912,-0.9472
41272,1913,-0.8667
41637,1914,-0.7846
42002,1915,-0.7261
42367,1916,-0.7477
42733,1917,-0.7158
43098,1918,-0.7457
43463,1919,-0.7235
43828,1920,-0.7424
44194,1921,-0.7016
44559,1922,-0.7229
44924,1923,-0.7643
45289,1924,-0.7946
45655,1925,-0.8424
46020,1926,-0.8032
46385,1927,-0.8299
46750,1928,-0.8367
47116,1929,-0.8910
47481,1930,-0.8591
47846,1931,-0.8134
48211,1932,-0.8114
48577,1933,-0.7950
48942,1934,-0.7996
49307,1935,-0.7243
49672,1936,-0.7142
50038,1937,-0.6292
50403,1938,-0.5353
50768,1939,-0.4656
51133,1940,-0.4332
51499,1941,-0.4302
51864,1942,-0.3952
52229,1943,-0.4189
52594,1944,-0.4009
52960,1945,-0.4500
53325,1946,-0.4819
53690,1947,-0.5177
54055,1948,-0.6041
54421,1949,-0.6287
54786,1950,-0.7047
55151,1951,-0.7621
55516,1952,-0.8153
55882,1953,-0.8065
56247,1954,-0.8581
56612,1955,-0.8645
56977,1956,-0.8833
57343,1957,-0.9322
57708,1958,-0.8910
58073,1959,-0.9024
58438,1960,-0.8686
58804,1961,-0.9034
59169,1962,-0.8970
59534,1963,-0.8685
59899,1964,-0.8464
60265,1965,-0.8740
60630,1966,-0.8415
60995,1967,-0.8481
61360,1968,-0.8689
61726,1969,-0.8104
62091,1970,-0.7826
62456,1971,-0.7678
62821,1972,-0.7495
63187,1973,-0.7349
63552,1974,-0.7654
63917,1975,-0.7693
64282,1976,-0.8153
64648,1977,-0.7757
65013,1978,-0.7575
65378,1979,-0.7762
65743,1980,-0.7596
66109,1981,-0.7270
66474,1982,-0.7358
66839,1983,-0.7152
67204,1984,-0.6357
67570,1985,-0.5781
67935,1986,-0.5325
68300,1987,-0.4503
68665,1988,-0.4331
69031,1989,-0.4641
69396,1990,-0.4411
69761,1991,-0.4219
70126,1992,-0.4197
70492,1993,-0.4344
70857,1994,-0.4715
71222,1995,-0.4426
71587,1996,-0.3818
71953,1997,-0.4062
72318,1998,-0.3389
72683,1999,-0.3041
73048,2000,-0.3257
73414,2001,-0.2980
73779,2002,-0.2224
74144,2003,-0.1803
74509,2004,-0.0919
74875,2005,-0.0380
75240,2006,-0.0280
75605,2007,-0.0104
75970,2008,-0.0516
76336,2009,0.0091
76701,2010,0.1206
77066,2011,0.1526
77431,2012,0.1459
77797,2013,0.1644
78162,2014,0.1679
78527,2015,0.1594
78892,2016,0.2108
79258,2017,0.2296
79623,2018,0.2657
79988,2019,0.2488
80353,2020,0.2053
80719,2021,0.2441
81084,2022,0.2489
end data
