Conventions,G,BADC-CSV,1
title,G,Regional mean temperature for WMO RA 1 West Africa
last_revised_date,G,2023-08-28
date_valid,G,2023-08-28
feature_type,G,area average
creator,G,WMO
source,G,Produced by climind version 0.1
observation_station,G,derived data
location,G,90.,-180.,-90.,180.
activity,G,WMO
history,G,""Data set created from file ['anl_surf125.011_tmp.202301_202312', 'anl_surf125.2023MMMM'] downloaded from ['', ''] at ['2023-08-07 16:16:00']""
history,G,""Regridded to 1 degree latitude-longitude resolution""
history,G,""Rebaselined to 1991-2020""
history,G,""Calculated area-average""
history,G,""Calculated annual average from monthly averages using arithmetic mean""
history,G,""Selected years within the range 1900 to 2022.""
history,G,""Wrote to file africa_subregion_2_JRA-55.csv""
history,G,"Data set created from file ['africa_subregion_2_JRA-55.csv'] downloaded from [''] at ['2023-08-09 11:02:28']"
history,G,"Calculated 10-year moving average"
reference,G,"Kobayashi, S., Ota, Y., Harada, Y., Ebita, A., Moriya, M., Onoda, H., Onogi, K., Kamahori, H., Kobayashi, C., Endo, H. and Miyaoka, K., (2015). The JRA-55 reanalysis: General specifications and basic characteristics. Journal of the Meteorological Society of Japan. Ser. II, 93(1), pp.5-48."
rights,G,TBD
comments,G,Data produced by climind version 0.1
comments,G,Format description https://help.ceda.ac.uk/article/105-badc-csv
comments,G,"Original data acknowledgement: "
long_name,time,time,days since 1800-01-01 00:00:00.0
type,time,int
long_name,year,year,1
type,year,int
long_name,data,africa_subregion_2,degC
type,data,float
coordinate_variable,time,t
data
time,year,data
57708,1958,
58073,1959,
58438,1960,
58804,1961,
59169,1962,
59534,1963,
59899,1964,
60265,1965,
60630,1966,
60995,1967,-0.7764
61360,1968,-0.8017
61726,1969,-0.7322
62091,1970,-0.7063
62456,1971,-0.6813
62821,1972,-0.6521
63187,1973,-0.6001
63552,1974,-0.6239
63917,1975,-0.6424
64282,1976,-0.7053
64648,1977,-0.6615
65013,1978,-0.6367
65378,1979,-0.6528
65743,1980,-0.6402
66109,1981,-0.6087
66474,1982,-0.6327
66839,1983,-0.6256
67204,1984,-0.5540
67570,1985,-0.5005
67935,1986,-0.4552
68300,1987,-0.3656
68665,1988,-0.3460
69031,1989,-0.3789
69396,1990,-0.3619
69761,1991,-0.3567
70126,1992,-0.3614
70492,1993,-0.3933
70857,1994,-0.4222
71222,1995,-0.4046
71587,1996,-0.3406
71953,1997,-0.3793
72318,1998,-0.3090
72683,1999,-0.2806
73048,2000,-0.2857
73414,2001,-0.2354
73779,2002,-0.1483
74144,2003,-0.0889
74509,2004,-0.0159
74875,2005,0.0483
75240,2006,0.0612
75605,2007,0.0783
75970,2008,0.0258
76336,2009,0.0897
76701,2010,0.1929
77066,2011,0.2075
77431,2012,0.1871
77797,2013,0.1883
78162,2014,0.1914
78527,2015,0.1522
78892,2016,0.1789
79258,2017,0.1854
79623,2018,0.1902
79988,2019,0.1613
80353,2020,0.0928
80719,2021,0.1261
81084,2022,0.1222
end data
