Conventions,G,BADC-CSV,1
title,G,Global mean temperature
last_revised_date,G,2022-12-16
date_valid,G,2022-12-16
feature_type,G,area average
creator,G,WMO
source,G,Produced by climind version 0.1
observation_station,G,derived data
location,G,90.,-180.,-90.,180.
activity,G,WMO
history,G,"Data set created from file ['aravg.mon.land_ocean.90S.90N.v5.0.0.202211.asc', 'aravg.ann.land_ocean.90S.90N.*.asc'] downloaded from ['https://www.ncei.noaa.gov/data/noaa-global-surface-temperature/v5/access/timeseries/aravg.mon.land_ocean.90S.90N.v5.0.0.202211.asc', 'https://www.ncei.noaa.gov/data/noaa-global-surface-temperature/v5/access/timeseries/aravg.ann.land_ocean.90S.90N.*.asc'] at ['2022-12-16 09:17:24']"
history,G,"Rebaselined to 1981-2010 for each month separately by calculating the arithmetic mean of the data over the baseline period and subtracting the mean from all data values. This is done for each month separately (Januarys, Februarys etc)."
history,G,"Calculated annual average from monthly averages using arithmetic mean"
history,G,"Selected years within the range 1850 to 2022."
history,G,"Added offset of 0.69 to all data values."
history,G,"Manually changed baseline to 1850-1900. Note that data values remain unchanged."
reference,G,"Huang, B., M. J. Menne, T. Boyer, E. Freeman, B. E. Gleason, J. H. Lawrimore, C. Liu, J. J. Rennie, C. Schreck, F. Sun, R. Vose, C. N. Williams, X. Yin, H.-M. Zhang, 2020: Uncertainty estimates for sea surface temperature and land surface air temperature in NOAAGlobalTemp version 5. , J. Climate, 33, 1351-1379, DOI: 10.1175/JCLI-D-19-0395.1"
reference,G,"Zhang, Huai-Min, Jay H. Lawrimore, Boyin Huang, Matthew J. Menne, Xungang Yin, Ahira Sȧnchez-Lugo, Byron E. Gleason, Russell Vose, Derek Arndt, J. Jared Rennie, and Claude N. Williams. (2019) Updated Temperature Data Give a Sharper View of Climate Trends. Eos, 100, https://doi.org/10.1029/2019EO128229"
rights,G,TBD
comments,G,Data produced by climind version 0.1
comments,G,Format description https://help.ceda.ac.uk/article/105-badc-csv
long_name,time,time,days since 1800-01-01 00:00:00.0
type,time,int
long_name,year,year,1
type,year,int
long_name,data,tas,degC
type,data,float
coordinate_variable,time,t
data
time,year,data
29219,1880,0.1314
29585,1881,0.1684
29950,1882,0.1554
30315,1883,0.0727
30680,1884,-0.0135
31046,1885,0.0024
31411,1886,0.0117
31776,1887,-0.0316
32141,1888,0.1248
32507,1889,0.1693
32872,1890,-0.0847
33237,1891,0.0018
33602,1892,-0.0446
33968,1893,-0.0693
34333,1894,-0.0558
34698,1895,0.0129
35063,1896,0.1609
35429,1897,0.1586
35794,1898,-0.0170
36159,1899,0.0993
36524,1900,0.1809
36889,1901,0.1001
37254,1902,-0.0070
37619,1903,-0.1199
37984,1904,-0.1974
38350,1905,-0.0223
38715,1906,0.0454
39080,1907,-0.1261
39445,1908,-0.1758
39811,1909,-0.1886
40176,1910,-0.1501
40541,1911,-0.1911
40906,1912,-0.0877
41272,1913,-0.0693
41637,1914,0.1081
42002,1915,0.1550
42367,1916,-0.0744
42733,1917,-0.1483
43098,1918,-0.0565
43463,1919,-0.0021
43828,1920,0.0166
44194,1921,0.0865
44559,1922,0.0026
44924,1923,-0.0032
45289,1924,0.0057
45655,1925,0.0686
46020,1926,0.1727
46385,1927,0.0754
46750,1928,0.0686
47116,1929,-0.0770
47481,1930,0.1407
47846,1931,0.1875
48211,1932,0.1204
48577,1933,-0.0095
48942,1934,0.1389
49307,1935,0.0929
49672,1936,0.1312
50038,1937,0.2396
50403,1938,0.2304
50768,1939,0.2605
51133,1940,0.4083
51499,1941,0.5222
51864,1942,0.3591
52229,1943,0.3562
52594,1944,0.5287
52960,1945,0.4298
53325,1946,0.2423
53690,1947,0.2177
54055,1948,0.1992
54421,1949,0.1789
54786,1950,0.0991
55151,1951,0.2503
55516,1952,0.2934
55882,1953,0.3793
56247,1954,0.1509
56612,1955,0.1219
56977,1956,0.0675
57343,1957,0.3217
57708,1958,0.3746
58073,1959,0.3306
58438,1960,0.2999
58804,1961,0.3454
59169,1962,0.3561
59534,1963,0.3687
59899,1964,0.1076
60265,1965,0.1791
60630,1966,0.2387
60995,1967,0.2467
61360,1968,0.2216
61726,1969,0.3542
62091,1970,0.3062
62456,1971,0.1828
62821,1972,0.2862
63187,1973,0.4429
63552,1974,0.1871
63917,1975,0.2622
64282,1976,0.1807
64648,1977,0.4603
65013,1978,0.3648
65378,1979,0.4757
65743,1980,0.5286
66109,1981,0.5725
66474,1982,0.4421
66839,1983,0.6081
67204,1984,0.4169
67570,1985,0.4066
67935,1986,0.4859
68300,1987,0.6327
68665,1988,0.6417
69031,1989,0.5432
69396,1990,0.6963
69761,1991,0.6373
70126,1992,0.4839
70492,1993,0.5292
70857,1994,0.5919
71222,1995,0.7165
71587,1996,0.5711
71953,1997,0.7611
72318,1998,0.8987
72683,1999,0.6869
73048,2000,0.6709
73414,2001,0.8164
73779,2002,0.8671
74144,2003,0.8855
74509,2004,0.8290
74875,2005,0.9141
75240,2006,0.8823
75605,2007,0.8650
75970,2008,0.7885
76336,2009,0.8899
76701,2010,0.9688
77066,2011,0.8205
77431,2012,0.8824
77797,2013,0.9195
78162,2014,0.9865
78527,2015,1.1749
78892,2016,1.2408
79258,2017,1.1539
79623,2018,1.0696
79988,2019,1.1936
80353,2020,1.2270
80719,2021,1.0892
81084,2022,1.1078
end data
