Conventions,G,BADC-CSV,1
title,G,Global mean temperature
last_revised_date,G,2022-08-17
date_valid,G,2022-08-17
feature_type,G,area average
creator,G,WMO
source,G,Produced by climind version 0.1
observation_station,G,derived data
location,G,90.,-180.,-90.,180.
activity,G,WMO
history,G,"Time series created from file ['ts_1month_anomaly_Global_ERA5_2T_YYYYMMMM_1991-2020_v01.csv'] downloaded from ['https://climate.copernicus.eu/sites/default/files/ftp-data/temperature/YYYY/MMMM/ERA5_1991-2020/ts_1month_anomaly_Global_ERA5_2T_YYYYMMMM_1991-2020_v01.csv']"
history,G,"Rebaselined to 1981-2010"
history,G,"Calculated annual average"
history,G,"Added offset of 0.69"
history,G,"Manually changed baseline to 1850-1900"
reference,G,"Hersbach H, Bell B, Berrisford P et al. 2020. The ERA5 global reanalysis. Q. J. R. Meteorol. Soc. 146: 1999– 2049. https://doi.org/10.1002/qj.3803"
rights,G,TBD
comments,G,Data produced by climind version 0.1
comments,G,Format description https://help.ceda.ac.uk/article/105-badc-csvlong_name,time,time,days since 1800-01-01 00:00:00.0
type,time,int
long_name,year,year,1
type,year,int
long_name,data,tas,degC
type,data,float
coordinate_variable,time,t
data
time,year,data
65378,1979,0.4539
65743,1980,0.5851
66109,1981,0.6186
66474,1982,0.4193
66839,1983,0.6141
67204,1984,0.4015
67570,1985,0.3611
67935,1986,0.4499
68300,1987,0.6053
68665,1988,0.6374
69031,1989,0.5191
69396,1990,0.7505
69761,1991,0.6957
70126,1992,0.4637
70492,1993,0.5095
70857,1994,0.5458
71222,1995,0.7236
71587,1996,0.5936
71953,1997,0.7158
72318,1998,0.9045
72683,1999,0.6356
73048,2000,0.6305
73414,2001,0.7905
73779,2002,0.8872
74144,2003,0.8742
74509,2004,0.8129
74875,2005,0.9751
75240,2006,0.9270
75605,2007,0.9196
75970,2008,0.7871
76336,2009,0.9178
76701,2010,1.0135
77066,2011,0.8717
77431,2012,0.9228
77797,2013,0.9500
78162,2014,0.9891
78527,2015,1.1385
78892,2016,1.3221
79258,2017,1.2266
79623,2018,1.1468
79988,2019,1.2821
80353,2020,1.3151
80719,2021,1.1566
end data
