Conventions,G,BADC-CSV,1
title,G,Regional mean temperature for Middle East Arab Countries
last_revised_date,G,2024-01-23
date_valid,G,2024-01-23
feature_type,G,area average
creator,G,WMO
source,G,Produced by climind version 1.0
observation_station,G,derived data
location,G,90.,-180.,-90.,180.
activity,G,WMO
history,G,""Data set created from file ['anl_surf125.011_tmp.202401_202412', 'anl_surf125.2024MMMM'] downloaded from ['', ''] at ['2024-01-15 11:20:51']""
history,G,""Regridded to 1 degree latitude-longitude resolution""
history,G,""Rebaselined to 1991-2020""
history,G,""Calculated area-average""
history,G,""Calculated annual average from monthly averages using arithmetic mean""
history,G,""Selected years within the range 1900 to 2023.""
history,G,""Wrote to file arab_subregion_4_JRA-55.csv""
history,G,"Data set created from file ['arab_subregion_4_JRA-55.csv'] downloaded from [''] at ['2024-01-17 11:08:56']"
reference,G,"Kobayashi, S., Ota, Y., Harada, Y., Ebita, A., Moriya, M., Onoda, H., Onogi, K., Kamahori, H., Kobayashi, C., Endo, H. and Miyaoka, K., (2015). The JRA-55 reanalysis: General specifications and basic characteristics. Journal of the Meteorological Society of Japan. Ser. II, 93(1), pp.5-48."
rights,G,TBD
comments,G,Data produced by climind version 1.0
comments,G,Format description https://help.ceda.ac.uk/article/105-badc-csv
comments,G,"Original data acknowledgement: "
long_name,time,time,days since 1800-01-01 00:00:00.0
type,time,int
long_name,year,year,1
type,year,int
long_name,data,arab_subregion_4,degC
type,data,float
coordinate_variable,time,t
data
time,year,data
57708,1958,-0.8202
58073,1959,-1.7916
58438,1960,-0.5933
58804,1961,-1.1236
59169,1962,-0.5391
59534,1963,-0.8908
59899,1964,-1.7940
60265,1965,-0.9551
60630,1966,-0.5827
60995,1967,-1.6181
61360,1968,-1.0793
61726,1969,-0.4527
62091,1970,-0.7031
62456,1971,-1.3351
62821,1972,-1.6331
63187,1973,-0.6784
63552,1974,-1.1120
63917,1975,-1.2601
64282,1976,-1.4004
64648,1977,-1.0137
65013,1978,-0.8620
65378,1979,-0.3469
65743,1980,-0.5323
66109,1981,-0.6353
66474,1982,-1.7041
66839,1983,-1.6619
67204,1984,-1.2707
67570,1985,-1.0033
67935,1986,-0.9217
68300,1987,-0.4321
68665,1988,-0.6730
69031,1989,-1.0837
69396,1990,-0.5085
69761,1991,-0.8039
70126,1992,-1.9699
70492,1993,-1.0365
70857,1994,-0.4614
71222,1995,-0.6795
71587,1996,-0.2807
71953,1997,-0.7701
72318,1998,0.3305
72683,1999,0.3159
73048,2000,-0.0976
73414,2001,0.1336
73779,2002,-0.0417
74144,2003,0.1357
74509,2004,-0.1047
74875,2005,-0.0758
75240,2006,-0.0024
75605,2007,0.0831
75970,2008,-0.0888
76336,2009,0.3016
76701,2010,1.0938
77066,2011,-0.0442
77431,2012,0.3905
77797,2013,-0.0403
78162,2014,0.3510
78527,2015,0.7274
78892,2016,0.5527
79258,2017,0.6077
79623,2018,0.7180
79988,2019,0.4424
80353,2020,0.3136
80719,2021,0.8498
81084,2022,0.6044
81449,2023,0.8794
end data
