Conventions,G,BADC-CSV,1
title,G,Regional mean temperature for League of Arab States
last_revised_date,G,2023-10-27
date_valid,G,2023-10-27
feature_type,G,area average
creator,G,WMO
source,G,Produced by climind version 1.0
observation_station,G,derived data
location,G,90.,-180.,-90.,180.
activity,G,WMO
history,G,""Data set created from file ['anl_surf125.011_tmp.202301_202312', 'anl_surf125.2023MMMM'] downloaded from ['', ''] at ['2023-10-06 11:01:38']""
history,G,""Regridded to 1 degree latitude-longitude resolution""
history,G,""Rebaselined to 1991-2020""
history,G,""Calculated area-average""
history,G,""Calculated annual average from monthly averages using arithmetic mean""
history,G,""Selected years within the range 1900 to 2023.""
history,G,""Wrote to file arab_subregion_1_JRA-55.csv""
history,G,"Data set created from file ['arab_subregion_1_JRA-55.csv'] downloaded from [''] at ['2023-10-27 10:56:55']"
reference,G,"Kobayashi, S., Ota, Y., Harada, Y., Ebita, A., Moriya, M., Onoda, H., Onogi, K., Kamahori, H., Kobayashi, C., Endo, H. and Miyaoka, K., (2015). The JRA-55 reanalysis: General specifications and basic characteristics. Journal of the Meteorological Society of Japan. Ser. II, 93(1), pp.5-48."
rights,G,TBD
comments,G,Data produced by climind version 1.0
comments,G,Format description https://help.ceda.ac.uk/article/105-badc-csv
comments,G,"Original data acknowledgement: "
long_name,time,time,days since 1800-01-01 00:00:00.0
type,time,int
long_name,year,year,1
type,year,int
long_name,data,arab_subregion_1,degC
type,data,float
coordinate_variable,time,t
data
time,year,data
57708,1958,-0.6273
58073,1959,-1.2617
58438,1960,-0.5215
58804,1961,-1.1552
59169,1962,-0.7292
59534,1963,-0.7546
59899,1964,-1.1927
60265,1965,-0.9974
60630,1966,-0.6369
60995,1967,-1.4018
61360,1968,-0.9965
61726,1969,-0.3743
62091,1970,-0.7511
62456,1971,-1.2755
62821,1972,-1.1760
63187,1973,-0.7840
63552,1974,-1.2206
63917,1975,-1.2177
64282,1976,-1.2925
64648,1977,-0.8362
65013,1978,-0.7661
65378,1979,-0.3631
65743,1980,-0.5626
66109,1981,-0.6030
66474,1982,-1.2284
66839,1983,-0.9547
67204,1984,-0.9070
67570,1985,-0.6903
67935,1986,-0.8491
68300,1987,-0.1908
68665,1988,-0.3596
69031,1989,-0.6942
69396,1990,-0.2182
69761,1991,-0.7134
70126,1992,-1.3642
70492,1993,-0.6837
70857,1994,-0.4368
71222,1995,-0.3365
71587,1996,-0.2332
71953,1997,-0.4026
72318,1998,0.1310
72683,1999,0.1474
73048,2000,-0.2846
73414,2001,0.2439
73779,2002,0.0736
74144,2003,0.1090
74509,2004,-0.0810
74875,2005,0.0516
75240,2006,-0.0345
75605,2007,-0.0251
75970,2008,-0.0292
76336,2009,0.2328
76701,2010,1.1369
77066,2011,-0.0556
77431,2012,0.1173
77797,2013,0.1451
78162,2014,0.3762
78527,2015,0.2490
78892,2016,0.6249
79258,2017,0.2653
79623,2018,0.3777
79988,2019,0.1266
80353,2020,0.2719
80719,2021,0.6817
81084,2022,0.3116
81449,2023,0.4391
end data
