Conventions,G,BADC-CSV,1
title,G,Regional mean temperature for East African Arab Countries
last_revised_date,G,2023-10-31
date_valid,G,2023-10-31
feature_type,G,area average
creator,G,WMO
source,G,Produced by climind version 1.0
observation_station,G,derived data
location,G,90.,-180.,-90.,180.
activity,G,WMO
history,G,""Data set created from file ['HadCRUT.5.0.1.0.analysis.anomalies.ensemble_mean.nc'] downloaded from ['https://www.metoffice.gov.uk/hadobs/hadcrut5/data/current/analysis/HadCRUT.5.0.1.0.analysis.anomalies.ensemble_mean.nc'] at ['2023-10-13 17:19:31']""
history,G,""Regridded to 1 degree latitude-longitude resolution""
history,G,""Rebaselined to 1991-2020""
history,G,""Calculated area-average""
history,G,""Calculated annual average from monthly averages using arithmetic mean""
history,G,""Selected years within the range 1900 to 2023.""
history,G,""Wrote to file arab_subregion_3_HadCRUT5.csv""
history,G,"Data set created from file ['arab_subregion_3_HadCRUT5.csv'] downloaded from [''] at ['2023-10-27 10:56:30']"
reference,G,"Morice, C. P., Kennedy, J. J., Rayner, N. A., Winn, J. P., Hogan, E., Killick, R. E., et al. (2021). An updated assessment of near-surface temperature change from 1850: the HadCRUT5 data set. Journal of Geophysical Research: Atmospheres, 126, e2019JD032361. https://doi.org/10.1029/2019JD032361"
rights,G,TBD
comments,G,Data produced by climind version 1.0
comments,G,Format description https://help.ceda.ac.uk/article/105-badc-csv
comments,G,"Original data acknowledgement: HadCRUT.5.0.1.0 data were obtained from http://www.metoffice.gov.uk/hadobs/hadcrut5 on 2023-10-13 17:19:31 and are © British Crown Copyright, Met Office 2023, provided under an Open Government License, http://www.nationalarchives.gov.uk/doc/open-government-licence/version/3/"
long_name,time,time,days since 1800-01-01 00:00:00.0
type,time,int
long_name,year,year,1
type,year,int
long_name,data,arab_subregion_3,degC
type,data,float
coordinate_variable,time,t
data
time,year,data
36524,1900,-1.0600
36889,1901,-0.5535
37254,1902,-0.9883
37619,1903,-1.4715
37984,1904,-1.6053
38350,1905,-1.2620
38715,1906,-0.8701
39080,1907,-1.1581
39445,1908,-1.1545
39811,1909,-0.9212
40176,1910,-1.3880
40541,1911,-1.3177
40906,1912,-1.4257
41272,1913,-1.5249
41637,1914,-0.8101
42002,1915,-0.6889
42367,1916,-1.3747
42733,1917,-1.4581
43098,1918,-1.2638
43463,1919,-0.5913
43828,1920,-1.6073
44194,1921,-1.2595
44559,1922,-1.0569
44924,1923,-1.2304
45289,1924,-0.6405
45655,1925,-1.0485
46020,1926,-0.9795
46385,1927,-0.7052
46750,1928,-0.2292
47116,1929,-0.9743
47481,1930,-1.1249
47846,1931,-0.6602
48211,1932,-0.9245
48577,1933,-0.4729
48942,1934,-0.9962
49307,1935,-0.9002
49672,1936,-0.5732
50038,1937,-0.8541
50403,1938,-0.9498
50768,1939,-0.5810
51133,1940,-0.4741
51499,1941,-0.6577
51864,1942,-0.8736
52229,1943,-1.5356
52594,1944,-1.2251
52960,1945,-1.5121
53325,1946,-1.3075
53690,1947,-1.0950
54055,1948,-1.4970
54421,1949,-1.5285
54786,1950,-1.4743
55151,1951,-1.4387
55516,1952,-0.9387
55882,1953,-1.3567
56247,1954,-1.3188
56612,1955,-1.2163
56977,1956,-1.3778
57343,1957,-1.2685
57708,1958,-0.8765
58073,1959,-1.4925
58438,1960,-0.8888
58804,1961,-1.6710
59169,1962,-1.0500
59534,1963,-0.8706
59899,1964,-1.6727
60265,1965,-1.3426
60630,1966,-0.9184
60995,1967,-1.7043
61360,1968,-1.4613
61726,1969,-0.6338
62091,1970,-1.1206
62456,1971,-1.5028
62821,1972,-1.0124
63187,1973,-0.6905
63552,1974,-1.1290
63917,1975,-1.1434
64282,1976,-0.6075
64648,1977,-1.1305
65013,1978,-0.7621
65378,1979,-0.3272
65743,1980,-0.3499
66109,1981,-0.7117
66474,1982,-0.8505
66839,1983,-0.8961
67204,1984,-0.4978
67570,1985,-0.5445
67935,1986,-0.7261
68300,1987,-0.3215
68665,1988,-0.4819
69031,1989,-1.0403
69396,1990,-0.4082
69761,1991,-0.5567
70126,1992,-1.2357
70492,1993,-0.5892
70857,1994,-0.7839
71222,1995,-0.5790
71587,1996,-0.2081
71953,1997,-0.1209
72318,1998,-0.1032
72683,1999,-0.1504
73048,2000,-0.3678
73414,2001,-0.3111
73779,2002,-0.0423
74144,2003,-0.0040
74509,2004,0.0030
74875,2005,0.2468
75240,2006,-0.0330
75605,2007,-0.0444
75970,2008,0.0628
76336,2009,0.5368
76701,2010,0.9960
77066,2011,0.0583
77431,2012,0.2689
77797,2013,0.3351
78162,2014,0.2331
78527,2015,0.5119
78892,2016,0.7085
79258,2017,0.3950
79623,2018,0.3851
79988,2019,0.3461
80353,2020,0.0423
80719,2021,0.3146
81084,2022,0.0856
81449,2023,0.2935
end data
