Conventions,G,BADC-CSV,1
title,G,Regional mean temperature for League of Arab States
last_revised_date,G,2024-02-08
date_valid,G,2024-02-08
feature_type,G,area average
creator,G,WMO
source,G,Produced by climind version 1.0
observation_station,G,derived data
location,G,90.,-180.,-90.,180.
activity,G,WMO
history,G,""Data set created from file ['anl_surf125.011_tmp.202401_202412', 'anl_surf125.2024MMMM'] downloaded from ['', ''] at ['2024-01-15 11:20:51']""
history,G,""Regridded to 1 degree latitude-longitude resolution""
history,G,""Rebaselined to 1991-2020""
history,G,""Calculated area-average""
history,G,""Calculated annual average from monthly averages using arithmetic mean""
history,G,""Selected years within the range 1900 to 2023.""
history,G,""Wrote to file arab_subregion_1_JRA-55.csv""
history,G,"Data set created from file ['arab_subregion_1_JRA-55.csv'] downloaded from [''] at ['2024-01-17 11:08:54']"
reference,G,"Kobayashi, S., Ota, Y., Harada, Y., Ebita, A., Moriya, M., Onoda, H., Onogi, K., Kamahori, H., Kobayashi, C., Endo, H. and Miyaoka, K., (2015). The JRA-55 reanalysis: General specifications and basic characteristics. Journal of the Meteorological Society of Japan. Ser. II, 93(1), pp.5-48."
rights,G,TBD
comments,G,Data produced by climind version 1.0
comments,G,Format description https://help.ceda.ac.uk/article/105-badc-csv
comments,G,"Original data acknowledgement: "
long_name,time,time,days since 1800-01-01 00:00:00.0
type,time,int
long_name,year,year,1
type,year,int
long_name,data,arab_subregion_1,degC
type,data,float
coordinate_variable,time,t
data
time,year,data
57708,1958,-0.6250
58073,1959,-1.2560
58438,1960,-0.5235
58804,1961,-1.1476
59169,1962,-0.7307
59534,1963,-0.7520
59899,1964,-1.1889
60265,1965,-0.9966
60630,1966,-0.6406
60995,1967,-1.3971
61360,1968,-0.9968
61726,1969,-0.3732
62091,1970,-0.7461
62456,1971,-1.2712
62821,1972,-1.1685
63187,1973,-0.7788
63552,1974,-1.2154
63917,1975,-1.2114
64282,1976,-1.2872
64648,1977,-0.8332
65013,1978,-0.7624
65378,1979,-0.3632
65743,1980,-0.5599
66109,1981,-0.6002
66474,1982,-1.2158
66839,1983,-0.9448
67204,1984,-0.9067
67570,1985,-0.6919
67935,1986,-0.8463
68300,1987,-0.1928
68665,1988,-0.3549
69031,1989,-0.6937
69396,1990,-0.2147
69761,1991,-0.7068
70126,1992,-1.3468
70492,1993,-0.6772
70857,1994,-0.4351
71222,1995,-0.3308
71587,1996,-0.2313
71953,1997,-0.3994
72318,1998,0.1349
72683,1999,0.1466
73048,2000,-0.2862
73414,2001,0.2407
73779,2002,0.0778
74144,2003,0.1118
74509,2004,-0.0821
74875,2005,0.0500
75240,2006,-0.0333
75605,2007,-0.0259
75970,2008,-0.0350
76336,2009,0.2331
76701,2010,1.1209
77066,2011,-0.0585
77431,2012,0.1121
77797,2013,0.1428
78162,2014,0.3718
78527,2015,0.2487
78892,2016,0.6247
79258,2017,0.2621
79623,2018,0.3694
79988,2019,0.1285
80353,2020,0.2725
80719,2021,0.6738
81084,2022,0.3115
81449,2023,0.6831
end data
