Conventions,G,BADC-CSV,1
title,G,Regional mean temperature for North African Arab Countries
last_revised_date,G,2023-11-05
date_valid,G,2023-11-05
feature_type,G,area average
creator,G,WMO
source,G,Produced by climind version 1.0
observation_station,G,derived data
location,G,90.,-180.,-90.,180.
activity,G,WMO
history,G,""Gridded dataset created from file ['era5_2m_tas_2023.nc'] downloaded from ['']""
history,G,""Regridded to 1 degree latitude-longitude resolution""
history,G,""Rebaselined to 1991-2020""
history,G,""Calculated area-average""
history,G,""Calculated annual average from monthly averages using arithmetic mean""
history,G,""Selected years within the range 1900 to 2023.""
history,G,""Wrote to file arab_subregion_2_ERA5.csv""
history,G,"Data set created from file ['arab_subregion_2_ERA5.csv'] downloaded from [''] at ['2023-11-01 16:36:45']"
reference,G,"Hersbach H, Bell B, Berrisford P et al. 2020. The ERA5 global reanalysis. Q. J. R. Meteorol. Soc. 146: 1999-2049. https://doi.org/10.1002/qj.3803"
rights,G,TBD
comments,G,Data produced by climind version 1.0
comments,G,Format description https://help.ceda.ac.uk/article/105-badc-csv
comments,G,"Original data acknowledgement: Contains using Copernicus Climate Change Service information [2023]. Neither the European Commission nor ECMWF is responsible for any use that may be made of the Copernicus information or data it contains."
long_name,time,time,days since 1800-01-01 00:00:00.0
type,time,int
long_name,year,year,1
type,year,int
long_name,data,arab_subregion_2,degC
type,data,float
coordinate_variable,time,t
data
time,year,data
65378,1979,-0.7251
65743,1980,-0.8379
66109,1981,-0.7270
66474,1982,-1.2157
66839,1983,-0.7120
67204,1984,-1.0780
67570,1985,-0.6668
67935,1986,-1.0025
68300,1987,-0.1302
68665,1988,-0.3337
69031,1989,-0.4940
69396,1990,-0.2555
69761,1991,-0.9014
70126,1992,-1.2593
70492,1993,-0.6836
70857,1994,-0.4893
71222,1995,-0.3872
71587,1996,-0.3111
71953,1997,-0.3620
72318,1998,-0.0808
72683,1999,-0.0647
73048,2000,-0.4449
73414,2001,0.2910
73779,2002,0.0477
74144,2003,0.0254
74509,2004,-0.1875
74875,2005,0.1114
75240,2006,0.0158
75605,2007,0.0010
75970,2008,0.0412
76336,2009,0.1497
76701,2010,1.3384
77066,2011,-0.1002
77431,2012,0.0229
77797,2013,0.2225
78162,2014,0.4472
78527,2015,0.1545
78892,2016,0.8062
79258,2017,0.2020
79623,2018,0.5008
79988,2019,0.2101
80353,2020,0.6843
80719,2021,1.0507
81084,2022,0.6074
81449,2023,0.7849
end data
