Conventions,G,BADC-CSV,1
title,G,Regional mean temperature for East African Arab Countries
last_revised_date,G,2023-10-31
date_valid,G,2023-10-31
feature_type,G,area average
creator,G,WMO
source,G,Produced by climind version 1.0
observation_station,G,derived data
location,G,90.,-180.,-90.,180.
activity,G,WMO
history,G,""Data set created from file ['anl_surf125.011_tmp.202301_202312', 'anl_surf125.2023MMMM'] downloaded from ['', ''] at ['2023-10-06 11:01:38']""
history,G,""Regridded to 1 degree latitude-longitude resolution""
history,G,""Rebaselined to 1991-2020""
history,G,""Calculated area-average""
history,G,""Calculated annual average from monthly averages using arithmetic mean""
history,G,""Selected years within the range 1900 to 2023.""
history,G,""Wrote to file arab_subregion_3_JRA-55.csv""
history,G,"Data set created from file ['arab_subregion_3_JRA-55.csv'] downloaded from [''] at ['2023-10-27 10:56:57']"
reference,G,"Kobayashi, S., Ota, Y., Harada, Y., Ebita, A., Moriya, M., Onoda, H., Onogi, K., Kamahori, H., Kobayashi, C., Endo, H. and Miyaoka, K., (2015). The JRA-55 reanalysis: General specifications and basic characteristics. Journal of the Meteorological Society of Japan. Ser. II, 93(1), pp.5-48."
rights,G,TBD
comments,G,Data produced by climind version 1.0
comments,G,Format description https://help.ceda.ac.uk/article/105-badc-csv
comments,G,"Original data acknowledgement: "
long_name,time,time,days since 1800-01-01 00:00:00.0
type,time,int
long_name,year,year,1
type,year,int
long_name,data,arab_subregion_3,degC
type,data,float
coordinate_variable,time,t
data
time,year,data
57708,1958,-0.5629
58073,1959,-1.0946
58438,1960,-0.4646
58804,1961,-1.4562
59169,1962,-0.5590
59534,1963,-0.3259
59899,1964,-1.3530
60265,1965,-1.0109
60630,1966,-0.8202
60995,1967,-1.3125
61360,1968,-1.0656
61726,1969,-0.1192
62091,1970,-0.8421
62456,1971,-1.3606
62821,1972,-0.8012
63187,1973,-0.4723
63552,1974,-1.2050
63917,1975,-1.2272
64282,1976,-0.7935
64648,1977,-1.3320
65013,1978,-0.9032
65378,1979,-0.0904
65743,1980,-0.3317
66109,1981,-0.5194
66474,1982,-0.9966
66839,1983,-0.8452
67204,1984,-0.3818
67570,1985,-0.7557
67935,1986,-0.6068
68300,1987,-0.1882
68665,1988,-0.1623
69031,1989,-0.7928
69396,1990,0.2454
69761,1991,-0.0257
70126,1992,-0.8274
70492,1993,-0.1778
70857,1994,-0.5100
71222,1995,0.0360
71587,1996,-0.2424
71953,1997,-0.3786
72318,1998,0.0452
72683,1999,0.0531
73048,2000,-0.4797
73414,2001,0.0030
73779,2002,0.1907
74144,2003,0.1877
74509,2004,0.0533
74875,2005,0.1856
75240,2006,-0.0739
75605,2007,-0.1828
75970,2008,-0.0594
76336,2009,0.5128
76701,2010,0.8728
77066,2011,-0.0494
77431,2012,0.1152
77797,2013,0.3845
78162,2014,0.2636
78527,2015,0.1299
78892,2016,0.3801
79258,2017,0.0893
79623,2018,0.0543
79988,2019,-0.0869
80353,2020,-0.4631
80719,2021,-0.0014
81084,2022,-0.3428
81449,2023,0.0752
end data
