Conventions,G,BADC-CSV,1
title,G,Regional mean temperature for League of Arab States
last_revised_date,G,2023-10-27
date_valid,G,2023-10-27
feature_type,G,area average
creator,G,WMO
source,G,Produced by climind version 1.0
observation_station,G,derived data
location,G,90.,-180.,-90.,180.
activity,G,WMO
history,G,""Gridded dataset created from file ['era5_2m_tas_2023.nc'] downloaded from ['']""
history,G,""Regridded to 1 degree latitude-longitude resolution""
history,G,""Rebaselined to 1991-2020""
history,G,""Calculated area-average""
history,G,""Calculated annual average from monthly averages using arithmetic mean""
history,G,""Selected years within the range 1900 to 2023.""
history,G,""Wrote to file arab_subregion_1_ERA5.csv""
history,G,"Data set created from file ['arab_subregion_1_ERA5.csv'] downloaded from [''] at ['2023-10-27 10:54:47']"
reference,G,"Hersbach H, Bell B, Berrisford P et al. 2020. The ERA5 global reanalysis. Q. J. R. Meteorol. Soc. 146: 1999-2049. https://doi.org/10.1002/qj.3803"
rights,G,TBD
comments,G,Data produced by climind version 1.0
comments,G,Format description https://help.ceda.ac.uk/article/105-badc-csv
comments,G,"Original data acknowledgement: Contains using Copernicus Climate Change Service information [2023]. Neither the European Commission nor ECMWF is responsible for any use that may be made of the Copernicus information or data it contains."
long_name,time,time,days since 1800-01-01 00:00:00.0
type,time,int
long_name,year,year,1
type,year,int
long_name,data,arab_subregion_1,degC
type,data,float
coordinate_variable,time,t
data
time,year,data
65378,1979,-0.5769
65743,1980,-0.6905
66109,1981,-0.7170
66474,1982,-1.3076
66839,1983,-1.0129
67204,1984,-1.0558
67570,1985,-0.7796
67935,1986,-0.9460
68300,1987,-0.2583
68665,1988,-0.4373
69031,1989,-0.7505
69396,1990,-0.2714
69761,1991,-0.7204
70126,1992,-1.3623
70492,1993,-0.6752
70857,1994,-0.5259
71222,1995,-0.4733
71587,1996,-0.3352
71953,1997,-0.5272
72318,1998,0.0401
72683,1999,0.0354
73048,2000,-0.3683
73414,2001,0.1437
73779,2002,-0.0057
74144,2003,0.0499
74509,2004,-0.1220
74875,2005,0.0834
75240,2006,0.0179
75605,2007,0.0217
75970,2008,-0.0142
76336,2009,0.2403
76701,2010,1.1678
77066,2011,-0.1318
77431,2012,0.1070
77797,2013,0.1484
78162,2014,0.3698
78527,2015,0.3331
78892,2016,0.6761
79258,2017,0.3933
79623,2018,0.5464
79988,2019,0.3489
80353,2020,0.5383
80719,2021,0.9407
81084,2022,0.5252
81449,2023,0.7426
end data
