Conventions,G,BADC-CSV,1
title,G,Regional mean temperature for League of Arab States
last_revised_date,G,2023-11-01
date_valid,G,2023-11-01
feature_type,G,area average
creator,G,WMO
source,G,Produced by climind version 1.0
observation_station,G,derived data
location,G,90.,-180.,-90.,180.
rights,G,TBD
activity,G,WMO
comments,G,Format description https://help.ceda.ac.uk/article/105-badc-csv
history,arab_subregion_1_Berkeley_Earth,""Data set created from file ['Land_and_Ocean_LatLong1.nc'] downloaded from ['https://berkeley-earth-temperature.s3.us-west-1.amazonaws.com/Global/Gridded/Land_and_Ocean_LatLong1.nc'] at ['2023-10-31 16:14:45']""
history,arab_subregion_1_Berkeley_Earth,""Rebaselined to 1991-2020""
history,arab_subregion_1_Berkeley_Earth,""Calculated area-average""
history,arab_subregion_1_Berkeley_Earth,""Calculated annual average from monthly averages using arithmetic mean""
history,arab_subregion_1_Berkeley_Earth,""Selected years within the range 1900 to 2023.""
history,arab_subregion_1_Berkeley_Earth,""Wrote to file arab_subregion_1_Berkeley Earth.csv""
history,arab_subregion_1_Berkeley_Earth,"Data set created from file ['arab_subregion_1_Berkeley Earth.csv'] downloaded from [''] at ['2023-11-01 16:36:20']"
reference,arab_subregion_1_Berkeley_Earth,"Rohde, R. A. and Hausfather, Z.: The Berkeley Earth Land/Ocean Temperature Record, Earth Syst. Sci. Data, 12, 3469-3479, https://doi.org/10.5194/essd-12-3469-2020, 2020"
comments,arab_subregion_1_Berkeley_Earth,"Original data acknowledgement: "
history,arab_subregion_1_ERA5,""Gridded dataset created from file ['era5_2m_tas_2023.nc'] downloaded from ['']""
history,arab_subregion_1_ERA5,""Regridded to 1 degree latitude-longitude resolution""
history,arab_subregion_1_ERA5,""Rebaselined to 1991-2020""
history,arab_subregion_1_ERA5,""Calculated area-average""
history,arab_subregion_1_ERA5,""Calculated annual average from monthly averages using arithmetic mean""
history,arab_subregion_1_ERA5,""Selected years within the range 1900 to 2023.""
history,arab_subregion_1_ERA5,""Wrote to file arab_subregion_1_ERA5.csv""
history,arab_subregion_1_ERA5,"Data set created from file ['arab_subregion_1_ERA5.csv'] downloaded from [''] at ['2023-11-01 16:36:44']"
reference,arab_subregion_1_ERA5,"Hersbach H, Bell B, Berrisford P et al. 2020. The ERA5 global reanalysis. Q. J. R. Meteorol. Soc. 146: 1999-2049. https://doi.org/10.1002/qj.3803"
comments,arab_subregion_1_ERA5,"Original data acknowledgement: Contains using Copernicus Climate Change Service information [2023]. Neither the European Commission nor ECMWF is responsible for any use that may be made of the Copernicus information or data it contains."
history,arab_subregion_1_GISTEMP,""Data set created from file ['gistemp1200_GHCNv4_ERSSTv5.nc.gz'] downloaded from ['https://data.giss.nasa.gov/pub/gistemp/gistemp1200_GHCNv4_ERSSTv5.nc.gz'] at ['2023-10-13 17:19:30']""
history,arab_subregion_1_GISTEMP,""Regridded to 1 degree latitude-longitude resolution""
history,arab_subregion_1_GISTEMP,""Rebaselined to 1991-2020""
history,arab_subregion_1_GISTEMP,""Calculated area-average""
history,arab_subregion_1_GISTEMP,""Calculated annual average from monthly averages using arithmetic mean""
history,arab_subregion_1_GISTEMP,""Selected years within the range 1900 to 2023.""
history,arab_subregion_1_GISTEMP,""Wrote to file arab_subregion_1_GISTEMP.csv""
history,arab_subregion_1_GISTEMP,"Data set created from file ['arab_subregion_1_GISTEMP.csv'] downloaded from [''] at ['2023-11-01 16:37:21']"
reference,arab_subregion_1_GISTEMP,"Lenssen, N., G. Schmidt, J. Hansen, M. Menne, A. Persin, R. Ruedy, and D. Zyss, 2019: Improvements in the GISTEMP uncertainty model. J. Geophys. Res. Atmos., 124, no. 12, 6307-6326, doi:10.1029/2018JD029522"
comments,arab_subregion_1_GISTEMP,"Original data acknowledgement: "
history,arab_subregion_1_HadCRUT5,""Data set created from file ['HadCRUT.5.0.1.0.analysis.anomalies.ensemble_mean.nc'] downloaded from ['https://www.metoffice.gov.uk/hadobs/hadcrut5/data/current/analysis/HadCRUT.5.0.1.0.analysis.anomalies.ensemble_mean.nc'] at ['2023-10-31 16:06:13']""
history,arab_subregion_1_HadCRUT5,""Regridded to 1 degree latitude-longitude resolution""
history,arab_subregion_1_HadCRUT5,""Rebaselined to 1991-2020""
history,arab_subregion_1_HadCRUT5,""Calculated area-average""
history,arab_subregion_1_HadCRUT5,""Calculated annual average from monthly averages using arithmetic mean""
history,arab_subregion_1_HadCRUT5,""Selected years within the range 1900 to 2023.""
history,arab_subregion_1_HadCRUT5,""Wrote to file arab_subregion_1_HadCRUT5.csv""
history,arab_subregion_1_HadCRUT5,"Data set created from file ['arab_subregion_1_HadCRUT5.csv'] downloaded from [''] at ['2023-11-01 16:38:27']"
reference,arab_subregion_1_HadCRUT5,"Morice, C. P., Kennedy, J. J., Rayner, N. A., Winn, J. P., Hogan, E., Killick, R. E., et al. (2021). An updated assessment of near-surface temperature change from 1850: the HadCRUT5 data set. Journal of Geophysical Research: Atmospheres, 126, e2019JD032361. https://doi.org/10.1029/2019JD032361"
comments,arab_subregion_1_HadCRUT5,"Original data acknowledgement: HadCRUT.5.0.1.0 data were obtained from http://www.metoffice.gov.uk/hadobs/hadcrut5 on 2023-10-31 16:06:13 and are © British Crown Copyright, Met Office 2023, provided under an Open Government License, http://www.nationalarchives.gov.uk/doc/open-government-licence/version/3/"
history,arab_subregion_1_JRA-55,""Data set created from file ['anl_surf125.011_tmp.202301_202312', 'anl_surf125.2023MMMM'] downloaded from ['', ''] at ['2023-10-06 11:01:38']""
history,arab_subregion_1_JRA-55,""Regridded to 1 degree latitude-longitude resolution""
history,arab_subregion_1_JRA-55,""Rebaselined to 1991-2020""
history,arab_subregion_1_JRA-55,""Calculated area-average""
history,arab_subregion_1_JRA-55,""Calculated annual average from monthly averages using arithmetic mean""
history,arab_subregion_1_JRA-55,""Selected years within the range 1900 to 2023.""
history,arab_subregion_1_JRA-55,""Wrote to file arab_subregion_1_JRA-55.csv""
history,arab_subregion_1_JRA-55,"Data set created from file ['arab_subregion_1_JRA-55.csv'] downloaded from [''] at ['2023-11-01 16:38:58']"
reference,arab_subregion_1_JRA-55,"Kobayashi, S., Ota, Y., Harada, Y., Ebita, A., Moriya, M., Onoda, H., Onogi, K., Kamahori, H., Kobayashi, C., Endo, H. and Miyaoka, K., (2015). The JRA-55 reanalysis: General specifications and basic characteristics. Journal of the Meteorological Society of Japan. Ser. II, 93(1), pp.5-48."
comments,arab_subregion_1_JRA-55,"Original data acknowledgement: "
history,arab_subregion_1_Kadow,""Data set created from file ['HadCRUT.5.0.1.0.anomalies.Kadow_et_al_2020_20crAI-infilled.ensemble_mean_185001-*.nc'] downloaded from [''] at ['2023-10-23 09:13:55']""
history,arab_subregion_1_Kadow,""Regridded to 1 degree latitude-longitude resolution""
history,arab_subregion_1_Kadow,""Rebaselined to 1991-2020""
history,arab_subregion_1_Kadow,""Calculated area-average""
history,arab_subregion_1_Kadow,""Calculated annual average from monthly averages using arithmetic mean""
history,arab_subregion_1_Kadow,""Selected years within the range 1900 to 2023.""
history,arab_subregion_1_Kadow,""Wrote to file arab_subregion_1_Kadow.csv""
history,arab_subregion_1_Kadow,"Data set created from file ['arab_subregion_1_Kadow.csv'] downloaded from [''] at ['2023-11-01 16:39:44']"
reference,arab_subregion_1_Kadow,"Kadow, C., Hall, D.M. & Ulbrich, U. Artificial intelligence reconstructs missing climate information. Nat. Geosci. (2020). https://doi.org/10.1038/s41561-020-0582-5"
comments,arab_subregion_1_Kadow,"Original data acknowledgement: "
history,arab_subregion_1_NOAA_Interim,""Data set created from file ['NOAAGlobalTemp_v*.nc'] downloaded from ['https://www.ncei.noaa.gov/data/noaa-global-surface-temperature/v5.1/access/gridded/NOAAGlobalTemp_v.*.nc'] at ['2023-10-14 08:45:48']""
history,arab_subregion_1_NOAA_Interim,""Data set created from file ['NOAAGlobalTemp_v*.nc'] downloaded from ['https://www.ncei.noaa.gov/data/noaa-global-surface-temperature/v5.1/access/gridded/NOAAGlobalTemp_v.*.nc'] at ['2023-10-14 08:45:48']""
history,arab_subregion_1_NOAA_Interim,""Regridded to 1 degree latitude-longitude resolution""
history,arab_subregion_1_NOAA_Interim,""Rebaselined to 1991-2020""
history,arab_subregion_1_NOAA_Interim,""Calculated area-average""
history,arab_subregion_1_NOAA_Interim,""Calculated annual average from monthly averages using arithmetic mean""
history,arab_subregion_1_NOAA_Interim,""Selected years within the range 1900 to 2023.""
history,arab_subregion_1_NOAA_Interim,""Wrote to file arab_subregion_1_NOAA Interim.csv""
history,arab_subregion_1_NOAA_Interim,"Data set created from file ['arab_subregion_1_NOAA Interim.csv'] downloaded from [''] at ['2023-11-01 16:40:49']"
reference,arab_subregion_1_NOAA_Interim,"Vose, R.S., B. Huang, X. Yin., D. Arndt, D.R. Easterling, J.H. Lawrimore, M.J. Menne, A. Sanchez-Lugo, H.-M. Zhang, 2021: Implementing full spatial coverage in NOAA’s global temperature analysis. Geophysical Research Letters, 48, e2020GL090873. https://doi.org/10.1029/2020GL090873"
comments,arab_subregion_1_NOAA_Interim,"Original data acknowledgement: "
history,arab_subregion_2_Berkeley_Earth,""Data set created from file ['Land_and_Ocean_LatLong1.nc'] downloaded from ['https://berkeley-earth-temperature.s3.us-west-1.amazonaws.com/Global/Gridded/Land_and_Ocean_LatLong1.nc'] at ['2023-10-31 16:14:45']""
history,arab_subregion_2_Berkeley_Earth,""Rebaselined to 1991-2020""
history,arab_subregion_2_Berkeley_Earth,""Calculated area-average""
history,arab_subregion_2_Berkeley_Earth,""Calculated annual average from monthly averages using arithmetic mean""
history,arab_subregion_2_Berkeley_Earth,""Selected years within the range 1900 to 2023.""
history,arab_subregion_2_Berkeley_Earth,""Wrote to file arab_subregion_2_Berkeley Earth.csv""
history,arab_subregion_2_Berkeley_Earth,"Data set created from file ['arab_subregion_2_Berkeley Earth.csv'] downloaded from [''] at ['2023-11-01 16:36:22']"
reference,arab_subregion_2_Berkeley_Earth,"Rohde, R. A. and Hausfather, Z.: The Berkeley Earth Land/Ocean Temperature Record, Earth Syst. Sci. Data, 12, 3469-3479, https://doi.org/10.5194/essd-12-3469-2020, 2020"
comments,arab_subregion_2_Berkeley_Earth,"Original data acknowledgement: "
history,arab_subregion_2_ERA5,""Gridded dataset created from file ['era5_2m_tas_2023.nc'] downloaded from ['']""
history,arab_subregion_2_ERA5,""Regridded to 1 degree latitude-longitude resolution""
history,arab_subregion_2_ERA5,""Rebaselined to 1991-2020""
history,arab_subregion_2_ERA5,""Calculated area-average""
history,arab_subregion_2_ERA5,""Calculated annual average from monthly averages using arithmetic mean""
history,arab_subregion_2_ERA5,""Selected years within the range 1900 to 2023.""
history,arab_subregion_2_ERA5,""Wrote to file arab_subregion_2_ERA5.csv""
history,arab_subregion_2_ERA5,"Data set created from file ['arab_subregion_2_ERA5.csv'] downloaded from [''] at ['2023-11-01 16:36:45']"
reference,arab_subregion_2_ERA5,"Hersbach H, Bell B, Berrisford P et al. 2020. The ERA5 global reanalysis. Q. J. R. Meteorol. Soc. 146: 1999-2049. https://doi.org/10.1002/qj.3803"
comments,arab_subregion_2_ERA5,"Original data acknowledgement: Contains using Copernicus Climate Change Service information [2023]. Neither the European Commission nor ECMWF is responsible for any use that may be made of the Copernicus information or data it contains."
history,arab_subregion_2_GISTEMP,""Data set created from file ['gistemp1200_GHCNv4_ERSSTv5.nc.gz'] downloaded from ['https://data.giss.nasa.gov/pub/gistemp/gistemp1200_GHCNv4_ERSSTv5.nc.gz'] at ['2023-10-13 17:19:30']""
history,arab_subregion_2_GISTEMP,""Regridded to 1 degree latitude-longitude resolution""
history,arab_subregion_2_GISTEMP,""Rebaselined to 1991-2020""
history,arab_subregion_2_GISTEMP,""Calculated area-average""
history,arab_subregion_2_GISTEMP,""Calculated annual average from monthly averages using arithmetic mean""
history,arab_subregion_2_GISTEMP,""Selected years within the range 1900 to 2023.""
history,arab_subregion_2_GISTEMP,""Wrote to file arab_subregion_2_GISTEMP.csv""
history,arab_subregion_2_GISTEMP,"Data set created from file ['arab_subregion_2_GISTEMP.csv'] downloaded from [''] at ['2023-11-01 16:37:23']"
reference,arab_subregion_2_GISTEMP,"Lenssen, N., G. Schmidt, J. Hansen, M. Menne, A. Persin, R. Ruedy, and D. Zyss, 2019: Improvements in the GISTEMP uncertainty model. J. Geophys. Res. Atmos., 124, no. 12, 6307-6326, doi:10.1029/2018JD029522"
comments,arab_subregion_2_GISTEMP,"Original data acknowledgement: "
history,arab_subregion_2_HadCRUT5,""Data set created from file ['HadCRUT.5.0.1.0.analysis.anomalies.ensemble_mean.nc'] downloaded from ['https://www.metoffice.gov.uk/hadobs/hadcrut5/data/current/analysis/HadCRUT.5.0.1.0.analysis.anomalies.ensemble_mean.nc'] at ['2023-10-31 16:06:13']""
history,arab_subregion_2_HadCRUT5,""Regridded to 1 degree latitude-longitude resolution""
history,arab_subregion_2_HadCRUT5,""Rebaselined to 1991-2020""
history,arab_subregion_2_HadCRUT5,""Calculated area-average""
history,arab_subregion_2_HadCRUT5,""Calculated annual average from monthly averages using arithmetic mean""
history,arab_subregion_2_HadCRUT5,""Selected years within the range 1900 to 2023.""
history,arab_subregion_2_HadCRUT5,""Wrote to file arab_subregion_2_HadCRUT5.csv""
history,arab_subregion_2_HadCRUT5,"Data set created from file ['arab_subregion_2_HadCRUT5.csv'] downloaded from [''] at ['2023-11-01 16:38:29']"
reference,arab_subregion_2_HadCRUT5,"Morice, C. P., Kennedy, J. J., Rayner, N. A., Winn, J. P., Hogan, E., Killick, R. E., et al. (2021). An updated assessment of near-surface temperature change from 1850: the HadCRUT5 data set. Journal of Geophysical Research: Atmospheres, 126, e2019JD032361. https://doi.org/10.1029/2019JD032361"
comments,arab_subregion_2_HadCRUT5,"Original data acknowledgement: HadCRUT.5.0.1.0 data were obtained from http://www.metoffice.gov.uk/hadobs/hadcrut5 on 2023-10-31 16:06:13 and are © British Crown Copyright, Met Office 2023, provided under an Open Government License, http://www.nationalarchives.gov.uk/doc/open-government-licence/version/3/"
history,arab_subregion_2_JRA-55,""Data set created from file ['anl_surf125.011_tmp.202301_202312', 'anl_surf125.2023MMMM'] downloaded from ['', ''] at ['2023-10-06 11:01:38']""
history,arab_subregion_2_JRA-55,""Regridded to 1 degree latitude-longitude resolution""
history,arab_subregion_2_JRA-55,""Rebaselined to 1991-2020""
history,arab_subregion_2_JRA-55,""Calculated area-average""
history,arab_subregion_2_JRA-55,""Calculated annual average from monthly averages using arithmetic mean""
history,arab_subregion_2_JRA-55,""Selected years within the range 1900 to 2023.""
history,arab_subregion_2_JRA-55,""Wrote to file arab_subregion_2_JRA-55.csv""
history,arab_subregion_2_JRA-55,"Data set created from file ['arab_subregion_2_JRA-55.csv'] downloaded from [''] at ['2023-11-01 16:38:59']"
reference,arab_subregion_2_JRA-55,"Kobayashi, S., Ota, Y., Harada, Y., Ebita, A., Moriya, M., Onoda, H., Onogi, K., Kamahori, H., Kobayashi, C., Endo, H. and Miyaoka, K., (2015). The JRA-55 reanalysis: General specifications and basic characteristics. Journal of the Meteorological Society of Japan. Ser. II, 93(1), pp.5-48."
comments,arab_subregion_2_JRA-55,"Original data acknowledgement: "
history,arab_subregion_2_Kadow,""Data set created from file ['HadCRUT.5.0.1.0.anomalies.Kadow_et_al_2020_20crAI-infilled.ensemble_mean_185001-*.nc'] downloaded from [''] at ['2023-10-23 09:13:55']""
history,arab_subregion_2_Kadow,""Regridded to 1 degree latitude-longitude resolution""
history,arab_subregion_2_Kadow,""Rebaselined to 1991-2020""
history,arab_subregion_2_Kadow,""Calculated area-average""
history,arab_subregion_2_Kadow,""Calculated annual average from monthly averages using arithmetic mean""
history,arab_subregion_2_Kadow,""Selected years within the range 1900 to 2023.""
history,arab_subregion_2_Kadow,""Wrote to file arab_subregion_2_Kadow.csv""
history,arab_subregion_2_Kadow,"Data set created from file ['arab_subregion_2_Kadow.csv'] downloaded from [''] at ['2023-11-01 16:39:46']"
reference,arab_subregion_2_Kadow,"Kadow, C., Hall, D.M. & Ulbrich, U. Artificial intelligence reconstructs missing climate information. Nat. Geosci. (2020). https://doi.org/10.1038/s41561-020-0582-5"
comments,arab_subregion_2_Kadow,"Original data acknowledgement: "
history,arab_subregion_2_NOAA_Interim,""Data set created from file ['NOAAGlobalTemp_v*.nc'] downloaded from ['https://www.ncei.noaa.gov/data/noaa-global-surface-temperature/v5.1/access/gridded/NOAAGlobalTemp_v.*.nc'] at ['2023-10-14 08:45:48']""
history,arab_subregion_2_NOAA_Interim,""Data set created from file ['NOAAGlobalTemp_v*.nc'] downloaded from ['https://www.ncei.noaa.gov/data/noaa-global-surface-temperature/v5.1/access/gridded/NOAAGlobalTemp_v.*.nc'] at ['2023-10-14 08:45:48']""
history,arab_subregion_2_NOAA_Interim,""Regridded to 1 degree latitude-longitude resolution""
history,arab_subregion_2_NOAA_Interim,""Rebaselined to 1991-2020""
history,arab_subregion_2_NOAA_Interim,""Calculated area-average""
history,arab_subregion_2_NOAA_Interim,""Calculated annual average from monthly averages using arithmetic mean""
history,arab_subregion_2_NOAA_Interim,""Selected years within the range 1900 to 2023.""
history,arab_subregion_2_NOAA_Interim,""Wrote to file arab_subregion_2_NOAA Interim.csv""
history,arab_subregion_2_NOAA_Interim,"Data set created from file ['arab_subregion_2_NOAA Interim.csv'] downloaded from [''] at ['2023-11-01 16:40:51']"
reference,arab_subregion_2_NOAA_Interim,"Vose, R.S., B. Huang, X. Yin., D. Arndt, D.R. Easterling, J.H. Lawrimore, M.J. Menne, A. Sanchez-Lugo, H.-M. Zhang, 2021: Implementing full spatial coverage in NOAA’s global temperature analysis. Geophysical Research Letters, 48, e2020GL090873. https://doi.org/10.1029/2020GL090873"
comments,arab_subregion_2_NOAA_Interim,"Original data acknowledgement: "
history,arab_subregion_3_Berkeley_Earth,""Data set created from file ['Land_and_Ocean_LatLong1.nc'] downloaded from ['https://berkeley-earth-temperature.s3.us-west-1.amazonaws.com/Global/Gridded/Land_and_Ocean_LatLong1.nc'] at ['2023-10-31 16:14:45']""
history,arab_subregion_3_Berkeley_Earth,""Rebaselined to 1991-2020""
history,arab_subregion_3_Berkeley_Earth,""Calculated area-average""
history,arab_subregion_3_Berkeley_Earth,""Calculated annual average from monthly averages using arithmetic mean""
history,arab_subregion_3_Berkeley_Earth,""Selected years within the range 1900 to 2023.""
history,arab_subregion_3_Berkeley_Earth,""Wrote to file arab_subregion_3_Berkeley Earth.csv""
history,arab_subregion_3_Berkeley_Earth,"Data set created from file ['arab_subregion_3_Berkeley Earth.csv'] downloaded from [''] at ['2023-11-01 16:36:25']"
reference,arab_subregion_3_Berkeley_Earth,"Rohde, R. A. and Hausfather, Z.: The Berkeley Earth Land/Ocean Temperature Record, Earth Syst. Sci. Data, 12, 3469-3479, https://doi.org/10.5194/essd-12-3469-2020, 2020"
comments,arab_subregion_3_Berkeley_Earth,"Original data acknowledgement: "
history,arab_subregion_3_ERA5,""Gridded dataset created from file ['era5_2m_tas_2023.nc'] downloaded from ['']""
history,arab_subregion_3_ERA5,""Regridded to 1 degree latitude-longitude resolution""
history,arab_subregion_3_ERA5,""Rebaselined to 1991-2020""
history,arab_subregion_3_ERA5,""Calculated area-average""
history,arab_subregion_3_ERA5,""Calculated annual average from monthly averages using arithmetic mean""
history,arab_subregion_3_ERA5,""Selected years within the range 1900 to 2023.""
history,arab_subregion_3_ERA5,""Wrote to file arab_subregion_3_ERA5.csv""
history,arab_subregion_3_ERA5,"Data set created from file ['arab_subregion_3_ERA5.csv'] downloaded from [''] at ['2023-11-01 16:36:46']"
reference,arab_subregion_3_ERA5,"Hersbach H, Bell B, Berrisford P et al. 2020. The ERA5 global reanalysis. Q. J. R. Meteorol. Soc. 146: 1999-2049. https://doi.org/10.1002/qj.3803"
comments,arab_subregion_3_ERA5,"Original data acknowledgement: Contains using Copernicus Climate Change Service information [2023]. Neither the European Commission nor ECMWF is responsible for any use that may be made of the Copernicus information or data it contains."
history,arab_subregion_3_GISTEMP,""Data set created from file ['gistemp1200_GHCNv4_ERSSTv5.nc.gz'] downloaded from ['https://data.giss.nasa.gov/pub/gistemp/gistemp1200_GHCNv4_ERSSTv5.nc.gz'] at ['2023-10-13 17:19:30']""
history,arab_subregion_3_GISTEMP,""Regridded to 1 degree latitude-longitude resolution""
history,arab_subregion_3_GISTEMP,""Rebaselined to 1991-2020""
history,arab_subregion_3_GISTEMP,""Calculated area-average""
history,arab_subregion_3_GISTEMP,""Calculated annual average from monthly averages using arithmetic mean""
history,arab_subregion_3_GISTEMP,""Selected years within the range 1900 to 2023.""
history,arab_subregion_3_GISTEMP,""Wrote to file arab_subregion_3_GISTEMP.csv""
history,arab_subregion_3_GISTEMP,"Data set created from file ['arab_subregion_3_GISTEMP.csv'] downloaded from [''] at ['2023-11-01 16:37:24']"
reference,arab_subregion_3_GISTEMP,"Lenssen, N., G. Schmidt, J. Hansen, M. Menne, A. Persin, R. Ruedy, and D. Zyss, 2019: Improvements in the GISTEMP uncertainty model. J. Geophys. Res. Atmos., 124, no. 12, 6307-6326, doi:10.1029/2018JD029522"
comments,arab_subregion_3_GISTEMP,"Original data acknowledgement: "
history,arab_subregion_3_HadCRUT5,""Data set created from file ['HadCRUT.5.0.1.0.analysis.anomalies.ensemble_mean.nc'] downloaded from ['https://www.metoffice.gov.uk/hadobs/hadcrut5/data/current/analysis/HadCRUT.5.0.1.0.analysis.anomalies.ensemble_mean.nc'] at ['2023-10-31 16:06:13']""
history,arab_subregion_3_HadCRUT5,""Regridded to 1 degree latitude-longitude resolution""
history,arab_subregion_3_HadCRUT5,""Rebaselined to 1991-2020""
history,arab_subregion_3_HadCRUT5,""Calculated area-average""
history,arab_subregion_3_HadCRUT5,""Calculated annual average from monthly averages using arithmetic mean""
history,arab_subregion_3_HadCRUT5,""Selected years within the range 1900 to 2023.""
history,arab_subregion_3_HadCRUT5,""Wrote to file arab_subregion_3_HadCRUT5.csv""
history,arab_subregion_3_HadCRUT5,"Data set created from file ['arab_subregion_3_HadCRUT5.csv'] downloaded from [''] at ['2023-11-01 16:38:31']"
reference,arab_subregion_3_HadCRUT5,"Morice, C. P., Kennedy, J. J., Rayner, N. A., Winn, J. P., Hogan, E., Killick, R. E., et al. (2021). An updated assessment of near-surface temperature change from 1850: the HadCRUT5 data set. Journal of Geophysical Research: Atmospheres, 126, e2019JD032361. https://doi.org/10.1029/2019JD032361"
comments,arab_subregion_3_HadCRUT5,"Original data acknowledgement: HadCRUT.5.0.1.0 data were obtained from http://www.metoffice.gov.uk/hadobs/hadcrut5 on 2023-10-31 16:06:13 and are © British Crown Copyright, Met Office 2023, provided under an Open Government License, http://www.nationalarchives.gov.uk/doc/open-government-licence/version/3/"
history,arab_subregion_3_JRA-55,""Data set created from file ['anl_surf125.011_tmp.202301_202312', 'anl_surf125.2023MMMM'] downloaded from ['', ''] at ['2023-10-06 11:01:38']""
history,arab_subregion_3_JRA-55,""Regridded to 1 degree latitude-longitude resolution""
history,arab_subregion_3_JRA-55,""Rebaselined to 1991-2020""
history,arab_subregion_3_JRA-55,""Calculated area-average""
history,arab_subregion_3_JRA-55,""Calculated annual average from monthly averages using arithmetic mean""
history,arab_subregion_3_JRA-55,""Selected years within the range 1900 to 2023.""
history,arab_subregion_3_JRA-55,""Wrote to file arab_subregion_3_JRA-55.csv""
history,arab_subregion_3_JRA-55,"Data set created from file ['arab_subregion_3_JRA-55.csv'] downloaded from [''] at ['2023-11-01 16:39:00']"
reference,arab_subregion_3_JRA-55,"Kobayashi, S., Ota, Y., Harada, Y., Ebita, A., Moriya, M., Onoda, H., Onogi, K., Kamahori, H., Kobayashi, C., Endo, H. and Miyaoka, K., (2015). The JRA-55 reanalysis: General specifications and basic characteristics. Journal of the Meteorological Society of Japan. Ser. II, 93(1), pp.5-48."
comments,arab_subregion_3_JRA-55,"Original data acknowledgement: "
history,arab_subregion_3_Kadow,""Data set created from file ['HadCRUT.5.0.1.0.anomalies.Kadow_et_al_2020_20crAI-infilled.ensemble_mean_185001-*.nc'] downloaded from [''] at ['2023-10-23 09:13:55']""
history,arab_subregion_3_Kadow,""Regridded to 1 degree latitude-longitude resolution""
history,arab_subregion_3_Kadow,""Rebaselined to 1991-2020""
history,arab_subregion_3_Kadow,""Calculated area-average""
history,arab_subregion_3_Kadow,""Calculated annual average from monthly averages using arithmetic mean""
history,arab_subregion_3_Kadow,""Selected years within the range 1900 to 2023.""
history,arab_subregion_3_Kadow,""Wrote to file arab_subregion_3_Kadow.csv""
history,arab_subregion_3_Kadow,"Data set created from file ['arab_subregion_3_Kadow.csv'] downloaded from [''] at ['2023-11-01 16:39:48']"
reference,arab_subregion_3_Kadow,"Kadow, C., Hall, D.M. & Ulbrich, U. Artificial intelligence reconstructs missing climate information. Nat. Geosci. (2020). https://doi.org/10.1038/s41561-020-0582-5"
comments,arab_subregion_3_Kadow,"Original data acknowledgement: "
history,arab_subregion_3_NOAA_Interim,""Data set created from file ['NOAAGlobalTemp_v*.nc'] downloaded from ['https://www.ncei.noaa.gov/data/noaa-global-surface-temperature/v5.1/access/gridded/NOAAGlobalTemp_v.*.nc'] at ['2023-10-14 08:45:48']""
history,arab_subregion_3_NOAA_Interim,""Data set created from file ['NOAAGlobalTemp_v*.nc'] downloaded from ['https://www.ncei.noaa.gov/data/noaa-global-surface-temperature/v5.1/access/gridded/NOAAGlobalTemp_v.*.nc'] at ['2023-10-14 08:45:48']""
history,arab_subregion_3_NOAA_Interim,""Regridded to 1 degree latitude-longitude resolution""
history,arab_subregion_3_NOAA_Interim,""Rebaselined to 1991-2020""
history,arab_subregion_3_NOAA_Interim,""Calculated area-average""
history,arab_subregion_3_NOAA_Interim,""Calculated annual average from monthly averages using arithmetic mean""
history,arab_subregion_3_NOAA_Interim,""Selected years within the range 1900 to 2023.""
history,arab_subregion_3_NOAA_Interim,""Wrote to file arab_subregion_3_NOAA Interim.csv""
history,arab_subregion_3_NOAA_Interim,"Data set created from file ['arab_subregion_3_NOAA Interim.csv'] downloaded from [''] at ['2023-11-01 16:40:53']"
reference,arab_subregion_3_NOAA_Interim,"Vose, R.S., B. Huang, X. Yin., D. Arndt, D.R. Easterling, J.H. Lawrimore, M.J. Menne, A. Sanchez-Lugo, H.-M. Zhang, 2021: Implementing full spatial coverage in NOAA’s global temperature analysis. Geophysical Research Letters, 48, e2020GL090873. https://doi.org/10.1029/2020GL090873"
comments,arab_subregion_3_NOAA_Interim,"Original data acknowledgement: "
history,arab_subregion_4_Berkeley_Earth,""Data set created from file ['Land_and_Ocean_LatLong1.nc'] downloaded from ['https://berkeley-earth-temperature.s3.us-west-1.amazonaws.com/Global/Gridded/Land_and_Ocean_LatLong1.nc'] at ['2023-10-31 16:14:45']""
history,arab_subregion_4_Berkeley_Earth,""Rebaselined to 1991-2020""
history,arab_subregion_4_Berkeley_Earth,""Calculated area-average""
history,arab_subregion_4_Berkeley_Earth,""Calculated annual average from monthly averages using arithmetic mean""
history,arab_subregion_4_Berkeley_Earth,""Selected years within the range 1900 to 2023.""
history,arab_subregion_4_Berkeley_Earth,""Wrote to file arab_subregion_4_Berkeley Earth.csv""
history,arab_subregion_4_Berkeley_Earth,"Data set created from file ['arab_subregion_4_Berkeley Earth.csv'] downloaded from [''] at ['2023-11-01 16:36:27']"
reference,arab_subregion_4_Berkeley_Earth,"Rohde, R. A. and Hausfather, Z.: The Berkeley Earth Land/Ocean Temperature Record, Earth Syst. Sci. Data, 12, 3469-3479, https://doi.org/10.5194/essd-12-3469-2020, 2020"
comments,arab_subregion_4_Berkeley_Earth,"Original data acknowledgement: "
history,arab_subregion_4_ERA5,""Gridded dataset created from file ['era5_2m_tas_2023.nc'] downloaded from ['']""
history,arab_subregion_4_ERA5,""Regridded to 1 degree latitude-longitude resolution""
history,arab_subregion_4_ERA5,""Rebaselined to 1991-2020""
history,arab_subregion_4_ERA5,""Calculated area-average""
history,arab_subregion_4_ERA5,""Calculated annual average from monthly averages using arithmetic mean""
history,arab_subregion_4_ERA5,""Selected years within the range 1900 to 2023.""
history,arab_subregion_4_ERA5,""Wrote to file arab_subregion_4_ERA5.csv""
history,arab_subregion_4_ERA5,"Data set created from file ['arab_subregion_4_ERA5.csv'] downloaded from [''] at ['2023-11-01 16:36:46']"
reference,arab_subregion_4_ERA5,"Hersbach H, Bell B, Berrisford P et al. 2020. The ERA5 global reanalysis. Q. J. R. Meteorol. Soc. 146: 1999-2049. https://doi.org/10.1002/qj.3803"
comments,arab_subregion_4_ERA5,"Original data acknowledgement: Contains using Copernicus Climate Change Service information [2023]. Neither the European Commission nor ECMWF is responsible for any use that may be made of the Copernicus information or data it contains."
history,arab_subregion_4_GISTEMP,""Data set created from file ['gistemp1200_GHCNv4_ERSSTv5.nc.gz'] downloaded from ['https://data.giss.nasa.gov/pub/gistemp/gistemp1200_GHCNv4_ERSSTv5.nc.gz'] at ['2023-10-13 17:19:30']""
history,arab_subregion_4_GISTEMP,""Regridded to 1 degree latitude-longitude resolution""
history,arab_subregion_4_GISTEMP,""Rebaselined to 1991-2020""
history,arab_subregion_4_GISTEMP,""Calculated area-average""
history,arab_subregion_4_GISTEMP,""Calculated annual average from monthly averages using arithmetic mean""
history,arab_subregion_4_GISTEMP,""Selected years within the range 1900 to 2023.""
history,arab_subregion_4_GISTEMP,""Wrote to file arab_subregion_4_GISTEMP.csv""
history,arab_subregion_4_GISTEMP,"Data set created from file ['arab_subregion_4_GISTEMP.csv'] downloaded from [''] at ['2023-11-01 16:37:26']"
reference,arab_subregion_4_GISTEMP,"Lenssen, N., G. Schmidt, J. Hansen, M. Menne, A. Persin, R. Ruedy, and D. Zyss, 2019: Improvements in the GISTEMP uncertainty model. J. Geophys. Res. Atmos., 124, no. 12, 6307-6326, doi:10.1029/2018JD029522"
comments,arab_subregion_4_GISTEMP,"Original data acknowledgement: "
history,arab_subregion_4_HadCRUT5,""Data set created from file ['HadCRUT.5.0.1.0.analysis.anomalies.ensemble_mean.nc'] downloaded from ['https://www.metoffice.gov.uk/hadobs/hadcrut5/data/current/analysis/HadCRUT.5.0.1.0.analysis.anomalies.ensemble_mean.nc'] at ['2023-10-31 16:06:13']""
history,arab_subregion_4_HadCRUT5,""Regridded to 1 degree latitude-longitude resolution""
history,arab_subregion_4_HadCRUT5,""Rebaselined to 1991-2020""
history,arab_subregion_4_HadCRUT5,""Calculated area-average""
history,arab_subregion_4_HadCRUT5,""Calculated annual average from monthly averages using arithmetic mean""
history,arab_subregion_4_HadCRUT5,""Selected years within the range 1900 to 2023.""
history,arab_subregion_4_HadCRUT5,""Wrote to file arab_subregion_4_HadCRUT5.csv""
history,arab_subregion_4_HadCRUT5,"Data set created from file ['arab_subregion_4_HadCRUT5.csv'] downloaded from [''] at ['2023-11-01 16:38:34']"
reference,arab_subregion_4_HadCRUT5,"Morice, C. P., Kennedy, J. J., Rayner, N. A., Winn, J. P., Hogan, E., Killick, R. E., et al. (2021). An updated assessment of near-surface temperature change from 1850: the HadCRUT5 data set. Journal of Geophysical Research: Atmospheres, 126, e2019JD032361. https://doi.org/10.1029/2019JD032361"
comments,arab_subregion_4_HadCRUT5,"Original data acknowledgement: HadCRUT.5.0.1.0 data were obtained from http://www.metoffice.gov.uk/hadobs/hadcrut5 on 2023-10-31 16:06:13 and are © British Crown Copyright, Met Office 2023, provided under an Open Government License, http://www.nationalarchives.gov.uk/doc/open-government-licence/version/3/"
history,arab_subregion_4_JRA-55,""Data set created from file ['anl_surf125.011_tmp.202301_202312', 'anl_surf125.2023MMMM'] downloaded from ['', ''] at ['2023-10-06 11:01:38']""
history,arab_subregion_4_JRA-55,""Regridded to 1 degree latitude-longitude resolution""
history,arab_subregion_4_JRA-55,""Rebaselined to 1991-2020""
history,arab_subregion_4_JRA-55,""Calculated area-average""
history,arab_subregion_4_JRA-55,""Calculated annual average from monthly averages using arithmetic mean""
history,arab_subregion_4_JRA-55,""Selected years within the range 1900 to 2023.""
history,arab_subregion_4_JRA-55,""Wrote to file arab_subregion_4_JRA-55.csv""
history,arab_subregion_4_JRA-55,"Data set created from file ['arab_subregion_4_JRA-55.csv'] downloaded from [''] at ['2023-11-01 16:39:00']"
reference,arab_subregion_4_JRA-55,"Kobayashi, S., Ota, Y., Harada, Y., Ebita, A., Moriya, M., Onoda, H., Onogi, K., Kamahori, H., Kobayashi, C., Endo, H. and Miyaoka, K., (2015). The JRA-55 reanalysis: General specifications and basic characteristics. Journal of the Meteorological Society of Japan. Ser. II, 93(1), pp.5-48."
comments,arab_subregion_4_JRA-55,"Original data acknowledgement: "
history,arab_subregion_4_Kadow,""Data set created from file ['HadCRUT.5.0.1.0.anomalies.Kadow_et_al_2020_20crAI-infilled.ensemble_mean_185001-*.nc'] downloaded from [''] at ['2023-10-23 09:13:55']""
history,arab_subregion_4_Kadow,""Regridded to 1 degree latitude-longitude resolution""
history,arab_subregion_4_Kadow,""Rebaselined to 1991-2020""
history,arab_subregion_4_Kadow,""Calculated area-average""
history,arab_subregion_4_Kadow,""Calculated annual average from monthly averages using arithmetic mean""
history,arab_subregion_4_Kadow,""Selected years within the range 1900 to 2023.""
history,arab_subregion_4_Kadow,""Wrote to file arab_subregion_4_Kadow.csv""
history,arab_subregion_4_Kadow,"Data set created from file ['arab_subregion_4_Kadow.csv'] downloaded from [''] at ['2023-11-01 16:39:49']"
reference,arab_subregion_4_Kadow,"Kadow, C., Hall, D.M. & Ulbrich, U. Artificial intelligence reconstructs missing climate information. Nat. Geosci. (2020). https://doi.org/10.1038/s41561-020-0582-5"
comments,arab_subregion_4_Kadow,"Original data acknowledgement: "
history,arab_subregion_4_NOAA_Interim,""Data set created from file ['NOAAGlobalTemp_v*.nc'] downloaded from ['https://www.ncei.noaa.gov/data/noaa-global-surface-temperature/v5.1/access/gridded/NOAAGlobalTemp_v.*.nc'] at ['2023-10-14 08:45:48']""
history,arab_subregion_4_NOAA_Interim,""Data set created from file ['NOAAGlobalTemp_v*.nc'] downloaded from ['https://www.ncei.noaa.gov/data/noaa-global-surface-temperature/v5.1/access/gridded/NOAAGlobalTemp_v.*.nc'] at ['2023-10-14 08:45:48']""
history,arab_subregion_4_NOAA_Interim,""Regridded to 1 degree latitude-longitude resolution""
history,arab_subregion_4_NOAA_Interim,""Rebaselined to 1991-2020""
history,arab_subregion_4_NOAA_Interim,""Calculated area-average""
history,arab_subregion_4_NOAA_Interim,""Calculated annual average from monthly averages using arithmetic mean""
history,arab_subregion_4_NOAA_Interim,""Selected years within the range 1900 to 2023.""
history,arab_subregion_4_NOAA_Interim,""Wrote to file arab_subregion_4_NOAA Interim.csv""
history,arab_subregion_4_NOAA_Interim,"Data set created from file ['arab_subregion_4_NOAA Interim.csv'] downloaded from [''] at ['2023-11-01 16:40:56']"
reference,arab_subregion_4_NOAA_Interim,"Vose, R.S., B. Huang, X. Yin., D. Arndt, D.R. Easterling, J.H. Lawrimore, M.J. Menne, A. Sanchez-Lugo, H.-M. Zhang, 2021: Implementing full spatial coverage in NOAA’s global temperature analysis. Geophysical Research Letters, 48, e2020GL090873. https://doi.org/10.1029/2020GL090873"
comments,arab_subregion_4_NOAA_Interim,"Original data acknowledgement: "
long_name,time,time,days since 1800-01-01 00:00:00.0
type,time,int
long_name,year,year,1
type,year,int
long_name,arab_subregion_1_Berkeley_Earth,arab_subregion_1,degC
type,arab_subregion_1_Berkeley_Earth,float
long_name,arab_subregion_1_ERA5,arab_subregion_1,degC
type,arab_subregion_1_ERA5,float
long_name,arab_subregion_1_GISTEMP,arab_subregion_1,degC
type,arab_subregion_1_GISTEMP,float
long_name,arab_subregion_1_HadCRUT5,arab_subregion_1,degC
type,arab_subregion_1_HadCRUT5,float
long_name,arab_subregion_1_JRA-55,arab_subregion_1,degC
type,arab_subregion_1_JRA-55,float
long_name,arab_subregion_1_Kadow,arab_subregion_1,degC
type,arab_subregion_1_Kadow,float
long_name,arab_subregion_1_NOAA_Interim,arab_subregion_1,degC
type,arab_subregion_1_NOAA_Interim,float
long_name,arab_subregion_2_Berkeley_Earth,arab_subregion_2,degC
type,arab_subregion_2_Berkeley_Earth,float
long_name,arab_subregion_2_ERA5,arab_subregion_2,degC
type,arab_subregion_2_ERA5,float
long_name,arab_subregion_2_GISTEMP,arab_subregion_2,degC
type,arab_subregion_2_GISTEMP,float
long_name,arab_subregion_2_HadCRUT5,arab_subregion_2,degC
type,arab_subregion_2_HadCRUT5,float
long_name,arab_subregion_2_JRA-55,arab_subregion_2,degC
type,arab_subregion_2_JRA-55,float
long_name,arab_subregion_2_Kadow,arab_subregion_2,degC
type,arab_subregion_2_Kadow,float
long_name,arab_subregion_2_NOAA_Interim,arab_subregion_2,degC
type,arab_subregion_2_NOAA_Interim,float
long_name,arab_subregion_3_Berkeley_Earth,arab_subregion_3,degC
type,arab_subregion_3_Berkeley_Earth,float
long_name,arab_subregion_3_ERA5,arab_subregion_3,degC
type,arab_subregion_3_ERA5,float
long_name,arab_subregion_3_GISTEMP,arab_subregion_3,degC
type,arab_subregion_3_GISTEMP,float
long_name,arab_subregion_3_HadCRUT5,arab_subregion_3,degC
type,arab_subregion_3_HadCRUT5,float
long_name,arab_subregion_3_JRA-55,arab_subregion_3,degC
type,arab_subregion_3_JRA-55,float
long_name,arab_subregion_3_Kadow,arab_subregion_3,degC
type,arab_subregion_3_Kadow,float
long_name,arab_subregion_3_NOAA_Interim,arab_subregion_3,degC
type,arab_subregion_3_NOAA_Interim,float
long_name,arab_subregion_4_Berkeley_Earth,arab_subregion_4,degC
type,arab_subregion_4_Berkeley_Earth,float
long_name,arab_subregion_4_ERA5,arab_subregion_4,degC
type,arab_subregion_4_ERA5,float
long_name,arab_subregion_4_GISTEMP,arab_subregion_4,degC
type,arab_subregion_4_GISTEMP,float
long_name,arab_subregion_4_HadCRUT5,arab_subregion_4,degC
type,arab_subregion_4_HadCRUT5,float
long_name,arab_subregion_4_JRA-55,arab_subregion_4,degC
type,arab_subregion_4_JRA-55,float
long_name,arab_subregion_4_Kadow,arab_subregion_4,degC
type,arab_subregion_4_Kadow,float
long_name,arab_subregion_4_NOAA_Interim,arab_subregion_4,degC
type,arab_subregion_4_NOAA_Interim,float
coordinate_variable,time,t
data
time,year,arab_subregion_1_Berkeley_Earth,arab_subregion_1_ERA5,arab_subregion_1_GISTEMP,arab_subregion_1_HadCRUT5,arab_subregion_1_JRA-55,arab_subregion_1_Kadow,arab_subregion_1_NOAA_Interim,arab_subregion_2_Berkeley_Earth,arab_subregion_2_ERA5,arab_subregion_2_GISTEMP,arab_subregion_2_HadCRUT5,arab_subregion_2_JRA-55,arab_subregion_2_Kadow,arab_subregion_2_NOAA_Interim,arab_subregion_3_Berkeley_Earth,arab_subregion_3_ERA5,arab_subregion_3_GISTEMP,arab_subregion_3_HadCRUT5,arab_subregion_3_JRA-55,arab_subregion_3_Kadow,arab_subregion_3_NOAA_Interim,arab_subregion_4_Berkeley_Earth,arab_subregion_4_ERA5,arab_subregion_4_GISTEMP,arab_subregion_4_HadCRUT5,arab_subregion_4_JRA-55,arab_subregion_4_Kadow,arab_subregion_4_NOAA_Interim
36524,1900,-1.0229,,-0.9214,-1.0793,,-1.3777,-1.1401,-1.0963,,-1.0457,-1.2132,,-1.7314,-1.2825,-0.9168,,-0.8257,-1.0581,,-0.9044,-0.8586,-0.9566,,-0.7532,-0.8295,,-1.0305,-1.0655
36889,1901,-0.8253,,-0.9174,-0.8504,,-1.0788,-0.8774,-1.0396,,-1.1625,-1.1676,,-1.4688,-1.0767,-0.5487,,-0.9950,-0.5922,,-0.5004,-0.5636,-0.6078,,-0.4426,-0.4200,,-0.7366,-0.7156
37254,1902,-0.9306,,-0.7382,-0.9712,,-1.1828,-0.9854,-0.9700,,-0.8247,-1.1517,,-1.4205,-0.9243,-1.0081,,-0.7186,-0.9823,,-0.9989,-1.1789,-0.7984,,-0.5899,-0.6129,,-0.8533,-0.9651
37619,1903,-1.5191,,-1.2986,-1.5600,,-1.7603,-1.4354,-1.5138,,-1.3366,-1.6562,,-1.9849,-1.3886,-1.4913,,-1.2160,-1.4460,,-1.5371,-1.2670,-1.5492,,-1.2772,-1.4551,,-1.4846,-1.6470
37984,1904,-1.3964,,-1.1773,-1.5398,,-1.7455,-1.5376,-1.4285,,-1.1867,-1.6357,,-2.0427,-1.5995,-1.4923,,-1.3260,-1.5832,,-1.4282,-1.4513,-1.2653,,-1.0452,-1.3223,,-1.3965,-1.4792
38350,1905,-1.4069,,-1.1612,-1.3935,,-1.4660,-1.3570,-1.4675,,-1.3060,-1.5019,,-1.7200,-1.3859,-1.1728,,-0.8807,-1.2404,,-1.0997,-1.0868,-1.4573,,-1.0934,-1.2928,,-1.2357,-1.4950
38715,1906,-1.3505,,-1.1820,-1.1627,,-1.2312,-1.3701,-1.4466,,-1.3279,-1.2007,,-1.3851,-1.5194,-1.2798,,-0.9297,-0.8742,,-0.8048,-0.9463,-1.2146,,-1.0808,-1.2958,,-1.2385,-1.3842
39080,1907,-1.7090,,-1.4199,-1.5111,,-1.6098,-1.7710,-1.8866,,-1.5899,-1.5883,,-1.8967,-2.0313,-1.2892,,-1.0795,-1.1557,,-1.0878,-1.1878,-1.6654,,-1.3337,-1.6164,,-1.4275,-1.6840
39445,1908,-1.3571,,-1.2644,-1.2791,,-1.4462,-1.2975,-1.4086,,-1.2442,-1.2539,,-1.5813,-1.2829,-1.1934,,-1.2592,-1.1450,,-1.2123,-1.1231,-1.3745,,-1.3071,-1.4243,,-1.3516,-1.4511
39811,1909,-1.0850,,-1.0738,-0.9686,,-1.0800,-1.2170,-1.2382,,-1.3075,-1.0933,,-1.2681,-1.3971,-1.0254,,-0.8852,-0.9252,,-0.8083,-0.9112,-0.8302,,-0.7556,-0.7576,,-0.9100,-1.0867
40176,1910,-1.4211,,-1.3051,-1.4420,,-1.5698,-1.4687,-1.4506,,-1.3657,-1.4472,,-1.7291,-1.4931,-1.2221,,-1.2097,-1.3551,,-1.5526,-1.3594,-1.5066,,-1.2560,-1.4942,,-1.2729,-1.4998
40541,1911,-1.5498,,-1.3718,-1.5516,,-1.6706,-1.6057,-1.4964,,-1.2842,-1.4973,,-1.8132,-1.6122,-1.2911,,-1.2758,-1.3030,,-1.3091,-1.3272,-1.8391,,-1.6091,-1.8353,,-1.6530,-1.7929
40906,1912,-1.3494,,-1.3111,-1.1882,,-1.3744,-1.4055,-1.3409,,-1.3148,-1.0861,,-1.4751,-1.4464,-1.4367,,-1.4994,-1.4314,,-1.5270,-1.4372,-1.3032,,-1.1690,-1.2118,,-1.0694,-1.3033
41272,1913,-1.3736,,-1.2854,-1.2876,,-1.5611,-1.3421,-1.2177,,-1.1975,-1.1192,,-1.6195,-1.1319,-1.4681,,-1.4327,-1.5168,,-1.6898,-1.4770,-1.6084,,-1.3506,-1.4502,,-1.3553,-1.6536
41637,1914,-1.0553,,-1.0016,-1.0993,,-1.3258,-1.3018,-1.0699,,-1.2911,-1.1542,,-1.5544,-1.5228,-0.6490,,-0.4904,-0.8188,,-0.8518,-0.7117,-1.3186,,-0.8063,-1.1938,,-1.2221,-1.2962
42002,1915,-0.8732,,-0.7506,-0.9459,,-1.1682,-1.0678,-1.0806,,-1.0496,-1.1733,,-1.4732,-1.3116,-0.5479,,-0.4625,-0.6978,,-0.5548,-0.6809,-0.7038,,-0.3810,-0.6824,,-1.0160,-0.8720
42367,1916,-1.1915,,-1.0028,-1.2031,,-1.3434,-1.2486,-1.1548,,-0.9650,-1.2638,,-1.4544,-1.2650,-1.2752,,-1.1787,-1.3748,,-1.3466,-1.2942,-1.2027,,-0.9502,-0.9622,,-1.1257,-1.1840
42733,1917,-1.4368,,-1.3935,-1.4046,,-1.5142,-1.4816,-1.5460,,-1.5139,-1.5916,,-1.6895,-1.5384,-1.5199,,-1.5043,-1.4421,,-1.6489,-1.3858,-1.1653,,-1.0808,-1.0145,,-1.0772,-1.4402
43098,1918,-1.4376,,-1.3336,-1.3823,,-1.5852,-1.5774,-1.4888,,-1.4989,-1.4806,,-1.7831,-1.7046,-1.2064,,-1.2367,-1.2632,,-1.3390,-1.3470,-1.5043,,-1.0847,-1.2768,,-1.3776,-1.4960
43463,1919,-1.0441,,-0.8955,-0.9119,,-1.0626,-1.0487,-1.3023,,-1.0382,-1.1488,,-1.3183,-1.2001,-0.5594,,-0.5541,-0.6206,,-0.5160,-0.7238,-0.8907,,-0.8635,-0.6610,,-0.9582,-0.9878
43828,1920,-1.3207,,-1.2312,-1.3142,,-1.4721,-1.3567,-1.2134,,-1.1638,-1.3459,,-1.6104,-1.3290,-1.4936,,-1.2761,-1.5794,,-1.7217,-1.4296,-1.4050,,-1.3296,-1.0623,,-1.0245,-1.3580
44194,1921,-1.3388,,-1.2647,-1.1559,,-1.4440,-1.3538,-1.3273,,-1.3284,-1.2251,,-1.7133,-1.5815,-1.1322,,-1.0111,-1.2547,,-1.4488,-1.1502,-1.5093,,-1.3233,-0.9505,,-0.9177,-1.0579
44559,1922,-1.0840,,-1.0672,-1.1036,,-1.2900,-1.2729,-1.0951,,-1.1800,-1.2232,,-1.4971,-1.3729,-1.2376,,-1.1778,-1.0568,,-1.2601,-1.1587,-0.9521,,-0.7687,-0.9049,,-0.9094,-1.1607
44924,1923,-1.2631,,-1.2408,-1.3578,,-1.5688,-1.4532,-1.3521,,-1.4566,-1.5761,,-1.8660,-1.6570,-1.2472,,-1.0809,-1.2233,,-1.2617,-1.1051,-1.1016,,-0.9367,-1.0304,,-1.2122,-1.3075
45289,1924,-0.7939,,-0.7695,-0.8427,,-0.9656,-0.8475,-0.8619,,-0.9030,-0.9772,,-1.0774,-0.8682,-0.7632,,-0.5940,-0.6301,,-0.7663,-0.6669,-0.6840,,-0.6363,-0.7341,,-0.8917,-0.9368
45655,1925,-1.1548,,-1.1637,-1.2598,,-1.4570,-1.2841,-1.2311,,-1.3874,-1.4699,,-1.7136,-1.3828,-0.9496,,-0.8152,-1.0289,,-1.0628,-0.9418,-1.1538,,-0.9796,-1.0174,,-1.2415,-1.3380
46020,1926,-0.7879,,-0.7716,-0.9000,,-1.0198,-0.9430,-0.6856,,-0.7769,-0.8899,,-1.1035,-0.9132,-0.8518,,-0.6878,-0.9470,,-1.0117,-0.7616,-0.9407,,-0.8214,-0.8857,,-0.8630,-1.1313
46385,1927,-0.8692,,-0.7524,-0.8889,,-0.9187,-0.8860,-0.8139,,-0.7590,-1.0076,,-0.8979,-0.8269,-0.8786,,-0.6140,-0.7005,,-0.8005,-0.7515,-0.9700,,-0.8390,-0.7936,,-1.0440,-1.0973
46750,1928,-0.8660,,-0.7626,-0.8018,,-0.9120,-0.9227,-0.9184,,-0.8968,-1.0809,,-1.1987,-1.0890,-0.5966,,-0.3293,-0.2328,,-0.4216,-0.4514,-0.9576,,-0.8132,-0.6682,,-0.7072,-0.9381
47116,1929,-1.1886,,-1.0885,-1.0983,,-1.2113,-1.1572,-1.4060,,-1.3178,-1.3187,,-1.5124,-1.3456,-1.0404,,-0.8128,-0.9486,,-0.9974,-0.8499,-0.8729,,-0.8411,-0.7779,,-0.7802,-1.0121
47481,1930,-0.9266,,-0.8064,-1.0010,,-1.0679,-0.9122,-0.8727,,-0.8477,-1.1876,,-1.2090,-0.9657,-1.1061,,-0.8528,-1.1074,,-1.1083,-0.8542,-0.9025,,-0.6928,-0.5624,,-0.7648,-0.8500
47846,1931,-0.6824,,-0.6185,-0.6948,,-0.7234,-0.5536,-0.5986,,-0.6528,-0.7379,,-0.7913,-0.4865,-0.5930,,-0.3506,-0.6357,,-0.5560,-0.3381,-0.9091,,-0.7443,-0.6537,,-0.7117,-0.8385
48211,1932,-1.0149,,-1.0410,-1.1145,,-1.2189,-1.0458,-0.8980,,-1.0940,-1.3147,,-1.4297,-1.1164,-1.0010,,-0.8580,-0.8961,,-0.9482,-0.7456,-1.2518,,-1.0695,-0.8823,,-1.0039,-1.1243
48577,1933,-1.1168,,-1.0514,-1.0920,,-1.1914,-1.0666,-1.1124,,-1.1130,-1.2373,,-1.4099,-1.1608,-0.6838,,-0.5383,-0.4586,,-0.6254,-0.5325,-1.4359,,-1.3001,-1.2645,,-1.1733,-1.2669
48942,1934,-1.2165,,-1.0084,-1.1706,,-1.1774,-1.1134,-1.2483,,-1.0763,-1.3345,,-1.3419,-1.1586,-1.0418,,-0.8490,-0.9762,,-1.0730,-0.8201,-1.2802,,-0.9909,-0.9920,,-0.9332,-1.2362
49307,1935,-1.0723,,-0.8603,-0.8131,,-0.9604,-0.9473,-1.2096,,-1.0321,-0.9513,,-1.2131,-1.1409,-1.0169,,-0.7630,-0.8816,,-0.8306,-0.6697,-0.8455,,-0.5967,-0.4956,,-0.5629,-0.7707
49672,1936,-1.0121,,-0.7909,-0.7185,,-0.7360,-0.8211,-1.0850,,-0.9034,-0.7494,,-0.8663,-0.7961,-0.7503,,-0.5665,-0.5680,,-0.3773,-0.6448,-1.0582,,-0.7335,-0.7664,,-0.7403,-0.9962
50038,1937,-0.8075,,-0.6071,-0.6263,,-0.6716,-0.7706,-0.5828,,-0.5175,-0.4887,,-0.7087,-0.6873,-0.9826,,-0.7330,-0.8400,,-0.7048,-0.8425,-1.1181,,-0.6908,-0.7400,,-0.5758,-0.8806
50403,1938,-1.2719,,-1.0894,-1.0314,,-1.1526,-1.2007,-1.3624,,-1.2745,-1.0483,,-1.3456,-1.3605,-0.9583,,-0.7744,-0.9540,,-0.8725,-0.7651,-1.3213,,-0.9561,-1.0541,,-0.9789,-1.2031
50768,1939,-0.9611,,-0.8330,-0.8073,,-0.9028,-0.9189,-0.9625,,-0.9675,-0.9030,,-1.1973,-1.0654,-0.6108,,-0.5232,-0.5726,,-0.2590,-0.3987,-1.2096,,-0.7943,-0.7898,,-0.7930,-1.0076
51133,1940,-0.8348,,-0.7906,-0.7585,,-0.8077,-0.8003,-0.9683,,-1.0422,-0.9403,,-0.9744,-0.9179,-0.5045,,-0.3776,-0.4563,,-0.3027,-0.3847,-0.8127,,-0.5984,-0.6224,,-0.8462,-0.8703
51499,1941,-0.7127,,-0.6471,-0.6762,,-0.7499,-0.6529,-0.7614,,-0.9040,-0.7050,,-0.7892,-0.7887,-0.5061,,-0.1955,-0.6124,,-0.6048,-0.1025,-0.7666,,-0.4726,-0.6658,,-0.7779,-0.7844
51864,1942,-0.7824,,-0.6413,-0.7710,,-0.7932,-0.7557,-0.8041,,-0.7764,-0.7100,,-0.6889,-0.8162,-0.7280,,-0.3741,-0.8280,,-0.9292,-0.4353,-0.7794,,-0.5705,-0.8483,,-0.8981,-0.8682
52229,1943,-1.2072,,-0.9746,-1.2006,,-1.1915,-1.1420,-1.1814,,-0.9871,-1.0655,,-1.1083,-1.1733,-1.2133,,-0.8774,-1.4592,,-1.5196,-0.8686,-1.2529,,-1.0202,-1.2771,,-1.1177,-1.2773
52594,1944,-0.9930,,-0.8903,-1.0081,,-1.0976,-1.0201,-1.1305,,-1.1305,-1.0177,,-1.1498,-1.1788,-0.8228,,-0.6306,-1.1588,,-1.2539,-0.6361,-0.8481,,-0.6102,-0.8814,,-0.8841,-0.9874
52960,1945,-1.0295,,-0.9152,-1.1097,,-1.1779,-1.0433,-0.9323,,-0.8478,-0.9614,,-1.1461,-1.0142,-1.0781,,-0.8444,-1.4324,,-1.4825,-0.8724,-1.1835,,-1.0970,-1.1660,,-1.0212,-1.2224
53325,1946,-0.9555,,-0.8826,-0.8907,,-0.9377,-0.9933,-0.8325,,-0.9066,-0.7435,,-0.8638,-1.0156,-1.0084,,-0.7791,-1.2637,,-1.3732,-0.7898,-1.1564,,-0.9103,-0.9088,,-0.7687,-1.0960
53690,1947,-0.5688,,-0.4682,-0.6145,,-0.7191,-0.5895,-0.4957,,-0.4551,-0.5398,,-0.6673,-0.5620,-0.7300,,-0.6019,-1.0620,,-1.1711,-0.5790,-0.5951,,-0.3979,-0.4385,,-0.4952,-0.6506
54055,1948,-1.2616,,-1.1568,-1.2352,,-1.3021,-1.2555,-1.1719,,-1.0742,-1.1532,,-1.2922,-1.2629,-1.3697,,-1.1854,-1.4400,,-1.5801,-1.1275,-1.3584,,-1.2966,-1.2474,,-1.1220,-1.3328
54421,1949,-1.3457,,-1.1899,-1.3039,,-1.3313,-1.1962,-1.2289,,-1.0259,-1.1658,,-1.2582,-1.0941,-1.3596,,-1.1159,-1.4855,,-1.5742,-1.0442,-1.5626,,-1.5614,-1.4416,,-1.2989,-1.5034
54786,1950,-1.3113,,-1.1255,-1.3232,,-1.3897,-1.2536,-1.2784,,-1.0148,-1.2829,,-1.3711,-1.1731,-1.2417,,-1.0314,-1.4476,,-1.5026,-1.1022,-1.4251,,-1.4079,-1.3123,,-1.3447,-1.5184
55151,1951,-0.8606,,-0.8807,-0.9173,,-0.9618,-0.8907,-0.8950,,-0.9057,-0.9892,,-1.0669,-0.8680,-1.1096,,-0.9905,-1.3789,,-1.3870,-0.9576,-0.6150,,-0.7535,-0.4464,,-0.4527,-0.8866
55516,1952,-0.8045,,-0.7182,-0.8288,,-0.8880,-0.9051,-0.8975,,-0.7968,-0.9488,,-1.0310,-0.9577,-0.6474,,-0.5479,-0.9182,,-0.9142,-0.6759,-0.7369,,-0.6879,-0.5314,,-0.5916,-0.9676
55882,1953,-1.0685,,-1.0417,-1.1338,,-1.1593,-1.0824,-1.1347,,-1.1103,-1.2300,,-1.3011,-1.1302,-1.0084,,-0.8768,-1.3079,,-1.2939,-0.8750,-0.9830,,-1.0269,-0.8220,,-0.7874,-1.1384
56247,1954,-1.1061,,-1.0284,-1.1762,,-1.2189,-1.1532,-1.3832,,-1.2776,-1.4797,,-1.5567,-1.3720,-0.9624,,-0.8212,-1.2833,,-1.3029,-0.8582,-0.6710,,-0.6931,-0.5100,,-0.5030,-0.9400
56612,1955,-0.5209,,-0.5135,-0.6596,,-0.7021,-0.6217,-0.1831,,-0.3395,-0.4389,,-0.4773,-0.3338,-0.9438,,-0.8312,-1.1876,,-1.2808,-0.9365,-0.8735,,-0.6235,-0.7092,,-0.7232,-0.9549
56977,1956,-1.2709,,-1.2488,-1.3119,,-1.3890,-1.2925,-1.3450,,-1.3590,-1.3851,,-1.4641,-1.3336,-1.1319,,-1.0171,-1.3410,,-1.4265,-1.0264,-1.2269,,-1.2012,-1.1490,,-1.2162,-1.4036
57343,1957,-1.1975,,-1.1091,-1.2997,,-1.3902,-1.1666,-1.2450,,-1.1537,-1.3841,,-1.4618,-1.1864,-0.9464,,-0.8948,-1.2393,,-1.3275,-0.9231,-1.2855,,-1.1763,-1.1791,,-1.2963,-1.3028
57708,1958,-0.5711,,-0.5518,-0.7569,-0.6250,-0.7794,-0.6362,-0.5772,,-0.6296,-0.7857,-0.5503,-0.7657,-0.6384,-0.4925,,-0.3775,-0.8481,-0.5551,-0.9113,-0.5004,-0.6156,,-0.5259,-0.6353,-0.8202,-0.7113,-0.7291
58073,1959,-1.1506,,-1.0820,-1.3133,-1.2560,-1.4140,-1.1218,-1.0424,,-1.0743,-1.1568,-1.0465,-1.2579,-1.0885,-1.0054,,-0.8166,-1.4309,-1.0764,-1.5206,-0.9295,-1.4648,,-1.2872,-1.5328,-1.7916,-1.6408,-1.3243
58438,1960,-0.5629,,-0.5196,-0.7090,-0.5235,-0.7646,-0.6124,-0.5585,,-0.6037,-0.7459,-0.5042,-0.7880,-0.6517,-0.5030,,-0.3828,-0.8801,-0.4786,-0.8994,-0.4295,-0.6142,,-0.4544,-0.5144,-0.5933,-0.6225,-0.6673
58804,1961,-1.0983,,-0.9664,-1.1558,-1.1476,-1.2088,-1.1256,-1.0016,,-0.8806,-1.0849,-1.0673,-1.1403,-1.0573,-1.3712,,-1.1093,-1.6028,-1.3985,-1.6661,-1.1512,-1.0903,,-1.0304,-0.9728,-1.1236,-1.0136,-1.2400
59169,1962,-0.6629,,-0.5986,-0.7779,-0.7307,-0.7883,-0.7127,-0.7532,,-0.7177,-0.8911,-0.8860,-0.9235,-0.7701,-0.7092,,-0.6689,-1.0338,-0.5775,-1.1057,-0.6356,-0.4545,,-0.3170,-0.3745,-0.5391,-0.2981,-0.6564
59534,1963,-0.6572,,-0.6102,-0.7511,-0.7520,-0.7597,-0.6554,-0.6148,,-0.6663,-0.7859,-0.8328,-0.7952,-0.6345,-0.6109,,-0.5304,-0.8561,-0.3399,-0.8395,-0.5055,-0.7727,,-0.5585,-0.6082,-0.8908,-0.6332,-0.8036
59899,1964,-1.1935,,-1.1421,-1.2634,-1.1889,-1.2600,-1.1722,-1.0123,,-0.9630,-1.1117,-0.8275,-1.1083,-1.0439,-1.3330,,-1.2047,-1.6260,-1.3236,-1.6175,-1.1796,-1.4451,,-1.4449,-1.2978,-1.7940,-1.2980,-1.4159
60265,1965,-1.1354,,-1.0392,-1.1569,-0.9966,-1.1918,-1.1278,-1.2163,,-1.1523,-1.2667,-1.0144,-1.3287,-1.2509,-1.1231,,-0.9332,-1.3275,-1.0064,-1.3734,-0.9182,-0.9870,,-0.8957,-0.8212,-0.9551,-0.7956,-1.0392
60630,1966,-0.6192,,-0.5532,-0.7340,-0.6406,-0.7589,-0.6405,-0.6812,,-0.6980,-0.8859,-0.6014,-0.9479,-0.6884,-0.6981,,-0.5854,-0.9062,-0.8271,-0.8909,-0.5784,-0.4422,,-0.2489,-0.3156,-0.5827,-0.2972,-0.5921
60995,1967,-1.3359,,-1.3303,-1.4225,-1.3971,-1.4794,-1.3929,-1.2868,,-1.2544,-1.3955,-1.3213,-1.5037,-1.3245,-1.3031,,-1.2507,-1.6519,-1.2942,-1.6076,-1.2600,-1.4548,,-1.5349,-1.3104,-1.6181,-1.3401,-1.6210
61360,1968,-1.0837,,-1.0177,-1.1232,-0.9968,-1.1487,-1.0551,-1.0126,,-0.9692,-1.0406,-0.9299,-1.1137,-0.9878,-1.1538,,-1.1059,-1.4332,-1.0632,-1.4248,-1.0554,-1.1711,,-1.0486,-1.0613,-1.0793,-1.0184,-1.1856
61726,1969,-0.5181,,-0.5883,-0.5904,-0.3732,-0.5779,-0.4900,-0.5631,,-0.7046,-0.6294,-0.4222,-0.6370,-0.5057,-0.3137,,-0.2822,-0.6297,-0.1300,-0.6552,-0.2774,-0.5774,,-0.5822,-0.4865,-0.4527,-0.4078,-0.6120
62091,1970,-0.8223,,-0.7700,-0.8578,-0.7461,-0.8663,-0.8472,-0.8598,,-0.8791,-0.9138,-0.7442,-0.9213,-0.8662,-0.8746,,-0.7284,-1.0873,-0.8110,-1.1293,-0.8193,-0.7119,,-0.5880,-0.5845,-0.7031,-0.5707,-0.8304
62456,1971,-1.3037,,-1.2203,-1.3438,-1.2712,-1.3709,-1.2707,-1.3653,,-1.3219,-1.3439,-1.2153,-1.4003,-1.3413,-1.1687,,-1.0769,-1.4547,-1.3337,-1.4041,-1.0841,-1.2809,,-1.1257,-1.2639,-1.3351,-1.2899,-1.2677
62821,1972,-1.2209,,-1.2008,-1.2034,-1.1685,-1.2274,-1.1761,-1.3220,,-1.2768,-1.2329,-1.0703,-1.2928,-1.2668,-0.6358,,-0.5846,-0.9786,-0.7867,-0.8992,-0.6094,-1.4445,,-1.4955,-1.3072,-1.6331,-1.3360,-1.4069
63187,1973,-0.8555,,-0.8372,-1.0098,-0.7788,-1.0232,-0.8809,-1.0785,,-0.9864,-1.1824,-0.9463,-1.2330,-1.0306,-0.3777,,-0.2830,-0.6831,-0.4658,-0.6320,-0.3351,-0.7652,,-0.9452,-0.9092,-0.6784,-0.8968,-0.9820
63552,1974,-1.2502,,-1.2402,-1.2913,-1.2154,-1.3253,-1.2635,-1.4000,,-1.3619,-1.4847,-1.2820,-1.5330,-1.4137,-1.0433,,-0.9965,-1.1146,-1.1794,-1.1654,-0.9491,-1.1079,,-1.1785,-1.0423,-1.1120,-1.0369,-1.1974
63917,1975,-1.2936,,-1.1721,-1.3018,-1.2114,-1.3950,-1.2847,-1.3255,,-1.2851,-1.4233,-1.1926,-1.5005,-1.4278,-1.0466,,-0.8744,-1.1585,-1.1941,-1.3506,-0.9137,-1.4089,,-1.1664,-1.1685,-1.2601,-1.2222,-1.2731
64282,1976,-1.2660,,-1.2095,-1.2215,-1.2872,-1.2879,-1.2307,-1.5456,,-1.4561,-1.4880,-1.4098,-1.5639,-1.4952,-0.5679,,-0.5671,-0.6287,-0.7979,-0.7051,-0.5519,-1.2241,,-1.1915,-1.1295,-1.4004,-1.1702,-1.2043
64648,1977,-0.7216,,-0.8261,-0.8670,-0.8332,-0.8908,-0.8857,-0.7215,,-0.8304,-0.8499,-0.5730,-0.8820,-0.8000,-1.0063,,-0.9350,-1.0922,-1.2856,-1.0949,-1.0384,-0.5174,,-0.7396,-0.7387,-1.0137,-0.7615,-0.9425
65013,1978,-0.7311,,-0.8466,-0.8165,-0.7624,-0.8253,-0.8799,-0.8170,,-0.9468,-0.8941,-0.6692,-0.9261,-0.9131,-0.6520,,-0.7181,-0.7341,-0.8757,-0.7372,-0.7489,-0.6209,,-0.7443,-0.7249,-0.8620,-0.6927,-0.9093
65378,1979,-0.4074,-0.5727,-0.4468,-0.4668,-0.3632,-0.4432,-0.4674,-0.5391,-0.7251,-0.5975,-0.5797,-0.4658,-0.5423,-0.4974,-0.2683,-0.2587,-0.3344,-0.3373,-0.1081,-0.3673,-0.3668,-0.2516,-0.5022,-0.2350,-0.3404,-0.3469,-0.3052,-0.4812
65743,1980,-0.5883,-0.6827,-0.6806,-0.6800,-0.5599,-0.6907,-0.6921,-0.7562,-0.8379,-0.8846,-0.8450,-0.6582,-0.8649,-0.8122,-0.2529,-0.3465,-0.2397,-0.3479,-0.3324,-0.3584,-0.3324,-0.5029,-0.6226,-0.6010,-0.5979,-0.5323,-0.5908,-0.7168
66109,1981,-0.5877,-0.7150,-0.6132,-0.6838,-0.6002,-0.7020,-0.6895,-0.5534,-0.7270,-0.6438,-0.7416,-0.6153,-0.7981,-0.6798,-0.6570,-0.6614,-0.6154,-0.7026,-0.5107,-0.7231,-0.6748,-0.6047,-0.7300,-0.5522,-0.5582,-0.6353,-0.5005,-0.7189
66474,1982,-1.0733,-1.2955,-1.0059,-1.0278,-1.2158,-1.0351,-1.0176,-0.9728,-1.2157,-0.9129,-1.0414,-1.0637,-1.0775,-0.9545,-0.7795,-0.9976,-0.7335,-0.8184,-0.9470,-0.8583,-0.7273,-1.4792,-1.6643,-1.3818,-1.1518,-1.7041,-1.0796,-1.3484
66839,1983,-0.8738,-1.0037,-0.8518,-0.8402,-0.9448,-0.8331,-0.8612,-0.5966,-0.7120,-0.6774,-0.6809,-0.6284,-0.6834,-0.6249,-0.8311,-0.9454,-0.7549,-0.8587,-0.8013,-0.9356,-0.8723,-1.4429,-1.6120,-1.2598,-1.1361,-1.6619,-1.0502,-1.3122
67204,1984,-0.9454,-1.0536,-0.8757,-0.8577,-0.9067,-0.8777,-0.8706,-0.8975,-1.0780,-0.9516,-0.9478,-0.9014,-0.9611,-0.8538,-0.4627,-0.7497,-0.3846,-0.5181,-0.4138,-0.5842,-0.4662,-1.3848,-1.2242,-1.0806,-0.9267,-1.2707,-0.9266,-1.1934
67570,1985,-0.6882,-0.7787,-0.6065,-0.6725,-0.6919,-0.6977,-0.6206,-0.5648,-0.6668,-0.5754,-0.7117,-0.5064,-0.7511,-0.5534,-0.5240,-0.9063,-0.4958,-0.5468,-0.7600,-0.5965,-0.5061,-1.0456,-0.9043,-0.7463,-0.6865,-1.0033,-0.6664,-0.8333
67935,1986,-0.8540,-0.9440,-0.7672,-0.8476,-0.8463,-0.8908,-0.7841,-0.8850,-1.0025,-0.8208,-0.9699,-0.8956,-1.0162,-0.8065,-0.6915,-0.7383,-0.6128,-0.7097,-0.6079,-0.7999,-0.5752,-0.9106,-0.9780,-0.7739,-0.7092,-0.9217,-0.7123,-0.8903
68300,1987,-0.2344,-0.2586,-0.2764,-0.2646,-0.1928,-0.2460,-0.2398,-0.1187,-0.1302,-0.1929,-0.2645,-0.0674,-0.2248,-0.1484,-0.2562,-0.3089,-0.1687,-0.3156,-0.1985,-0.4413,-0.1854,-0.4433,-0.4716,-0.5158,-0.2281,-0.4321,-0.1471,-0.4562
68665,1988,-0.4445,-0.4331,-0.4301,-0.4365,-0.3549,-0.4543,-0.4176,-0.3606,-0.3337,-0.3702,-0.4569,-0.2665,-0.4760,-0.3338,-0.4826,-0.3416,-0.3541,-0.4521,-0.1507,-0.5272,-0.3882,-0.5800,-0.6918,-0.6010,-0.3856,-0.6730,-0.3601,-0.6013
69031,1989,-0.7480,-0.7482,-0.7061,-0.7438,-0.6937,-0.7668,-0.7538,-0.4531,-0.4940,-0.4399,-0.6234,-0.4595,-0.6465,-0.5275,-1.0834,-0.9646,-1.0388,-1.0008,-0.7841,-1.0478,-0.9859,-1.0796,-1.0865,-0.9841,-0.7932,-1.0837,-0.7987,-1.0265
69396,1990,-0.2938,-0.2643,-0.3387,-0.4151,-0.2147,-0.3998,-0.3410,-0.2140,-0.2555,-0.2200,-0.3977,-0.2292,-0.3681,-0.2341,-0.2741,0.0509,-0.3276,-0.3876,0.2340,-0.4304,-0.2691,-0.4628,-0.5073,-0.5770,-0.4684,-0.5085,-0.4393,-0.6003
69761,1991,-0.7103,-0.7129,-0.7617,-0.7120,-0.7068,-0.7365,-0.7109,-0.7999,-0.9014,-0.8700,-0.8317,-0.9049,-0.8416,-0.8237,-0.4190,-0.2041,-0.4365,-0.5362,-0.0353,-0.5910,-0.3415,-0.7454,-0.7118,-0.7846,-0.6057,-0.8039,-0.6368,-0.7570
70126,1992,-1.2163,-1.3481,-1.2068,-1.2287,-1.3468,-1.2494,-1.1744,-1.0597,-1.2593,-1.0241,-1.1216,-1.2381,-1.1710,-0.9838,-0.9695,-0.9211,-0.9399,-1.1817,-0.7727,-1.2685,-1.0563,-1.6974,-1.8270,-1.7531,-1.4703,-1.9699,-1.3878,-1.6291
70492,1993,-0.6161,-0.6715,-0.6601,-0.6118,-0.6772,-0.5852,-0.6205,-0.5764,-0.6836,-0.6183,-0.5741,-0.6771,-0.5536,-0.5415,-0.3978,-0.3325,-0.4839,-0.5817,-0.1765,-0.5678,-0.5051,-0.8499,-0.8914,-0.8678,-0.7067,-1.0365,-0.6592,-0.8565
70857,1994,-0.3972,-0.5260,-0.3952,-0.5455,-0.4351,-0.5132,-0.5334,-0.3950,-0.4893,-0.3297,-0.5640,-0.3988,-0.5528,-0.5658,-0.5551,-0.7662,-0.5747,-0.7685,-0.4968,-0.7750,-0.5378,-0.2882,-0.4250,-0.3937,-0.3496,-0.4614,-0.2485,-0.4673
71222,1995,-0.3847,-0.4688,-0.3622,-0.4064,-0.3308,-0.4007,-0.3482,-0.2634,-0.3872,-0.2590,-0.3132,-0.2888,-0.3065,-0.2385,-0.3812,-0.4608,-0.2856,-0.5627,0.0415,-0.5746,-0.3064,-0.6228,-0.6331,-0.6174,-0.4750,-0.6795,-0.4590,-0.5914
71587,1996,-0.2239,-0.3367,-0.3033,-0.2616,-0.2313,-0.2198,-0.2180,-0.1832,-0.3111,-0.2948,-0.2749,-0.2055,-0.2527,-0.1437,-0.1985,-0.5506,-0.2800,-0.2248,-0.2323,-0.1804,-0.2640,-0.3210,-0.2330,-0.3367,-0.2624,-0.2807,-0.1842,-0.3294
71953,1997,-0.4399,-0.5237,-0.4261,-0.3550,-0.3994,-0.3273,-0.4005,-0.2739,-0.3620,-0.2009,-0.2496,-0.2216,-0.2631,-0.2474,-0.3933,-0.6469,-0.4179,-0.1350,-0.3640,-0.0667,-0.3281,-0.7956,-0.7492,-0.8690,-0.7174,-0.7701,-0.6388,-0.7497
72318,1998,0.0649,0.0467,0.0207,0.0358,0.1349,0.0215,0.0881,0.0056,-0.0808,-0.0502,-0.0340,0.0580,-0.0604,0.0252,-0.0744,-0.0095,-0.1102,-0.0892,0.0703,-0.1003,0.0215,0.2800,0.3347,0.2523,0.2611,0.3305,0.2678,0.2580
72683,1999,0.0695,0.0330,0.0843,-0.0188,0.1466,0.0453,0.0357,0.0300,-0.0647,0.0667,-0.0439,0.0932,-0.0233,-0.0275,-0.0678,-0.0195,-0.1503,-0.1724,0.0552,-0.0498,-0.0582,0.2446,0.2602,0.2868,0.1402,0.3159,0.2465,0.2257
73048,2000,-0.2825,-0.3679,-0.2733,-0.3024,-0.2862,-0.2760,-0.2917,-0.3206,-0.4449,-0.2721,-0.3490,-0.3133,-0.3337,-0.3039,-0.4432,-0.4579,-0.3868,-0.3632,-0.4757,-0.3027,-0.4192,-0.0931,-0.1539,-0.1941,-0.1683,-0.0976,-0.1450,-0.1766
73414,2001,0.1195,0.1405,0.1314,0.0863,0.2407,0.1394,0.0918,0.2729,0.2910,0.2644,0.2095,0.3841,0.2861,0.2432,-0.2136,-0.1313,-0.2318,-0.3039,0.0021,-0.2612,-0.2856,0.0608,0.0432,0.1337,0.1270,0.1336,0.1419,0.0688
73779,2002,0.0358,-0.0048,0.0491,0.0369,0.0778,0.0327,0.0770,0.0918,0.0477,0.0753,0.0584,0.0925,0.0611,0.1283,0.0510,0.0408,0.0882,-0.0321,0.2046,-0.0724,0.0514,-0.0837,-0.1393,-0.0299,0.0445,-0.0417,0.0529,-0.0042
74144,2003,0.0836,0.0523,0.0971,0.0965,0.1118,0.0893,0.0855,0.0609,0.0254,0.1212,0.1072,0.0681,0.1212,0.0893,0.1022,0.1121,0.1068,0.0073,0.1970,-0.0425,0.0595,0.1144,0.0616,0.0433,0.1399,0.1357,0.1221,0.0968
74509,2004,-0.0737,-0.1206,-0.0736,-0.0125,-0.0821,-0.0408,-0.0788,-0.0986,-0.1875,-0.0834,0.0230,-0.1154,0.0042,-0.0677,0.0337,0.0242,0.0475,-0.0125,0.0393,-0.0567,-0.0140,-0.1024,-0.0945,-0.1414,-0.0815,-0.1047,-0.1169,-0.1470
74875,2005,0.0131,0.0827,-0.0046,0.0300,0.0500,0.0093,0.0517,-0.0055,0.1114,-0.0631,0.0537,0.0708,0.0552,0.0516,0.2783,0.1825,0.2623,0.2328,0.1692,0.1056,0.2505,-0.1411,-0.0447,-0.0824,-0.1614,-0.0758,-0.1488,-0.0906
75240,2006,-0.0107,0.0180,0.0070,-0.0340,-0.0333,-0.0311,0.0436,0.0136,0.0158,0.0510,-0.0050,-0.0373,0.0071,0.0694,-0.0345,0.0069,-0.0304,-0.0387,-0.0656,-0.0912,0.0199,-0.0406,0.0303,-0.0515,-0.0867,-0.0024,-0.0620,0.0106
75605,2007,-0.0595,0.0241,-0.0481,0.0043,-0.0259,-0.0243,-0.0390,-0.0987,0.0010,-0.0456,0.0182,-0.0263,0.0262,-0.0686,-0.1260,-0.0410,-0.1763,-0.0415,-0.1768,-0.1237,-0.0907,0.0645,0.1158,0.0388,0.0102,0.0831,-0.0512,0.0555
75970,2008,-0.0664,-0.0179,-0.0345,-0.0177,-0.0350,-0.0335,-0.0494,-0.0356,0.0412,0.0077,0.0702,0.0119,0.0673,-0.0020,-0.0021,0.0494,-0.0275,0.0337,-0.0873,-0.0540,-0.0316,-0.1724,-0.1810,-0.1213,-0.2252,-0.0888,-0.2145,-0.1542
76336,2009,0.1747,0.2432,0.1836,0.2153,0.2331,0.1842,0.1676,0.0648,0.1497,0.0691,0.1619,0.1004,0.1283,0.0561,0.4684,0.5168,0.5089,0.5156,0.4965,0.4700,0.4654,0.1772,0.2283,0.1723,0.1036,0.3016,0.0878,0.1705
76701,2010,1.0150,1.1554,0.8534,1.0596,1.1209,1.0699,0.9468,1.1452,1.3384,0.8361,1.1494,1.2506,1.1532,1.0441,0.7743,0.8759,0.7082,0.9504,0.8077,0.9264,0.7188,0.9352,1.0009,0.9911,0.9637,1.0938,1.0110,0.9216
77066,2011,-0.0729,-0.1303,-0.0581,-0.0401,-0.0585,-0.0119,-0.0563,-0.0689,-0.1002,-0.0302,0.0049,-0.0636,0.0085,-0.0291,0.0419,-0.1557,0.0395,0.0655,-0.0644,0.1489,0.0473,-0.1630,-0.1704,-0.1822,-0.2033,-0.0442,-0.1670,-0.1836
77431,2012,0.0897,0.1052,0.1274,0.1405,0.1121,0.0864,0.1072,-0.0071,0.0229,0.0527,0.0767,-0.0228,-0.0099,0.0176,0.1178,0.0756,0.1127,0.2545,0.0892,0.3577,0.1310,0.2574,0.2863,0.2829,0.1826,0.3905,0.0786,0.2640
77797,2013,0.1130,0.1439,0.1137,0.1413,0.1428,0.1838,0.1029,0.1615,0.2225,0.0710,0.2028,0.1577,0.2084,0.0811,0.2515,0.2974,0.2953,0.3098,0.3579,0.4695,0.2404,-0.0806,-0.1188,0.0661,-0.0989,-0.0403,-0.0688,0.0468
78162,2014,0.3576,0.3655,0.3113,0.2891,0.3718,0.3342,0.2892,0.4044,0.4472,0.3487,0.2951,0.4282,0.4127,0.3380,0.2749,0.2779,0.2139,0.2299,0.2482,0.3040,0.1488,0.3260,0.2698,0.3085,0.3199,0.3510,0.2034,0.2951
78527,2015,0.3065,0.3316,0.3283,0.3701,0.2487,0.3068,0.2568,0.1048,0.1545,0.1417,0.2422,0.0438,0.1736,0.0724,0.4037,0.3908,0.4636,0.5262,0.1359,0.5973,0.3574,0.6285,0.6331,0.5936,0.5064,0.7274,0.3571,0.5427
78892,2016,0.6190,0.6735,0.6022,0.6631,0.6247,0.6895,0.6042,0.6699,0.8062,0.6140,0.7461,0.7469,0.7849,0.6279,0.5913,0.5363,0.6142,0.6913,0.3944,0.6973,0.5528,0.5402,0.5143,0.5707,0.4816,0.5527,0.4986,0.5950
79258,2017,0.3672,0.3926,0.4181,0.3651,0.2621,0.3555,0.3511,0.2118,0.2020,0.2797,0.1966,0.1499,0.1501,0.1793,0.4054,0.4874,0.4781,0.4053,0.0839,0.4712,0.4186,0.6417,0.6946,0.6437,0.6632,0.6077,0.6714,0.6363
79623,2018,0.4409,0.5370,0.4888,0.3952,0.3694,0.3837,0.4639,0.3446,0.5008,0.3524,0.2700,0.3144,0.2903,0.3564,0.2282,0.3140,0.2411,0.3803,0.0323,0.3110,0.2656,0.7804,0.7674,0.9314,0.6487,0.7180,0.6172,0.8147
79988,2019,0.2634,0.3478,0.3189,0.2537,0.1285,0.1771,0.2847,0.0942,0.2101,0.2076,0.0455,0.0379,-0.0062,0.1390,0.2563,0.3463,0.2682,0.3650,-0.0638,0.2927,0.3149,0.5970,0.6161,0.5713,0.5782,0.4424,0.4501,0.5458
80353,2020,0.4206,0.5361,0.4723,0.3637,0.2725,0.3413,0.4734,0.5107,0.6843,0.5822,0.4298,0.5050,0.4363,0.5243,-0.0027,0.1627,0.0832,0.0764,-0.4141,0.0272,0.1748,0.5494,0.5164,0.5384,0.4416,0.3136,0.3822,0.5888
80719,2021,0.7972,0.9296,0.8375,0.7113,0.6738,0.6663,0.8249,0.8566,1.0507,0.8644,0.7444,0.8317,0.7146,0.8812,0.3476,0.5046,0.4676,0.3182,0.0011,0.3248,0.4563,1.0044,0.9994,1.0507,0.9289,0.8498,0.8176,0.9801
81084,2022,0.4154,0.5234,0.5358,0.4054,0.3115,0.3679,0.4398,0.4229,0.6074,0.6177,0.4061,0.3875,0.4224,0.4332,-0.0565,0.0689,0.0768,0.1075,-0.3021,0.0787,0.1253,0.7394,0.6864,0.7060,0.6179,0.6044,0.4697,0.6784
81449,2023,0.5418,0.7388,0.7015,0.5707,0.4401,0.3142,0.7026,0.6461,0.7849,0.8160,0.5970,0.4948,0.3204,0.7429,0.3021,0.7741,0.4670,0.3962,0.1033,0.0012,0.6564,0.5114,0.6241,0.6477,0.6448,0.5754,0.5268,0.6576
end data
