Conventions,G,BADC-CSV,1
title,G,Regional mean temperature for League of Arab States
last_revised_date,G,2023-10-31
date_valid,G,2023-10-31
feature_type,G,area average
creator,G,WMO
source,G,Produced by climind version 1.0
observation_station,G,derived data
location,G,90.,-180.,-90.,180.
activity,G,WMO
history,G,""Data set created from file ['HadCRUT.5.0.1.0.analysis.anomalies.ensemble_mean.nc'] downloaded from ['https://www.metoffice.gov.uk/hadobs/hadcrut5/data/current/analysis/HadCRUT.5.0.1.0.analysis.anomalies.ensemble_mean.nc'] at ['2023-10-13 17:19:31']""
history,G,""Regridded to 1 degree latitude-longitude resolution""
history,G,""Rebaselined to 1991-2020""
history,G,""Calculated area-average""
history,G,""Calculated annual average from monthly averages using arithmetic mean""
history,G,""Selected years within the range 1900 to 2023.""
history,G,""Wrote to file arab_subregion_1_HadCRUT5.csv""
history,G,"Data set created from file ['arab_subregion_1_HadCRUT5.csv'] downloaded from [''] at ['2023-10-27 10:56:25']"
reference,G,"Morice, C. P., Kennedy, J. J., Rayner, N. A., Winn, J. P., Hogan, E., Killick, R. E., et al. (2021). An updated assessment of near-surface temperature change from 1850: the HadCRUT5 data set. Journal of Geophysical Research: Atmospheres, 126, e2019JD032361. https://doi.org/10.1029/2019JD032361"
rights,G,TBD
comments,G,Data produced by climind version 1.0
comments,G,Format description https://help.ceda.ac.uk/article/105-badc-csv
comments,G,"Original data acknowledgement: HadCRUT.5.0.1.0 data were obtained from http://www.metoffice.gov.uk/hadobs/hadcrut5 on 2023-10-13 17:19:31 and are © British Crown Copyright, Met Office 2023, provided under an Open Government License, http://www.nationalarchives.gov.uk/doc/open-government-licence/version/3/"
long_name,time,time,days since 1800-01-01 00:00:00.0
type,time,int
long_name,year,year,1
type,year,int
long_name,data,arab_subregion_1,degC
type,data,float
coordinate_variable,time,t
data
time,year,data
36524,1900,-1.0798
36889,1901,-0.8464
37254,1902,-0.9722
37619,1903,-1.5662
37984,1904,-1.5433
38350,1905,-1.3994
38715,1906,-1.1655
39080,1907,-1.5160
39445,1908,-1.2826
39811,1909,-0.9684
40176,1910,-1.4492
40541,1911,-1.5574
40906,1912,-1.1841
41272,1913,-1.2863
41637,1914,-1.1011
42002,1915,-0.9473
42367,1916,-1.2010
42733,1917,-1.4071
43098,1918,-1.3839
43463,1919,-0.9101
43828,1920,-1.3161
44194,1921,-1.1555
44559,1922,-1.1042
44924,1923,-1.3608
45289,1924,-0.8473
45655,1925,-1.2663
46020,1926,-0.9054
46385,1927,-0.8921
46750,1928,-0.8082
47116,1929,-1.1050
47481,1930,-1.0029
47846,1931,-0.7001
48211,1932,-1.1225
48577,1933,-1.1026
48942,1934,-1.1768
49307,1935,-0.8157
49672,1936,-0.7213
50038,1937,-0.6262
50403,1938,-1.0316
50768,1939,-0.8118
51133,1940,-0.7656
51499,1941,-0.6854
51864,1942,-0.7787
52229,1943,-1.2115
52594,1944,-1.0186
52960,1945,-1.1205
53325,1946,-0.8942
53690,1947,-0.6151
54055,1948,-1.2432
54421,1949,-1.3096
54786,1950,-1.3266
55151,1951,-0.9226
55516,1952,-0.8314
55882,1953,-1.1406
56247,1954,-1.1814
56612,1955,-0.6583
56977,1956,-1.3184
57343,1957,-1.3059
57708,1958,-0.7610
58073,1959,-1.3233
58438,1960,-0.7085
58804,1961,-1.1629
59169,1962,-0.7777
59534,1963,-0.7525
59899,1964,-1.2676
60265,1965,-1.1575
60630,1966,-0.7342
60995,1967,-1.4294
61360,1968,-1.1246
61726,1969,-0.5907
62091,1970,-0.8612
62456,1971,-1.3513
62821,1972,-1.2125
63187,1973,-1.0153
63552,1974,-1.2961
63917,1975,-1.3007
64282,1976,-1.2250
64648,1977,-0.8713
65013,1978,-0.8227
65378,1979,-0.4665
65743,1980,-0.6845
66109,1981,-0.6853
66474,1982,-1.0364
66839,1983,-0.8469
67204,1984,-0.8582
67570,1985,-0.6736
67935,1986,-0.8524
68300,1987,-0.2651
68665,1988,-0.4418
69031,1989,-0.7479
69396,1990,-0.4192
69761,1991,-0.7180
70126,1992,-1.2393
70492,1993,-0.6136
70857,1994,-0.5456
71222,1995,-0.4075
71587,1996,-0.2590
71953,1997,-0.3551
72318,1998,0.0348
72683,1999,-0.0127
73048,2000,-0.3025
73414,2001,0.0898
73779,2002,0.0358
74144,2003,0.0956
74509,2004,-0.0096
74875,2005,0.0301
75240,2006,-0.0328
75605,2007,0.0043
75970,2008,-0.0129
76336,2009,0.2155
76701,2010,1.0695
77066,2011,-0.0428
77431,2012,0.1417
77797,2013,0.1439
78162,2014,0.2904
78527,2015,0.3655
78892,2016,0.6659
79258,2017,0.3627
79623,2018,0.3962
79988,2019,0.2488
80353,2020,0.3610
80719,2021,0.7155
81084,2022,0.4051
81449,2023,0.5199
end data
