Conventions,G,BADC-CSV,1
title,G,Regional mean temperature for League of Arab States
last_revised_date,G,2024-01-25
date_valid,G,2024-01-25
feature_type,G,area average
creator,G,WMO
source,G,Produced by climind version 1.0
observation_station,G,derived data
location,G,90.,-180.,-90.,180.
activity,G,WMO
history,G,""Gridded dataset created from file ['era5_2m_tas_2024.nc'] downloaded from ['']""
history,G,""Regridded to 1 degree latitude-longitude resolution""
history,G,""Rebaselined to 1991-2020""
history,G,""Calculated area-average""
history,G,""Calculated annual average from monthly averages using arithmetic mean""
history,G,""Selected years within the range 1900 to 2023.""
history,G,""Wrote to file arab_subregion_1_ERA5.csv""
history,G,"Data set created from file ['arab_subregion_1_ERA5.csv'] downloaded from [''] at ['2024-01-17 11:06:43']"
reference,G,"Hersbach H, Bell B, Berrisford P et al. 2020. The ERA5 global reanalysis. Q. J. R. Meteorol. Soc. 146: 1999-2049. https://doi.org/10.1002/qj.3803"
rights,G,TBD
comments,G,Data produced by climind version 1.0
comments,G,Format description https://help.ceda.ac.uk/article/105-badc-csv
comments,G,"Original data acknowledgement: Contains using Copernicus Climate Change Service information [2024]. Neither the European Commission nor ECMWF is responsible for any use that may be made of the Copernicus information or data it contains."
long_name,time,time,days since 1800-01-01 00:00:00.0
type,time,int
long_name,year,year,1
type,year,int
long_name,data,arab_subregion_1,degC
type,data,float
coordinate_variable,time,t
data
time,year,data
65378,1979,-0.5727
65743,1980,-0.6827
66109,1981,-0.7150
66474,1982,-1.2955
66839,1983,-1.0037
67204,1984,-1.0536
67570,1985,-0.7787
67935,1986,-0.9440
68300,1987,-0.2586
68665,1988,-0.4331
69031,1989,-0.7482
69396,1990,-0.2643
69761,1991,-0.7129
70126,1992,-1.3481
70492,1993,-0.6715
70857,1994,-0.5260
71222,1995,-0.4688
71587,1996,-0.3367
71953,1997,-0.5237
72318,1998,0.0467
72683,1999,0.0330
73048,2000,-0.3679
73414,2001,0.1405
73779,2002,-0.0048
74144,2003,0.0523
74509,2004,-0.1206
74875,2005,0.0827
75240,2006,0.0180
75605,2007,0.0241
75970,2008,-0.0179
76336,2009,0.2432
76701,2010,1.1554
77066,2011,-0.1303
77431,2012,0.1052
77797,2013,0.1439
78162,2014,0.3655
78527,2015,0.3316
78892,2016,0.6735
79258,2017,0.3926
79623,2018,0.5370
79988,2019,0.3478
80353,2020,0.5361
80719,2021,0.9296
81084,2022,0.5234
81449,2023,0.9731
end data
