Conventions,G,BADC-CSV,1
title,G,Regional mean temperature for Middle East Arab Countries
last_revised_date,G,2023-11-05
date_valid,G,2023-11-05
feature_type,G,area average
creator,G,WMO
source,G,Produced by climind version 1.0
observation_station,G,derived data
location,G,90.,-180.,-90.,180.
activity,G,WMO
history,G,""Gridded dataset created from file ['era5_2m_tas_2023.nc'] downloaded from ['']""
history,G,""Regridded to 1 degree latitude-longitude resolution""
history,G,""Rebaselined to 1991-2020""
history,G,""Calculated area-average""
history,G,""Calculated annual average from monthly averages using arithmetic mean""
history,G,""Selected years within the range 1900 to 2023.""
history,G,""Wrote to file arab_subregion_4_ERA5.csv""
history,G,"Data set created from file ['arab_subregion_4_ERA5.csv'] downloaded from [''] at ['2023-11-01 16:36:46']"
reference,G,"Hersbach H, Bell B, Berrisford P et al. 2020. The ERA5 global reanalysis. Q. J. R. Meteorol. Soc. 146: 1999-2049. https://doi.org/10.1002/qj.3803"
rights,G,TBD
comments,G,Data produced by climind version 1.0
comments,G,Format description https://help.ceda.ac.uk/article/105-badc-csv
comments,G,"Original data acknowledgement: Contains using Copernicus Climate Change Service information [2023]. Neither the European Commission nor ECMWF is responsible for any use that may be made of the Copernicus information or data it contains."
long_name,time,time,days since 1800-01-01 00:00:00.0
type,time,int
long_name,year,year,1
type,year,int
long_name,data,arab_subregion_4,degC
type,data,float
coordinate_variable,time,t
data
time,year,data
65378,1979,-0.5022
65743,1980,-0.6226
66109,1981,-0.7300
66474,1982,-1.6643
66839,1983,-1.6120
67204,1984,-1.2242
67570,1985,-0.9043
67935,1986,-0.9780
68300,1987,-0.4716
68665,1988,-0.6918
69031,1989,-1.0865
69396,1990,-0.5073
69761,1991,-0.7118
70126,1992,-1.8270
70492,1993,-0.8914
70857,1994,-0.4250
71222,1995,-0.6331
71587,1996,-0.2330
71953,1997,-0.7492
72318,1998,0.3347
72683,1999,0.2602
73048,2000,-0.1539
73414,2001,0.0432
73779,2002,-0.1393
74144,2003,0.0616
74509,2004,-0.0945
74875,2005,-0.0447
75240,2006,0.0303
75605,2007,0.1158
75970,2008,-0.1810
76336,2009,0.2283
76701,2010,1.0009
77066,2011,-0.1704
77431,2012,0.2863
77797,2013,-0.1188
78162,2014,0.2698
78527,2015,0.6331
78892,2016,0.5143
79258,2017,0.6946
79623,2018,0.7674
79988,2019,0.6161
80353,2020,0.5164
80719,2021,0.9994
81084,2022,0.6864
81449,2023,0.6241
end data
