Conventions,G,BADC-CSV,1
title,G,Regional mean temperature for League of Arab States
last_revised_date,G,2024-01-22
date_valid,G,2024-01-22
feature_type,G,area average
creator,G,WMO
source,G,Produced by climind version 1.0
observation_station,G,derived data
location,G,90.,-180.,-90.,180.
rights,G,TBD
activity,G,WMO
comments,G,Format description https://help.ceda.ac.uk/article/105-badc-csv
history,arab_subregion_1_Berkeley_Earth,""Data set created from file ['Land_and_Ocean_LatLong1.nc'] downloaded from ['https://berkeley-earth-temperature.s3.us-west-1.amazonaws.com/Global/Gridded/Land_and_Ocean_LatLong1.nc'] at ['2024-01-17 10:19:03']""
history,arab_subregion_1_Berkeley_Earth,""Rebaselined to 1991-2020""
history,arab_subregion_1_Berkeley_Earth,""Calculated area-average""
history,arab_subregion_1_Berkeley_Earth,""Calculated annual average from monthly averages using arithmetic mean""
history,arab_subregion_1_Berkeley_Earth,""Selected years within the range 1900 to 2023.""
history,arab_subregion_1_Berkeley_Earth,""Wrote to file arab_subregion_1_Berkeley Earth.csv""
history,arab_subregion_1_Berkeley_Earth,"Data set created from file ['arab_subregion_1_Berkeley Earth.csv'] downloaded from [''] at ['2024-01-17 11:06:19']"
reference,arab_subregion_1_Berkeley_Earth,"Rohde, R. A. and Hausfather, Z.: The Berkeley Earth Land/Ocean Temperature Record, Earth Syst. Sci. Data, 12, 3469-3479, https://doi.org/10.5194/essd-12-3469-2020, 2020"
comments,arab_subregion_1_Berkeley_Earth,"Original data acknowledgement: "
history,arab_subregion_1_ERA5,""Gridded dataset created from file ['era5_2m_tas_2024.nc'] downloaded from ['']""
history,arab_subregion_1_ERA5,""Regridded to 1 degree latitude-longitude resolution""
history,arab_subregion_1_ERA5,""Rebaselined to 1991-2020""
history,arab_subregion_1_ERA5,""Calculated area-average""
history,arab_subregion_1_ERA5,""Calculated annual average from monthly averages using arithmetic mean""
history,arab_subregion_1_ERA5,""Selected years within the range 1900 to 2023.""
history,arab_subregion_1_ERA5,""Wrote to file arab_subregion_1_ERA5.csv""
history,arab_subregion_1_ERA5,"Data set created from file ['arab_subregion_1_ERA5.csv'] downloaded from [''] at ['2024-01-17 11:06:43']"
reference,arab_subregion_1_ERA5,"Hersbach H, Bell B, Berrisford P et al. 2020. The ERA5 global reanalysis. Q. J. R. Meteorol. Soc. 146: 1999-2049. https://doi.org/10.1002/qj.3803"
comments,arab_subregion_1_ERA5,"Original data acknowledgement: Contains using Copernicus Climate Change Service information [2024]. Neither the European Commission nor ECMWF is responsible for any use that may be made of the Copernicus information or data it contains."
history,arab_subregion_1_GISTEMP,""Data set created from file ['gistemp1200_GHCNv4_ERSSTv5.nc.gz'] downloaded from ['https://data.giss.nasa.gov/pub/gistemp/gistemp1200_GHCNv4_ERSSTv5.nc.gz'] at ['2024-01-15 11:20:46']""
history,arab_subregion_1_GISTEMP,""Regridded to 1 degree latitude-longitude resolution""
history,arab_subregion_1_GISTEMP,""Rebaselined to 1991-2020""
history,arab_subregion_1_GISTEMP,""Calculated area-average""
history,arab_subregion_1_GISTEMP,""Calculated annual average from monthly averages using arithmetic mean""
history,arab_subregion_1_GISTEMP,""Selected years within the range 1900 to 2023.""
history,arab_subregion_1_GISTEMP,""Wrote to file arab_subregion_1_GISTEMP.csv""
history,arab_subregion_1_GISTEMP,"Data set created from file ['arab_subregion_1_GISTEMP.csv'] downloaded from [''] at ['2024-01-17 11:07:20']"
reference,arab_subregion_1_GISTEMP,"Lenssen, N., G. Schmidt, J. Hansen, M. Menne, A. Persin, R. Ruedy, and D. Zyss, 2019: Improvements in the GISTEMP uncertainty model. J. Geophys. Res. Atmos., 124, no. 12, 6307-6326, doi:10.1029/2018JD029522"
comments,arab_subregion_1_GISTEMP,"Original data acknowledgement: "
history,arab_subregion_1_HadCRUT5,""Data set created from file ['HadCRUT.5.0.2.0.analysis.anomalies.ensemble_mean.nc'] downloaded from ['https://www.metoffice.gov.uk/hadobs/hadcrut5/data/HadCRUT.5.0.2.0/analysis/HadCRUT.5.0.2.0.analysis.anomalies.ensemble_mean.nc'] at ['2024-01-15 11:56:27']""
history,arab_subregion_1_HadCRUT5,""Regridded to 1 degree latitude-longitude resolution""
history,arab_subregion_1_HadCRUT5,""Rebaselined to 1991-2020""
history,arab_subregion_1_HadCRUT5,""Calculated area-average""
history,arab_subregion_1_HadCRUT5,""Calculated annual average from monthly averages using arithmetic mean""
history,arab_subregion_1_HadCRUT5,""Selected years within the range 1900 to 2023.""
history,arab_subregion_1_HadCRUT5,""Wrote to file arab_subregion_1_HadCRUT5.csv""
history,arab_subregion_1_HadCRUT5,"Data set created from file ['arab_subregion_1_HadCRUT5.csv'] downloaded from [''] at ['2024-01-17 11:08:23']"
reference,arab_subregion_1_HadCRUT5,"Morice, C. P., Kennedy, J. J., Rayner, N. A., Winn, J. P., Hogan, E., Killick, R. E., et al. (2021). An updated assessment of near-surface temperature change from 1850: the HadCRUT5 data set. Journal of Geophysical Research: Atmospheres, 126, e2019JD032361. https://doi.org/10.1029/2019JD032361"
comments,arab_subregion_1_HadCRUT5,"Original data acknowledgement: HadCRUT.5.0.2.0 data were obtained from http://www.metoffice.gov.uk/hadobs/hadcrut5 on 2024-01-15 11:56:27 and are © British Crown Copyright, Met Office 2024, provided under an Open Government License, http://www.nationalarchives.gov.uk/doc/open-government-licence/version/3/"
history,arab_subregion_1_JRA-55,""Data set created from file ['anl_surf125.011_tmp.202401_202412', 'anl_surf125.2024MMMM'] downloaded from ['', ''] at ['2024-01-15 11:20:51']""
history,arab_subregion_1_JRA-55,""Regridded to 1 degree latitude-longitude resolution""
history,arab_subregion_1_JRA-55,""Rebaselined to 1991-2020""
history,arab_subregion_1_JRA-55,""Calculated area-average""
history,arab_subregion_1_JRA-55,""Calculated annual average from monthly averages using arithmetic mean""
history,arab_subregion_1_JRA-55,""Selected years within the range 1900 to 2023.""
history,arab_subregion_1_JRA-55,""Wrote to file arab_subregion_1_JRA-55.csv""
history,arab_subregion_1_JRA-55,"Data set created from file ['arab_subregion_1_JRA-55.csv'] downloaded from [''] at ['2024-01-17 11:08:54']"
reference,arab_subregion_1_JRA-55,"Kobayashi, S., Ota, Y., Harada, Y., Ebita, A., Moriya, M., Onoda, H., Onogi, K., Kamahori, H., Kobayashi, C., Endo, H. and Miyaoka, K., (2015). The JRA-55 reanalysis: General specifications and basic characteristics. Journal of the Meteorological Society of Japan. Ser. II, 93(1), pp.5-48."
comments,arab_subregion_1_JRA-55,"Original data acknowledgement: "
history,arab_subregion_1_Kadow,""Data set created from file ['HadCRUT5.anomalies.Kadow_et_al_2020_20crAI-infilled.ensemble_mean_185001-*.nc'] downloaded from [''] at ['2024-01-17 10:11:02']""
history,arab_subregion_1_Kadow,""Regridded to 1 degree latitude-longitude resolution""
history,arab_subregion_1_Kadow,""Rebaselined to 1991-2020""
history,arab_subregion_1_Kadow,""Calculated area-average""
history,arab_subregion_1_Kadow,""Calculated annual average from monthly averages using arithmetic mean""
history,arab_subregion_1_Kadow,""Selected years within the range 1900 to 2023.""
history,arab_subregion_1_Kadow,""Wrote to file arab_subregion_1_Kadow.csv""
history,arab_subregion_1_Kadow,"Data set created from file ['arab_subregion_1_Kadow.csv'] downloaded from [''] at ['2024-01-17 11:09:38']"
reference,arab_subregion_1_Kadow,"Kadow, C., Hall, D.M. & Ulbrich, U. Artificial intelligence reconstructs missing climate information. Nat. Geosci. (2020). https://doi.org/10.1038/s41561-020-0582-5"
comments,arab_subregion_1_Kadow,"Original data acknowledgement: "
history,arab_subregion_1_NOAA_Interim,""Data set created from file ['NOAAGlobalTemp_v*.nc'] downloaded from ['https://www.ncei.noaa.gov/data/noaa-global-surface-temperature/v5.1/access/gridded/NOAAGlobalTemp_v.*.nc'] at ['2024-01-17 10:19:08']""
history,arab_subregion_1_NOAA_Interim,""Data set created from file ['NOAAGlobalTemp_v*.nc'] downloaded from ['https://www.ncei.noaa.gov/data/noaa-global-surface-temperature/v5.1/access/gridded/NOAAGlobalTemp_v.*.nc'] at ['2024-01-17 10:19:08']""
history,arab_subregion_1_NOAA_Interim,""Regridded to 1 degree latitude-longitude resolution""
history,arab_subregion_1_NOAA_Interim,""Rebaselined to 1991-2020""
history,arab_subregion_1_NOAA_Interim,""Calculated area-average""
history,arab_subregion_1_NOAA_Interim,""Calculated annual average from monthly averages using arithmetic mean""
history,arab_subregion_1_NOAA_Interim,""Selected years within the range 1900 to 2023.""
history,arab_subregion_1_NOAA_Interim,""Wrote to file arab_subregion_1_NOAA Interim.csv""
history,arab_subregion_1_NOAA_Interim,"Data set created from file ['arab_subregion_1_NOAA Interim.csv'] downloaded from [''] at ['2024-01-17 11:10:42']"
reference,arab_subregion_1_NOAA_Interim,"Vose, R.S., B. Huang, X. Yin., D. Arndt, D.R. Easterling, J.H. Lawrimore, M.J. Menne, A. Sanchez-Lugo, H.-M. Zhang, 2021: Implementing full spatial coverage in NOAA’s global temperature analysis. Geophysical Research Letters, 48, e2020GL090873. https://doi.org/10.1029/2020GL090873"
comments,arab_subregion_1_NOAA_Interim,"Original data acknowledgement: "
history,arab_subregion_2_Berkeley_Earth,""Data set created from file ['Land_and_Ocean_LatLong1.nc'] downloaded from ['https://berkeley-earth-temperature.s3.us-west-1.amazonaws.com/Global/Gridded/Land_and_Ocean_LatLong1.nc'] at ['2024-01-17 10:19:03']""
history,arab_subregion_2_Berkeley_Earth,""Rebaselined to 1991-2020""
history,arab_subregion_2_Berkeley_Earth,""Calculated area-average""
history,arab_subregion_2_Berkeley_Earth,""Calculated annual average from monthly averages using arithmetic mean""
history,arab_subregion_2_Berkeley_Earth,""Selected years within the range 1900 to 2023.""
history,arab_subregion_2_Berkeley_Earth,""Wrote to file arab_subregion_2_Berkeley Earth.csv""
history,arab_subregion_2_Berkeley_Earth,"Data set created from file ['arab_subregion_2_Berkeley Earth.csv'] downloaded from [''] at ['2024-01-17 11:06:21']"
reference,arab_subregion_2_Berkeley_Earth,"Rohde, R. A. and Hausfather, Z.: The Berkeley Earth Land/Ocean Temperature Record, Earth Syst. Sci. Data, 12, 3469-3479, https://doi.org/10.5194/essd-12-3469-2020, 2020"
comments,arab_subregion_2_Berkeley_Earth,"Original data acknowledgement: "
history,arab_subregion_2_ERA5,""Gridded dataset created from file ['era5_2m_tas_2024.nc'] downloaded from ['']""
history,arab_subregion_2_ERA5,""Regridded to 1 degree latitude-longitude resolution""
history,arab_subregion_2_ERA5,""Rebaselined to 1991-2020""
history,arab_subregion_2_ERA5,""Calculated area-average""
history,arab_subregion_2_ERA5,""Calculated annual average from monthly averages using arithmetic mean""
history,arab_subregion_2_ERA5,""Selected years within the range 1900 to 2023.""
history,arab_subregion_2_ERA5,""Wrote to file arab_subregion_2_ERA5.csv""
history,arab_subregion_2_ERA5,"Data set created from file ['arab_subregion_2_ERA5.csv'] downloaded from [''] at ['2024-01-17 11:06:44']"
reference,arab_subregion_2_ERA5,"Hersbach H, Bell B, Berrisford P et al. 2020. The ERA5 global reanalysis. Q. J. R. Meteorol. Soc. 146: 1999-2049. https://doi.org/10.1002/qj.3803"
comments,arab_subregion_2_ERA5,"Original data acknowledgement: Contains using Copernicus Climate Change Service information [2024]. Neither the European Commission nor ECMWF is responsible for any use that may be made of the Copernicus information or data it contains."
history,arab_subregion_2_GISTEMP,""Data set created from file ['gistemp1200_GHCNv4_ERSSTv5.nc.gz'] downloaded from ['https://data.giss.nasa.gov/pub/gistemp/gistemp1200_GHCNv4_ERSSTv5.nc.gz'] at ['2024-01-15 11:20:46']""
history,arab_subregion_2_GISTEMP,""Regridded to 1 degree latitude-longitude resolution""
history,arab_subregion_2_GISTEMP,""Rebaselined to 1991-2020""
history,arab_subregion_2_GISTEMP,""Calculated area-average""
history,arab_subregion_2_GISTEMP,""Calculated annual average from monthly averages using arithmetic mean""
history,arab_subregion_2_GISTEMP,""Selected years within the range 1900 to 2023.""
history,arab_subregion_2_GISTEMP,""Wrote to file arab_subregion_2_GISTEMP.csv""
history,arab_subregion_2_GISTEMP,"Data set created from file ['arab_subregion_2_GISTEMP.csv'] downloaded from [''] at ['2024-01-17 11:07:22']"
reference,arab_subregion_2_GISTEMP,"Lenssen, N., G. Schmidt, J. Hansen, M. Menne, A. Persin, R. Ruedy, and D. Zyss, 2019: Improvements in the GISTEMP uncertainty model. J. Geophys. Res. Atmos., 124, no. 12, 6307-6326, doi:10.1029/2018JD029522"
comments,arab_subregion_2_GISTEMP,"Original data acknowledgement: "
history,arab_subregion_2_HadCRUT5,""Data set created from file ['HadCRUT.5.0.2.0.analysis.anomalies.ensemble_mean.nc'] downloaded from ['https://www.metoffice.gov.uk/hadobs/hadcrut5/data/HadCRUT.5.0.2.0/analysis/HadCRUT.5.0.2.0.analysis.anomalies.ensemble_mean.nc'] at ['2024-01-15 11:56:27']""
history,arab_subregion_2_HadCRUT5,""Regridded to 1 degree latitude-longitude resolution""
history,arab_subregion_2_HadCRUT5,""Rebaselined to 1991-2020""
history,arab_subregion_2_HadCRUT5,""Calculated area-average""
history,arab_subregion_2_HadCRUT5,""Calculated annual average from monthly averages using arithmetic mean""
history,arab_subregion_2_HadCRUT5,""Selected years within the range 1900 to 2023.""
history,arab_subregion_2_HadCRUT5,""Wrote to file arab_subregion_2_HadCRUT5.csv""
history,arab_subregion_2_HadCRUT5,"Data set created from file ['arab_subregion_2_HadCRUT5.csv'] downloaded from [''] at ['2024-01-17 11:08:25']"
reference,arab_subregion_2_HadCRUT5,"Morice, C. P., Kennedy, J. J., Rayner, N. A., Winn, J. P., Hogan, E., Killick, R. E., et al. (2021). An updated assessment of near-surface temperature change from 1850: the HadCRUT5 data set. Journal of Geophysical Research: Atmospheres, 126, e2019JD032361. https://doi.org/10.1029/2019JD032361"
comments,arab_subregion_2_HadCRUT5,"Original data acknowledgement: HadCRUT.5.0.2.0 data were obtained from http://www.metoffice.gov.uk/hadobs/hadcrut5 on 2024-01-15 11:56:27 and are © British Crown Copyright, Met Office 2024, provided under an Open Government License, http://www.nationalarchives.gov.uk/doc/open-government-licence/version/3/"
history,arab_subregion_2_JRA-55,""Data set created from file ['anl_surf125.011_tmp.202401_202412', 'anl_surf125.2024MMMM'] downloaded from ['', ''] at ['2024-01-15 11:20:51']""
history,arab_subregion_2_JRA-55,""Regridded to 1 degree latitude-longitude resolution""
history,arab_subregion_2_JRA-55,""Rebaselined to 1991-2020""
history,arab_subregion_2_JRA-55,""Calculated area-average""
history,arab_subregion_2_JRA-55,""Calculated annual average from monthly averages using arithmetic mean""
history,arab_subregion_2_JRA-55,""Selected years within the range 1900 to 2023.""
history,arab_subregion_2_JRA-55,""Wrote to file arab_subregion_2_JRA-55.csv""
history,arab_subregion_2_JRA-55,"Data set created from file ['arab_subregion_2_JRA-55.csv'] downloaded from [''] at ['2024-01-17 11:08:54']"
reference,arab_subregion_2_JRA-55,"Kobayashi, S., Ota, Y., Harada, Y., Ebita, A., Moriya, M., Onoda, H., Onogi, K., Kamahori, H., Kobayashi, C., Endo, H. and Miyaoka, K., (2015). The JRA-55 reanalysis: General specifications and basic characteristics. Journal of the Meteorological Society of Japan. Ser. II, 93(1), pp.5-48."
comments,arab_subregion_2_JRA-55,"Original data acknowledgement: "
history,arab_subregion_2_Kadow,""Data set created from file ['HadCRUT5.anomalies.Kadow_et_al_2020_20crAI-infilled.ensemble_mean_185001-*.nc'] downloaded from [''] at ['2024-01-17 10:11:02']""
history,arab_subregion_2_Kadow,""Regridded to 1 degree latitude-longitude resolution""
history,arab_subregion_2_Kadow,""Rebaselined to 1991-2020""
history,arab_subregion_2_Kadow,""Calculated area-average""
history,arab_subregion_2_Kadow,""Calculated annual average from monthly averages using arithmetic mean""
history,arab_subregion_2_Kadow,""Selected years within the range 1900 to 2023.""
history,arab_subregion_2_Kadow,""Wrote to file arab_subregion_2_Kadow.csv""
history,arab_subregion_2_Kadow,"Data set created from file ['arab_subregion_2_Kadow.csv'] downloaded from [''] at ['2024-01-17 11:09:40']"
reference,arab_subregion_2_Kadow,"Kadow, C., Hall, D.M. & Ulbrich, U. Artificial intelligence reconstructs missing climate information. Nat. Geosci. (2020). https://doi.org/10.1038/s41561-020-0582-5"
comments,arab_subregion_2_Kadow,"Original data acknowledgement: "
history,arab_subregion_2_NOAA_Interim,""Data set created from file ['NOAAGlobalTemp_v*.nc'] downloaded from ['https://www.ncei.noaa.gov/data/noaa-global-surface-temperature/v5.1/access/gridded/NOAAGlobalTemp_v.*.nc'] at ['2024-01-17 10:19:08']""
history,arab_subregion_2_NOAA_Interim,""Data set created from file ['NOAAGlobalTemp_v*.nc'] downloaded from ['https://www.ncei.noaa.gov/data/noaa-global-surface-temperature/v5.1/access/gridded/NOAAGlobalTemp_v.*.nc'] at ['2024-01-17 10:19:08']""
history,arab_subregion_2_NOAA_Interim,""Regridded to 1 degree latitude-longitude resolution""
history,arab_subregion_2_NOAA_Interim,""Rebaselined to 1991-2020""
history,arab_subregion_2_NOAA_Interim,""Calculated area-average""
history,arab_subregion_2_NOAA_Interim,""Calculated annual average from monthly averages using arithmetic mean""
history,arab_subregion_2_NOAA_Interim,""Selected years within the range 1900 to 2023.""
history,arab_subregion_2_NOAA_Interim,""Wrote to file arab_subregion_2_NOAA Interim.csv""
history,arab_subregion_2_NOAA_Interim,"Data set created from file ['arab_subregion_2_NOAA Interim.csv'] downloaded from [''] at ['2024-01-17 11:10:44']"
reference,arab_subregion_2_NOAA_Interim,"Vose, R.S., B. Huang, X. Yin., D. Arndt, D.R. Easterling, J.H. Lawrimore, M.J. Menne, A. Sanchez-Lugo, H.-M. Zhang, 2021: Implementing full spatial coverage in NOAA’s global temperature analysis. Geophysical Research Letters, 48, e2020GL090873. https://doi.org/10.1029/2020GL090873"
comments,arab_subregion_2_NOAA_Interim,"Original data acknowledgement: "
history,arab_subregion_3_Berkeley_Earth,""Data set created from file ['Land_and_Ocean_LatLong1.nc'] downloaded from ['https://berkeley-earth-temperature.s3.us-west-1.amazonaws.com/Global/Gridded/Land_and_Ocean_LatLong1.nc'] at ['2024-01-17 10:19:03']""
history,arab_subregion_3_Berkeley_Earth,""Rebaselined to 1991-2020""
history,arab_subregion_3_Berkeley_Earth,""Calculated area-average""
history,arab_subregion_3_Berkeley_Earth,""Calculated annual average from monthly averages using arithmetic mean""
history,arab_subregion_3_Berkeley_Earth,""Selected years within the range 1900 to 2023.""
history,arab_subregion_3_Berkeley_Earth,""Wrote to file arab_subregion_3_Berkeley Earth.csv""
history,arab_subregion_3_Berkeley_Earth,"Data set created from file ['arab_subregion_3_Berkeley Earth.csv'] downloaded from [''] at ['2024-01-17 11:06:24']"
reference,arab_subregion_3_Berkeley_Earth,"Rohde, R. A. and Hausfather, Z.: The Berkeley Earth Land/Ocean Temperature Record, Earth Syst. Sci. Data, 12, 3469-3479, https://doi.org/10.5194/essd-12-3469-2020, 2020"
comments,arab_subregion_3_Berkeley_Earth,"Original data acknowledgement: "
history,arab_subregion_3_ERA5,""Gridded dataset created from file ['era5_2m_tas_2024.nc'] downloaded from ['']""
history,arab_subregion_3_ERA5,""Regridded to 1 degree latitude-longitude resolution""
history,arab_subregion_3_ERA5,""Rebaselined to 1991-2020""
history,arab_subregion_3_ERA5,""Calculated area-average""
history,arab_subregion_3_ERA5,""Calculated annual average from monthly averages using arithmetic mean""
history,arab_subregion_3_ERA5,""Selected years within the range 1900 to 2023.""
history,arab_subregion_3_ERA5,""Wrote to file arab_subregion_3_ERA5.csv""
history,arab_subregion_3_ERA5,"Data set created from file ['arab_subregion_3_ERA5.csv'] downloaded from [''] at ['2024-01-17 11:06:44']"
reference,arab_subregion_3_ERA5,"Hersbach H, Bell B, Berrisford P et al. 2020. The ERA5 global reanalysis. Q. J. R. Meteorol. Soc. 146: 1999-2049. https://doi.org/10.1002/qj.3803"
comments,arab_subregion_3_ERA5,"Original data acknowledgement: Contains using Copernicus Climate Change Service information [2024]. Neither the European Commission nor ECMWF is responsible for any use that may be made of the Copernicus information or data it contains."
history,arab_subregion_3_GISTEMP,""Data set created from file ['gistemp1200_GHCNv4_ERSSTv5.nc.gz'] downloaded from ['https://data.giss.nasa.gov/pub/gistemp/gistemp1200_GHCNv4_ERSSTv5.nc.gz'] at ['2024-01-15 11:20:46']""
history,arab_subregion_3_GISTEMP,""Regridded to 1 degree latitude-longitude resolution""
history,arab_subregion_3_GISTEMP,""Rebaselined to 1991-2020""
history,arab_subregion_3_GISTEMP,""Calculated area-average""
history,arab_subregion_3_GISTEMP,""Calculated annual average from monthly averages using arithmetic mean""
history,arab_subregion_3_GISTEMP,""Selected years within the range 1900 to 2023.""
history,arab_subregion_3_GISTEMP,""Wrote to file arab_subregion_3_GISTEMP.csv""
history,arab_subregion_3_GISTEMP,"Data set created from file ['arab_subregion_3_GISTEMP.csv'] downloaded from [''] at ['2024-01-17 11:07:23']"
reference,arab_subregion_3_GISTEMP,"Lenssen, N., G. Schmidt, J. Hansen, M. Menne, A. Persin, R. Ruedy, and D. Zyss, 2019: Improvements in the GISTEMP uncertainty model. J. Geophys. Res. Atmos., 124, no. 12, 6307-6326, doi:10.1029/2018JD029522"
comments,arab_subregion_3_GISTEMP,"Original data acknowledgement: "
history,arab_subregion_3_HadCRUT5,""Data set created from file ['HadCRUT.5.0.2.0.analysis.anomalies.ensemble_mean.nc'] downloaded from ['https://www.metoffice.gov.uk/hadobs/hadcrut5/data/HadCRUT.5.0.2.0/analysis/HadCRUT.5.0.2.0.analysis.anomalies.ensemble_mean.nc'] at ['2024-01-15 11:56:27']""
history,arab_subregion_3_HadCRUT5,""Regridded to 1 degree latitude-longitude resolution""
history,arab_subregion_3_HadCRUT5,""Rebaselined to 1991-2020""
history,arab_subregion_3_HadCRUT5,""Calculated area-average""
history,arab_subregion_3_HadCRUT5,""Calculated annual average from monthly averages using arithmetic mean""
history,arab_subregion_3_HadCRUT5,""Selected years within the range 1900 to 2023.""
history,arab_subregion_3_HadCRUT5,""Wrote to file arab_subregion_3_HadCRUT5.csv""
history,arab_subregion_3_HadCRUT5,"Data set created from file ['arab_subregion_3_HadCRUT5.csv'] downloaded from [''] at ['2024-01-17 11:08:28']"
reference,arab_subregion_3_HadCRUT5,"Morice, C. P., Kennedy, J. J., Rayner, N. A., Winn, J. P., Hogan, E., Killick, R. E., et al. (2021). An updated assessment of near-surface temperature change from 1850: the HadCRUT5 data set. Journal of Geophysical Research: Atmospheres, 126, e2019JD032361. https://doi.org/10.1029/2019JD032361"
comments,arab_subregion_3_HadCRUT5,"Original data acknowledgement: HadCRUT.5.0.2.0 data were obtained from http://www.metoffice.gov.uk/hadobs/hadcrut5 on 2024-01-15 11:56:27 and are © British Crown Copyright, Met Office 2024, provided under an Open Government License, http://www.nationalarchives.gov.uk/doc/open-government-licence/version/3/"
history,arab_subregion_3_JRA-55,""Data set created from file ['anl_surf125.011_tmp.202401_202412', 'anl_surf125.2024MMMM'] downloaded from ['', ''] at ['2024-01-15 11:20:51']""
history,arab_subregion_3_JRA-55,""Regridded to 1 degree latitude-longitude resolution""
history,arab_subregion_3_JRA-55,""Rebaselined to 1991-2020""
history,arab_subregion_3_JRA-55,""Calculated area-average""
history,arab_subregion_3_JRA-55,""Calculated annual average from monthly averages using arithmetic mean""
history,arab_subregion_3_JRA-55,""Selected years within the range 1900 to 2023.""
history,arab_subregion_3_JRA-55,""Wrote to file arab_subregion_3_JRA-55.csv""
history,arab_subregion_3_JRA-55,"Data set created from file ['arab_subregion_3_JRA-55.csv'] downloaded from [''] at ['2024-01-17 11:08:55']"
reference,arab_subregion_3_JRA-55,"Kobayashi, S., Ota, Y., Harada, Y., Ebita, A., Moriya, M., Onoda, H., Onogi, K., Kamahori, H., Kobayashi, C., Endo, H. and Miyaoka, K., (2015). The JRA-55 reanalysis: General specifications and basic characteristics. Journal of the Meteorological Society of Japan. Ser. II, 93(1), pp.5-48."
comments,arab_subregion_3_JRA-55,"Original data acknowledgement: "
history,arab_subregion_3_Kadow,""Data set created from file ['HadCRUT5.anomalies.Kadow_et_al_2020_20crAI-infilled.ensemble_mean_185001-*.nc'] downloaded from [''] at ['2024-01-17 10:11:02']""
history,arab_subregion_3_Kadow,""Regridded to 1 degree latitude-longitude resolution""
history,arab_subregion_3_Kadow,""Rebaselined to 1991-2020""
history,arab_subregion_3_Kadow,""Calculated area-average""
history,arab_subregion_3_Kadow,""Calculated annual average from monthly averages using arithmetic mean""
history,arab_subregion_3_Kadow,""Selected years within the range 1900 to 2023.""
history,arab_subregion_3_Kadow,""Wrote to file arab_subregion_3_Kadow.csv""
history,arab_subregion_3_Kadow,"Data set created from file ['arab_subregion_3_Kadow.csv'] downloaded from [''] at ['2024-01-17 11:09:42']"
reference,arab_subregion_3_Kadow,"Kadow, C., Hall, D.M. & Ulbrich, U. Artificial intelligence reconstructs missing climate information. Nat. Geosci. (2020). https://doi.org/10.1038/s41561-020-0582-5"
comments,arab_subregion_3_Kadow,"Original data acknowledgement: "
history,arab_subregion_3_NOAA_Interim,""Data set created from file ['NOAAGlobalTemp_v*.nc'] downloaded from ['https://www.ncei.noaa.gov/data/noaa-global-surface-temperature/v5.1/access/gridded/NOAAGlobalTemp_v.*.nc'] at ['2024-01-17 10:19:08']""
history,arab_subregion_3_NOAA_Interim,""Data set created from file ['NOAAGlobalTemp_v*.nc'] downloaded from ['https://www.ncei.noaa.gov/data/noaa-global-surface-temperature/v5.1/access/gridded/NOAAGlobalTemp_v.*.nc'] at ['2024-01-17 10:19:08']""
history,arab_subregion_3_NOAA_Interim,""Regridded to 1 degree latitude-longitude resolution""
history,arab_subregion_3_NOAA_Interim,""Rebaselined to 1991-2020""
history,arab_subregion_3_NOAA_Interim,""Calculated area-average""
history,arab_subregion_3_NOAA_Interim,""Calculated annual average from monthly averages using arithmetic mean""
history,arab_subregion_3_NOAA_Interim,""Selected years within the range 1900 to 2023.""
history,arab_subregion_3_NOAA_Interim,""Wrote to file arab_subregion_3_NOAA Interim.csv""
history,arab_subregion_3_NOAA_Interim,"Data set created from file ['arab_subregion_3_NOAA Interim.csv'] downloaded from [''] at ['2024-01-17 11:10:46']"
reference,arab_subregion_3_NOAA_Interim,"Vose, R.S., B. Huang, X. Yin., D. Arndt, D.R. Easterling, J.H. Lawrimore, M.J. Menne, A. Sanchez-Lugo, H.-M. Zhang, 2021: Implementing full spatial coverage in NOAA’s global temperature analysis. Geophysical Research Letters, 48, e2020GL090873. https://doi.org/10.1029/2020GL090873"
comments,arab_subregion_3_NOAA_Interim,"Original data acknowledgement: "
history,arab_subregion_4_Berkeley_Earth,""Data set created from file ['Land_and_Ocean_LatLong1.nc'] downloaded from ['https://berkeley-earth-temperature.s3.us-west-1.amazonaws.com/Global/Gridded/Land_and_Ocean_LatLong1.nc'] at ['2024-01-17 10:19:03']""
history,arab_subregion_4_Berkeley_Earth,""Rebaselined to 1991-2020""
history,arab_subregion_4_Berkeley_Earth,""Calculated area-average""
history,arab_subregion_4_Berkeley_Earth,""Calculated annual average from monthly averages using arithmetic mean""
history,arab_subregion_4_Berkeley_Earth,""Selected years within the range 1900 to 2023.""
history,arab_subregion_4_Berkeley_Earth,""Wrote to file arab_subregion_4_Berkeley Earth.csv""
history,arab_subregion_4_Berkeley_Earth,"Data set created from file ['arab_subregion_4_Berkeley Earth.csv'] downloaded from [''] at ['2024-01-17 11:06:26']"
reference,arab_subregion_4_Berkeley_Earth,"Rohde, R. A. and Hausfather, Z.: The Berkeley Earth Land/Ocean Temperature Record, Earth Syst. Sci. Data, 12, 3469-3479, https://doi.org/10.5194/essd-12-3469-2020, 2020"
comments,arab_subregion_4_Berkeley_Earth,"Original data acknowledgement: "
history,arab_subregion_4_ERA5,""Gridded dataset created from file ['era5_2m_tas_2024.nc'] downloaded from ['']""
history,arab_subregion_4_ERA5,""Regridded to 1 degree latitude-longitude resolution""
history,arab_subregion_4_ERA5,""Rebaselined to 1991-2020""
history,arab_subregion_4_ERA5,""Calculated area-average""
history,arab_subregion_4_ERA5,""Calculated annual average from monthly averages using arithmetic mean""
history,arab_subregion_4_ERA5,""Selected years within the range 1900 to 2023.""
history,arab_subregion_4_ERA5,""Wrote to file arab_subregion_4_ERA5.csv""
history,arab_subregion_4_ERA5,"Data set created from file ['arab_subregion_4_ERA5.csv'] downloaded from [''] at ['2024-01-17 11:06:45']"
reference,arab_subregion_4_ERA5,"Hersbach H, Bell B, Berrisford P et al. 2020. The ERA5 global reanalysis. Q. J. R. Meteorol. Soc. 146: 1999-2049. https://doi.org/10.1002/qj.3803"
comments,arab_subregion_4_ERA5,"Original data acknowledgement: Contains using Copernicus Climate Change Service information [2024]. Neither the European Commission nor ECMWF is responsible for any use that may be made of the Copernicus information or data it contains."
history,arab_subregion_4_GISTEMP,""Data set created from file ['gistemp1200_GHCNv4_ERSSTv5.nc.gz'] downloaded from ['https://data.giss.nasa.gov/pub/gistemp/gistemp1200_GHCNv4_ERSSTv5.nc.gz'] at ['2024-01-15 11:20:46']""
history,arab_subregion_4_GISTEMP,""Regridded to 1 degree latitude-longitude resolution""
history,arab_subregion_4_GISTEMP,""Rebaselined to 1991-2020""
history,arab_subregion_4_GISTEMP,""Calculated area-average""
history,arab_subregion_4_GISTEMP,""Calculated annual average from monthly averages using arithmetic mean""
history,arab_subregion_4_GISTEMP,""Selected years within the range 1900 to 2023.""
history,arab_subregion_4_GISTEMP,""Wrote to file arab_subregion_4_GISTEMP.csv""
history,arab_subregion_4_GISTEMP,"Data set created from file ['arab_subregion_4_GISTEMP.csv'] downloaded from [''] at ['2024-01-17 11:07:24']"
reference,arab_subregion_4_GISTEMP,"Lenssen, N., G. Schmidt, J. Hansen, M. Menne, A. Persin, R. Ruedy, and D. Zyss, 2019: Improvements in the GISTEMP uncertainty model. J. Geophys. Res. Atmos., 124, no. 12, 6307-6326, doi:10.1029/2018JD029522"
comments,arab_subregion_4_GISTEMP,"Original data acknowledgement: "
history,arab_subregion_4_HadCRUT5,""Data set created from file ['HadCRUT.5.0.2.0.analysis.anomalies.ensemble_mean.nc'] downloaded from ['https://www.metoffice.gov.uk/hadobs/hadcrut5/data/HadCRUT.5.0.2.0/analysis/HadCRUT.5.0.2.0.analysis.anomalies.ensemble_mean.nc'] at ['2024-01-15 11:56:27']""
history,arab_subregion_4_HadCRUT5,""Regridded to 1 degree latitude-longitude resolution""
history,arab_subregion_4_HadCRUT5,""Rebaselined to 1991-2020""
history,arab_subregion_4_HadCRUT5,""Calculated area-average""
history,arab_subregion_4_HadCRUT5,""Calculated annual average from monthly averages using arithmetic mean""
history,arab_subregion_4_HadCRUT5,""Selected years within the range 1900 to 2023.""
history,arab_subregion_4_HadCRUT5,""Wrote to file arab_subregion_4_HadCRUT5.csv""
history,arab_subregion_4_HadCRUT5,"Data set created from file ['arab_subregion_4_HadCRUT5.csv'] downloaded from [''] at ['2024-01-17 11:08:30']"
reference,arab_subregion_4_HadCRUT5,"Morice, C. P., Kennedy, J. J., Rayner, N. A., Winn, J. P., Hogan, E., Killick, R. E., et al. (2021). An updated assessment of near-surface temperature change from 1850: the HadCRUT5 data set. Journal of Geophysical Research: Atmospheres, 126, e2019JD032361. https://doi.org/10.1029/2019JD032361"
comments,arab_subregion_4_HadCRUT5,"Original data acknowledgement: HadCRUT.5.0.2.0 data were obtained from http://www.metoffice.gov.uk/hadobs/hadcrut5 on 2024-01-15 11:56:27 and are © British Crown Copyright, Met Office 2024, provided under an Open Government License, http://www.nationalarchives.gov.uk/doc/open-government-licence/version/3/"
history,arab_subregion_4_JRA-55,""Data set created from file ['anl_surf125.011_tmp.202401_202412', 'anl_surf125.2024MMMM'] downloaded from ['', ''] at ['2024-01-15 11:20:51']""
history,arab_subregion_4_JRA-55,""Regridded to 1 degree latitude-longitude resolution""
history,arab_subregion_4_JRA-55,""Rebaselined to 1991-2020""
history,arab_subregion_4_JRA-55,""Calculated area-average""
history,arab_subregion_4_JRA-55,""Calculated annual average from monthly averages using arithmetic mean""
history,arab_subregion_4_JRA-55,""Selected years within the range 1900 to 2023.""
history,arab_subregion_4_JRA-55,""Wrote to file arab_subregion_4_JRA-55.csv""
history,arab_subregion_4_JRA-55,"Data set created from file ['arab_subregion_4_JRA-55.csv'] downloaded from [''] at ['2024-01-17 11:08:56']"
reference,arab_subregion_4_JRA-55,"Kobayashi, S., Ota, Y., Harada, Y., Ebita, A., Moriya, M., Onoda, H., Onogi, K., Kamahori, H., Kobayashi, C., Endo, H. and Miyaoka, K., (2015). The JRA-55 reanalysis: General specifications and basic characteristics. Journal of the Meteorological Society of Japan. Ser. II, 93(1), pp.5-48."
comments,arab_subregion_4_JRA-55,"Original data acknowledgement: "
history,arab_subregion_4_Kadow,""Data set created from file ['HadCRUT5.anomalies.Kadow_et_al_2020_20crAI-infilled.ensemble_mean_185001-*.nc'] downloaded from [''] at ['2024-01-17 10:11:02']""
history,arab_subregion_4_Kadow,""Regridded to 1 degree latitude-longitude resolution""
history,arab_subregion_4_Kadow,""Rebaselined to 1991-2020""
history,arab_subregion_4_Kadow,""Calculated area-average""
history,arab_subregion_4_Kadow,""Calculated annual average from monthly averages using arithmetic mean""
history,arab_subregion_4_Kadow,""Selected years within the range 1900 to 2023.""
history,arab_subregion_4_Kadow,""Wrote to file arab_subregion_4_Kadow.csv""
history,arab_subregion_4_Kadow,"Data set created from file ['arab_subregion_4_Kadow.csv'] downloaded from [''] at ['2024-01-17 11:09:43']"
reference,arab_subregion_4_Kadow,"Kadow, C., Hall, D.M. & Ulbrich, U. Artificial intelligence reconstructs missing climate information. Nat. Geosci. (2020). https://doi.org/10.1038/s41561-020-0582-5"
comments,arab_subregion_4_Kadow,"Original data acknowledgement: "
history,arab_subregion_4_NOAA_Interim,""Data set created from file ['NOAAGlobalTemp_v*.nc'] downloaded from ['https://www.ncei.noaa.gov/data/noaa-global-surface-temperature/v5.1/access/gridded/NOAAGlobalTemp_v.*.nc'] at ['2024-01-17 10:19:08']""
history,arab_subregion_4_NOAA_Interim,""Data set created from file ['NOAAGlobalTemp_v*.nc'] downloaded from ['https://www.ncei.noaa.gov/data/noaa-global-surface-temperature/v5.1/access/gridded/NOAAGlobalTemp_v.*.nc'] at ['2024-01-17 10:19:08']""
history,arab_subregion_4_NOAA_Interim,""Regridded to 1 degree latitude-longitude resolution""
history,arab_subregion_4_NOAA_Interim,""Rebaselined to 1991-2020""
history,arab_subregion_4_NOAA_Interim,""Calculated area-average""
history,arab_subregion_4_NOAA_Interim,""Calculated annual average from monthly averages using arithmetic mean""
history,arab_subregion_4_NOAA_Interim,""Selected years within the range 1900 to 2023.""
history,arab_subregion_4_NOAA_Interim,""Wrote to file arab_subregion_4_NOAA Interim.csv""
history,arab_subregion_4_NOAA_Interim,"Data set created from file ['arab_subregion_4_NOAA Interim.csv'] downloaded from [''] at ['2024-01-17 11:10:49']"
reference,arab_subregion_4_NOAA_Interim,"Vose, R.S., B. Huang, X. Yin., D. Arndt, D.R. Easterling, J.H. Lawrimore, M.J. Menne, A. Sanchez-Lugo, H.-M. Zhang, 2021: Implementing full spatial coverage in NOAA’s global temperature analysis. Geophysical Research Letters, 48, e2020GL090873. https://doi.org/10.1029/2020GL090873"
comments,arab_subregion_4_NOAA_Interim,"Original data acknowledgement: "
long_name,time,time,days since 1800-01-01 00:00:00.0
type,time,int
long_name,year,year,1
type,year,int
long_name,arab_subregion_1_Berkeley_Earth,arab_subregion_1,degC
type,arab_subregion_1_Berkeley_Earth,float
long_name,arab_subregion_1_ERA5,arab_subregion_1,degC
type,arab_subregion_1_ERA5,float
long_name,arab_subregion_1_GISTEMP,arab_subregion_1,degC
type,arab_subregion_1_GISTEMP,float
long_name,arab_subregion_1_HadCRUT5,arab_subregion_1,degC
type,arab_subregion_1_HadCRUT5,float
long_name,arab_subregion_1_JRA-55,arab_subregion_1,degC
type,arab_subregion_1_JRA-55,float
long_name,arab_subregion_1_Kadow,arab_subregion_1,degC
type,arab_subregion_1_Kadow,float
long_name,arab_subregion_1_NOAA_Interim,arab_subregion_1,degC
type,arab_subregion_1_NOAA_Interim,float
long_name,arab_subregion_2_Berkeley_Earth,arab_subregion_2,degC
type,arab_subregion_2_Berkeley_Earth,float
long_name,arab_subregion_2_ERA5,arab_subregion_2,degC
type,arab_subregion_2_ERA5,float
long_name,arab_subregion_2_GISTEMP,arab_subregion_2,degC
type,arab_subregion_2_GISTEMP,float
long_name,arab_subregion_2_HadCRUT5,arab_subregion_2,degC
type,arab_subregion_2_HadCRUT5,float
long_name,arab_subregion_2_JRA-55,arab_subregion_2,degC
type,arab_subregion_2_JRA-55,float
long_name,arab_subregion_2_Kadow,arab_subregion_2,degC
type,arab_subregion_2_Kadow,float
long_name,arab_subregion_2_NOAA_Interim,arab_subregion_2,degC
type,arab_subregion_2_NOAA_Interim,float
long_name,arab_subregion_3_Berkeley_Earth,arab_subregion_3,degC
type,arab_subregion_3_Berkeley_Earth,float
long_name,arab_subregion_3_ERA5,arab_subregion_3,degC
type,arab_subregion_3_ERA5,float
long_name,arab_subregion_3_GISTEMP,arab_subregion_3,degC
type,arab_subregion_3_GISTEMP,float
long_name,arab_subregion_3_HadCRUT5,arab_subregion_3,degC
type,arab_subregion_3_HadCRUT5,float
long_name,arab_subregion_3_JRA-55,arab_subregion_3,degC
type,arab_subregion_3_JRA-55,float
long_name,arab_subregion_3_Kadow,arab_subregion_3,degC
type,arab_subregion_3_Kadow,float
long_name,arab_subregion_3_NOAA_Interim,arab_subregion_3,degC
type,arab_subregion_3_NOAA_Interim,float
long_name,arab_subregion_4_Berkeley_Earth,arab_subregion_4,degC
type,arab_subregion_4_Berkeley_Earth,float
long_name,arab_subregion_4_ERA5,arab_subregion_4,degC
type,arab_subregion_4_ERA5,float
long_name,arab_subregion_4_GISTEMP,arab_subregion_4,degC
type,arab_subregion_4_GISTEMP,float
long_name,arab_subregion_4_HadCRUT5,arab_subregion_4,degC
type,arab_subregion_4_HadCRUT5,float
long_name,arab_subregion_4_JRA-55,arab_subregion_4,degC
type,arab_subregion_4_JRA-55,float
long_name,arab_subregion_4_Kadow,arab_subregion_4,degC
type,arab_subregion_4_Kadow,float
long_name,arab_subregion_4_NOAA_Interim,arab_subregion_4,degC
type,arab_subregion_4_NOAA_Interim,float
coordinate_variable,time,t
data
time,year,arab_subregion_1_Berkeley_Earth,arab_subregion_1_ERA5,arab_subregion_1_GISTEMP,arab_subregion_1_HadCRUT5,arab_subregion_1_JRA-55,arab_subregion_1_Kadow,arab_subregion_1_NOAA_Interim,arab_subregion_2_Berkeley_Earth,arab_subregion_2_ERA5,arab_subregion_2_GISTEMP,arab_subregion_2_HadCRUT5,arab_subregion_2_JRA-55,arab_subregion_2_Kadow,arab_subregion_2_NOAA_Interim,arab_subregion_3_Berkeley_Earth,arab_subregion_3_ERA5,arab_subregion_3_GISTEMP,arab_subregion_3_HadCRUT5,arab_subregion_3_JRA-55,arab_subregion_3_Kadow,arab_subregion_3_NOAA_Interim,arab_subregion_4_Berkeley_Earth,arab_subregion_4_ERA5,arab_subregion_4_GISTEMP,arab_subregion_4_HadCRUT5,arab_subregion_4_JRA-55,arab_subregion_4_Kadow,arab_subregion_4_NOAA_Interim
36524,1900,-1.0481,,-0.9636,-1.0792,,-1.3777,-1.1538,-1.1203,,-1.0801,-1.2132,,-1.7314,-1.2479,-0.9198,,-0.8130,-1.0581,,-0.9044,-0.8031,-0.9998,,-0.8381,-0.8295,,-1.0305,-1.2230
36889,1901,-0.8660,,-0.9491,-0.8504,,-1.0788,-0.8640,-1.0649,,-1.1821,-1.1675,,-1.4688,-1.0076,-0.6214,,-0.9835,-0.5922,,-0.5004,-0.4663,-0.6555,,-0.5154,-0.4199,,-0.7366,-0.8705
37254,1902,-0.9483,,-0.7379,-0.9711,,-1.1828,-0.9126,-0.9685,,-0.7938,-1.1516,,-1.4205,-0.7748,-1.0575,,-0.7168,-0.9823,,-0.9989,-1.0325,-0.8308,,-0.6475,-0.6128,,-0.8533,-1.0941
37619,1903,-1.5159,,-1.2906,-1.5599,,-1.7603,-1.3721,-1.4884,,-1.2918,-1.6561,,-1.9849,-1.2425,-1.4964,,-1.2142,-1.4459,,-1.5371,-1.1591,-1.5833,,-1.3337,-1.4550,,-1.4846,-1.7766
37984,1904,-1.4051,,-1.1891,-1.5397,,-1.7455,-1.5029,-1.4154,,-1.1615,-1.6356,,-2.0427,-1.4905,-1.5122,,-1.3643,-1.5832,,-1.4282,-1.3916,-1.3084,,-1.1083,-1.3222,,-1.3965,-1.6066
38350,1905,-1.4252,,-1.1718,-1.3933,,-1.4660,-1.3264,-1.4567,,-1.2851,-1.5017,,-1.7200,-1.2865,-1.1901,,-0.8889,-1.2404,,-1.0997,-1.0327,-1.5326,,-1.1634,-1.2926,,-1.2357,-1.6147
38715,1906,-1.3584,,-1.1913,-1.1625,,-1.2312,-1.3341,-1.4299,,-1.2994,-1.2005,,-1.3851,-1.4180,-1.3179,,-0.9554,-0.8741,,-0.8048,-0.8897,-1.2486,,-1.1512,-1.2956,,-1.2385,-1.4900
39080,1907,-1.7076,,-1.4349,-1.5109,,-1.6098,-1.7463,-1.8616,,-1.5710,-1.5880,,-1.8967,-1.9516,-1.3361,,-1.1072,-1.1556,,-1.0878,-1.1309,-1.6752,,-1.4054,-1.6162,,-1.4275,-1.7895
39445,1908,-1.3651,,-1.2887,-1.2789,,-1.4462,-1.2847,-1.3970,,-1.2359,-1.2536,,-1.5813,-1.2176,-1.2279,,-1.2914,-1.1449,,-1.2123,-1.0729,-1.4017,,-1.3889,-1.4241,,-1.3516,-1.5671
39811,1909,-1.0975,,-1.0995,-0.9683,,-1.0800,-1.2025,-1.2353,,-1.3017,-1.0929,,-1.2681,-1.3317,-1.0738,,-0.9161,-0.9251,,-0.8083,-0.8674,-0.8470,,-0.8385,-0.7574,,-0.9100,-1.1921
40176,1910,-1.4358,,-1.3453,-1.4417,,-1.5698,-1.4668,-1.4555,,-1.3822,-1.4468,,-1.7291,-1.4541,-1.2716,,-1.2416,-1.3551,,-1.5526,-1.3040,-1.5152,,-1.3481,-1.4940,,-1.2729,-1.6084
40541,1911,-1.5599,,-1.4130,-1.5513,,-1.6706,-1.5912,-1.4885,,-1.3034,-1.4969,,-1.8132,-1.5535,-1.3379,,-1.3039,-1.3029,,-1.3091,-1.2690,-1.8578,,-1.7027,-1.8350,,-1.6530,-1.8958
40906,1912,-1.3699,,-1.3500,-1.1879,,-1.3744,-1.4006,-1.3559,,-1.3332,-1.0857,,-1.4751,-1.3970,-1.4954,,-1.5262,-1.4313,,-1.5270,-1.3985,-1.3070,,-1.2564,-1.2115,,-1.0694,-1.4091
41272,1913,-1.3934,,-1.3307,-1.2873,,-1.5611,-1.3286,-1.2316,,-1.2239,-1.1188,,-1.6195,-1.0629,-1.5184,,-1.4595,-1.5167,,-1.6898,-1.4431,-1.6177,,-1.4457,-1.4498,,-1.3553,-1.7624
41637,1914,-1.0659,,-1.0374,-1.0989,,-1.3258,-1.3053,-1.0727,,-1.3056,-1.1537,,-1.5544,-1.4717,-0.6806,,-0.5166,-0.8187,,-0.8518,-0.6870,-1.3291,,-0.8904,-1.1934,,-1.2221,-1.4260
42002,1915,-0.8998,,-0.7823,-0.9454,,-1.1682,-1.0976,-1.1020,,-1.0573,-1.1728,,-1.4732,-1.2861,-0.6128,,-0.4798,-0.6976,,-0.5548,-0.6663,-0.7132,,-0.4692,-0.6819,,-1.0160,-1.0410
42367,1916,-1.1726,,-1.0349,-1.2027,,-1.3434,-1.2702,-1.1462,,-0.9749,-1.2633,,-1.4544,-1.2257,-1.1659,,-1.1963,-1.3746,,-1.3466,-1.2853,-1.2287,,-1.0356,-0.9617,,-1.1257,-1.3457
42733,1917,-1.4054,,-1.4266,-1.4041,,-1.5142,-1.5131,-1.5248,,-1.5294,-1.5910,,-1.6895,-1.5282,-1.3934,,-1.5135,-1.4420,,-1.6489,-1.3711,-1.1823,,-1.1649,-1.0140,,-1.0772,-1.5858
43098,1918,-1.4239,,-1.3311,-1.3818,,-1.5852,-1.6112,-1.4813,,-1.4462,-1.4800,,-1.7831,-1.7013,-1.1439,,-1.2528,-1.2630,,-1.3390,-1.3208,-1.5133,,-1.1668,-1.2763,,-1.3776,-1.6445
43463,1919,-1.0535,,-0.9208,-0.9113,,-1.0626,-1.0872,-1.3115,,-1.0422,-1.1481,,-1.3183,-1.1923,-0.5872,,-0.5619,-0.6204,,-0.5160,-0.7127,-0.8873,,-0.9425,-0.6604,,-0.9582,-1.1521
43828,1920,-1.3414,,-1.2620,-1.3137,,-1.4721,-1.3938,-1.2468,,-1.1754,-1.3453,,-1.6104,-1.3257,-1.5006,,-1.2894,-1.5792,,-1.7217,-1.4101,-1.4108,,-1.4104,-1.0618,,-1.0245,-1.5145
44194,1921,-1.3533,,-1.2910,-1.1553,,-1.4440,-1.3811,-1.3585,,-1.3303,-1.2245,,-1.7133,-1.5609,-1.1076,,-1.0274,-1.2546,,-1.4488,-1.1410,-1.5196,,-1.4044,-0.9499,,-0.9177,-1.2042
44559,1922,-1.1139,,-1.0962,-1.1030,,-1.2900,-1.2975,-1.1518,,-1.1889,-1.2225,,-1.4971,-1.3525,-1.2262,,-1.1863,-1.0566,,-1.2601,-1.1428,-0.9600,,-0.8520,-0.9042,,-0.9094,-1.3019
44924,1923,-1.2850,,-1.2685,-1.3572,,-1.5688,-1.4744,-1.3987,,-1.4618,-1.5754,,-1.8660,-1.6211,-1.2256,,-1.0919,-1.2231,,-1.2617,-1.1036,-1.1069,,-1.0200,-1.0297,,-1.2122,-1.4559
45289,1924,-0.8111,,-0.7885,-0.8420,,-0.9656,-0.8792,-0.8894,,-0.8925,-0.9763,,-1.0774,-0.8575,-0.7620,,-0.6009,-0.6299,,-0.7663,-0.6582,-0.6942,,-0.7212,-0.7334,,-0.8917,-1.0798
45655,1925,-1.1705,,-1.1891,-1.2591,,-1.4570,-1.3076,-1.2589,,-1.3883,-1.4691,,-1.7136,-1.3570,-0.9502,,-0.8243,-1.0287,,-1.0628,-0.9381,-1.1568,,-1.0643,-1.0167,,-1.2415,-1.4769
46020,1926,-0.8110,,-0.7954,-0.8993,,-1.0198,-0.9738,-0.7205,,-0.7746,-0.8891,,-1.1035,-0.9188,-0.8655,,-0.7005,-0.9468,,-1.0117,-0.7425,-0.9475,,-0.9039,-0.8850,,-0.8630,-1.2464
46385,1927,-0.8849,,-0.7853,-0.8882,,-0.9187,-0.8994,-0.8236,,-0.7671,-1.0067,,-0.8979,-0.8061,-0.8949,,-0.6305,-0.7003,,-0.8005,-0.7311,-0.9966,,-0.9321,-0.7928,,-1.0440,-1.2012
46750,1928,-0.8759,,-0.8014,-0.8010,,-0.9120,-0.9197,-0.9339,,-0.9002,-1.0799,,-1.1987,-1.0447,-0.6027,,-0.3734,-0.2325,,-0.4216,-0.4309,-0.9593,,-0.9168,-0.6674,,-0.7072,-1.0278
47116,1929,-1.2061,,-1.1402,-1.0975,,-1.2113,-1.1683,-1.4333,,-1.3340,-1.3177,,-1.5124,-1.3249,-1.0484,,-0.8639,-0.9483,,-0.9974,-0.8433,-0.8780,,-0.9622,-0.7771,,-0.7802,-1.0977
47481,1930,-0.9385,,-0.8476,-1.0010,,-1.0679,-0.9282,-0.8900,,-0.8571,-1.1876,,-1.2090,-0.9628,-1.1143,,-0.8811,-1.1074,,-1.1083,-0.8351,-0.9065,,-0.8052,-0.5624,,-0.7648,-0.9279
47846,1931,-0.7032,,-0.6646,-0.6948,,-0.7234,-0.5697,-0.6072,,-0.6678,-0.7379,,-0.7913,-0.4822,-0.6106,,-0.3818,-0.6357,,-0.5560,-0.3206,-0.9563,,-0.8613,-0.6537,,-0.7117,-0.9183
48211,1932,-1.0218,,-1.0804,-1.1145,,-1.2189,-1.0556,-0.8919,,-1.1073,-1.3147,,-1.4297,-1.1010,-0.9999,,-0.8840,-0.8961,,-0.9482,-0.7207,-1.2897,,-1.1692,-0.8823,,-1.0039,-1.2078
48577,1933,-1.1037,,-1.0960,-1.0920,,-1.1914,-1.0725,-1.1006,,-1.1378,-1.2373,,-1.4099,-1.1503,-0.6452,,-0.5452,-0.4586,,-0.6254,-0.4930,-1.4385,,-1.4102,-1.2645,,-1.1733,-1.3374
48942,1934,-1.1730,,-1.0511,-1.1706,,-1.1774,-1.1238,-1.2107,,-1.0983,-1.3345,,-1.3419,-1.1537,-0.9399,,-0.8566,-0.9762,,-1.0730,-0.7931,-1.2669,,-1.0992,-0.9920,,-0.9332,-1.3030
49307,1935,-1.0248,,-0.9054,-0.8131,,-0.9604,-0.9520,-1.1702,,-1.0534,-0.9512,,-1.2131,-1.1257,-0.9134,,-0.7736,-0.8816,,-0.8306,-0.6379,-0.8223,,-0.7126,-0.4957,,-0.5629,-0.8403
49672,1936,-0.9677,,-0.8349,-0.7185,,-0.7360,-0.8237,-1.0462,,-0.9211,-0.7494,,-0.8663,-0.7804,-0.6505,,-0.5814,-0.5680,,-0.3773,-0.6130,-1.0429,,-0.8493,-0.7664,,-0.7403,-1.0590
50038,1937,-0.7646,,-0.6537,-0.6263,,-0.6716,-0.7789,-0.5409,,-0.5319,-0.4887,,-0.7087,-0.6850,-0.9025,,-0.7578,-0.8400,,-0.7048,-0.8069,-1.0998,,-0.8154,-0.7400,,-0.5758,-0.9410
50403,1938,-1.2510,,-1.1375,-1.0314,,-1.1526,-1.2021,-1.3362,,-1.2903,-1.0483,,-1.3456,-1.3450,-0.9239,,-0.8000,-0.9540,,-0.8725,-0.7299,-1.3203,,-1.0832,-1.0541,,-0.9789,-1.2634
50768,1939,-0.9356,,-0.8932,-0.8073,,-0.9028,-0.9435,-0.9395,,-1.0031,-0.9030,,-1.1973,-1.0848,-0.5673,,-0.5538,-0.5726,,-0.2590,-0.3822,-1.1923,,-0.9235,-0.7899,,-0.7930,-1.0719
51133,1940,-0.8128,,-0.8528,-0.7585,,-0.8077,-0.8261,-0.9538,,-1.0819,-0.9403,,-0.9744,-0.9363,-0.4575,,-0.4007,-0.4563,,-0.3027,-0.3734,-0.7941,,-0.7326,-0.6225,,-0.8462,-0.9368
51499,1941,-0.6873,,-0.7050,-0.6762,,-0.7499,-0.6695,-0.7436,,-0.9363,-0.7050,,-0.7892,-0.7921,-0.4547,,-0.2121,-0.6124,,-0.6048,-0.0797,-0.7449,,-0.6094,-0.6659,,-0.7779,-0.8549
51864,1942,-0.7562,,-0.7039,-0.7710,,-0.7932,-0.7778,-0.7899,,-0.8188,-0.7100,,-0.6889,-0.8316,-0.6746,,-0.3901,-0.8281,,-0.9292,-0.4156,-0.7494,,-0.7061,-0.8484,,-0.8981,-0.9331
52229,1943,-1.1794,,-1.0354,-1.2006,,-1.1915,-1.1695,-1.1661,,-1.0205,-1.0655,,-1.1083,-1.1848,-1.1561,,-0.9002,-1.4592,,-1.5196,-0.8973,-1.2219,,-1.1615,-1.2772,,-1.1177,-1.3353
52594,1944,-0.9615,,-0.9467,-1.0081,,-1.0976,-1.0431,-1.1125,,-1.1447,-1.0177,,-1.1498,-1.1759,-0.7823,,-0.6600,-1.1588,,-1.2539,-0.6706,-0.7969,,-0.7682,-0.8815,,-0.8841,-1.0526
52960,1945,-0.9950,,-0.9632,-1.1097,,-1.1779,-1.0577,-0.9175,,-0.8583,-0.9614,,-1.1461,-1.0089,-1.0262,,-0.8532,-1.4324,,-1.4825,-0.8659,-1.1230,,-1.2458,-1.1660,,-1.0212,-1.2902
53325,1946,-0.9200,,-0.9224,-0.8907,,-0.9377,-1.0071,-0.8186,,-0.9146,-0.7435,,-0.8638,-1.0146,-0.9466,,-0.7762,-1.2637,,-1.3732,-0.7780,-1.0979,,-1.0427,-0.9088,,-0.7687,-1.1570
53690,1947,-0.5276,,-0.5131,-0.6145,,-0.7191,-0.6012,-0.4725,,-0.4723,-0.5398,,-0.6673,-0.5562,-0.6602,,-0.5959,-1.0620,,-1.1711,-0.5680,-0.5395,,-0.5328,-0.4385,,-0.4952,-0.7123
54055,1948,-1.2206,,-1.1924,-1.2352,,-1.3021,-1.2569,-1.1601,,-1.0863,-1.1532,,-1.2922,-1.2588,-1.2755,,-1.1347,-1.4400,,-1.5801,-1.0877,-1.2987,,-1.4397,-1.2474,,-1.1220,-1.3746
54421,1949,-1.3143,,-1.2314,-1.3039,,-1.3313,-1.2107,-1.2156,,-1.0314,-1.1658,,-1.2582,-1.0870,-1.2971,,-1.0826,-1.4855,,-1.5742,-1.0450,-1.5184,,-1.7264,-1.4416,,-1.2989,-1.5700
54786,1950,-1.2878,,-1.1607,-1.3232,,-1.3897,-1.2565,-1.2611,,-1.0198,-1.2829,,-1.3711,-1.1714,-1.1996,,-0.9977,-1.4476,,-1.5026,-1.0684,-1.4028,,-1.5512,-1.3123,,-1.3447,-1.5567
55151,1951,-0.8515,,-0.9071,-0.9173,,-0.9618,-0.8924,-0.8791,,-0.9039,-0.9892,,-1.0669,-0.8630,-1.0918,,-0.9529,-1.3789,,-1.3870,-0.9286,-0.6254,,-0.8806,-0.4464,,-0.4527,-0.9234
55516,1952,-0.7932,,-0.7415,-0.8288,,-0.8880,-0.9056,-0.8764,,-0.7913,-0.9488,,-1.0310,-0.9529,-0.6325,,-0.5151,-0.9183,,-0.9142,-0.6467,-0.7467,,-0.8072,-0.5314,,-0.5916,-0.9997
55882,1953,-1.0539,,-1.0666,-1.1338,,-1.1593,-1.0861,-1.1130,,-1.1046,-1.2299,,-1.3011,-1.1268,-0.9904,,-0.8512,-1.3079,,-1.2939,-0.8527,-0.9848,,-1.1473,-0.8220,,-0.7874,-1.1744
56247,1954,-1.0852,,-1.0550,-1.1762,,-1.2189,-1.1619,-1.3544,,-1.2678,-1.4797,,-1.5567,-1.3695,-0.9400,,-0.8164,-1.2833,,-1.3029,-0.8544,-0.6666,,-0.8131,-0.5101,,-0.5030,-0.9796
56612,1955,-0.5039,,-0.5422,-0.6596,,-0.7021,-0.6376,-0.1556,,-0.3327,-0.4389,,-0.4773,-0.3443,-0.9340,,-0.8205,-1.1876,,-1.2808,-0.9284,-0.8715,,-0.7494,-0.7092,,-0.7232,-0.9984
56977,1956,-1.2516,,-1.2856,-1.3119,,-1.3890,-1.3096,-1.3129,,-1.3608,-1.3851,,-1.4641,-1.3452,-1.1234,,-1.0082,-1.3411,,-1.4265,-1.0136,-1.2247,,-1.3384,-1.1490,,-1.2162,-1.4530
57343,1957,-1.1776,,-1.1510,-1.2997,,-1.3902,-1.1811,-1.2247,,-1.1580,-1.3841,,-1.4618,-1.1900,-0.9210,,-0.8956,-1.2393,,-1.3275,-0.9201,-1.2701,,-1.3208,-1.1792,,-1.2963,-1.3512
57708,1958,-0.5489,,-0.5998,-0.7569,-0.6250,-0.7794,-0.6577,-0.5503,,-0.6385,-0.7857,-0.5503,-0.7657,-0.6501,-0.4710,,-0.3851,-0.8481,-0.5551,-0.9113,-0.5050,-0.6021,,-0.6786,-0.6354,-0.8202,-0.7113,-0.7820
58073,1959,-1.1287,,-1.1303,-1.3133,-1.2560,-1.4140,-1.1437,-1.0120,,-1.0872,-1.1568,-1.0465,-1.2579,-1.0998,-0.9882,,-0.8233,-1.4309,-1.0764,-1.5206,-0.9399,-1.4562,,-1.4342,-1.5328,-1.7916,-1.6408,-1.3750
58438,1960,-0.5456,,-0.5630,-0.7090,-0.5235,-0.7646,-0.6288,-0.5318,,-0.6173,-0.7459,-0.5042,-0.7880,-0.6649,-0.4945,,-0.3843,-0.8801,-0.4786,-0.8994,-0.4306,-0.6091,,-0.5858,-0.5145,-0.5933,-0.6225,-0.7011
58804,1961,-1.0712,,-1.0124,-1.1558,-1.1476,-1.2088,-1.1471,-0.9751,,-0.8987,-1.0849,-1.0673,-1.1403,-1.0809,-1.3353,,-1.1083,-1.6028,-1.3985,-1.6661,-1.1507,-1.0681,,-1.1643,-0.9728,-1.1236,-1.0136,-1.2733
59169,1962,-0.6354,,-0.6382,-0.7779,-0.7307,-0.7883,-0.7334,-0.7292,,-0.7270,-0.8911,-0.8860,-0.9235,-0.7912,-0.6671,,-0.6672,-1.0338,-0.5775,-1.1057,-0.6358,-0.4307,,-0.4452,-0.3746,-0.5391,-0.2981,-0.6912
59534,1963,-0.6463,,-0.6430,-0.7511,-0.7520,-0.7597,-0.6787,-0.5961,,-0.6714,-0.7859,-0.8328,-0.7952,-0.6633,-0.5973,,-0.5309,-0.8561,-0.3399,-0.8395,-0.5053,-0.7788,,-0.6683,-0.6082,-0.8908,-0.6332,-0.8331
59899,1964,-1.1865,,-1.1733,-1.2634,-1.1889,-1.2600,-1.1860,-0.9948,,-0.9693,-1.1117,-0.8275,-1.1083,-1.0612,-1.3230,,-1.1998,-1.6261,-1.3236,-1.6175,-1.1700,-1.4605,,-1.5503,-1.2978,-1.7940,-1.2980,-1.4400
60265,1965,-1.1298,,-1.0695,-1.1569,-0.9966,-1.1918,-1.1396,-1.2012,,-1.1591,-1.2667,-1.0144,-1.3287,-1.2621,-1.1075,,-0.9246,-1.3275,-1.0064,-1.3734,-0.9124,-1.0072,,-0.9995,-0.8212,-0.9551,-0.7956,-1.0649
60630,1966,-0.6121,,-0.5840,-0.7340,-0.6406,-0.7589,-0.6508,-0.6675,,-0.7060,-0.8859,-0.6014,-0.9479,-0.6947,-0.6859,,-0.5795,-0.9062,-0.8271,-0.8909,-0.5742,-0.4517,,-0.3502,-0.3156,-0.5827,-0.2972,-0.6207
60995,1967,-1.3417,,-1.3584,-1.4225,-1.3971,-1.4794,-1.3992,-1.2846,,-1.2582,-1.3955,-1.3213,-1.5037,-1.3265,-1.3156,,-1.2439,-1.6519,-1.2942,-1.6076,-1.2527,-1.4715,,-1.6350,-1.3105,-1.6181,-1.3401,-1.6456
61360,1968,-1.0742,,-1.0478,-1.1232,-0.9968,-1.1487,-1.0604,-0.9967,,-0.9769,-1.0406,-0.9299,-1.1137,-0.9884,-1.1359,,-1.0987,-1.4332,-1.0632,-1.4248,-1.0521,-1.1803,,-1.1491,-1.0613,-1.0793,-1.0184,-1.2060
61726,1969,-0.5051,,-0.6112,-0.5904,-0.3732,-0.5779,-0.4983,-0.5417,,-0.7028,-0.6294,-0.4222,-0.6370,-0.5104,-0.2882,,-0.2720,-0.6298,-0.1300,-0.6552,-0.2677,-0.5897,,-0.6767,-0.4865,-0.4527,-0.4078,-0.6401
62091,1970,-0.8157,,-0.7961,-0.8578,-0.7461,-0.8663,-0.8591,-0.8521,,-0.8768,-0.9138,-0.7442,-0.9213,-0.8738,-0.8437,,-0.7380,-1.0873,-0.8110,-1.1293,-0.8217,-0.7249,,-0.6811,-0.5846,-0.7031,-0.5707,-0.8573
62456,1971,-1.2929,,-1.2449,-1.3438,-1.2712,-1.3709,-1.2788,-1.3538,,-1.3169,-1.3439,-1.2153,-1.4003,-1.3469,-1.1419,,-1.0912,-1.4547,-1.3337,-1.4041,-1.0802,-1.2830,,-1.2156,-1.2639,-1.3351,-1.2899,-1.2892
62821,1972,-1.2002,,-1.2233,-1.2034,-1.1685,-1.2274,-1.1768,-1.3041,,-1.2753,-1.2329,-1.0703,-1.2928,-1.2666,-0.5891,,-0.6007,-0.9786,-0.7867,-0.8992,-0.6086,-1.4372,,-1.5690,-1.3073,-1.6331,-1.3360,-1.4102
63187,1973,-0.8481,,-0.8598,-1.0098,-0.7788,-1.0232,-0.8848,-1.0722,,-0.9799,-1.1824,-0.9463,-1.2330,-1.0311,-0.3693,,-0.3021,-0.6831,-0.4658,-0.6320,-0.3400,-0.7565,,-1.0269,-0.9092,-0.6784,-0.8968,-0.9918
63552,1974,-1.2336,,-1.2674,-1.2913,-1.2154,-1.3253,-1.2762,-1.3794,,-1.3607,-1.4847,-1.2820,-1.5330,-1.4222,-1.0240,,-1.0162,-1.1146,-1.1794,-1.1654,-0.9568,-1.1010,,-1.2667,-1.0424,-1.1120,-1.0369,-1.2219
63917,1975,-1.2815,,-1.1987,-1.3018,-1.2114,-1.3950,-1.2945,-1.3052,,-1.2832,-1.4233,-1.1926,-1.5005,-1.4352,-1.0441,,-0.8954,-1.1585,-1.1941,-1.3506,-0.9177,-1.4057,,-1.2522,-1.1686,-1.2601,-1.2222,-1.2916
64282,1976,-1.2529,,-1.2313,-1.2215,-1.2872,-1.2879,-1.2325,-1.5221,,-1.4482,-1.4880,-1.4098,-1.5639,-1.4891,-0.5753,,-0.5877,-0.6287,-0.7979,-0.7051,-0.5567,-1.2167,,-1.2719,-1.1295,-1.4004,-1.1702,-1.2193
64648,1977,-0.7085,,-0.8465,-0.8670,-0.8332,-0.8908,-0.8886,-0.7037,,-0.8243,-0.8498,-0.5730,-0.8820,-0.7985,-0.9967,,-0.9588,-1.0922,-1.2856,-1.0949,-1.0435,-0.5109,,-0.8088,-0.7387,-1.0137,-0.7615,-0.9523
65013,1978,-0.7181,,-0.8665,-0.8165,-0.7624,-0.8253,-0.8858,-0.7947,,-0.9398,-0.8941,-0.6692,-0.9261,-0.9190,-0.6402,,-0.7403,-0.7341,-0.8757,-0.7372,-0.7527,-0.6253,,-0.8149,-0.7249,-0.8620,-0.6927,-0.9168
65378,1979,-0.3977,-0.5727,-0.4697,-0.4668,-0.3632,-0.4432,-0.4771,-0.5172,-0.7251,-0.5968,-0.5797,-0.4658,-0.5423,-0.5109,-0.2726,-0.2587,-0.3589,-0.3373,-0.1081,-0.3673,-0.3685,-0.2554,-0.5022,-0.3023,-0.3404,-0.3469,-0.3052,-0.4894
65743,1980,-0.5739,-0.6827,-0.7014,-0.6800,-0.5599,-0.6907,-0.6993,-0.7420,-0.8379,-0.8849,-0.8450,-0.6582,-0.8649,-0.8228,-0.2629,-0.3465,-0.2604,-0.3479,-0.3324,-0.3584,-0.3340,-0.4708,-0.6226,-0.6615,-0.5979,-0.5323,-0.5908,-0.7215
66109,1981,-0.5703,-0.7150,-0.6243,-0.6838,-0.6002,-0.7020,-0.6890,-0.5447,-0.7270,-0.6269,-0.7416,-0.6153,-0.7981,-0.6691,-0.6591,-0.6614,-0.6482,-0.7026,-0.5107,-0.7231,-0.6907,-0.5563,-0.7300,-0.6020,-0.5582,-0.6353,-0.5005,-0.7263
66474,1982,-1.0729,-1.2955,-1.0329,-1.0278,-1.2158,-1.0351,-1.0238,-0.9605,-1.2157,-0.9169,-1.0414,-1.0637,-1.0775,-0.9706,-0.8091,-0.9976,-0.7611,-0.8184,-0.9470,-0.8583,-0.7279,-1.4804,-1.6643,-1.4532,-1.1518,-1.7041,-1.0796,-1.3394
66839,1983,-0.8700,-1.0037,-0.8828,-0.8402,-0.9448,-0.8331,-0.8747,-0.5815,-0.7120,-0.6896,-0.6809,-0.6284,-0.6834,-0.6489,-0.8350,-0.9454,-0.7734,-0.8587,-0.8013,-0.9356,-0.8723,-1.4553,-1.6120,-1.3363,-1.1362,-1.6619,-1.0502,-1.3146
67204,1984,-0.9500,-1.0536,-0.8974,-0.8577,-0.9067,-0.8777,-0.8906,-0.8789,-1.0780,-0.9616,-0.9478,-0.9014,-0.9611,-0.8838,-0.4798,-0.7497,-0.4033,-0.5181,-0.4138,-0.5842,-0.4694,-1.4255,-1.2242,-1.1272,-0.9267,-1.2707,-0.9266,-1.2062
67570,1985,-0.6839,-0.7787,-0.6210,-0.6725,-0.6919,-0.6977,-0.6324,-0.5515,-0.6668,-0.5810,-0.7117,-0.5064,-0.7511,-0.5774,-0.5387,-0.9063,-0.5190,-0.5468,-0.7600,-0.5965,-0.5090,-1.0451,-0.9043,-0.7719,-0.6865,-1.0033,-0.6664,-0.8278
67935,1986,-0.8537,-0.9440,-0.7849,-0.8476,-0.8463,-0.8908,-0.7949,-0.8785,-1.0025,-0.8256,-0.9699,-0.8956,-1.0162,-0.8186,-0.7141,-0.7383,-0.6368,-0.7097,-0.6079,-0.7999,-0.5833,-0.9057,-0.9780,-0.8123,-0.7092,-0.9217,-0.7123,-0.9009
68300,1987,-0.2319,-0.2586,-0.3019,-0.2646,-0.1928,-0.2460,-0.2619,-0.1270,-0.1302,-0.2018,-0.2645,-0.0674,-0.2248,-0.1758,-0.2647,-0.3089,-0.1955,-0.3156,-0.1985,-0.4413,-0.1949,-0.4121,-0.4716,-0.5727,-0.2281,-0.4321,-0.1471,-0.4772
68665,1988,-0.4455,-0.4331,-0.4485,-0.4365,-0.3549,-0.4543,-0.4325,-0.3530,-0.3337,-0.3764,-0.4569,-0.2665,-0.4760,-0.3618,-0.5206,-0.3416,-0.3718,-0.4521,-0.1507,-0.5272,-0.3942,-0.5710,-0.6918,-0.6435,-0.3856,-0.6730,-0.3601,-0.5974
69031,1989,-0.7378,-0.7482,-0.7203,-0.7438,-0.6937,-0.7668,-0.7696,-0.4339,-0.4940,-0.4433,-0.6234,-0.4595,-0.6465,-0.5489,-1.0833,-0.9646,-1.0404,-1.0008,-0.7841,-1.0478,-0.9937,-1.0798,-1.0865,-1.0282,-0.7932,-1.0837,-0.7987,-1.0374
69396,1990,-0.2938,-0.2643,-0.3492,-0.4151,-0.2147,-0.3998,-0.3528,-0.2019,-0.2555,-0.2213,-0.3977,-0.2292,-0.3681,-0.2487,-0.3023,0.0509,-0.3055,-0.3876,0.2340,-0.4304,-0.2695,-0.4662,-0.5073,-0.6287,-0.4684,-0.5085,-0.4393,-0.6150
69761,1991,-0.6946,-0.7129,-0.7756,-0.7120,-0.7068,-0.7365,-0.7224,-0.7771,-0.9014,-0.8643,-0.8316,-0.9049,-0.8416,-0.8282,-0.3998,-0.2041,-0.4333,-0.5363,-0.0353,-0.5910,-0.3596,-0.7459,-0.7118,-0.8489,-0.6058,-0.8039,-0.6368,-0.7772
70126,1992,-1.1924,-1.3481,-1.2165,-1.2287,-1.3468,-1.2494,-1.1773,-1.0308,-1.2593,-1.0166,-1.1216,-1.2381,-1.1710,-0.9739,-0.9202,-0.9211,-0.9362,-1.1817,-0.7727,-1.2685,-1.0759,-1.7016,-1.8270,-1.8059,-1.4704,-1.9699,-1.3878,-1.6451
70492,1993,-0.6130,-0.6715,-0.6723,-0.6118,-0.6772,-0.5852,-0.6246,-0.5650,-0.6836,-0.6095,-0.5741,-0.6771,-0.5536,-0.5261,-0.4016,-0.3325,-0.4969,-0.5817,-0.1765,-0.5678,-0.5389,-0.8580,-0.8914,-0.9202,-0.7067,-1.0365,-0.6592,-0.8774
70857,1994,-0.3855,-0.5260,-0.3944,-0.5455,-0.4351,-0.5132,-0.5153,-0.3776,-0.4893,-0.3063,-0.5640,-0.3988,-0.5528,-0.5166,-0.5423,-0.7662,-0.5668,-0.7685,-0.4968,-0.7750,-0.5585,-0.2885,-0.4250,-0.4417,-0.3496,-0.4614,-0.2485,-0.4818
71222,1995,-0.3677,-0.4688,-0.3674,-0.4064,-0.3308,-0.4007,-0.3477,-0.2356,-0.3872,-0.2520,-0.3132,-0.2888,-0.3065,-0.2270,-0.3701,-0.4608,-0.2827,-0.5627,0.0415,-0.5746,-0.3200,-0.6225,-0.6331,-0.6520,-0.4751,-0.6795,-0.4590,-0.6021
71587,1996,-0.2179,-0.3367,-0.3096,-0.2616,-0.2313,-0.2198,-0.2244,-0.1702,-0.3111,-0.2912,-0.2749,-0.2055,-0.2527,-0.1420,-0.1937,-0.5506,-0.2786,-0.2248,-0.2323,-0.1804,-0.2741,-0.3280,-0.2330,-0.3675,-0.2624,-0.2807,-0.1842,-0.3487
71953,1997,-0.4285,-0.5237,-0.4257,-0.3550,-0.3994,-0.3273,-0.4042,-0.2559,-0.3620,-0.1943,-0.2496,-0.2216,-0.2631,-0.2509,-0.3693,-0.6469,-0.3973,-0.1350,-0.3640,-0.0667,-0.3356,-0.8060,-0.7492,-0.8954,-0.7174,-0.7701,-0.6388,-0.7510
72318,1998,0.0622,0.0467,0.0229,0.0358,0.1349,0.0215,0.0896,0.0156,-0.0808,-0.0486,-0.0340,0.0580,-0.0604,0.0238,-0.0712,-0.0095,-0.0920,-0.0892,0.0703,-0.1003,0.0271,0.2484,0.3347,0.2444,0.2611,0.3305,0.2678,0.2624
72683,1999,0.0648,0.0330,0.0848,-0.0188,0.1466,0.0453,0.0379,0.0308,-0.0647,0.0534,-0.0439,0.0932,-0.0233,-0.0353,-0.0575,-0.0195,-0.1258,-0.1724,0.0552,-0.0498,-0.0558,0.2184,0.2602,0.2969,0.1402,0.3159,0.2465,0.2473
73048,2000,-0.2736,-0.3679,-0.2738,-0.3024,-0.2862,-0.2760,-0.2867,-0.3136,-0.4449,-0.2783,-0.3490,-0.3133,-0.3337,-0.3012,-0.4170,-0.4579,-0.3653,-0.3633,-0.4757,-0.3027,-0.4145,-0.0931,-0.1539,-0.1994,-0.1683,-0.0976,-0.1450,-0.1670
73414,2001,0.1238,0.1405,0.1359,0.0863,0.2407,0.1394,0.0943,0.2725,0.2910,0.2608,0.2095,0.3841,0.2861,0.2421,-0.2121,-0.1313,-0.1981,-0.3039,0.0021,-0.2612,-0.2793,0.0761,0.0432,0.1332,0.1270,0.1336,0.1419,0.0755
73779,2002,0.0481,-0.0048,0.0562,0.0369,0.0778,0.0327,0.0775,0.1043,0.0477,0.0785,0.0584,0.0925,0.0611,0.1232,0.0596,0.0408,0.1232,-0.0321,0.2046,-0.0724,0.0623,-0.0693,-0.1393,-0.0350,0.0445,-0.0417,0.0529,-0.0005
74144,2003,0.0890,0.0523,0.1063,0.0965,0.1118,0.0893,0.0898,0.0638,0.0254,0.1273,0.1072,0.0681,0.1212,0.0857,0.1089,0.1121,0.1387,0.0073,0.1970,-0.0425,0.0727,0.1235,0.0616,0.0421,0.1398,0.1357,0.1221,0.1100
74509,2004,-0.0572,-0.1206,-0.0689,-0.0125,-0.0821,-0.0408,-0.0757,-0.0765,-0.1875,-0.0843,0.0230,-0.1154,0.0042,-0.0711,0.0381,0.0242,0.0697,-0.0125,0.0393,-0.0567,-0.0033,-0.0882,-0.0945,-0.1387,-0.0815,-0.1047,-0.1169,-0.1364
74875,2005,0.0155,0.0827,-0.0015,0.0300,0.0500,0.0093,0.0527,-0.0046,0.1114,-0.0672,0.0537,0.0708,0.0552,0.0452,0.2769,0.1825,0.2817,0.2328,0.1692,0.1056,0.2579,-0.1332,-0.0447,-0.0773,-0.1614,-0.0758,-0.1488,-0.0802
75240,2006,-0.0206,0.0180,0.0101,-0.0340,-0.0333,-0.0311,0.0363,0.0081,0.0158,0.0461,-0.0050,-0.0373,0.0071,0.0492,-0.0595,0.0069,-0.0143,-0.0387,-0.0656,-0.0912,0.0266,-0.0486,0.0303,-0.0425,-0.0867,-0.0024,-0.0620,0.0182
75605,2007,-0.0634,0.0241,-0.0457,0.0043,-0.0259,-0.0243,-0.0392,-0.1015,0.0010,-0.0533,0.0182,-0.0263,0.0262,-0.0767,-0.1410,-0.0410,-0.1604,-0.0415,-0.1768,-0.1237,-0.0828,0.0663,0.1158,0.0515,0.0101,0.0831,-0.0512,0.0651
75970,2008,-0.0759,-0.0179,-0.0378,-0.0177,-0.0350,-0.0335,-0.0556,-0.0401,0.0412,-0.0059,0.0703,0.0119,0.0673,-0.0202,-0.0273,0.0494,-0.0172,0.0337,-0.0873,-0.0540,-0.0227,-0.1801,-0.1810,-0.1146,-0.2252,-0.0888,-0.2145,-0.1479
76336,2009,0.1754,0.2432,0.1834,0.2153,0.2331,0.1842,0.1624,0.0671,0.1497,0.0567,0.1619,0.1004,0.1283,0.0396,0.4677,0.5168,0.5200,0.5156,0.4965,0.4700,0.4728,0.1760,0.2283,0.1880,0.1036,0.3016,0.0878,0.1779
76701,2010,0.9962,1.1554,0.8619,1.0596,1.1209,1.0699,0.9485,1.1315,1.3384,0.8270,1.1494,1.2506,1.1532,1.0438,0.7110,0.8759,0.7266,0.9504,0.8077,0.9264,0.7305,0.9383,1.0009,1.0269,0.9637,1.0938,1.0110,0.9197
77066,2011,-0.0678,-0.1303,-0.0543,-0.0401,-0.0585,-0.0119,-0.0645,-0.0728,-0.1002,-0.0358,0.0049,-0.0636,0.0085,-0.0613,0.0692,-0.1557,0.0441,0.0655,-0.0644,0.1489,0.0673,-0.1563,-0.1704,-0.1610,-0.2034,-0.0442,-0.1670,-0.1651
77431,2012,0.0823,0.1052,0.1381,0.1405,0.1121,0.0864,0.1108,-0.0164,0.0229,0.0530,0.0767,-0.0228,-0.0099,0.0108,0.1161,0.0756,0.1106,0.2544,0.0892,0.3577,0.1453,0.2498,0.2863,0.3232,0.1825,0.3905,0.0786,0.2804
77797,2013,0.1082,0.1439,0.1254,0.1413,0.1428,0.1838,0.1147,0.1520,0.2225,0.0789,0.2028,0.1577,0.2084,0.0899,0.2508,0.2974,0.2963,0.3098,0.3579,0.4695,0.2536,-0.0793,-0.1188,0.0932,-0.0989,-0.0403,-0.0688,0.0633
78162,2014,0.3540,0.3655,0.3286,0.2891,0.3718,0.3342,0.2932,0.3941,0.4472,0.3676,0.2951,0.4282,0.4127,0.3396,0.2666,0.2779,0.2117,0.2299,0.2482,0.3040,0.1566,0.3387,0.2698,0.3367,0.3199,0.3510,0.2034,0.3012
78527,2015,0.3191,0.3316,0.3483,0.3701,0.2487,0.3068,0.2690,0.1015,0.1545,0.1657,0.2422,0.0438,0.1736,0.0845,0.4334,0.3908,0.4614,0.5262,0.1359,0.5973,0.3706,0.6595,0.6331,0.6216,0.5063,0.7274,0.3571,0.5544
78892,2016,0.6170,0.6735,0.6136,0.6630,0.6247,0.6895,0.6150,0.6607,0.8062,0.6251,0.7461,0.7469,0.7849,0.6456,0.6034,0.5363,0.6025,0.6913,0.3944,0.6973,0.5616,0.5419,0.5143,0.5991,0.4816,0.5527,0.4986,0.5939
79258,2017,0.3447,0.3926,0.4088,0.3651,0.2621,0.3555,0.3550,0.1755,0.2020,0.2775,0.1966,0.1499,0.1501,0.1904,0.3828,0.4874,0.4239,0.4053,0.0839,0.4712,0.4092,0.6459,0.6946,0.6528,0.6632,0.6077,0.6714,0.6357
79623,2018,0.4218,0.5370,0.4687,0.3952,0.3694,0.3837,0.4652,0.3207,0.5008,0.3441,0.2700,0.3144,0.2903,0.3770,0.1998,0.3140,0.1506,0.3803,0.0323,0.3110,0.2582,0.7775,0.7674,0.9389,0.6487,0.7180,0.6172,0.7852
79988,2019,0.2357,0.3478,0.2959,0.2537,0.1285,0.1771,0.2788,0.0545,0.2101,0.1891,0.0455,0.0379,-0.0062,0.1504,0.2236,0.3463,0.1796,0.3650,-0.0638,0.2927,0.2859,0.5963,0.6161,0.5868,0.5782,0.4424,0.4501,0.5228
80353,2020,0.4003,0.5361,0.4546,0.3638,0.2725,0.3413,0.4467,0.4847,0.6843,0.5568,0.4295,0.5050,0.4363,0.4896,-0.0250,0.1627,0.0243,0.0765,-0.4141,0.0272,0.1629,0.5418,0.5164,0.5649,0.4423,0.3136,0.3822,0.5671
80719,2021,0.7687,0.9296,0.8064,0.7117,0.6738,0.6663,0.8028,0.8164,1.0507,0.8304,0.7445,0.8317,0.7146,0.8545,0.3254,0.5046,0.3708,0.3185,0.0011,0.3248,0.4373,0.9942,0.9994,1.0723,0.9302,0.8498,0.8176,0.9648
81084,2022,0.3968,0.5234,0.5030,0.4056,0.3115,0.3679,0.4234,0.4036,0.6074,0.5885,0.4061,0.3875,0.4224,0.4152,-0.0754,0.0689,-0.0130,0.1076,-0.3021,0.0787,0.1124,0.7224,0.6864,0.7073,0.6184,0.6044,0.4697,0.6624
81449,2023,0.7951,0.9731,0.9110,0.7047,0.6831,0.4853,0.8879,0.7984,0.9793,0.9682,0.7063,0.6739,0.4552,0.8768,0.6907,1.0037,0.6742,0.5341,0.4344,0.1458,0.8931,0.8636,0.9391,0.9697,0.8239,0.8794,0.7875,0.9058
end data
