Conventions,G,BADC-CSV,1
title,G,Regional mean temperature for North African Arab Countries
last_revised_date,G,2024-02-08
date_valid,G,2024-02-08
feature_type,G,area average
creator,G,WMO
source,G,Produced by climind version 1.0
observation_station,G,derived data
location,G,90.,-180.,-90.,180.
activity,G,WMO
history,G,""Data set created from file ['HadCRUT.5.0.2.0.analysis.anomalies.ensemble_mean.nc'] downloaded from ['https://www.metoffice.gov.uk/hadobs/hadcrut5/data/HadCRUT.5.0.2.0/analysis/HadCRUT.5.0.2.0.analysis.anomalies.ensemble_mean.nc'] at ['2024-01-15 11:56:27']""
history,G,""Regridded to 1 degree latitude-longitude resolution""
history,G,""Rebaselined to 1991-2020""
history,G,""Calculated area-average""
history,G,""Calculated annual average from monthly averages using arithmetic mean""
history,G,""Selected years within the range 1900 to 2023.""
history,G,""Wrote to file arab_subregion_2_HadCRUT5.csv""
history,G,"Data set created from file ['arab_subregion_2_HadCRUT5.csv'] downloaded from [''] at ['2024-01-17 11:08:25']"
reference,G,"Morice, C. P., Kennedy, J. J., Rayner, N. A., Winn, J. P., Hogan, E., Killick, R. E., et al. (2021). An updated assessment of near-surface temperature change from 1850: the HadCRUT5 data set. Journal of Geophysical Research: Atmospheres, 126, e2019JD032361. https://doi.org/10.1029/2019JD032361"
rights,G,TBD
comments,G,Data produced by climind version 1.0
comments,G,Format description https://help.ceda.ac.uk/article/105-badc-csv
comments,G,"Original data acknowledgement: HadCRUT.5.0.2.0 data were obtained from http://www.metoffice.gov.uk/hadobs/hadcrut5 on 2024-01-15 11:56:27 and are © British Crown Copyright, Met Office 2024, provided under an Open Government License, http://www.nationalarchives.gov.uk/doc/open-government-licence/version/3/"
long_name,time,time,days since 1800-01-01 00:00:00.0
type,time,int
long_name,year,year,1
type,year,int
long_name,data,arab_subregion_2,degC
type,data,float
coordinate_variable,time,t
data
time,year,data
36524,1900,-1.2132
36889,1901,-1.1675
37254,1902,-1.1516
37619,1903,-1.6561
37984,1904,-1.6356
38350,1905,-1.5017
38715,1906,-1.2005
39080,1907,-1.5880
39445,1908,-1.2536
39811,1909,-1.0929
40176,1910,-1.4468
40541,1911,-1.4969
40906,1912,-1.0857
41272,1913,-1.1188
41637,1914,-1.1537
42002,1915,-1.1728
42367,1916,-1.2633
42733,1917,-1.5910
43098,1918,-1.4800
43463,1919,-1.1481
43828,1920,-1.3453
44194,1921,-1.2245
44559,1922,-1.2225
44924,1923,-1.5754
45289,1924,-0.9763
45655,1925,-1.4691
46020,1926,-0.8891
46385,1927,-1.0067
46750,1928,-1.0799
47116,1929,-1.3177
47481,1930,-1.1876
47846,1931,-0.7379
48211,1932,-1.3147
48577,1933,-1.2373
48942,1934,-1.3345
49307,1935,-0.9512
49672,1936,-0.7494
50038,1937,-0.4887
50403,1938,-1.0483
50768,1939,-0.9030
51133,1940,-0.9403
51499,1941,-0.7050
51864,1942,-0.7100
52229,1943,-1.0655
52594,1944,-1.0177
52960,1945,-0.9614
53325,1946,-0.7435
53690,1947,-0.5398
54055,1948,-1.1532
54421,1949,-1.1658
54786,1950,-1.2829
55151,1951,-0.9892
55516,1952,-0.9488
55882,1953,-1.2299
56247,1954,-1.4797
56612,1955,-0.4389
56977,1956,-1.3851
57343,1957,-1.3841
57708,1958,-0.7857
58073,1959,-1.1568
58438,1960,-0.7459
58804,1961,-1.0849
59169,1962,-0.8911
59534,1963,-0.7859
59899,1964,-1.1117
60265,1965,-1.2667
60630,1966,-0.8859
60995,1967,-1.3955
61360,1968,-1.0406
61726,1969,-0.6294
62091,1970,-0.9138
62456,1971,-1.3439
62821,1972,-1.2329
63187,1973,-1.1824
63552,1974,-1.4847
63917,1975,-1.4233
64282,1976,-1.4880
64648,1977,-0.8498
65013,1978,-0.8941
65378,1979,-0.5797
65743,1980,-0.8450
66109,1981,-0.7416
66474,1982,-1.0414
66839,1983,-0.6809
67204,1984,-0.9478
67570,1985,-0.7117
67935,1986,-0.9699
68300,1987,-0.2645
68665,1988,-0.4569
69031,1989,-0.6234
69396,1990,-0.3977
69761,1991,-0.8316
70126,1992,-1.1216
70492,1993,-0.5741
70857,1994,-0.5640
71222,1995,-0.3132
71587,1996,-0.2749
71953,1997,-0.2496
72318,1998,-0.0340
72683,1999,-0.0439
73048,2000,-0.3490
73414,2001,0.2095
73779,2002,0.0584
74144,2003,0.1072
74509,2004,0.0230
74875,2005,0.0537
75240,2006,-0.0050
75605,2007,0.0182
75970,2008,0.0703
76336,2009,0.1619
76701,2010,1.1494
77066,2011,0.0049
77431,2012,0.0767
77797,2013,0.2028
78162,2014,0.2951
78527,2015,0.2422
78892,2016,0.7461
79258,2017,0.1966
79623,2018,0.2700
79988,2019,0.0455
80353,2020,0.4295
80719,2021,0.7445
81084,2022,0.4061
81449,2023,0.7063
end data
