Conventions,G,BADC-CSV,1
title,G,Regional mean temperature for WMO RA 6 Europe
last_revised_date,G,2022-11-29
date_valid,G,2022-11-29
feature_type,G,area average
creator,G,WMO
source,G,Produced by climind version 0.1
observation_station,G,derived data
location,G,90.,-180.,-90.,180.
activity,G,WMO
history,G,""Gridded dataset created from file ['era5_2m_tas_2022.nc'] downloaded from ['']""
history,G,""Regridded to 1 degree latitude-longitude resolution""
history,G,""Rebaselined to 1981-2010""
history,G,""Calculated area-average""
history,G,""Calculated annual average from monthly averages using arithmetic mean""
history,G,""Selected years within the range 1900 to 2022.""
history,G,""Wrote to file wmo_ra_6_ERA5.csv""
history,G,"Data set created from file ['wmo_ra_6_ERA5.csv'] downloaded from [''] at ['2022-11-23 19:13:50']"
reference,G,"Hersbach H, Bell B, Berrisford P et al. 2020. The ERA5 global reanalysis. Q. J. R. Meteorol. Soc. 146: 1999– 2049. https://doi.org/10.1002/qj.3803"
rights,G,TBD
comments,G,Data produced by climind version 0.1
comments,G,Format description https://help.ceda.ac.uk/article/105-badc-csv
long_name,time,time,days since 1800-01-01 00:00:00.0
type,time,int
long_name,year,year,1
type,year,int
long_name,data,wmo_ra_6,degC
type,data,float
coordinate_variable,time,t
data
time,year,data
65378,1979,-0.6565
65743,1980,-0.8808
66109,1981,-0.3332
66474,1982,-0.5424
66839,1983,-0.3522
67204,1984,-0.5759
67570,1985,-1.1094
67935,1986,-0.6181
68300,1987,-1.1568
68665,1988,-0.2461
69031,1989,0.3699
69396,1990,0.2824
69761,1991,-0.2554
70126,1992,-0.5164
70492,1993,-0.8466
70857,1994,-0.0835
71222,1995,0.2765
71587,1996,-0.3223
71953,1997,-0.2017
72318,1998,0.0132
72683,1999,0.3526
73048,2000,0.6644
73414,2001,0.3169
73779,2002,0.4574
74144,2003,0.4215
74509,2004,0.3247
74875,2005,0.6109
75240,2006,0.4192
75605,2007,0.8110
75970,2008,0.7316
76336,2009,0.3875
76701,2010,0.7203
77066,2011,0.3926
77431,2012,0.5477
77797,2013,0.5805
78162,2014,1.0426
78527,2015,0.9024
78892,2016,1.1923
79258,2017,0.8450
79623,2018,1.0207
79988,2019,1.3628
80353,2020,1.4729
80719,2021,0.8853
81084,2022,1.2718
end data
