Conventions,G,BADC-CSV,1
title,G,Regional mean temperature for WMO RA 6 Europe
last_revised_date,G,2024-02-08
date_valid,G,2024-02-08
feature_type,G,area average
creator,G,WMO
source,G,Produced by climind version 1.0
observation_station,G,derived data
location,G,90.,-180.,-90.,180.
rights,G,TBD
activity,G,WMO
comments,G,Format description https://help.ceda.ac.uk/article/105-badc-csv
history,wmo_ra_6_Berkeley_Earth,""Data set created from file ['Land_and_Ocean_LatLong1.nc'] downloaded from ['https://berkeley-earth-temperature.s3.us-west-1.amazonaws.com/Global/Gridded/Land_and_Ocean_LatLong1.nc'] at ['2024-01-17 10:19:03']""
history,wmo_ra_6_Berkeley_Earth,""Rebaselined to 1991-2020""
history,wmo_ra_6_Berkeley_Earth,""Calculated area-average""
history,wmo_ra_6_Berkeley_Earth,""Calculated annual average from monthly averages using arithmetic mean""
history,wmo_ra_6_Berkeley_Earth,""Selected years within the range 1900 to 2023.""
history,wmo_ra_6_Berkeley_Earth,""Wrote to file wmo_ra_6_Berkeley Earth.csv""
history,wmo_ra_6_Berkeley_Earth,"Data set created from file ['wmo_ra_6_Berkeley Earth.csv'] downloaded from [''] at ['2024-01-17 11:05:37']"
reference,wmo_ra_6_Berkeley_Earth,"Rohde, R. A. and Hausfather, Z.: The Berkeley Earth Land/Ocean Temperature Record, Earth Syst. Sci. Data, 12, 3469-3479, https://doi.org/10.5194/essd-12-3469-2020, 2020"
comments,wmo_ra_6_Berkeley_Earth,"Original data acknowledgement: "
history,wmo_ra_6_ERA5,""Gridded dataset created from file ['era5_2m_tas_2024.nc'] downloaded from ['']""
history,wmo_ra_6_ERA5,""Regridded to 1 degree latitude-longitude resolution""
history,wmo_ra_6_ERA5,""Rebaselined to 1991-2020""
history,wmo_ra_6_ERA5,""Calculated area-average""
history,wmo_ra_6_ERA5,""Calculated annual average from monthly averages using arithmetic mean""
history,wmo_ra_6_ERA5,""Selected years within the range 1900 to 2023.""
history,wmo_ra_6_ERA5,""Wrote to file wmo_ra_6_ERA5.csv""
history,wmo_ra_6_ERA5,"Data set created from file ['wmo_ra_6_ERA5.csv'] downloaded from [''] at ['2024-01-17 11:06:32']"
reference,wmo_ra_6_ERA5,"Hersbach H, Bell B, Berrisford P et al. 2020. The ERA5 global reanalysis. Q. J. R. Meteorol. Soc. 146: 1999-2049. https://doi.org/10.1002/qj.3803"
comments,wmo_ra_6_ERA5,"Original data acknowledgement: Contains using Copernicus Climate Change Service information [2024]. Neither the European Commission nor ECMWF is responsible for any use that may be made of the Copernicus information or data it contains."
history,wmo_ra_6_GISTEMP,""Data set created from file ['gistemp1200_GHCNv4_ERSSTv5.nc.gz'] downloaded from ['https://data.giss.nasa.gov/pub/gistemp/gistemp1200_GHCNv4_ERSSTv5.nc.gz'] at ['2024-01-15 11:20:46']""
history,wmo_ra_6_GISTEMP,""Regridded to 1 degree latitude-longitude resolution""
history,wmo_ra_6_GISTEMP,""Rebaselined to 1991-2020""
history,wmo_ra_6_GISTEMP,""Calculated area-average""
history,wmo_ra_6_GISTEMP,""Calculated annual average from monthly averages using arithmetic mean""
history,wmo_ra_6_GISTEMP,""Selected years within the range 1900 to 2023.""
history,wmo_ra_6_GISTEMP,""Wrote to file wmo_ra_6_GISTEMP.csv""
history,wmo_ra_6_GISTEMP,"Data set created from file ['wmo_ra_6_GISTEMP.csv'] downloaded from [''] at ['2024-01-17 11:06:55']"
reference,wmo_ra_6_GISTEMP,"Lenssen, N., G. Schmidt, J. Hansen, M. Menne, A. Persin, R. Ruedy, and D. Zyss, 2019: Improvements in the GISTEMP uncertainty model. J. Geophys. Res. Atmos., 124, no. 12, 6307-6326, doi:10.1029/2018JD029522"
comments,wmo_ra_6_GISTEMP,"Original data acknowledgement: "
history,wmo_ra_6_HadCRUT5,""Data set created from file ['HadCRUT.5.0.2.0.analysis.anomalies.ensemble_mean.nc'] downloaded from ['https://www.metoffice.gov.uk/hadobs/hadcrut5/data/HadCRUT.5.0.2.0/analysis/HadCRUT.5.0.2.0.analysis.anomalies.ensemble_mean.nc'] at ['2024-01-15 11:56:27']""
history,wmo_ra_6_HadCRUT5,""Regridded to 1 degree latitude-longitude resolution""
history,wmo_ra_6_HadCRUT5,""Rebaselined to 1991-2020""
history,wmo_ra_6_HadCRUT5,""Calculated area-average""
history,wmo_ra_6_HadCRUT5,""Calculated annual average from monthly averages using arithmetic mean""
history,wmo_ra_6_HadCRUT5,""Selected years within the range 1900 to 2023.""
history,wmo_ra_6_HadCRUT5,""Wrote to file wmo_ra_6_HadCRUT5.csv""
history,wmo_ra_6_HadCRUT5,"Data set created from file ['wmo_ra_6_HadCRUT5.csv'] downloaded from [''] at ['2024-01-17 11:07:41']"
reference,wmo_ra_6_HadCRUT5,"Morice, C. P., Kennedy, J. J., Rayner, N. A., Winn, J. P., Hogan, E., Killick, R. E., et al. (2021). An updated assessment of near-surface temperature change from 1850: the HadCRUT5 data set. Journal of Geophysical Research: Atmospheres, 126, e2019JD032361. https://doi.org/10.1029/2019JD032361"
comments,wmo_ra_6_HadCRUT5,"Original data acknowledgement: HadCRUT.5.0.2.0 data were obtained from http://www.metoffice.gov.uk/hadobs/hadcrut5 on 2024-01-15 11:56:27 and are © British Crown Copyright, Met Office 2024, provided under an Open Government License, http://www.nationalarchives.gov.uk/doc/open-government-licence/version/3/"
history,wmo_ra_6_JRA-55,""Data set created from file ['anl_surf125.011_tmp.202401_202412', 'anl_surf125.2024MMMM'] downloaded from ['', ''] at ['2024-01-15 11:20:51']""
history,wmo_ra_6_JRA-55,""Regridded to 1 degree latitude-longitude resolution""
history,wmo_ra_6_JRA-55,""Rebaselined to 1991-2020""
history,wmo_ra_6_JRA-55,""Calculated area-average""
history,wmo_ra_6_JRA-55,""Calculated annual average from monthly averages using arithmetic mean""
history,wmo_ra_6_JRA-55,""Selected years within the range 1900 to 2023.""
history,wmo_ra_6_JRA-55,""Wrote to file wmo_ra_6_JRA-55.csv""
history,wmo_ra_6_JRA-55,"Data set created from file ['wmo_ra_6_JRA-55.csv'] downloaded from [''] at ['2024-01-17 11:08:37']"
reference,wmo_ra_6_JRA-55,"Kobayashi, S., Ota, Y., Harada, Y., Ebita, A., Moriya, M., Onoda, H., Onogi, K., Kamahori, H., Kobayashi, C., Endo, H. and Miyaoka, K., (2015). The JRA-55 reanalysis: General specifications and basic characteristics. Journal of the Meteorological Society of Japan. Ser. II, 93(1), pp.5-48."
comments,wmo_ra_6_JRA-55,"Original data acknowledgement: "
history,wmo_ra_6_NOAA_Interim,""Data set created from file ['NOAAGlobalTemp_v*.nc'] downloaded from ['https://www.ncei.noaa.gov/data/noaa-global-surface-temperature/v5.1/access/gridded/NOAAGlobalTemp_v.*.nc'] at ['2024-01-17 10:19:08']""
history,wmo_ra_6_NOAA_Interim,""Data set created from file ['NOAAGlobalTemp_v*.nc'] downloaded from ['https://www.ncei.noaa.gov/data/noaa-global-surface-temperature/v5.1/access/gridded/NOAAGlobalTemp_v.*.nc'] at ['2024-01-17 10:19:08']""
history,wmo_ra_6_NOAA_Interim,""Regridded to 1 degree latitude-longitude resolution""
history,wmo_ra_6_NOAA_Interim,""Rebaselined to 1991-2020""
history,wmo_ra_6_NOAA_Interim,""Calculated area-average""
history,wmo_ra_6_NOAA_Interim,""Calculated annual average from monthly averages using arithmetic mean""
history,wmo_ra_6_NOAA_Interim,""Selected years within the range 1900 to 2023.""
history,wmo_ra_6_NOAA_Interim,""Wrote to file wmo_ra_6_NOAA Interim.csv""
history,wmo_ra_6_NOAA_Interim,"Data set created from file ['wmo_ra_6_NOAA Interim.csv'] downloaded from [''] at ['2024-01-17 11:10:00']"
reference,wmo_ra_6_NOAA_Interim,"Vose, R.S., B. Huang, X. Yin., D. Arndt, D.R. Easterling, J.H. Lawrimore, M.J. Menne, A. Sanchez-Lugo, H.-M. Zhang, 2021: Implementing full spatial coverage in NOAA’s global temperature analysis. Geophysical Research Letters, 48, e2020GL090873. https://doi.org/10.1029/2020GL090873"
comments,wmo_ra_6_NOAA_Interim,"Original data acknowledgement: "
long_name,time,time,days since 1800-01-01 00:00:00.0
type,time,int
long_name,year,year,1
type,year,int
long_name,wmo_ra_6_Berkeley_Earth,wmo_ra_6,degC
type,wmo_ra_6_Berkeley_Earth,float
long_name,wmo_ra_6_ERA5,wmo_ra_6,degC
type,wmo_ra_6_ERA5,float
long_name,wmo_ra_6_GISTEMP,wmo_ra_6,degC
type,wmo_ra_6_GISTEMP,float
long_name,wmo_ra_6_HadCRUT5,wmo_ra_6,degC
type,wmo_ra_6_HadCRUT5,float
long_name,wmo_ra_6_JRA-55,wmo_ra_6,degC
type,wmo_ra_6_JRA-55,float
long_name,wmo_ra_6_NOAA_Interim,wmo_ra_6,degC
type,wmo_ra_6_NOAA_Interim,float
coordinate_variable,time,t
data
time,year,wmo_ra_6_Berkeley_Earth,wmo_ra_6_ERA5,wmo_ra_6_GISTEMP,wmo_ra_6_HadCRUT5,wmo_ra_6_JRA-55,wmo_ra_6_NOAA_Interim
36524,1900,-1.2922,,-1.4395,-1.3661,,-1.5724
36889,1901,-1.0370,,-1.3087,-1.0724,,-1.2640
37254,1902,-2.0135,,-2.2094,-1.9976,,-2.2497
37619,1903,-0.9962,,-1.2437,-1.0550,,-1.2489
37984,1904,-1.5576,,-1.7565,-1.5500,,-1.7342
38350,1905,-1.1637,,-1.3347,-1.1415,,-1.3663
38715,1906,-1.1075,,-1.3565,-1.0792,,-1.2812
39080,1907,-1.9039,,-2.1481,-1.8981,,-1.9884
39445,1908,-1.6719,,-1.8452,-1.6776,,-1.8914
39811,1909,-1.4317,,-1.6927,-1.3895,,-1.6359
40176,1910,-1.1448,,-1.3808,-1.0656,,-1.2385
40541,1911,-1.4243,,-1.5995,-1.3887,,-1.6117
40906,1912,-1.5786,,-1.7925,-1.6542,,-1.8615
41272,1913,-1.1392,,-1.3583,-1.1692,,-1.4074
41637,1914,-1.4190,,-1.6554,-1.3533,,-1.5517
42002,1915,-1.5656,,-1.7449,-1.5190,,-1.6854
42367,1916,-1.0005,,-1.2476,-1.1340,,-1.1691
42733,1917,-1.7607,,-1.9366,-1.8279,,-1.8204
43098,1918,-1.4758,,-1.6998,-1.4844,,-1.6326
43463,1919,-1.7032,,-2.0162,-1.7111,,-1.8304
43828,1920,-1.1153,,-1.3404,-1.0732,,-1.3312
44194,1921,-1.1484,,-1.3473,-1.1129,,-1.3812
44559,1922,-1.3524,,-1.6972,-1.3303,,-1.6273
44924,1923,-0.9047,,-1.1604,-1.0043,,-1.2717
45289,1924,-1.2248,,-1.4457,-1.2169,,-1.3793
45655,1925,-0.8007,,-1.1324,-0.8684,,-1.1286
46020,1926,-1.1117,,-1.2392,-1.0674,,-1.3053
46385,1927,-1.2074,,-1.2828,-1.0896,,-1.3040
46750,1928,-1.1325,,-1.1985,-1.0862,,-1.3297
47116,1929,-1.4800,,-1.6089,-1.5115,,-1.6278
47481,1930,-0.5536,,-0.6433,-0.5742,,-0.8196
47846,1931,-1.4129,,-1.4674,-1.2725,,-1.5625
48211,1932,-0.7524,,-0.8909,-0.7030,,-0.8696
48577,1933,-1.4678,,-1.5843,-1.4471,,-1.5568
48942,1934,-0.3854,,-0.4940,-0.3435,,-0.5123
49307,1935,-0.8319,,-0.9299,-0.7708,,-1.0111
49672,1936,-0.4929,,-0.6430,-0.4865,,-0.5642
50038,1937,-0.3779,,-0.4579,-0.3425,,-0.6240
50403,1938,-0.3698,,-0.5141,-0.3357,,-0.5469
50768,1939,-0.6211,,-0.7653,-0.6135,,-0.6498
51133,1940,-1.6305,,-1.6994,-1.5638,,-1.7705
51499,1941,-1.9338,,-1.9356,-1.8558,,-1.7899
51864,1942,-1.8924,,-1.9414,-1.7789,,-1.8597
52229,1943,-0.7865,,-0.8376,-0.7245,,-0.9189
52594,1944,-0.9151,,-1.0302,-0.7972,,-1.0346
52960,1945,-1.2132,,-1.3514,-1.1981,,-1.3475
53325,1946,-0.7004,,-0.8840,-0.7373,,-0.7760
53690,1947,-0.6136,,-0.8086,-0.7420,,-0.9317
54055,1948,-0.8090,,-0.8933,-0.7769,,-0.9751
54421,1949,-0.7575,,-0.8754,-0.7390,,-0.9643
54786,1950,-0.7822,,-0.9904,-0.8032,,-0.9001
55151,1951,-0.9441,,-1.0520,-0.9391,,-1.0073
55516,1952,-0.9069,,-1.1234,-0.9215,,-1.0162
55882,1953,-0.9106,,-0.9479,-0.8720,,-0.9674
56247,1954,-1.0364,,-1.2663,-1.0957,,-1.0736
56612,1955,-1.1174,,-1.2988,-1.1421,,-1.2694
56977,1956,-2.0244,,-2.1921,-1.9754,,-2.0729
57343,1957,-0.5222,,-0.7413,-0.5874,,-0.7147
57708,1958,-1.0521,,-1.1545,-1.1144,-0.9262,-1.2451
58073,1959,-0.8497,,-0.9548,-0.9012,-0.7337,-1.1072
58438,1960,-0.6005,,-0.7945,-0.6703,-0.4392,-0.8725
58804,1961,-0.4241,,-0.5580,-0.4776,-0.3291,-0.6866
59169,1962,-0.7220,,-1.0311,-0.8107,-0.7206,-0.9279
59534,1963,-1.2710,,-1.4753,-1.3500,-1.1502,-1.4502
59899,1964,-1.1390,,-1.2647,-1.1856,-0.9416,-1.3452
60265,1965,-1.3227,,-1.4863,-1.3535,-1.1148,-1.5010
60630,1966,-0.9303,,-1.0755,-0.9551,-0.7978,-1.1170
60995,1967,-0.8536,,-1.0133,-0.8535,-0.8345,-0.9556
61360,1968,-1.3636,,-1.4717,-1.3060,-1.1358,-1.4955
61726,1969,-1.7391,,-1.7729,-1.7257,-1.6682,-1.8801
62091,1970,-1.1064,,-1.2931,-1.1439,-0.9898,-1.1422
62456,1971,-1.2838,,-1.2870,-1.2477,-1.2605,-1.2773
62821,1972,-0.9194,,-1.1176,-0.9672,-0.8639,-0.9397
63187,1973,-1.2059,,-1.2620,-1.1820,-1.2021,-1.1950
63552,1974,-0.5356,,-0.6732,-0.6234,-0.5974,-0.6419
63917,1975,-0.5408,,-0.6026,-0.5533,-0.4695,-0.5938
64282,1976,-1.5873,,-1.6649,-1.5626,-1.6108,-1.5439
64648,1977,-0.9574,,-1.0184,-1.0010,-0.9126,-0.9347
65013,1978,-1.5333,,-1.6476,-1.5614,-1.4946,-1.5307
65378,1979,-1.0735,-1.1112,-1.1812,-1.1125,-1.0823,-0.9442
65743,1980,-1.3160,-1.3356,-1.4112,-1.3366,-1.3614,-1.1700
66109,1981,-0.7514,-0.7879,-0.8321,-0.7406,-0.8130,-0.5339
66474,1982,-1.0053,-0.9971,-1.0332,-1.0056,-1.0439,-0.8629
66839,1983,-0.8973,-0.8069,-0.8867,-0.8335,-0.8715,-0.7430
67204,1984,-1.0958,-1.0306,-1.1382,-1.0685,-1.1393,-0.8701
67570,1985,-1.5086,-1.5641,-1.6189,-1.5459,-1.5597,-1.2793
67935,1986,-1.0751,-1.0728,-1.2233,-1.1509,-1.1343,-0.8771
68300,1987,-1.7971,-1.6115,-1.8265,-1.7711,-1.6810,-1.5484
68665,1988,-0.7132,-0.7008,-0.7494,-0.7300,-0.8054,-0.5913
69031,1989,-0.1689,-0.0848,-0.2551,-0.2220,-0.1976,-0.1179
69396,1990,-0.1835,-0.1723,-0.2283,-0.1973,-0.3000,-0.0747
69761,1991,-0.6247,-0.7101,-0.6999,-0.6435,-0.8221,-0.3378
70126,1992,-0.8876,-0.9711,-0.8483,-0.8168,-1.0514,-0.5889
70492,1993,-1.2986,-1.3013,-1.2996,-1.2532,-1.4292,-1.1974
70857,1994,-0.5650,-0.5382,-0.5708,-0.5957,-0.5548,-0.5652
71222,1995,-0.2449,-0.1782,-0.3332,-0.2760,-0.2195,-0.2555
71587,1996,-0.8544,-0.7770,-1.0327,-0.9385,-0.8613,-0.7791
71953,1997,-0.7064,-0.6564,-0.6774,-0.7600,-0.7015,-0.7246
72318,1998,-0.4387,-0.4415,-0.4389,-0.4879,-0.4493,-0.4238
72683,1999,-0.1092,-0.1021,-0.1182,-0.1318,-0.1404,-0.1098
73048,2000,0.2437,0.2096,0.2298,0.1547,0.1844,0.1609
73414,2001,-0.1678,-0.1378,-0.1665,-0.1719,-0.1755,-0.1764
73779,2002,0.0511,0.0027,0.0156,0.0030,0.0578,-0.0458
74144,2003,0.0184,-0.0332,-0.0400,-0.0398,0.0362,-0.0561
74509,2004,-0.1330,-0.1300,-0.1877,-0.1375,-0.0845,-0.0573
74875,2005,0.1565,0.1562,0.0879,0.0965,0.1679,0.0286
75240,2006,-0.0309,-0.0355,0.0865,-0.0119,-0.0147,-0.1163
75605,2007,0.4280,0.3563,0.4354,0.4059,0.3980,0.3101
75970,2008,0.2852,0.2769,0.2881,0.3015,0.2864,0.2241
76336,2009,0.0476,-0.0672,0.0589,0.0525,0.0900,0.0068
76701,2010,0.1457,0.2656,0.0667,0.1486,0.3296,0.1859
77066,2011,0.0781,-0.0621,0.1558,0.0876,-0.0146,0.0598
77431,2012,0.0577,0.0930,0.0844,0.1109,0.1340,0.0938
77797,2013,0.1673,0.1258,0.1593,0.1983,0.1521,0.0997
78162,2014,0.6472,0.5879,0.6778,0.6495,0.6122,0.5967
78527,2015,0.4508,0.4477,0.4906,0.5673,0.4652,0.4712
78892,2016,0.6747,0.7376,0.6853,0.7571,0.7389,0.7090
79258,2017,0.3061,0.3903,0.3545,0.3483,0.3922,0.3719
79623,2018,0.5187,0.5660,0.5547,0.5491,0.5623,0.4861
79988,2019,0.7894,0.9081,0.8453,0.8089,0.9309,0.7526
80353,2020,0.9948,1.0182,1.1367,1.0248,0.9806,0.8768
80719,2021,0.4365,0.4306,0.4851,0.4648,0.4043,0.4106
81084,2022,0.7286,0.9122,0.7951,0.7017,0.8761,0.6567
81449,2023,0.8394,1.0012,0.9592,0.9403,1.0301,0.9251
end data
