Conventions,G,BADC-CSV,1
title,G,Regional mean temperature for WMO RA 6 Europe
last_revised_date,G,2022-11-29
date_valid,G,2022-11-29
feature_type,G,area average
creator,G,WMO
source,G,Produced by climind version 0.1
observation_station,G,derived data
location,G,90.,-180.,-90.,180.
activity,G,WMO
history,G,""Data set created from file ['NOAAGlobalTemp_v*.nc'] downloaded from ['https://www.ncei.noaa.gov/data/noaa-global-surface-temperature/v5/access/gridded/NOAAGlobalTemp_v.*.nc'] at ['2022-11-21 17:47:59']""
history,G,""Data set created from file ['NOAAGlobalTemp_v*.nc'] downloaded from ['https://www.ncei.noaa.gov/data/noaa-global-surface-temperature/v5/access/gridded/NOAAGlobalTemp_v.*.nc'] at ['2022-11-21 17:47:59']""
history,G,""Regridded to 1 degree latitude-longitude resolution""
history,G,""Rebaselined to 1981-2010""
history,G,""Calculated area-average""
history,G,""Calculated annual average from monthly averages using arithmetic mean""
history,G,""Selected years within the range 1900 to 2022.""
history,G,""Wrote to file wmo_ra_6_NOAAGlobalTemp.csv""
history,G,"Data set created from file ['wmo_ra_6_NOAAGlobalTemp.csv'] downloaded from [''] at ['2022-11-23 19:15:06']"
reference,G,"Huang, B., M. J. Menne, T. Boyer, E. Freeman, B. E. Gleason, J. H. Lawrimore, C. Liu, J. J. Rennie, C. Schreck, F. Sun, R. Vose, C. N. Williams, X. Yin, H.-M. Zhang, 2020: Uncertainty estimates for sea surface temperature and land surface air temperature in NOAAGlobalTemp version 5. , J. Climate, 33, 1351-1379, DOI: 10.1175/JCLI-D-19-0395.1"
reference,G,"Zhang, Huai-Min, Jay H. Lawrimore, Boyin Huang, Matthew J. Menne, Xungang Yin, Ahira Sȧnchez-Lugo, Byron E. Gleason, Russell Vose, Derek Arndt, J. Jared Rennie, and Claude N. Williams. (2019) Updated Temperature Data Give a Sharper View of Climate Trends. Eos, 100, https://doi.org/10.1029/2019EO128229"
rights,G,TBD
comments,G,Data produced by climind version 0.1
comments,G,Format description https://help.ceda.ac.uk/article/105-badc-csv
long_name,time,time,days since 1800-01-01 00:00:00.0
type,time,int
long_name,year,year,1
type,year,int
long_name,data,wmo_ra_6,degC
type,data,float
coordinate_variable,time,t
data
time,year,data
36524,1900,-0.9391
36889,1901,-0.6626
37254,1902,-1.6578
37619,1903,-0.5940
37984,1904,-1.1243
38350,1905,-0.7691
38715,1906,-0.5797
39080,1907,-1.4632
39445,1908,-1.4005
39811,1909,-1.0590
40176,1910,-0.5408
40541,1911,-1.0606
40906,1912,-1.3478
41272,1913,-0.7525
41637,1914,-0.8195
42002,1915,-1.1209
42367,1916,-0.6391
42733,1917,-1.2567
43098,1918,-0.9216
43463,1919,-1.2756
43828,1920,-0.6004
44194,1921,-0.6763
44559,1922,-0.9631
44924,1923,-0.6648
45289,1924,-0.9170
45655,1925,-0.4643
46020,1926,-0.7567
46385,1927,-0.7806
46750,1928,-0.8308
47116,1929,-1.2135
47481,1930,-0.2546
47846,1931,-1.0133
48211,1932,-0.4109
48577,1933,-1.1744
48942,1934,0.0161
49307,1935,-0.4331
49672,1936,-0.1000
50038,1937,-0.0051
50403,1938,-0.0158
50768,1939,-0.2936
51133,1940,-1.3788
51499,1941,-1.6000
51864,1942,-1.4443
52229,1943,-0.2175
52594,1944,-0.3730
52960,1945,-0.8642
53325,1946,-0.3598
53690,1947,-0.4718
54055,1948,-0.2831
54421,1949,-0.3119
54786,1950,-0.4068
55151,1951,-0.4475
55516,1952,-0.5549
55882,1953,-0.4937
56247,1954,-0.6580
56612,1955,-0.6744
56977,1956,-1.5605
57343,1957,-0.1470
57708,1958,-0.6732
58073,1959,-0.4015
58438,1960,-0.2428
58804,1961,0.0943
59169,1962,-0.3806
59534,1963,-0.8844
59899,1964,-0.6454
60265,1965,-0.9717
60630,1966,-0.3986
60995,1967,-0.3720
61360,1968,-0.7749
61726,1969,-1.3319
62091,1970,-0.6512
62456,1971,-0.6816
62821,1972,-0.4577
63187,1973,-0.6328
63552,1974,-0.1039
63917,1975,0.0928
64282,1976,-1.2092
64648,1977,-0.4891
65013,1978,-1.0899
65378,1979,-0.6014
65743,1980,-0.9333
66109,1981,-0.2944
66474,1982,-0.4549
66839,1983,-0.2414
67204,1984,-0.5928
67570,1985,-1.0646
67935,1986,-0.5942
68300,1987,-1.2811
68665,1988,-0.2958
69031,1989,0.3733
69396,1990,0.2667
69761,1991,-0.1624
70126,1992,-0.3168
70492,1993,-0.7725
70857,1994,-0.0978
71222,1995,0.1991
71587,1996,-0.5172
71953,1997,-0.2527
72318,1998,-0.1153
72683,1999,0.3886
73048,2000,0.6550
73414,2001,0.3304
73779,2002,0.4214
74144,2003,0.4076
74509,2004,0.3592
74875,2005,0.4837
75240,2006,0.4017
75605,2007,0.8987
75970,2008,0.7865
76336,2009,0.5288
76701,2010,0.5520
77066,2011,0.5549
77431,2012,0.5197
77797,2013,0.6497
78162,2014,1.0546
78527,2015,1.0520
78892,2016,1.0959
79258,2017,0.8169
79623,2018,1.0525
79988,2019,1.2830
80353,2020,1.5489
80719,2021,0.7510
81084,2022,1.1032
end data
