Conventions,G,BADC-CSV,1
title,G,Regional mean temperature for WMO RA 6 Europe
last_revised_date,G,2023-10-31
date_valid,G,2023-10-31
feature_type,G,area average
creator,G,WMO
source,G,Produced by climind version 1.0
observation_station,G,derived data
location,G,90.,-180.,-90.,180.
activity,G,WMO
history,G,""Gridded dataset created from file ['era5_2m_tas_2023.nc'] downloaded from ['']""
history,G,""Regridded to 1 degree latitude-longitude resolution""
history,G,""Rebaselined to 1991-2020""
history,G,""Calculated area-average""
history,G,""Calculated annual average from monthly averages using arithmetic mean""
history,G,""Selected years within the range 1900 to 2023.""
history,G,""Wrote to file wmo_ra_6_ERA5.csv""
history,G,"Data set created from file ['wmo_ra_6_ERA5.csv'] downloaded from [''] at ['2023-10-27 10:54:35']"
reference,G,"Hersbach H, Bell B, Berrisford P et al. 2020. The ERA5 global reanalysis. Q. J. R. Meteorol. Soc. 146: 1999-2049. https://doi.org/10.1002/qj.3803"
rights,G,TBD
comments,G,Data produced by climind version 1.0
comments,G,Format description https://help.ceda.ac.uk/article/105-badc-csv
comments,G,"Original data acknowledgement: Contains using Copernicus Climate Change Service information [2023]. Neither the European Commission nor ECMWF is responsible for any use that may be made of the Copernicus information or data it contains."
long_name,time,time,days since 1800-01-01 00:00:00.0
type,time,int
long_name,year,year,1
type,year,int
long_name,data,wmo_ra_6,degC
type,data,float
coordinate_variable,time,t
data
time,year,data
65378,1979,-1.1112
65743,1980,-1.3356
66109,1981,-0.7879
66474,1982,-0.9971
66839,1983,-0.8069
67204,1984,-1.0306
67570,1985,-1.5641
67935,1986,-1.0728
68300,1987,-1.6115
68665,1988,-0.7008
69031,1989,-0.0848
69396,1990,-0.1723
69761,1991,-0.7101
70126,1992,-0.9711
70492,1993,-1.3013
70857,1994,-0.5382
71222,1995,-0.1782
71587,1996,-0.7770
71953,1997,-0.6564
72318,1998,-0.4415
72683,1999,-0.1021
73048,2000,0.2096
73414,2001,-0.1378
73779,2002,0.0027
74144,2003,-0.0332
74509,2004,-0.1300
74875,2005,0.1562
75240,2006,-0.0355
75605,2007,0.3563
75970,2008,0.2769
76336,2009,-0.0672
76701,2010,0.2656
77066,2011,-0.0621
77431,2012,0.0930
77797,2013,0.1258
78162,2014,0.5879
78527,2015,0.4477
78892,2016,0.7376
79258,2017,0.3903
79623,2018,0.5660
79988,2019,0.9081
80353,2020,1.0182
80719,2021,0.4306
81084,2022,0.9122
81449,2023,1.0066
end data
