Conventions,G,BADC-CSV,1
title,G,Regional mean temperature for WMO RA 6 Europe
last_revised_date,G,2023-11-01
date_valid,G,2023-11-01
feature_type,G,area average
creator,G,WMO
source,G,Produced by climind version 1.0
observation_station,G,derived data
location,G,90.,-180.,-90.,180.
rights,G,TBD
activity,G,WMO
comments,G,Format description https://help.ceda.ac.uk/article/105-badc-csv
history,wmo_ra_6_Berkeley_Earth,""Data set created from file ['Land_and_Ocean_LatLong1.nc'] downloaded from ['https://berkeley-earth-temperature.s3.us-west-1.amazonaws.com/Global/Gridded/Land_and_Ocean_LatLong1.nc'] at ['2023-10-31 16:14:45']""
history,wmo_ra_6_Berkeley_Earth,""Rebaselined to 1991-2020""
history,wmo_ra_6_Berkeley_Earth,""Calculated area-average""
history,wmo_ra_6_Berkeley_Earth,""Calculated annual average from monthly averages using arithmetic mean""
history,wmo_ra_6_Berkeley_Earth,""Selected years within the range 1900 to 2023.""
history,wmo_ra_6_Berkeley_Earth,""Wrote to file wmo_ra_6_Berkeley Earth.csv""
history,wmo_ra_6_Berkeley_Earth,"Data set created from file ['wmo_ra_6_Berkeley Earth.csv'] downloaded from [''] at ['2023-11-01 16:35:38']"
reference,wmo_ra_6_Berkeley_Earth,"Rohde, R. A. and Hausfather, Z.: The Berkeley Earth Land/Ocean Temperature Record, Earth Syst. Sci. Data, 12, 3469-3479, https://doi.org/10.5194/essd-12-3469-2020, 2020"
comments,wmo_ra_6_Berkeley_Earth,"Original data acknowledgement: "
history,wmo_ra_6_ERA5,""Gridded dataset created from file ['era5_2m_tas_2023.nc'] downloaded from ['']""
history,wmo_ra_6_ERA5,""Regridded to 1 degree latitude-longitude resolution""
history,wmo_ra_6_ERA5,""Rebaselined to 1991-2020""
history,wmo_ra_6_ERA5,""Calculated area-average""
history,wmo_ra_6_ERA5,""Calculated annual average from monthly averages using arithmetic mean""
history,wmo_ra_6_ERA5,""Selected years within the range 1900 to 2023.""
history,wmo_ra_6_ERA5,""Wrote to file wmo_ra_6_ERA5.csv""
history,wmo_ra_6_ERA5,"Data set created from file ['wmo_ra_6_ERA5.csv'] downloaded from [''] at ['2023-11-01 16:36:33']"
reference,wmo_ra_6_ERA5,"Hersbach H, Bell B, Berrisford P et al. 2020. The ERA5 global reanalysis. Q. J. R. Meteorol. Soc. 146: 1999-2049. https://doi.org/10.1002/qj.3803"
comments,wmo_ra_6_ERA5,"Original data acknowledgement: Contains using Copernicus Climate Change Service information [2023]. Neither the European Commission nor ECMWF is responsible for any use that may be made of the Copernicus information or data it contains."
history,wmo_ra_6_GISTEMP,""Data set created from file ['gistemp1200_GHCNv4_ERSSTv5.nc.gz'] downloaded from ['https://data.giss.nasa.gov/pub/gistemp/gistemp1200_GHCNv4_ERSSTv5.nc.gz'] at ['2023-10-13 17:19:30']""
history,wmo_ra_6_GISTEMP,""Regridded to 1 degree latitude-longitude resolution""
history,wmo_ra_6_GISTEMP,""Rebaselined to 1991-2020""
history,wmo_ra_6_GISTEMP,""Calculated area-average""
history,wmo_ra_6_GISTEMP,""Calculated annual average from monthly averages using arithmetic mean""
history,wmo_ra_6_GISTEMP,""Selected years within the range 1900 to 2023.""
history,wmo_ra_6_GISTEMP,""Wrote to file wmo_ra_6_GISTEMP.csv""
history,wmo_ra_6_GISTEMP,"Data set created from file ['wmo_ra_6_GISTEMP.csv'] downloaded from [''] at ['2023-11-01 16:36:56']"
reference,wmo_ra_6_GISTEMP,"Lenssen, N., G. Schmidt, J. Hansen, M. Menne, A. Persin, R. Ruedy, and D. Zyss, 2019: Improvements in the GISTEMP uncertainty model. J. Geophys. Res. Atmos., 124, no. 12, 6307-6326, doi:10.1029/2018JD029522"
comments,wmo_ra_6_GISTEMP,"Original data acknowledgement: "
history,wmo_ra_6_HadCRUT5,""Data set created from file ['HadCRUT.5.0.1.0.analysis.anomalies.ensemble_mean.nc'] downloaded from ['https://www.metoffice.gov.uk/hadobs/hadcrut5/data/current/analysis/HadCRUT.5.0.1.0.analysis.anomalies.ensemble_mean.nc'] at ['2023-10-31 16:06:13']""
history,wmo_ra_6_HadCRUT5,""Regridded to 1 degree latitude-longitude resolution""
history,wmo_ra_6_HadCRUT5,""Rebaselined to 1991-2020""
history,wmo_ra_6_HadCRUT5,""Calculated area-average""
history,wmo_ra_6_HadCRUT5,""Calculated annual average from monthly averages using arithmetic mean""
history,wmo_ra_6_HadCRUT5,""Selected years within the range 1900 to 2023.""
history,wmo_ra_6_HadCRUT5,""Wrote to file wmo_ra_6_HadCRUT5.csv""
history,wmo_ra_6_HadCRUT5,"Data set created from file ['wmo_ra_6_HadCRUT5.csv'] downloaded from [''] at ['2023-11-01 16:37:43']"
reference,wmo_ra_6_HadCRUT5,"Morice, C. P., Kennedy, J. J., Rayner, N. A., Winn, J. P., Hogan, E., Killick, R. E., et al. (2021). An updated assessment of near-surface temperature change from 1850: the HadCRUT5 data set. Journal of Geophysical Research: Atmospheres, 126, e2019JD032361. https://doi.org/10.1029/2019JD032361"
comments,wmo_ra_6_HadCRUT5,"Original data acknowledgement: HadCRUT.5.0.1.0 data were obtained from http://www.metoffice.gov.uk/hadobs/hadcrut5 on 2023-10-31 16:06:13 and are © British Crown Copyright, Met Office 2023, provided under an Open Government License, http://www.nationalarchives.gov.uk/doc/open-government-licence/version/3/"
history,wmo_ra_6_JRA-55,""Data set created from file ['anl_surf125.011_tmp.202301_202312', 'anl_surf125.2023MMMM'] downloaded from ['', ''] at ['2023-10-06 11:01:38']""
history,wmo_ra_6_JRA-55,""Regridded to 1 degree latitude-longitude resolution""
history,wmo_ra_6_JRA-55,""Rebaselined to 1991-2020""
history,wmo_ra_6_JRA-55,""Calculated area-average""
history,wmo_ra_6_JRA-55,""Calculated annual average from monthly averages using arithmetic mean""
history,wmo_ra_6_JRA-55,""Selected years within the range 1900 to 2023.""
history,wmo_ra_6_JRA-55,""Wrote to file wmo_ra_6_JRA-55.csv""
history,wmo_ra_6_JRA-55,"Data set created from file ['wmo_ra_6_JRA-55.csv'] downloaded from [''] at ['2023-11-01 16:38:41']"
reference,wmo_ra_6_JRA-55,"Kobayashi, S., Ota, Y., Harada, Y., Ebita, A., Moriya, M., Onoda, H., Onogi, K., Kamahori, H., Kobayashi, C., Endo, H. and Miyaoka, K., (2015). The JRA-55 reanalysis: General specifications and basic characteristics. Journal of the Meteorological Society of Japan. Ser. II, 93(1), pp.5-48."
comments,wmo_ra_6_JRA-55,"Original data acknowledgement: "
history,wmo_ra_6_Kadow,""Data set created from file ['HadCRUT.5.0.1.0.anomalies.Kadow_et_al_2020_20crAI-infilled.ensemble_mean_185001-*.nc'] downloaded from [''] at ['2023-10-23 09:13:55']""
history,wmo_ra_6_Kadow,""Regridded to 1 degree latitude-longitude resolution""
history,wmo_ra_6_Kadow,""Rebaselined to 1991-2020""
history,wmo_ra_6_Kadow,""Calculated area-average""
history,wmo_ra_6_Kadow,""Calculated annual average from monthly averages using arithmetic mean""
history,wmo_ra_6_Kadow,""Selected years within the range 1900 to 2023.""
history,wmo_ra_6_Kadow,""Wrote to file wmo_ra_6_Kadow.csv""
history,wmo_ra_6_Kadow,"Data set created from file ['wmo_ra_6_Kadow.csv'] downloaded from [''] at ['2023-11-01 16:39:13']"
reference,wmo_ra_6_Kadow,"Kadow, C., Hall, D.M. & Ulbrich, U. Artificial intelligence reconstructs missing climate information. Nat. Geosci. (2020). https://doi.org/10.1038/s41561-020-0582-5"
comments,wmo_ra_6_Kadow,"Original data acknowledgement: "
history,wmo_ra_6_NOAA_Interim,""Data set created from file ['NOAAGlobalTemp_v*.nc'] downloaded from ['https://www.ncei.noaa.gov/data/noaa-global-surface-temperature/v5.1/access/gridded/NOAAGlobalTemp_v.*.nc'] at ['2023-10-14 08:45:48']""
history,wmo_ra_6_NOAA_Interim,""Data set created from file ['NOAAGlobalTemp_v*.nc'] downloaded from ['https://www.ncei.noaa.gov/data/noaa-global-surface-temperature/v5.1/access/gridded/NOAAGlobalTemp_v.*.nc'] at ['2023-10-14 08:45:48']""
history,wmo_ra_6_NOAA_Interim,""Regridded to 1 degree latitude-longitude resolution""
history,wmo_ra_6_NOAA_Interim,""Rebaselined to 1991-2020""
history,wmo_ra_6_NOAA_Interim,""Calculated area-average""
history,wmo_ra_6_NOAA_Interim,""Calculated annual average from monthly averages using arithmetic mean""
history,wmo_ra_6_NOAA_Interim,""Selected years within the range 1900 to 2023.""
history,wmo_ra_6_NOAA_Interim,""Wrote to file wmo_ra_6_NOAA Interim.csv""
history,wmo_ra_6_NOAA_Interim,"Data set created from file ['wmo_ra_6_NOAA Interim.csv'] downloaded from [''] at ['2023-11-01 16:40:06']"
reference,wmo_ra_6_NOAA_Interim,"Vose, R.S., B. Huang, X. Yin., D. Arndt, D.R. Easterling, J.H. Lawrimore, M.J. Menne, A. Sanchez-Lugo, H.-M. Zhang, 2021: Implementing full spatial coverage in NOAA’s global temperature analysis. Geophysical Research Letters, 48, e2020GL090873. https://doi.org/10.1029/2020GL090873"
comments,wmo_ra_6_NOAA_Interim,"Original data acknowledgement: "
long_name,time,time,days since 1800-01-01 00:00:00.0
type,time,int
long_name,year,year,1
type,year,int
long_name,wmo_ra_6_Berkeley_Earth,wmo_ra_6,degC
type,wmo_ra_6_Berkeley_Earth,float
long_name,wmo_ra_6_ERA5,wmo_ra_6,degC
type,wmo_ra_6_ERA5,float
long_name,wmo_ra_6_GISTEMP,wmo_ra_6,degC
type,wmo_ra_6_GISTEMP,float
long_name,wmo_ra_6_HadCRUT5,wmo_ra_6,degC
type,wmo_ra_6_HadCRUT5,float
long_name,wmo_ra_6_JRA-55,wmo_ra_6,degC
type,wmo_ra_6_JRA-55,float
long_name,wmo_ra_6_Kadow,wmo_ra_6,degC
type,wmo_ra_6_Kadow,float
long_name,wmo_ra_6_NOAA_Interim,wmo_ra_6,degC
type,wmo_ra_6_NOAA_Interim,float
coordinate_variable,time,t
data
time,year,wmo_ra_6_Berkeley_Earth,wmo_ra_6_ERA5,wmo_ra_6_GISTEMP,wmo_ra_6_HadCRUT5,wmo_ra_6_JRA-55,wmo_ra_6_Kadow,wmo_ra_6_NOAA_Interim
36524,1900,-1.2653,,-1.4658,-1.3662,,-1.2733,-1.5710
36889,1901,-1.0047,,-1.3323,-1.0725,,-1.0320,-1.2596
37254,1902,-2.0009,,-2.2362,-1.9977,,-1.9954,-2.2452
37619,1903,-0.9835,,-1.2716,-1.0551,,-1.0835,-1.2432
37984,1904,-1.5350,,-1.7866,-1.5501,,-1.6813,-1.7299
38350,1905,-1.1492,,-1.3625,-1.1417,,-1.1920,-1.3623
38715,1906,-1.0938,,-1.3855,-1.0795,,-1.1710,-1.2741
39080,1907,-1.8935,,-2.1771,-1.8984,,-1.9846,-1.9809
39445,1908,-1.6642,,-1.8741,-1.6780,,-1.6905,-1.8871
39811,1909,-1.4273,,-1.7201,-1.3899,,-1.3787,-1.6330
40176,1910,-1.1382,,-1.4033,-1.0661,,-1.1742,-1.2374
40541,1911,-1.4221,,-1.6225,-1.3891,,-1.4028,-1.6083
40906,1912,-1.5757,,-1.8167,-1.6547,,-1.5080,-1.8613
41272,1913,-1.1335,,-1.3830,-1.1697,,-1.1357,-1.4064
41637,1914,-1.4168,,-1.6819,-1.3539,,-1.4736,-1.5468
42002,1915,-1.5650,,-1.7701,-1.5197,,-1.4315,-1.6774
42367,1916,-1.0027,,-1.2714,-1.1347,,-0.9374,-1.1608
42733,1917,-1.7602,,-1.9609,-1.8286,,-1.6725,-1.8167
43098,1918,-1.4758,,-1.7213,-1.4851,,-1.4714,-1.6260
43463,1919,-1.6957,,-2.0390,-1.7119,,-1.6915,-1.8306
43828,1920,-1.1157,,-1.3611,-1.0740,,-1.1242,-1.3293
44194,1921,-1.1508,,-1.3686,-1.1138,,-1.1902,-1.3809
44559,1922,-1.3582,,-1.7170,-1.3312,,-1.3521,-1.6239
44924,1923,-0.9115,,-1.1784,-1.0052,,-1.0297,-1.2669
45289,1924,-1.2310,,-1.4642,-1.2178,,-1.2486,-1.3722
45655,1925,-0.8157,,-1.1493,-0.8694,,-0.8463,-1.1232
46020,1926,-1.1196,,-1.2567,-1.0685,,-0.9931,-1.3076
46385,1927,-1.2279,,-1.3006,-1.0907,,-0.9759,-1.3113
46750,1928,-1.1558,,-1.2173,-1.0873,,-1.0342,-1.3359
47116,1929,-1.4817,,-1.6248,-1.5127,,-1.3390,-1.6382
47481,1930,-0.5639,,-0.6600,-0.5741,,-0.4481,-0.8321
47846,1931,-1.4241,,-1.4806,-1.2725,,-1.2469,-1.5676
48211,1932,-0.7667,,-0.9074,-0.7030,,-0.5991,-0.8767
48577,1933,-1.4875,,-1.6009,-1.4471,,-1.4876,-1.5691
48942,1934,-0.4094,,-0.5100,-0.3434,,-0.3206,-0.5246
49307,1935,-0.8563,,-0.9452,-0.7708,,-0.7145,-1.0215
49672,1936,-0.5173,,-0.6572,-0.4865,,-0.3739,-0.5751
50038,1937,-0.4024,,-0.4709,-0.3425,,-0.3278,-0.6300
50403,1938,-0.3917,,-0.5262,-0.3357,,-0.3931,-0.5577
50768,1939,-0.6455,,-0.7764,-0.6135,,-0.5660,-0.6637
51133,1940,-1.6542,,-1.7091,-1.5638,,-1.5559,-1.7854
51499,1941,-1.9494,,-1.9450,-1.8558,,-1.7734,-1.8066
51864,1942,-1.8963,,-1.9507,-1.7789,,-1.7514,-1.8712
52229,1943,-0.7896,,-0.8466,-0.7245,,-0.6078,-0.9325
52594,1944,-0.9164,,-1.0382,-0.7972,,-0.7283,-1.0476
52960,1945,-1.2145,,-1.3572,-1.1981,,-1.1482,-1.3562
53325,1946,-0.6964,,-0.8903,-0.7373,,-0.6478,-0.7797
53690,1947,-0.6083,,-0.8134,-0.7420,,-0.6522,-0.9328
54055,1948,-0.8066,,-0.8987,-0.7769,,-0.6214,-0.9774
54421,1949,-0.7543,,-0.8789,-0.7389,,-0.8158,-0.9679
54786,1950,-0.7788,,-0.9947,-0.8032,,-0.8354,-0.9086
55151,1951,-0.9424,,-1.0552,-0.9391,,-0.9578,-1.0151
55516,1952,-0.9049,,-1.1260,-0.9215,,-0.9088,-1.0239
55882,1953,-0.9097,,-0.9487,-0.8720,,-0.8771,-0.9732
56247,1954,-1.0409,,-1.2660,-1.0957,,-1.0299,-1.0791
56612,1955,-1.1170,,-1.2989,-1.1421,,-1.1797,-1.2752
56977,1956,-2.0121,,-2.1910,-1.9754,,-1.9965,-2.0766
57343,1957,-0.5176,,-0.7380,-0.5874,,-0.5549,-0.7188
57708,1958,-1.0505,,-1.1517,-1.1144,-0.9262,-1.1155,-1.2527
58073,1959,-0.8478,,-0.9532,-0.9012,-0.7337,-0.8944,-1.1155
58438,1960,-0.5984,,-0.7923,-0.6703,-0.4392,-0.6237,-0.8797
58804,1961,-0.4238,,-0.5553,-0.4776,-0.3291,-0.4094,-0.6950
59169,1962,-0.7210,,-1.0281,-0.8107,-0.7206,-0.8025,-0.9337
59534,1963,-1.2693,,-1.4726,-1.3500,-1.1502,-1.3208,-1.4553
59899,1964,-1.1367,,-1.2614,-1.1856,-0.9416,-1.1149,-1.3512
60265,1965,-1.3206,,-1.4838,-1.3535,-1.1148,-1.3712,-1.5064
60630,1966,-0.9285,,-1.0735,-0.9551,-0.7978,-0.9223,-1.1236
60995,1967,-0.8520,,-1.0102,-0.8535,-0.8345,-0.8301,-0.9626
61360,1968,-1.3637,,-1.4683,-1.3060,-1.1358,-1.3278,-1.5018
61726,1969,-1.7387,,-1.7697,-1.7257,-1.6682,-1.7505,-1.8856
62091,1970,-1.1035,,-1.2899,-1.1439,-0.9898,-1.1009,-1.1478
62456,1971,-1.2799,,-1.2843,-1.2477,-1.2605,-1.1914,-1.2808
62821,1972,-0.9182,,-1.1146,-0.9672,-0.8639,-0.9536,-0.9419
63187,1973,-1.2056,,-1.2610,-1.1820,-1.2021,-1.1481,-1.1994
63552,1974,-0.5335,,-0.6722,-0.6234,-0.5974,-0.5861,-0.6465
63917,1975,-0.5388,,-0.6013,-0.5533,-0.4695,-0.5533,-0.5981
64282,1976,-1.5855,,-1.6639,-1.5626,-1.6108,-1.6103,-1.5501
64648,1977,-0.9561,,-1.0171,-1.0010,-0.9126,-0.9772,-0.9406
65013,1978,-1.5325,,-1.6465,-1.5614,-1.4946,-1.5393,-1.5362
65378,1979,-1.0722,-1.1112,-1.1797,-1.1125,-1.0823,-1.0774,-0.9475
65743,1980,-1.3198,-1.3356,-1.4101,-1.3366,-1.3614,-1.3571,-1.1736
66109,1981,-0.7517,-0.7879,-0.8315,-0.7406,-0.8130,-0.7609,-0.5395
66474,1982,-1.0057,-0.9971,-1.0318,-1.0056,-1.0439,-0.9654,-0.8680
66839,1983,-0.8942,-0.8069,-0.8864,-0.8335,-0.8715,-0.7791,-0.7491
67204,1984,-1.0937,-1.0306,-1.1367,-1.0685,-1.1393,-1.0752,-0.8739
67570,1985,-1.5084,-1.5641,-1.6176,-1.5459,-1.5597,-1.4732,-1.2846
67935,1986,-1.0779,-1.0728,-1.2216,-1.1509,-1.1343,-1.0670,-0.8822
68300,1987,-1.7985,-1.6115,-1.8241,-1.7711,-1.6810,-1.7238,-1.5517
68665,1988,-0.7168,-0.7008,-0.7490,-0.7300,-0.8054,-0.7580,-0.5957
69031,1989,-0.1701,-0.0848,-0.2542,-0.2220,-0.1976,-0.2404,-0.1219
69396,1990,-0.1838,-0.1723,-0.2279,-0.1973,-0.3000,-0.2549,-0.0772
69761,1991,-0.6326,-0.7101,-0.6994,-0.6435,-0.8221,-0.6492,-0.3397
70126,1992,-0.8964,-0.9711,-0.8471,-0.8168,-1.0514,-0.8708,-0.5919
70492,1993,-1.3075,-1.3013,-1.2978,-1.2532,-1.4292,-1.3099,-1.1976
70857,1994,-0.5689,-0.5382,-0.5697,-0.5957,-0.5548,-0.6351,-0.5705
71222,1995,-0.2412,-0.1782,-0.3336,-0.2760,-0.2195,-0.3190,-0.2578
71587,1996,-0.8528,-0.7770,-1.0339,-0.9385,-0.8613,-0.8886,-0.7828
71953,1997,-0.7070,-0.6564,-0.6800,-0.7600,-0.7015,-0.7638,-0.7271
72318,1998,-0.4401,-0.4415,-0.4416,-0.4879,-0.4493,-0.5664,-0.4252
72683,1999,-0.1104,-0.1021,-0.1189,-0.1318,-0.1404,-0.0892,-0.1082
73048,2000,0.2417,0.2096,0.2298,0.1547,0.1844,0.1681,0.1594
73414,2001,-0.1705,-0.1378,-0.1663,-0.1718,-0.1755,-0.1607,-0.1807
73779,2002,0.0493,0.0027,0.0147,0.0030,0.0578,-0.0223,-0.0501
74144,2003,0.0156,-0.0332,-0.0401,-0.0398,0.0362,-0.0124,-0.0618
74509,2004,-0.1345,-0.1300,-0.1889,-0.1375,-0.0845,-0.0998,-0.0612
74875,2005,0.1560,0.1562,0.0874,0.0966,0.1679,0.1308,0.0243
75240,2006,-0.0301,-0.0355,0.0867,-0.0119,-0.0147,-0.0717,-0.1192
75605,2007,0.4290,0.3563,0.4328,0.4059,0.3980,0.4465,0.3060
75970,2008,0.2860,0.2769,0.2874,0.3015,0.2864,0.2835,0.2204
76336,2009,0.0493,-0.0672,0.0593,0.0525,0.0900,0.1216,0.0044
76701,2010,0.1459,0.2656,0.0649,0.1486,0.3296,0.1730,0.1834
77066,2011,0.0797,-0.0621,0.1556,0.0877,-0.0146,0.0991,0.0591
77431,2012,0.0586,0.0930,0.0808,0.1109,0.1340,0.0870,0.0949
77797,2013,0.1716,0.1258,0.1582,0.1983,0.1521,0.2818,0.1034
78162,2014,0.6505,0.5879,0.6800,0.6495,0.6122,0.6996,0.5996
78527,2015,0.4543,0.4477,0.4905,0.5673,0.4652,0.5505,0.4787
78892,2016,0.6785,0.7376,0.6871,0.7571,0.7389,0.6719,0.7138
79258,2017,0.3097,0.3903,0.3573,0.3483,0.3922,0.2245,0.3835
79623,2018,0.5218,0.5660,0.5553,0.5491,0.5623,0.6052,0.4949
79988,2019,0.7931,0.9081,0.8466,0.8089,0.9309,0.8168,0.7588
80353,2020,1.0015,1.0182,1.1428,1.0244,0.9806,1.0990,0.8891
80719,2021,0.4375,0.4306,0.4891,0.4646,0.4043,0.3458,0.4207
81084,2022,0.7303,0.9122,0.7956,0.7017,0.8761,0.7298,0.6571
81449,2023,0.7363,1.0066,0.9458,0.9333,1.0260,0.7894,0.9301
end data
