Conventions,G,BADC-CSV,1
title,G,Regional mean temperature for Central America
last_revised_date,G,2023-11-02
date_valid,G,2023-11-02
feature_type,G,area average
creator,G,WMO
source,G,Produced by climind version 1.0
observation_station,G,derived data
location,G,90.,-180.,-90.,180.
activity,G,WMO
history,G,""Data set created from file ['anl_surf125.011_tmp.202301_202312', 'anl_surf125.2023MMMM'] downloaded from ['', ''] at ['2023-10-06 11:01:38']""
history,G,""Regridded to 1 degree latitude-longitude resolution""
history,G,""Rebaselined to 1991-2020""
history,G,""Calculated area-average""
history,G,""Calculated annual average from monthly averages using arithmetic mean""
history,G,""Selected years within the range 1900 to 2023.""
history,G,""Wrote to file lac_subregion_5_JRA-55.csv""
history,G,"Data set created from file ['lac_subregion_5_JRA-55.csv'] downloaded from [''] at ['2023-11-01 16:38:56']"
reference,G,"Kobayashi, S., Ota, Y., Harada, Y., Ebita, A., Moriya, M., Onoda, H., Onogi, K., Kamahori, H., Kobayashi, C., Endo, H. and Miyaoka, K., (2015). The JRA-55 reanalysis: General specifications and basic characteristics. Journal of the Meteorological Society of Japan. Ser. II, 93(1), pp.5-48."
rights,G,TBD
comments,G,Data produced by climind version 1.0
comments,G,Format description https://help.ceda.ac.uk/article/105-badc-csv
comments,G,"Original data acknowledgement: "
long_name,time,time,days since 1800-01-01 00:00:00.0
type,time,int
long_name,year,year,1
type,year,int
long_name,data,lac_subregion_5,degC
type,data,float
coordinate_variable,time,t
data
time,year,data
57708,1958,-0.3151
58073,1959,-0.8224
58438,1960,-0.9116
58804,1961,-0.9867
59169,1962,-1.0860
59534,1963,-0.6276
59899,1964,-0.5499
60265,1965,-0.5720
60630,1966,-0.6675
60995,1967,-0.6901
61360,1968,-0.7812
61726,1969,-0.0837
62091,1970,-0.5961
62456,1971,-0.7107
62821,1972,-0.1505
63187,1973,-0.2846
63552,1974,-0.8569
63917,1975,-0.6778
64282,1976,-0.7898
64648,1977,-0.3416
65013,1978,-0.3717
65378,1979,-0.2259
65743,1980,-0.1800
66109,1981,-0.4091
66474,1982,-0.0688
66839,1983,0.2980
67204,1984,-0.6109
67570,1985,-0.5106
67935,1986,-0.4214
68300,1987,0.1369
68665,1988,-0.0666
69031,1989,-0.3873
69396,1990,-0.0698
69761,1991,-0.0104
70126,1992,-0.0968
70492,1993,-0.2889
70857,1994,-0.1590
71222,1995,-0.0096
71587,1996,-0.5312
71953,1997,-0.0375
72318,1998,0.2626
72683,1999,-0.7582
73048,2000,-0.5228
73414,2001,-0.3629
73779,2002,-0.0190
74144,2003,0.1240
74509,2004,0.0210
74875,2005,0.0896
75240,2006,-0.0244
75605,2007,-0.1112
75970,2008,-0.3084
76336,2009,-0.0366
76701,2010,-0.0760
77066,2011,-0.1061
77431,2012,-0.0474
77797,2013,0.1414
78162,2014,0.1980
78527,2015,0.5853
78892,2016,0.5773
79258,2017,0.2348
79623,2018,0.0506
79988,2019,0.5719
80353,2020,0.6498
80719,2021,0.4407
81084,2022,0.1395
81449,2023,0.8430
end data
