Conventions,G,BADC-CSV,1
title,G,Regional mean temperature for Central America
last_revised_date,G,2023-10-31
date_valid,G,2023-10-31
feature_type,G,area average
creator,G,WMO
source,G,Produced by climind version 1.0
observation_station,G,derived data
location,G,90.,-180.,-90.,180.
rights,G,TBD
activity,G,WMO
comments,G,Format description https://help.ceda.ac.uk/article/105-badc-csv
history,lac_subregion_5_Berkeley_Earth,""Data set created from file ['Land_and_Ocean_LatLong1.nc'] downloaded from ['https://berkeley-earth-temperature.s3.us-west-1.amazonaws.com/Global/Gridded/Land_and_Ocean_LatLong1.nc'] at ['2023-10-13 17:18:41']""
history,lac_subregion_5_Berkeley_Earth,""Rebaselined to 1991-2020""
history,lac_subregion_5_Berkeley_Earth,""Calculated area-average""
history,lac_subregion_5_Berkeley_Earth,""Calculated annual average from monthly averages using arithmetic mean""
history,lac_subregion_5_Berkeley_Earth,""Selected years within the range 1900 to 2023.""
history,lac_subregion_5_Berkeley_Earth,""Wrote to file lac_subregion_5_Berkeley Earth.csv""
history,lac_subregion_5_Berkeley_Earth,"Data set created from file ['lac_subregion_5_Berkeley Earth.csv'] downloaded from [''] at ['2023-10-27 10:54:18']"
reference,lac_subregion_5_Berkeley_Earth,"Rohde, R. A. and Hausfather, Z.: The Berkeley Earth Land/Ocean Temperature Record, Earth Syst. Sci. Data, 12, 3469-3479, https://doi.org/10.5194/essd-12-3469-2020, 2020"
comments,lac_subregion_5_Berkeley_Earth,"Original data acknowledgement: "
history,lac_subregion_5_ERA5,""Gridded dataset created from file ['era5_2m_tas_2023.nc'] downloaded from ['']""
history,lac_subregion_5_ERA5,""Regridded to 1 degree latitude-longitude resolution""
history,lac_subregion_5_ERA5,""Rebaselined to 1991-2020""
history,lac_subregion_5_ERA5,""Calculated area-average""
history,lac_subregion_5_ERA5,""Calculated annual average from monthly averages using arithmetic mean""
history,lac_subregion_5_ERA5,""Selected years within the range 1900 to 2023.""
history,lac_subregion_5_ERA5,""Wrote to file lac_subregion_5_ERA5.csv""
history,lac_subregion_5_ERA5,"Data set created from file ['lac_subregion_5_ERA5.csv'] downloaded from [''] at ['2023-10-27 10:54:46']"
reference,lac_subregion_5_ERA5,"Hersbach H, Bell B, Berrisford P et al. 2020. The ERA5 global reanalysis. Q. J. R. Meteorol. Soc. 146: 1999-2049. https://doi.org/10.1002/qj.3803"
comments,lac_subregion_5_ERA5,"Original data acknowledgement: Contains using Copernicus Climate Change Service information [2023]. Neither the European Commission nor ECMWF is responsible for any use that may be made of the Copernicus information or data it contains."
history,lac_subregion_5_GISTEMP,""Data set created from file ['gistemp1200_GHCNv4_ERSSTv5.nc.gz'] downloaded from ['https://data.giss.nasa.gov/pub/gistemp/gistemp1200_GHCNv4_ERSSTv5.nc.gz'] at ['2023-10-13 17:19:30']""
history,lac_subregion_5_GISTEMP,""Regridded to 1 degree latitude-longitude resolution""
history,lac_subregion_5_GISTEMP,""Rebaselined to 1991-2020""
history,lac_subregion_5_GISTEMP,""Calculated area-average""
history,lac_subregion_5_GISTEMP,""Calculated annual average from monthly averages using arithmetic mean""
history,lac_subregion_5_GISTEMP,""Selected years within the range 1900 to 2023.""
history,lac_subregion_5_GISTEMP,""Wrote to file lac_subregion_5_GISTEMP.csv""
history,lac_subregion_5_GISTEMP,"Data set created from file ['lac_subregion_5_GISTEMP.csv'] downloaded from [''] at ['2023-10-27 10:55:21']"
reference,lac_subregion_5_GISTEMP,"Lenssen, N., G. Schmidt, J. Hansen, M. Menne, A. Persin, R. Ruedy, and D. Zyss, 2019: Improvements in the GISTEMP uncertainty model. J. Geophys. Res. Atmos., 124, no. 12, 6307-6326, doi:10.1029/2018JD029522"
comments,lac_subregion_5_GISTEMP,"Original data acknowledgement: "
history,lac_subregion_5_HadCRUT5,""Data set created from file ['HadCRUT.5.0.1.0.analysis.anomalies.ensemble_mean.nc'] downloaded from ['https://www.metoffice.gov.uk/hadobs/hadcrut5/data/current/analysis/HadCRUT.5.0.1.0.analysis.anomalies.ensemble_mean.nc'] at ['2023-10-13 17:19:31']""
history,lac_subregion_5_HadCRUT5,""Regridded to 1 degree latitude-longitude resolution""
history,lac_subregion_5_HadCRUT5,""Rebaselined to 1991-2020""
history,lac_subregion_5_HadCRUT5,""Calculated area-average""
history,lac_subregion_5_HadCRUT5,""Calculated annual average from monthly averages using arithmetic mean""
history,lac_subregion_5_HadCRUT5,""Selected years within the range 1900 to 2023.""
history,lac_subregion_5_HadCRUT5,""Wrote to file lac_subregion_5_HadCRUT5.csv""
history,lac_subregion_5_HadCRUT5,"Data set created from file ['lac_subregion_5_HadCRUT5.csv'] downloaded from [''] at ['2023-10-27 10:56:20']"
reference,lac_subregion_5_HadCRUT5,"Morice, C. P., Kennedy, J. J., Rayner, N. A., Winn, J. P., Hogan, E., Killick, R. E., et al. (2021). An updated assessment of near-surface temperature change from 1850: the HadCRUT5 data set. Journal of Geophysical Research: Atmospheres, 126, e2019JD032361. https://doi.org/10.1029/2019JD032361"
comments,lac_subregion_5_HadCRUT5,"Original data acknowledgement: HadCRUT.5.0.1.0 data were obtained from http://www.metoffice.gov.uk/hadobs/hadcrut5 on 2023-10-13 17:19:31 and are © British Crown Copyright, Met Office 2023, provided under an Open Government License, http://www.nationalarchives.gov.uk/doc/open-government-licence/version/3/"
history,lac_subregion_5_JRA-55,""Data set created from file ['anl_surf125.011_tmp.202301_202312', 'anl_surf125.2023MMMM'] downloaded from ['', ''] at ['2023-10-06 11:01:38']""
history,lac_subregion_5_JRA-55,""Regridded to 1 degree latitude-longitude resolution""
history,lac_subregion_5_JRA-55,""Rebaselined to 1991-2020""
history,lac_subregion_5_JRA-55,""Calculated area-average""
history,lac_subregion_5_JRA-55,""Calculated annual average from monthly averages using arithmetic mean""
history,lac_subregion_5_JRA-55,""Selected years within the range 1900 to 2023.""
history,lac_subregion_5_JRA-55,""Wrote to file lac_subregion_5_JRA-55.csv""
history,lac_subregion_5_JRA-55,"Data set created from file ['lac_subregion_5_JRA-55.csv'] downloaded from [''] at ['2023-10-27 10:56:53']"
reference,lac_subregion_5_JRA-55,"Kobayashi, S., Ota, Y., Harada, Y., Ebita, A., Moriya, M., Onoda, H., Onogi, K., Kamahori, H., Kobayashi, C., Endo, H. and Miyaoka, K., (2015). The JRA-55 reanalysis: General specifications and basic characteristics. Journal of the Meteorological Society of Japan. Ser. II, 93(1), pp.5-48."
comments,lac_subregion_5_JRA-55,"Original data acknowledgement: "
history,lac_subregion_5_Kadow,""Data set created from file ['HadCRUT.5.0.1.0.anomalies.Kadow_et_al_2020_20crAI-infilled.ensemble_mean_185001-*.nc'] downloaded from [''] at ['2023-10-23 09:13:55']""
history,lac_subregion_5_Kadow,""Regridded to 1 degree latitude-longitude resolution""
history,lac_subregion_5_Kadow,""Rebaselined to 1991-2020""
history,lac_subregion_5_Kadow,""Calculated area-average""
history,lac_subregion_5_Kadow,""Calculated annual average from monthly averages using arithmetic mean""
history,lac_subregion_5_Kadow,""Selected years within the range 1900 to 2023.""
history,lac_subregion_5_Kadow,""Wrote to file lac_subregion_5_Kadow.csv""
history,lac_subregion_5_Kadow,"Data set created from file ['lac_subregion_5_Kadow.csv'] downloaded from [''] at ['2023-10-27 10:57:35']"
reference,lac_subregion_5_Kadow,"Kadow, C., Hall, D.M. & Ulbrich, U. Artificial intelligence reconstructs missing climate information. Nat. Geosci. (2020). https://doi.org/10.1038/s41561-020-0582-5"
comments,lac_subregion_5_Kadow,"Original data acknowledgement: "
history,lac_subregion_5_NOAA_Interim,""Data set created from file ['NOAAGlobalTemp_v*.nc'] downloaded from ['https://www.ncei.noaa.gov/data/noaa-global-surface-temperature/v5.1/access/gridded/NOAAGlobalTemp_v.*.nc'] at ['2023-10-14 08:45:48']""
history,lac_subregion_5_NOAA_Interim,""Data set created from file ['NOAAGlobalTemp_v*.nc'] downloaded from ['https://www.ncei.noaa.gov/data/noaa-global-surface-temperature/v5.1/access/gridded/NOAAGlobalTemp_v.*.nc'] at ['2023-10-14 08:45:48']""
history,lac_subregion_5_NOAA_Interim,""Regridded to 1 degree latitude-longitude resolution""
history,lac_subregion_5_NOAA_Interim,""Rebaselined to 1991-2020""
history,lac_subregion_5_NOAA_Interim,""Calculated area-average""
history,lac_subregion_5_NOAA_Interim,""Calculated annual average from monthly averages using arithmetic mean""
history,lac_subregion_5_NOAA_Interim,""Selected years within the range 1900 to 2023.""
history,lac_subregion_5_NOAA_Interim,""Wrote to file lac_subregion_5_NOAA Interim.csv""
history,lac_subregion_5_NOAA_Interim,"Data set created from file ['lac_subregion_5_NOAA Interim.csv'] downloaded from [''] at ['2023-10-27 10:58:36']"
reference,lac_subregion_5_NOAA_Interim,"Vose, R.S., B. Huang, X. Yin., D. Arndt, D.R. Easterling, J.H. Lawrimore, M.J. Menne, A. Sanchez-Lugo, H.-M. Zhang, 2021: Implementing full spatial coverage in NOAA’s global temperature analysis. Geophysical Research Letters, 48, e2020GL090873. https://doi.org/10.1029/2020GL090873"
comments,lac_subregion_5_NOAA_Interim,"Original data acknowledgement: "
long_name,time,time,days since 1800-01-01 00:00:00.0
type,time,int
long_name,year,year,1
type,year,int
long_name,lac_subregion_5_Berkeley_Earth,lac_subregion_5,degC
type,lac_subregion_5_Berkeley_Earth,float
long_name,lac_subregion_5_ERA5,lac_subregion_5,degC
type,lac_subregion_5_ERA5,float
long_name,lac_subregion_5_GISTEMP,lac_subregion_5,degC
type,lac_subregion_5_GISTEMP,float
long_name,lac_subregion_5_HadCRUT5,lac_subregion_5,degC
type,lac_subregion_5_HadCRUT5,float
long_name,lac_subregion_5_JRA-55,lac_subregion_5,degC
type,lac_subregion_5_JRA-55,float
long_name,lac_subregion_5_Kadow,lac_subregion_5,degC
type,lac_subregion_5_Kadow,float
long_name,lac_subregion_5_NOAA_Interim,lac_subregion_5,degC
type,lac_subregion_5_NOAA_Interim,float
coordinate_variable,time,t
data
time,year,lac_subregion_5_Berkeley_Earth,lac_subregion_5_ERA5,lac_subregion_5_GISTEMP,lac_subregion_5_HadCRUT5,lac_subregion_5_JRA-55,lac_subregion_5_Kadow,lac_subregion_5_NOAA_Interim
36524,1900,-0.6921,,-0.7016,-0.8020,,-0.7710,-0.5222
36889,1901,-1.1207,,-0.9822,-1.2813,,-1.1617,-0.7371
37254,1902,-0.8397,,-0.6177,-0.8967,,-0.9911,-0.6406
37619,1903,-0.8461,,-0.8055,-0.9501,,-0.8837,-0.6678
37984,1904,-1.1726,,-1.1754,-1.1537,,-0.9656,-0.8544
38350,1905,-0.8657,,-0.8227,-0.9577,,-0.6750,-0.6626
38715,1906,-1.0547,,-1.2660,-1.0590,,-0.8522,-0.9399
39080,1907,-1.0413,,-1.1644,-1.1259,,-1.0779,-1.0528
39445,1908,-1.0307,,-1.2977,-1.2114,,-1.0593,-0.9898
39811,1909,-0.8988,,-1.5118,-1.1764,,-0.9722,-1.1821
40176,1910,-1.5376,,-1.7648,-1.5412,,-1.5717,-1.5028
40541,1911,-0.9250,,-1.2780,-0.7144,,-0.7393,-0.8603
40906,1912,-0.8255,,-1.3193,-0.7051,,-0.7578,-0.7161
41272,1913,-1.1779,,-1.7934,-0.9815,,-1.0364,-1.0045
41637,1914,-0.9357,,-1.1862,-0.8336,,-0.9507,-0.7549
42002,1915,-0.5121,,-0.5594,-0.6359,,-0.3826,-0.3566
42367,1916,-1.0998,,-1.2667,-1.0358,,-1.1447,-0.9257
42733,1917,-1.4614,,-1.5820,-1.5570,,-1.5414,-1.2099
43098,1918,-0.9765,,-1.1401,-1.0968,,-0.9026,-0.7211
43463,1919,-0.6639,,-0.8072,-0.6462,,-0.5544,-0.6075
43828,1920,-0.7963,,-1.0083,-0.8823,,-1.0062,-0.7370
44194,1921,-0.8233,,-0.9875,-0.9445,,-1.0380,-0.8929
44559,1922,-0.7167,,-0.9159,-0.8272,,-0.8971,-0.8234
44924,1923,-0.8843,,-0.9773,-0.8611,,-0.8399,-0.7856
45289,1924,-0.8794,,-0.9499,-0.8920,,-0.9012,-0.8462
45655,1925,-0.9295,,-0.8350,-0.8189,,-0.7763,-0.7540
46020,1926,-0.4845,,-0.3722,-0.4774,,-0.5286,-0.4391
46385,1927,-0.7218,,-0.5475,-0.6938,,-0.6970,-0.5875
46750,1928,-0.6937,,-0.5799,-0.6311,,-0.6932,-0.5441
47116,1929,-0.7040,,-0.5798,-0.7736,,-0.8196,-0.6937
47481,1930,-0.5014,,-0.5203,-0.4388,,-0.4212,-0.5125
47846,1931,-0.5803,,-0.6559,-0.3877,,-0.3705,-0.4891
48211,1932,-0.6552,,-0.6202,-0.3648,,-0.3308,-0.4195
48577,1933,-0.7079,,-0.3321,-0.6056,,-0.5759,-0.5695
48942,1934,-0.6138,,-0.4643,-0.5221,,-0.4996,-0.5488
49307,1935,-0.8699,,-0.6069,-0.8290,,-0.7862,-0.6432
49672,1936,-0.6243,,-0.5450,-0.4816,,-0.4438,-0.4435
50038,1937,-0.6698,,-0.3563,-0.4927,,-0.4289,-0.2745
50403,1938,-1.1158,,-0.8221,-0.8956,,-0.8761,-0.7530
50768,1939,-0.9012,,-0.6961,-0.7874,,-0.7525,-0.5389
51133,1940,-0.5966,,-0.4244,-0.5144,,-0.4989,-0.1000
51499,1941,-0.1032,,-0.1590,-0.1692,,-0.1269,0.2229
51864,1942,-0.3837,,-0.5027,-0.4464,,-0.4438,-0.1906
52229,1943,-0.6709,,-0.8953,-0.6475,,-0.8332,-0.4439
52594,1944,-0.6852,,-0.7832,-0.5299,,-0.6854,-0.4476
52960,1945,-0.6048,,-0.5032,-0.5557,,-0.4943,-0.3907
53325,1946,-0.3310,,-0.4254,-0.4407,,-0.5315,-0.4095
53690,1947,-0.1947,,-0.5161,-0.2361,,-0.1895,-0.4690
54055,1948,-0.2968,,-0.5148,-0.2909,,-0.2808,-0.3863
54421,1949,-0.6302,,-0.6961,-0.6138,,-0.5545,-0.5648
54786,1950,-0.8521,,-1.1175,-0.9811,,-0.8988,-0.8776
55151,1951,-0.3850,,-0.7449,-0.5266,,-0.4705,-0.4271
55516,1952,-0.4177,,-0.7434,-0.4410,,-0.3802,-0.3497
55882,1953,-0.1689,,-0.4714,-0.1788,,-0.1262,-0.1845
56247,1954,-0.6340,,-1.0661,-0.6790,,-0.6394,-0.6936
56612,1955,-0.6944,,-0.9444,-0.8030,,-0.7821,-0.7666
56977,1956,-0.8184,,-1.0098,-0.8289,,-0.7855,-0.6461
57343,1957,-0.2756,,-0.5371,-0.3208,,-0.2807,-0.1426
57708,1958,-0.0562,,-0.4084,-0.1286,-0.3151,-0.1032,0.0848
58073,1959,-0.3985,,-0.6291,-0.4151,-0.8224,-0.3786,-0.2386
58438,1960,-0.5138,,-0.7114,-0.5292,-0.9116,-0.4767,-0.2980
58804,1961,-0.5276,,-0.6722,-0.5272,-0.9867,-0.4883,-0.3799
59169,1962,-0.7092,,-0.7610,-0.6692,-1.0860,-0.6476,-0.4573
59534,1963,-0.5976,,-0.7179,-0.5471,-0.6276,-0.5435,-0.3659
59899,1964,-0.4846,,-0.6827,-0.6085,-0.5499,-0.5840,-0.4601
60265,1965,-0.4750,,-0.6966,-0.5285,-0.5720,-0.4977,-0.4182
60630,1966,-0.5795,,-0.8818,-0.6356,-0.6675,-0.5879,-0.4793
60995,1967,-0.7176,,-0.9124,-0.8382,-0.6901,-0.8011,-0.6912
61360,1968,-0.8185,,-0.9697,-0.8587,-0.7812,-0.8147,-0.6604
61726,1969,-0.1867,,-0.3553,-0.1807,-0.0837,-0.1483,-0.0367
62091,1970,-0.6170,,-0.8393,-0.7231,-0.5961,-0.7237,-0.5642
62456,1971,-0.7217,,-0.8145,-0.8806,-0.7107,-0.8533,-0.8076
62821,1972,-0.2178,,-0.3371,-0.3270,-0.1505,-0.2895,-0.2479
63187,1973,-0.2763,,-0.4492,-0.4101,-0.2846,-0.3816,-0.3913
63552,1974,-0.7661,,-0.8459,-0.8766,-0.8569,-0.8256,-0.7393
63917,1975,-0.6674,,-0.6998,-0.8692,-0.6778,-0.8771,-0.7187
64282,1976,-0.7223,,-0.8913,-0.7716,-0.7898,-0.7358,-0.7269
64648,1977,-0.2873,,-0.5039,-0.4041,-0.3416,-0.3642,-0.3793
65013,1978,-0.3636,,-0.5338,-0.4173,-0.3717,-0.4125,-0.3651
65378,1979,-0.2582,-0.4495,-0.4314,-0.3200,-0.2259,-0.2413,-0.3137
65743,1980,-0.2412,-0.3882,-0.3371,-0.2114,-0.1800,-0.1337,-0.1875
66109,1981,-0.5208,-0.5960,-0.5088,-0.4813,-0.4091,-0.4099,-0.3989
66474,1982,-0.2080,-0.3532,-0.1788,-0.2030,-0.0688,-0.1648,-0.1456
66839,1983,0.1895,0.0396,-0.0038,0.2813,0.2980,0.3518,0.2429
67204,1984,-0.5866,-0.7150,-0.6676,-0.5861,-0.6109,-0.5272,-0.5391
67570,1985,-0.6002,-0.6841,-0.6174,-0.6851,-0.5106,-0.6573,-0.6182
67935,1986,-0.5088,-0.7204,-0.5264,-0.5048,-0.4214,-0.4759,-0.4627
68300,1987,0.0073,-0.0405,-0.2025,0.0483,0.1369,0.0688,0.0740
68665,1988,-0.2624,-0.3014,-0.3433,-0.3685,-0.0666,-0.3285,-0.3087
69031,1989,-0.5592,-0.6031,-0.5410,-0.5093,-0.3873,-0.4859,-0.5142
69396,1990,-0.2592,-0.3118,-0.2358,-0.1580,-0.0698,-0.1019,-0.2181
69761,1991,-0.0805,-0.1791,-0.0494,-0.0429,-0.0104,-0.0399,-0.1302
70126,1992,-0.0843,-0.2242,-0.2403,-0.0349,-0.0968,-0.0177,-0.1300
70492,1993,-0.2104,-0.3449,-0.2633,-0.1542,-0.2889,-0.1404,-0.1960
70857,1994,-0.0186,-0.1904,-0.1097,-0.1287,-0.1590,-0.1303,-0.1594
71222,1995,0.0896,-0.1280,-0.0458,-0.0219,-0.0096,-0.0182,-0.0444
71587,1996,-0.4559,-0.5863,-0.5329,-0.4775,-0.5312,-0.4947,-0.4877
71953,1997,0.2645,-0.0346,0.0352,0.2281,-0.0375,0.2129,0.1177
72318,1998,0.5148,0.2885,0.2830,0.4133,0.2626,0.4462,0.2546
72683,1999,-0.4050,-0.7857,-0.4361,-0.4758,-0.7582,-0.5324,-0.4736
73048,2000,-0.4454,-0.6575,-0.4876,-0.4285,-0.5228,-0.5140,-0.5179
73414,2001,-0.3008,-0.4455,-0.3248,-0.2466,-0.3629,-0.3011,-0.3734
73779,2002,-0.0152,-0.0140,-0.0969,-0.0600,-0.0190,-0.0573,-0.0910
74144,2003,0.0906,0.0480,0.0057,0.0868,0.1240,0.0684,0.0647
74509,2004,-0.0587,-0.0824,-0.1027,-0.0676,0.0210,-0.0597,-0.0880
74875,2005,0.0056,0.1518,0.0129,-0.0160,0.0896,0.0031,-0.0323
75240,2006,-0.0821,-0.0435,-0.0751,-0.0909,-0.0244,-0.1207,-0.0292
75605,2007,-0.0854,-0.0164,-0.0668,-0.0995,-0.1112,-0.0998,-0.1238
75970,2008,-0.3963,-0.2740,-0.2731,-0.2304,-0.3084,-0.1622,-0.2364
76336,2009,-0.0365,0.1376,0.1171,0.0716,-0.0366,0.0411,0.0034
76701,2010,-0.2371,0.1009,-0.1417,0.0474,-0.0760,0.0448,-0.0634
77066,2011,-0.1957,-0.0028,-0.0853,-0.1195,-0.1061,-0.0395,-0.1442
77431,2012,-0.1047,-0.0091,-0.0681,0.0116,-0.0474,0.0081,-0.0089
77797,2013,0.0425,0.2062,0.0044,-0.0553,0.1414,-0.0625,-0.0418
78162,2014,0.0935,0.2167,0.0400,0.1397,0.1980,0.1708,0.2358
78527,2015,0.5502,0.5989,0.5785,0.4360,0.5853,0.5092,0.6214
78892,2016,0.4122,0.5604,0.5293,0.4717,0.5773,0.5134,0.5780
79258,2017,0.1063,0.2859,0.2817,0.2287,0.2348,0.2547,0.3000
79623,2018,0.0149,0.1385,0.1974,-0.1097,0.0506,-0.0936,0.2123
79988,2019,0.4360,0.6798,0.5830,0.2671,0.5719,0.1899,0.4288
80353,2020,0.5920,0.6051,0.7314,0.4579,0.6498,0.4211,0.5547
80719,2021,0.2585,0.3867,0.4082,0.1386,0.4407,0.1251,0.2401
81084,2022,0.0306,0.1552,0.1439,0.0428,0.1395,0.0814,0.1272
81449,2023,0.6573,0.8609,0.8713,0.5033,0.8430,0.5177,0.7619
end data
