Conventions,G,BADC-CSV,1
title,G,Regional mean temperature for Central America
last_revised_date,G,2024-02-08
date_valid,G,2024-02-08
feature_type,G,area average
creator,G,WMO
source,G,Produced by climind version 1.0
observation_station,G,derived data
location,G,90.,-180.,-90.,180.
rights,G,TBD
activity,G,WMO
comments,G,Format description https://help.ceda.ac.uk/article/105-badc-csv
history,lac_subregion_5_Berkeley_Earth,""Data set created from file ['Land_and_Ocean_LatLong1.nc'] downloaded from ['https://berkeley-earth-temperature.s3.us-west-1.amazonaws.com/Global/Gridded/Land_and_Ocean_LatLong1.nc'] at ['2024-01-17 10:19:03']""
history,lac_subregion_5_Berkeley_Earth,""Rebaselined to 1991-2020""
history,lac_subregion_5_Berkeley_Earth,""Calculated area-average""
history,lac_subregion_5_Berkeley_Earth,""Calculated annual average from monthly averages using arithmetic mean""
history,lac_subregion_5_Berkeley_Earth,""Selected years within the range 1900 to 2023.""
history,lac_subregion_5_Berkeley_Earth,""Wrote to file lac_subregion_5_Berkeley Earth.csv""
history,lac_subregion_5_Berkeley_Earth,"Data set created from file ['lac_subregion_5_Berkeley Earth.csv'] downloaded from [''] at ['2024-01-17 11:06:14']"
reference,lac_subregion_5_Berkeley_Earth,"Rohde, R. A. and Hausfather, Z.: The Berkeley Earth Land/Ocean Temperature Record, Earth Syst. Sci. Data, 12, 3469-3479, https://doi.org/10.5194/essd-12-3469-2020, 2020"
comments,lac_subregion_5_Berkeley_Earth,"Original data acknowledgement: "
history,lac_subregion_5_ERA5,""Gridded dataset created from file ['era5_2m_tas_2024.nc'] downloaded from ['']""
history,lac_subregion_5_ERA5,""Regridded to 1 degree latitude-longitude resolution""
history,lac_subregion_5_ERA5,""Rebaselined to 1991-2020""
history,lac_subregion_5_ERA5,""Calculated area-average""
history,lac_subregion_5_ERA5,""Calculated annual average from monthly averages using arithmetic mean""
history,lac_subregion_5_ERA5,""Selected years within the range 1900 to 2023.""
history,lac_subregion_5_ERA5,""Wrote to file lac_subregion_5_ERA5.csv""
history,lac_subregion_5_ERA5,"Data set created from file ['lac_subregion_5_ERA5.csv'] downloaded from [''] at ['2024-01-17 11:06:42']"
reference,lac_subregion_5_ERA5,"Hersbach H, Bell B, Berrisford P et al. 2020. The ERA5 global reanalysis. Q. J. R. Meteorol. Soc. 146: 1999-2049. https://doi.org/10.1002/qj.3803"
comments,lac_subregion_5_ERA5,"Original data acknowledgement: Contains using Copernicus Climate Change Service information [2024]. Neither the European Commission nor ECMWF is responsible for any use that may be made of the Copernicus information or data it contains."
history,lac_subregion_5_GISTEMP,""Data set created from file ['gistemp1200_GHCNv4_ERSSTv5.nc.gz'] downloaded from ['https://data.giss.nasa.gov/pub/gistemp/gistemp1200_GHCNv4_ERSSTv5.nc.gz'] at ['2024-01-15 11:20:46']""
history,lac_subregion_5_GISTEMP,""Regridded to 1 degree latitude-longitude resolution""
history,lac_subregion_5_GISTEMP,""Rebaselined to 1991-2020""
history,lac_subregion_5_GISTEMP,""Calculated area-average""
history,lac_subregion_5_GISTEMP,""Calculated annual average from monthly averages using arithmetic mean""
history,lac_subregion_5_GISTEMP,""Selected years within the range 1900 to 2023.""
history,lac_subregion_5_GISTEMP,""Wrote to file lac_subregion_5_GISTEMP.csv""
history,lac_subregion_5_GISTEMP,"Data set created from file ['lac_subregion_5_GISTEMP.csv'] downloaded from [''] at ['2024-01-17 11:07:17']"
reference,lac_subregion_5_GISTEMP,"Lenssen, N., G. Schmidt, J. Hansen, M. Menne, A. Persin, R. Ruedy, and D. Zyss, 2019: Improvements in the GISTEMP uncertainty model. J. Geophys. Res. Atmos., 124, no. 12, 6307-6326, doi:10.1029/2018JD029522"
comments,lac_subregion_5_GISTEMP,"Original data acknowledgement: "
history,lac_subregion_5_HadCRUT5,""Data set created from file ['HadCRUT.5.0.2.0.analysis.anomalies.ensemble_mean.nc'] downloaded from ['https://www.metoffice.gov.uk/hadobs/hadcrut5/data/HadCRUT.5.0.2.0/analysis/HadCRUT.5.0.2.0.analysis.anomalies.ensemble_mean.nc'] at ['2024-01-15 11:56:27']""
history,lac_subregion_5_HadCRUT5,""Regridded to 1 degree latitude-longitude resolution""
history,lac_subregion_5_HadCRUT5,""Rebaselined to 1991-2020""
history,lac_subregion_5_HadCRUT5,""Calculated area-average""
history,lac_subregion_5_HadCRUT5,""Calculated annual average from monthly averages using arithmetic mean""
history,lac_subregion_5_HadCRUT5,""Selected years within the range 1900 to 2023.""
history,lac_subregion_5_HadCRUT5,""Wrote to file lac_subregion_5_HadCRUT5.csv""
history,lac_subregion_5_HadCRUT5,"Data set created from file ['lac_subregion_5_HadCRUT5.csv'] downloaded from [''] at ['2024-01-17 11:08:18']"
reference,lac_subregion_5_HadCRUT5,"Morice, C. P., Kennedy, J. J., Rayner, N. A., Winn, J. P., Hogan, E., Killick, R. E., et al. (2021). An updated assessment of near-surface temperature change from 1850: the HadCRUT5 data set. Journal of Geophysical Research: Atmospheres, 126, e2019JD032361. https://doi.org/10.1029/2019JD032361"
comments,lac_subregion_5_HadCRUT5,"Original data acknowledgement: HadCRUT.5.0.2.0 data were obtained from http://www.metoffice.gov.uk/hadobs/hadcrut5 on 2024-01-15 11:56:27 and are © British Crown Copyright, Met Office 2024, provided under an Open Government License, http://www.nationalarchives.gov.uk/doc/open-government-licence/version/3/"
history,lac_subregion_5_JRA-55,""Data set created from file ['anl_surf125.011_tmp.202401_202412', 'anl_surf125.2024MMMM'] downloaded from ['', ''] at ['2024-01-15 11:20:51']""
history,lac_subregion_5_JRA-55,""Regridded to 1 degree latitude-longitude resolution""
history,lac_subregion_5_JRA-55,""Rebaselined to 1991-2020""
history,lac_subregion_5_JRA-55,""Calculated area-average""
history,lac_subregion_5_JRA-55,""Calculated annual average from monthly averages using arithmetic mean""
history,lac_subregion_5_JRA-55,""Selected years within the range 1900 to 2023.""
history,lac_subregion_5_JRA-55,""Wrote to file lac_subregion_5_JRA-55.csv""
history,lac_subregion_5_JRA-55,"Data set created from file ['lac_subregion_5_JRA-55.csv'] downloaded from [''] at ['2024-01-17 11:08:52']"
reference,lac_subregion_5_JRA-55,"Kobayashi, S., Ota, Y., Harada, Y., Ebita, A., Moriya, M., Onoda, H., Onogi, K., Kamahori, H., Kobayashi, C., Endo, H. and Miyaoka, K., (2015). The JRA-55 reanalysis: General specifications and basic characteristics. Journal of the Meteorological Society of Japan. Ser. II, 93(1), pp.5-48."
comments,lac_subregion_5_JRA-55,"Original data acknowledgement: "
history,lac_subregion_5_NOAA_Interim,""Data set created from file ['NOAAGlobalTemp_v*.nc'] downloaded from ['https://www.ncei.noaa.gov/data/noaa-global-surface-temperature/v5.1/access/gridded/NOAAGlobalTemp_v.*.nc'] at ['2024-01-17 10:19:08']""
history,lac_subregion_5_NOAA_Interim,""Data set created from file ['NOAAGlobalTemp_v*.nc'] downloaded from ['https://www.ncei.noaa.gov/data/noaa-global-surface-temperature/v5.1/access/gridded/NOAAGlobalTemp_v.*.nc'] at ['2024-01-17 10:19:08']""
history,lac_subregion_5_NOAA_Interim,""Regridded to 1 degree latitude-longitude resolution""
history,lac_subregion_5_NOAA_Interim,""Rebaselined to 1991-2020""
history,lac_subregion_5_NOAA_Interim,""Calculated area-average""
history,lac_subregion_5_NOAA_Interim,""Calculated annual average from monthly averages using arithmetic mean""
history,lac_subregion_5_NOAA_Interim,""Selected years within the range 1900 to 2023.""
history,lac_subregion_5_NOAA_Interim,""Wrote to file lac_subregion_5_NOAA Interim.csv""
history,lac_subregion_5_NOAA_Interim,"Data set created from file ['lac_subregion_5_NOAA Interim.csv'] downloaded from [''] at ['2024-01-17 11:10:37']"
reference,lac_subregion_5_NOAA_Interim,"Vose, R.S., B. Huang, X. Yin., D. Arndt, D.R. Easterling, J.H. Lawrimore, M.J. Menne, A. Sanchez-Lugo, H.-M. Zhang, 2021: Implementing full spatial coverage in NOAA’s global temperature analysis. Geophysical Research Letters, 48, e2020GL090873. https://doi.org/10.1029/2020GL090873"
comments,lac_subregion_5_NOAA_Interim,"Original data acknowledgement: "
long_name,time,time,days since 1800-01-01 00:00:00.0
type,time,int
long_name,year,year,1
type,year,int
long_name,lac_subregion_5_Berkeley_Earth,lac_subregion_5,degC
type,lac_subregion_5_Berkeley_Earth,float
long_name,lac_subregion_5_ERA5,lac_subregion_5,degC
type,lac_subregion_5_ERA5,float
long_name,lac_subregion_5_GISTEMP,lac_subregion_5,degC
type,lac_subregion_5_GISTEMP,float
long_name,lac_subregion_5_HadCRUT5,lac_subregion_5,degC
type,lac_subregion_5_HadCRUT5,float
long_name,lac_subregion_5_JRA-55,lac_subregion_5,degC
type,lac_subregion_5_JRA-55,float
long_name,lac_subregion_5_NOAA_Interim,lac_subregion_5,degC
type,lac_subregion_5_NOAA_Interim,float
coordinate_variable,time,t
data
time,year,lac_subregion_5_Berkeley_Earth,lac_subregion_5_ERA5,lac_subregion_5_GISTEMP,lac_subregion_5_HadCRUT5,lac_subregion_5_JRA-55,lac_subregion_5_NOAA_Interim
36524,1900,-0.7189,,-0.7460,-0.8020,,-0.5248
36889,1901,-1.1436,,-1.0284,-1.2813,,-0.7055
37254,1902,-0.8763,,-0.6508,-0.8967,,-0.6064
37619,1903,-0.8630,,-0.8473,-0.9501,,-0.6861
37984,1904,-1.1826,,-1.2105,-1.1537,,-0.8724
38350,1905,-0.8767,,-0.8648,-0.9577,,-0.6715
38715,1906,-1.0623,,-1.2813,-1.0590,,-0.9603
39080,1907,-1.0278,,-1.1469,-1.1259,,-1.0867
39445,1908,-1.0595,,-1.3420,-1.2113,,-1.0145
39811,1909,-0.9691,,-1.5431,-1.1764,,-1.2081
40176,1910,-1.5623,,-1.8244,-1.5411,,-1.5242
40541,1911,-0.8824,,-1.3030,-0.7144,,-0.8802
40906,1912,-0.7884,,-1.3340,-0.7051,,-0.7330
41272,1913,-1.2069,,-1.8059,-0.9815,,-1.0200
41637,1914,-0.9714,,-1.1899,-0.8334,,-0.7855
42002,1915,-0.5193,,-0.5619,-0.6357,,-0.3718
42367,1916,-1.1040,,-1.2766,-1.0357,,-0.9388
42733,1917,-1.3956,,-1.5920,-1.5571,,-1.2222
43098,1918,-0.9134,,-1.1480,-1.0968,,-0.7283
43463,1919,-0.5979,,-0.8172,-0.6462,,-0.5965
43828,1920,-0.7662,,-1.0236,-0.8824,,-0.7388
44194,1921,-0.8016,,-1.0087,-0.9445,,-0.9055
44559,1922,-0.6947,,-0.9388,-0.8271,,-0.8327
44924,1923,-0.8764,,-0.9916,-0.8610,,-0.7923
45289,1924,-0.8703,,-0.9700,-0.8920,,-0.8544
45655,1925,-0.8908,,-0.8613,-0.8189,,-0.7596
46020,1926,-0.4759,,-0.4139,-0.4774,,-0.4439
46385,1927,-0.7101,,-0.6040,-0.6937,,-0.5924
46750,1928,-0.6868,,-0.6305,-0.6310,,-0.5501
47116,1929,-0.7011,,-0.6448,-0.7736,,-0.6900
47481,1930,-0.4954,,-0.5455,-0.4388,,-0.5114
47846,1931,-0.5725,,-0.6390,-0.3877,,-0.4956
48211,1932,-0.6504,,-0.5887,-0.3648,,-0.4136
48577,1933,-0.7026,,-0.3414,-0.6056,,-0.5777
48942,1934,-0.6123,,-0.4675,-0.5221,,-0.5507
49307,1935,-0.8680,,-0.6099,-0.8290,,-0.6427
49672,1936,-0.6245,,-0.5455,-0.4816,,-0.4444
50038,1937,-0.6758,,-0.3496,-0.4927,,-0.2705
50403,1938,-1.1251,,-0.7870,-0.8956,,-0.7483
50768,1939,-0.8994,,-0.7116,-0.7874,,-0.5410
51133,1940,-0.5971,,-0.4584,-0.5144,,-0.1113
51499,1941,-0.0979,,-0.1717,-0.1692,,0.2199
51864,1942,-0.3799,,-0.5131,-0.4464,,-0.1882
52229,1943,-0.6643,,-0.9002,-0.6475,,-0.4446
52594,1944,-0.6759,,-0.7876,-0.5299,,-0.4564
52960,1945,-0.5948,,-0.5148,-0.5557,,-0.3994
53325,1946,-0.3154,,-0.4439,-0.4407,,-0.4152
53690,1947,-0.1817,,-0.5272,-0.2361,,-0.4638
54055,1948,-0.2879,,-0.5206,-0.2910,,-0.3725
54421,1949,-0.6147,,-0.6967,-0.6138,,-0.5566
54786,1950,-0.8479,,-1.1049,-0.9811,,-0.8708
55151,1951,-0.3944,,-0.7281,-0.5266,,-0.4211
55516,1952,-0.4388,,-0.7297,-0.4410,,-0.3440
55882,1953,-0.2134,,-0.4634,-0.1788,,-0.1836
56247,1954,-0.6847,,-1.0623,-0.6790,,-0.6913
56612,1955,-0.7361,,-0.9439,-0.8030,,-0.7662
56977,1956,-0.8514,,-1.0092,-0.8289,,-0.6472
57343,1957,-0.2937,,-0.5330,-0.3208,,-0.1445
57708,1958,-0.0709,,-0.3998,-0.1286,-0.3151,0.1038
58073,1959,-0.4038,,-0.6195,-0.4151,-0.8224,-0.2171
58438,1960,-0.5175,,-0.6998,-0.5292,-0.9116,-0.2763
58804,1961,-0.5366,,-0.6640,-0.5272,-0.9867,-0.3563
59169,1962,-0.7276,,-0.7492,-0.6692,-1.0860,-0.4429
59534,1963,-0.6267,,-0.6995,-0.5471,-0.6276,-0.3491
59899,1964,-0.5100,,-0.6657,-0.6085,-0.5499,-0.4424
60265,1965,-0.5141,,-0.6808,-0.5285,-0.5720,-0.4001
60630,1966,-0.6031,,-0.8553,-0.6356,-0.6675,-0.4604
60995,1967,-0.7506,,-0.8979,-0.8382,-0.6901,-0.6866
61360,1968,-0.8530,,-0.9491,-0.8587,-0.7812,-0.6533
61726,1969,-0.2262,,-0.3354,-0.1807,-0.0837,-0.0297
62091,1970,-0.6510,,-0.8229,-0.7231,-0.5961,-0.5565
62456,1971,-0.7685,,-0.7995,-0.8806,-0.7107,-0.7977
62821,1972,-0.2641,,-0.3223,-0.3271,-0.1505,-0.2352
63187,1973,-0.3129,,-0.4315,-0.4101,-0.2846,-0.3799
63552,1974,-0.7962,,-0.8249,-0.8766,-0.8569,-0.7301
63917,1975,-0.6871,,-0.6832,-0.8692,-0.6778,-0.7126
64282,1976,-0.7553,,-0.8850,-0.7717,-0.7898,-0.7235
64648,1977,-0.3137,,-0.5018,-0.4041,-0.3416,-0.3729
65013,1978,-0.3791,,-0.5354,-0.4173,-0.3717,-0.3582
65378,1979,-0.2843,-0.4495,-0.4279,-0.3200,-0.2259,-0.3050
65743,1980,-0.2691,-0.3882,-0.3265,-0.2114,-0.1800,-0.1742
66109,1981,-0.5563,-0.5960,-0.5003,-0.4813,-0.4091,-0.3856
66474,1982,-0.2281,-0.3532,-0.1754,-0.2030,-0.0688,-0.1348
66839,1983,0.1744,0.0396,-0.0052,0.2813,0.2980,0.2518
67204,1984,-0.5997,-0.7150,-0.6703,-0.5861,-0.6109,-0.5277
67570,1985,-0.6126,-0.6841,-0.6208,-0.6851,-0.5106,-0.6104
67935,1986,-0.5317,-0.7204,-0.5274,-0.5048,-0.4214,-0.4559
68300,1987,-0.0160,-0.0405,-0.2133,0.0483,0.1369,0.0800
68665,1988,-0.2884,-0.3014,-0.3594,-0.3685,-0.0666,-0.3045
69031,1989,-0.5740,-0.6031,-0.5390,-0.5094,-0.3873,-0.5081
69396,1990,-0.2818,-0.3118,-0.2455,-0.1580,-0.0698,-0.2134
69761,1991,-0.1009,-0.1791,-0.0559,-0.0430,-0.0104,-0.1280
70126,1992,-0.0903,-0.2242,-0.2476,-0.0349,-0.0968,-0.1280
70492,1993,-0.2006,-0.3449,-0.2696,-0.1542,-0.2889,-0.1915
70857,1994,-0.0050,-0.1904,-0.1198,-0.1287,-0.1590,-0.1549
71222,1995,0.1018,-0.1280,-0.0591,-0.0219,-0.0096,-0.0358
71587,1996,-0.4466,-0.5863,-0.5571,-0.4775,-0.5312,-0.4809
71953,1997,0.2534,-0.0346,0.0254,0.2281,-0.0375,0.1267
72318,1998,0.5000,0.2885,0.2779,0.4132,0.2626,0.2665
72683,1999,-0.4347,-0.7857,-0.4459,-0.4758,-0.7582,-0.4638
73048,2000,-0.4607,-0.6575,-0.4915,-0.4285,-0.5228,-0.5097
73414,2001,-0.3172,-0.4455,-0.3207,-0.2466,-0.3629,-0.3643
73779,2002,-0.0359,-0.0140,-0.0917,-0.0600,-0.0190,-0.0813
74144,2003,0.0747,0.0480,0.0125,0.0868,0.1240,0.0784
74509,2004,-0.0759,-0.0824,-0.0846,-0.0676,0.0210,-0.0717
74875,2005,-0.0067,0.1518,0.0412,-0.0160,0.0896,-0.0132
75240,2006,-0.0981,-0.0435,-0.0678,-0.0909,-0.0244,-0.0170
75605,2007,-0.1023,-0.0164,-0.0780,-0.0995,-0.1112,-0.1205
75970,2008,-0.4084,-0.2740,-0.2737,-0.2304,-0.3084,-0.2309
76336,2009,-0.0485,0.1376,0.0970,0.0716,-0.0366,0.0085
76701,2010,-0.2492,0.1009,-0.1466,0.0474,-0.0760,-0.0602
77066,2011,-0.2124,-0.0028,-0.0860,-0.1195,-0.1061,-0.1409
77431,2012,-0.1073,-0.0091,-0.0758,0.0116,-0.0474,-0.0091
77797,2013,0.0511,0.2062,-0.0102,-0.0553,0.1414,-0.0412
78162,2014,0.1108,0.2167,0.0257,0.1397,0.1980,0.2216
78527,2015,0.5735,0.5989,0.5899,0.4360,0.5853,0.5955
78892,2016,0.4554,0.5604,0.5580,0.4717,0.5773,0.5503
79258,2017,0.1403,0.2859,0.3037,0.2287,0.2348,0.2938
79623,2018,0.0546,0.1385,0.2027,-0.1097,0.0506,0.1925
79988,2019,0.4928,0.6798,0.5939,0.2671,0.5719,0.3891
80353,2020,0.5923,0.6051,0.7537,0.4581,0.6498,0.5200
80719,2021,0.2599,0.3867,0.4522,0.1389,0.4407,0.1877
81084,2022,0.0272,0.1552,0.2051,0.0430,0.1395,0.0874
81449,2023,0.8005,0.9359,0.9748,0.6714,0.9146,0.7917
end data
