Conventions,G,BADC-CSV,1
title,G,Greenland ice sheet cumulative mass balance
last_revised_date,G,2024-01-22
date_valid,G,2024-01-22
feature_type,G,area average
creator,G,WMO
source,G,Produced by climind version 1.0
observation_station,G,derived data
location,G,90.,-180.,-90.,180.
rights,G,TBD
activity,G,WMO
comments,G,Format description https://help.ceda.ac.uk/article/105-badc-csv
history,GRACE_Greenland,"Data set created from file ['greenland_mass_200204_2024MMMM.txt'] downloaded from ['https://archive.podaac.earthdata.nasa.gov/podaac-ops-cumulus-protected/GREENLAND_MASS_TELLUS_MASCON_CRI_TIME_SERIES_RL06.1_V3/greenland_mass_200204_2024MMMM.txt'] at ['2024-01-17 14:51:20']"
history,GRACE_Greenland,"Zeroed series on July 2005 by subtracting the value for that month from all data values (see next entry)"
history,GRACE_Greenland,"Added offset of 621.81 to all data values."
history,GRACE_Greenland,"Manually changed baseline to 2005-2005. Note that data values remain unchanged."
reference,GRACE_Greenland,"Watkins, M. M., D. N. Wiese, D. -N. Yuan, C. Boening, and F. W. Landerer (2015), Improved methods for observing Earth's time variable mass distribution with GRACE using spherical cap mascons, J. Geophys. Res. Solid Earth, 120, 2648_2671, doi: 10.1002/2014JB011547."
comments,GRACE_Greenland,"Original data acknowledgement: "
history,IMBIE_2021_Greenland,"Data set created from file ['imbie_greenland_2021_Gt.csv'] downloaded from ['https://ramadda.data.bas.ac.uk/repository/entry/get/imbie_greenland_2021_Gt.csv?entryid=synth%3A77b64c55-7166-4a06-9def-2e400398e452%3AL2ltYmllX2dyZWVubGFuZF8yMDIxX0d0LmNzdg%3D%3D'] at ['2023-08-07 14:40:20']"
history,IMBIE_2021_Greenland,"Zeroed series on July 2005 by subtracting the value for that month from all data values (see next entry)"
history,IMBIE_2021_Greenland,"Added offset of 1000.3866 to all data values."
history,IMBIE_2021_Greenland,"Manually changed baseline to 2005-2005. Note that data values remain unchanged."
reference,IMBIE_2021_Greenland,"Shepherd, A., Ivins, E., Rignot, E., Smith, B., van den Broeke, M., Velicogna, I., Whitehouse, P., Briggs, K., Joughin, I., Krinner, G., Nowicki, S., Payne, A., Scambos, T., Schlegel, N., A, G., Agosta, C., Ahlstrøm, A., Babonis, G., Barletta, V., … Wuite, J. (2021). Antarctic and Greenland Ice Sheet mass balance 1992-2020 for IPCC AR6 (Version 1.0) [Data set]. UK Polar Data Centre, Natural Environment Research Council, UK Research & Innovation. https://doi.org/10.5285/77B64C55-7166-4A06-9DEF-2E400398E452"
comments,IMBIE_2021_Greenland,"Original data acknowledgement: "
history,PROMICE,"Data set created from file ['MB_SMB_D_BMB.csv'] downloaded from ['https://dataverse.geus.dk/api/access/datafile/'] at ['2024-01-16 13:55:39']"
history,PROMICE,"Zeroed series on July 2005 by subtracting the value for that month from all data values (see next entry)"
history,PROMICE,"Added offset of 1659.361539 to all data values."
history,PROMICE,"Manually changed baseline to 2005-2005. Note that data values remain unchanged."
reference,PROMICE,"Mankoff, K. D., Fettweis, X., Langen, P. L., Stendel, M., Kjeldsen, K. K., Karlsson, N. B., Noël, B., van den Broeke, M. R., Solgaard, A., Colgan, W., Box, J. E., Simonsen, S. B., King, M. D., Ahlstrøm, A. P., Andersen, S. B., and Fausto, R. S.: Greenland ice sheet mass balance from 1840 through next week, Earth Syst. Sci. Data, 13, 5001–5025, https://doi.org/10.5194/essd-13-5001-2021, 2021. doi: 10.5194/essd-13-5001-2021"
comments,PROMICE,"Original data acknowledgement: "
long_name,time,time,days since 1800-01-01 00:00:00.0
type,time,int
long_name,year,year,1
type,year,int
long_name,month,month,1
type,month,int
long_name,GRACE_Greenland,greenland,Gt
type,GRACE_Greenland,float
long_name,IMBIE_2021_Greenland,greenland,Gt
type,IMBIE_2021_Greenland,float
long_name,PROMICE,greenland,Gt
type,PROMICE,float
coordinate_variable,time,t
data
time,year,month,GRACE_Greenland,IMBIE_2021_Greenland,PROMICE
67935,1986,1,,,1695.5529
67966,1986,2,,,1730.0726
67994,1986,3,,,1747.4166
68025,1986,4,,,1782.8064
68055,1986,5,,,1778.4962
68086,1986,6,,,1755.6794
68116,1986,7,,,1665.0369
68147,1986,8,,,1638.0443
68178,1986,9,,,1665.1217
68208,1986,10,,,1678.6774
68239,1986,11,,,1673.1626
68269,1986,12,,,1710.7366
68300,1987,1,,,1788.3528
68331,1987,2,,,1804.4693
68359,1987,3,,,1826.5494
68390,1987,4,,,1859.4432
68420,1987,5,,,1891.3393
68451,1987,6,,,1820.9828
68481,1987,7,,,1692.5058
68512,1987,8,,,1578.2156
68543,1987,9,,,1591.1562
68573,1987,10,,,1607.3487
68604,1987,11,,,1645.8067
68634,1987,12,,,1661.8570
68665,1988,1,,,1667.9582
68696,1988,2,,,1690.7907
68725,1988,3,,,1700.2856
68756,1988,4,,,1696.9688
68786,1988,5,,,1716.3364
68817,1988,6,,,1711.2700
68847,1988,7,,,1550.4276
68878,1988,8,,,1473.5001
68909,1988,9,,,1479.7674
68939,1988,10,,,1503.7995
68970,1988,11,,,1537.2961
69000,1988,12,,,1555.2718
69031,1989,1,,,1554.6135
69062,1989,2,,,1545.4371
69090,1989,3,,,1544.7074
69121,1989,4,,,1534.0573
69151,1989,5,,,1534.9936
69182,1989,6,,,1483.4223
69212,1989,7,,,1340.4294
69243,1989,8,,,1273.0171
69274,1989,9,,,1299.4337
69304,1989,10,,,1317.4514
69335,1989,11,,,1356.9363
69365,1989,12,,,1390.6050
69396,1990,1,,,1395.3922
69427,1990,2,,,1389.7873
69455,1990,3,,,1383.4181
69486,1990,4,,,1388.3616
69516,1990,5,,,1408.6565
69547,1990,6,,,1329.8556
69577,1990,7,,,1174.6171
69608,1990,8,,,1104.5346
69639,1990,9,,,1133.2331
69669,1990,10,,,1162.3945
69700,1990,11,,,1207.5090
69730,1990,12,,,1253.9646
69761,1991,1,,,1285.0399
69792,1991,2,,,1322.1830
69820,1991,3,,,1331.0616
69851,1991,4,,,1320.4382
69881,1991,5,,,1350.7724
69912,1991,6,,,1279.8832
69942,1991,7,,,1109.7764
69973,1991,8,,,1068.7481
70004,1991,9,,,1077.9482
70034,1991,10,,,1128.9520
70065,1991,11,,,1135.7418
70095,1991,12,,,1178.3245
70126,1992,1,,999.7394,1222.8962
70157,1992,2,,999.0922,1240.1991
70186,1992,3,,998.4449,1246.1112
70217,1992,4,,997.7977,1246.6131
70247,1992,5,,997.1505,1258.2844
70278,1992,6,,996.5033,1275.2467
70308,1992,7,,995.8560,1200.3857
70339,1992,8,,995.2088,1166.2123
70370,1992,9,,994.5616,1187.5933
70400,1992,10,,993.9144,1238.8459
70431,1992,11,,993.2672,1257.4906
70461,1992,12,,992.6199,1266.4548
70492,1993,1,,990.5894,1265.7755
70523,1993,2,,988.5588,1308.2254
70551,1993,3,,986.5283,1327.2736
70582,1993,4,,984.4977,1341.3269
70612,1993,5,,982.4672,1333.7122
70643,1993,6,,980.4366,1271.0528
70673,1993,7,,978.4060,1099.5422
70704,1993,8,,976.3755,1053.9280
70735,1993,9,,974.3449,1068.1849
70765,1993,10,,972.3144,1110.8741
70796,1993,11,,970.2838,1170.1879
70826,1993,12,,968.2533,1176.5081
70857,1994,1,,959.3977,1176.6556
70888,1994,2,,950.5422,1213.3652
70916,1994,3,,941.6866,1209.7787
70947,1994,4,,932.8310,1224.1516
70977,1994,5,,923.9755,1226.1862
71008,1994,6,,915.1199,1202.7193
71038,1994,7,,906.2644,1067.4962
71069,1994,8,,897.4088,1019.7714
71100,1994,9,,888.5533,1040.3917
71130,1994,10,,879.6977,1039.4609
71161,1994,11,,870.8422,1054.0221
71191,1994,12,,861.9866,1063.1328
71222,1995,1,,858.2247,1051.9638
71253,1995,2,,854.4628,1044.2737
71281,1995,3,,850.7008,1044.4853
71312,1995,4,,846.9389,1038.5674
71342,1995,5,,843.1770,1026.9447
71373,1995,6,,839.4151,961.9918
71403,1995,7,,835.6531,791.0619
71434,1995,8,,831.8912,726.5179
71465,1995,9,,828.1293,753.5487
71495,1995,10,,824.3674,755.0437
71526,1995,11,,820.6054,813.4458
71556,1995,12,,816.8435,851.4708
71587,1996,1,,817.5073,898.9839
71618,1996,2,,818.1711,946.2523
71647,1996,3,,818.8349,1003.4862
71678,1996,4,,819.4987,1015.8094
71708,1996,5,,820.1625,1012.4519
71739,1996,6,,820.8263,974.6372
71769,1996,7,,821.4900,875.1857
71800,1996,8,,822.1538,856.8254
71831,1996,9,,822.8176,898.6295
71861,1996,10,,823.4814,912.3328
71892,1996,11,,824.1452,943.4778
71922,1996,12,,824.8090,984.3089
71953,1997,1,,824.4190,1026.1757
71984,1997,2,,824.0290,1032.4104
72012,1997,3,,823.6390,1027.6635
72043,1997,4,,823.2490,1056.0194
72073,1997,5,,822.8590,1048.1688
72104,1997,6,,822.4690,978.0598
72134,1997,7,,822.0790,873.7316
72165,1997,8,,821.6890,844.2710
72196,1997,9,,821.2990,886.2709
72226,1997,10,,820.9090,926.5264
72257,1997,11,,820.5190,947.4075
72287,1997,12,,820.1290,992.6054
72318,1998,1,,815.5913,1010.3887
72349,1998,2,,811.0537,1018.0541
72377,1998,3,,806.5160,1041.9476
72408,1998,4,,801.9784,1057.7144
72438,1998,5,,797.4408,1080.1405
72469,1998,6,,792.9031,974.4141
72499,1998,7,,788.3655,783.1873
72530,1998,8,,783.8278,721.9678
72561,1998,9,,779.2902,697.8289
72591,1998,10,,774.7526,708.5621
72622,1998,11,,770.2149,740.4987
72652,1998,12,,765.6773,751.7220
72683,1999,1,,759.4797,765.3512
72714,1999,2,,753.2820,794.9291
72742,1999,3,,747.0844,792.8037
72773,1999,4,,740.8868,799.9488
72803,1999,5,,734.6892,832.7935
72834,1999,6,,728.4916,826.5405
72864,1999,7,,722.2940,656.8254
72895,1999,8,,716.0964,600.8326
72926,1999,9,,709.8988,621.8929
72956,1999,10,,703.7011,649.6581
72987,1999,11,,697.5035,696.4650
73017,1999,12,,691.3059,705.8965
73048,2000,1,,688.8507,747.0594
73079,2000,2,,686.3954,750.5341
73108,2000,3,,683.9401,758.8492
73139,2000,4,,681.4849,787.3281
73169,2000,5,,679.0296,800.9508
73200,2000,6,,676.5743,726.8739
73230,2000,7,,674.1191,624.1273
73261,2000,8,,671.6638,558.2444
73292,2000,9,,669.2086,596.2336
73322,2000,10,,666.7533,605.8690
73353,2000,11,,664.2980,634.3371
73383,2000,12,,661.8428,629.6584
73414,2001,1,,655.4397,665.5544
73445,2001,2,,649.0366,688.3700
73473,2001,3,,642.6335,681.3701
73504,2001,4,,636.2304,684.5774
73534,2001,5,,629.8272,705.6242
73565,2001,6,,623.4241,661.1105
73595,2001,7,,617.0210,533.1941
73626,2001,8,,610.6179,432.9355
73657,2001,9,,604.2148,460.3958
73687,2001,10,,597.8117,479.2340
73718,2001,11,,591.4086,543.7808
73748,2001,12,,585.0055,604.5942
73779,2002,1,,573.9965,630.4040
73810,2002,2,,562.9874,622.4964
73838,2002,3,,551.9783,621.4844
73869,2002,4,621.8100,540.9693,619.1030
73899,2002,5,684.3600,529.9602,613.9729
73930,2002,6,,518.9511,528.4728
73960,2002,7,,507.9421,361.7756
73991,2002,8,403.5900,496.9330,309.7129
74022,2002,9,385.0300,485.9240,335.6568
74052,2002,10,417.8700,474.9149,372.9157
74083,2002,11,414.7900,463.9058,412.6416
74113,2002,12,436.3600,452.8968,463.4035
74144,2003,1,485.0400,440.7390,494.3346
74175,2003,2,473.6400,428.4584,521.0216
74203,2003,3,539.7300,415.8024,548.2963
74234,2003,4,586.6000,403.3678,596.3391
74264,2003,5,590.5400,390.7790,600.4527
74295,2003,6,,378.0812,482.0202
74325,2003,7,413.7000,365.3599,283.1802
74356,2003,8,276.4700,352.6312,202.8962
74387,2003,9,233.5600,339.9489,224.9439
74417,2003,10,237.4500,325.3843,267.1702
74448,2003,11,235.0700,311.0292,284.9127
74478,2003,12,273.8900,296.9929,297.5459
74509,2004,1,250.9900,282.7644,289.5751
74540,2004,2,246.2100,268.4996,319.1585
74569,2004,3,266.5200,253.8859,367.4570
74600,2004,4,323.9700,238.8242,383.8989
74630,2004,5,305.1100,223.4168,372.7612
74661,2004,6,289.8200,207.7708,297.4929
74691,2004,7,191.1500,192.0442,160.5587
74722,2004,8,67.7000,176.2801,80.3413
74753,2004,9,26.3800,160.5071,92.6570
74783,2004,10,9.9700,144.9088,117.9331
74814,2004,11,49.8700,129.5317,135.3317
74844,2004,12,73.7900,114.4608,133.2033
74875,2005,1,61.8700,98.5935,172.8220
74906,2005,2,84.1300,82.7652,218.3730
74934,2005,3,131.1200,66.6937,253.9513
74965,2005,4,136.8500,50.3240,274.9107
74995,2005,5,172.0700,33.7246,272.6468
75026,2005,6,127.5300,16.9401,190.7379
75056,2005,7,0.0000,0.0000,0.0000
75087,2005,8,-188.9100,-17.0222,-99.5466
75118,2005,9,-255.3200,-34.0109,-107.6832
75148,2005,10,-247.9600,-50.9157,-106.4229
75179,2005,11,-245.9200,-67.5937,-63.9053
75209,2005,12,-196.5800,-84.0147,-33.5830
75240,2006,1,-217.3900,-101.2388,-10.2228
75271,2006,2,-166.8700,-118.5072,-2.9436
75299,2006,3,-146.6300,-136.0958,-21.2318
75330,2006,4,-176.7800,-154.1154,-2.6905
75360,2006,5,-166.6800,-174.1274,-9.7923
75391,2006,6,-177.0000,-194.3816,-33.7518
75421,2006,7,-259.6900,-214.7419,-184.5204
75452,2006,8,-388.3500,-235.1554,-287.1836
75483,2006,9,-448.3200,-255.4829,-290.5572
75513,2006,10,-435.0100,-275.5661,-298.4084
75544,2006,11,-464.7100,-295.3365,-301.1498
75574,2006,12,-476.0500,-314.8159,-271.7590
75605,2007,1,-442.3200,-334.4125,-244.6098
75636,2007,2,-395.5400,-353.9863,-235.5154
75664,2007,3,-404.9500,-373.8708,-223.6874
75695,2007,4,-395.2400,-394.1672,-207.3963
75725,2007,5,-383.6600,-414.7740,-216.7181
75756,2007,6,-402.1200,-435.5843,-295.3117
75786,2007,7,-531.2900,-456.4003,-523.0597
75817,2007,8,-728.0500,-477.0807,-639.3701
75848,2007,9,-791.9200,-497.6593,-608.7507
75878,2007,10,-816.7100,-518.0886,-594.5714
75909,2007,11,-793.0600,-538.3566,-550.4939
75939,2007,12,-733.1700,-558.3879,-527.4721
75970,2008,1,-692.8000,-578.1605,-519.7564
76001,2008,2,-711.2600,-597.7898,-498.4175
76030,2008,3,-661.5000,-617.6335,-495.5535
76061,2008,4,-681.6400,-637.7657,-489.9242
76091,2008,5,-695.3800,-658.0918,-488.9578
76122,2008,6,-697.5400,-678.5206,-597.0122
76152,2008,7,-845.2000,-698.9920,-803.0157
76183,2008,8,-1008.1800,-719.4278,-888.0115
76214,2008,9,-1071.9800,-739.7489,-849.9554
76244,2008,10,-1059.2300,-759.8935,-811.2799
76275,2008,11,-987.7600,-779.8101,-766.0476
76305,2008,12,-914.8000,-799.4253,-727.2306
76336,2009,1,-893.7100,-819.1661,-717.2167
76367,2009,2,-938.1500,-839.0244,-716.6186
76395,2009,3,-938.3100,-859.3867,-722.3708
76426,2009,4,-922.3600,-880.2574,-706.4527
76456,2009,5,-904.6500,-902.2022,-702.8045
76487,2009,6,-911.8800,-924.4385,-744.5412
76517,2009,7,-1022.6200,-946.8819,-934.0303
76548,2009,8,-1232.1200,-969.4100,-1041.2878
76579,2009,9,-1285.6700,-991.9707,-1014.9788
76609,2009,10,-1257.8900,-1014.4572,-1001.5234
76640,2009,11,-1236.9600,-1038.3533,-1000.8871
76670,2009,12,-1212.8400,-1062.1354,-968.9257
76701,2010,1,-1211.9800,-1087.7574,-921.3259
76732,2010,2,-1188.4200,-1113.4829,-913.8295
76760,2010,3,-1177.1300,-1139.4884,-919.3900
76791,2010,4,-1204.8700,-1165.7967,-929.9606
76821,2010,5,-1175.8500,-1192.4041,-943.5658
76852,2010,6,-1283.7000,-1219.1975,-1052.1075
76882,2010,7,-1457.9700,-1246.0976,-1289.0216
76913,2010,8,-1650.1600,-1273.0440,-1409.1026
76944,2010,9,-1746.0900,-1300.0135,-1395.1520
76974,2010,10,-1713.7000,-1326.9071,-1386.3113
77005,2010,11,-1733.1100,-1353.6799,-1377.7538
77035,2010,12,-1715.4300,-1380.3745,-1344.4855
77066,2011,1,,-1407.4492,-1334.2509
77097,2011,2,-1690.1800,-1434.4750,-1300.9807
77125,2011,3,-1678.7900,-1461.8037,-1303.8517
77156,2011,4,-1678.4700,-1489.5050,-1281.9378
77186,2011,5,-1694.5300,-1517.4289,-1291.0093
77217,2011,6,,-1545.5819,-1388.8736
77247,2011,7,-1884.3900,-1573.8378,-1620.4621
77278,2011,8,-2079.9000,-1602.0779,-1732.4682
77309,2011,9,-2138.3500,-1630.2424,-1718.5549
77339,2011,10,-2160.2100,-1658.2895,-1710.4479
77339,2011,10,-2158.7600,-1658.2895,-1710.4479
77370,2011,11,,-1686.0884,-1678.2593
77400,2011,12,,-1713.5435,-1679.6373
77431,2012,1,-2099.3900,-1740.1358,-1658.5628
77431,2012,1,-2107.2200,-1740.1358,-1658.5628
77462,2012,2,-2085.6600,-1767.1147,-1636.5917
77491,2012,3,-2040.4800,-1794.1851,-1601.3568
77522,2012,4,-2030.9700,-1821.4562,-1584.2330
77552,2012,5,,-1849.1449,-1591.5457
77583,2012,6,-2061.4300,-1876.7815,-1746.7857
77613,2012,7,-2294.6200,-1903.1341,-2050.7289
77644,2012,8,-2605.2000,-1929.2853,-2195.0272
77675,2012,9,-2707.0800,-1955.1131,-2182.3268
77705,2012,10,,-1980.2418,-2135.5809
77736,2012,11,-2644.6600,-2004.5319,-2116.7450
77766,2012,12,-2625.5600,-2027.8893,-2108.0319
77797,2013,1,-2622.0500,-2045.6789,-2066.0098
77828,2013,2,-2612.1300,-2063.4014,-2044.1814
77856,2013,3,,-2081.4690,-2050.2623
77887,2013,4,-2617.5600,-2099.6044,-2054.3057
77917,2013,5,-2582.9000,-2117.7529,-2036.6078
77948,2013,6,-2560.9000,-2135.8604,-2095.3248
77978,2013,7,-2668.4100,-2153.8785,-2260.5360
78009,2013,8,,-2171.7721,-2307.2596
78040,2013,9,,-2189.4424,-2256.7657
78070,2013,10,-2735.9800,-2206.7589,-2240.6514
78101,2013,11,-2737.9100,-2223.4912,-2217.2067
78131,2013,12,-2724.9200,-2240.1668,-2214.7988
78162,2014,1,-2709.9500,-2254.6991,-2190.5265
78193,2014,2,,-2268.9796,-2186.1735
78221,2014,3,-2658.1000,-2283.6245,-2178.0438
78252,2014,4,-2649.5600,-2298.7085,-2153.9039
78282,2014,5,-2644.8300,-2313.8169,-2155.7770
78313,2014,6,-2682.6300,-2329.0912,-2223.7287
78343,2014,7,,-2344.5286,-2423.9239
78374,2014,8,-2966.2000,-2360.0374,-2515.9456
78405,2014,9,-2999.8100,-2375.6189,-2475.0676
78435,2014,10,-2982.7900,-2391.1485,-2471.0079
78466,2014,11,-2979.7700,-2406.7216,-2425.3596
78496,2014,12,,-2422.1780,-2398.1455
78527,2015,1,-2892.4600,-2439.5813,-2384.0966
78558,2015,2,-2901.2900,-2454.4149,-2373.5351
78586,2015,3,-2855.7900,-2469.5154,-2364.6118
78617,2015,4,-2848.4200,-2484.6415,-2357.5804
78617,2015,4,-2845.1300,-2484.6415,-2357.5804
78647,2015,5,,-2499.8987,-2345.5283
78678,2015,6,,-2515.3343,-2419.2934
78708,2015,7,-3026.6700,-2530.9466,-2662.6336
78739,2015,8,-3163.2900,-2546.5755,-2731.6218
78770,2015,9,-3204.0000,-2562.1961,-2687.2340
78800,2015,10,,-2577.7061,-2636.4747
78831,2015,11,,-2592.9787,-2622.7946
78861,2015,12,-3143.3700,-2607.9114,-2611.6733
78892,2016,1,-3084.9200,-2621.6968,-2591.7773
78923,2016,2,-3105.8800,-2635.5059,-2592.7244
78952,2016,3,-3105.2300,-2649.4681,-2574.3753
78983,2016,4,,-2663.6391,-2549.1807
79013,2016,5,-3079.8100,-2678.0018,-2548.1592
79044,2016,6,-3075.7700,-2692.5390,-2640.5147
79074,2016,7,-3247.0800,-2707.0825,-2909.9117
79105,2016,8,-3493.0600,-2721.6627,-3015.8745
79136,2016,9,,-2736.0962,-3015.3850
79166,2016,10,,-2750.3447,-2936.3258
79197,2016,11,-3374.2000,-2763.9617,-2890.5911
79227,2016,12,-3437.4500,-2777.5393,-2870.2539
79258,2017,1,-3388.6500,-2784.7854,-2845.0714
79289,2017,2,,-2791.7845,-2809.0947
79317,2017,3,,-2798.8510,-2815.2064
79348,2017,4,-3380.4500,-2806.1132,-2802.4652
79348,2017,4,-3350.6800,-2806.1132,-2802.4652
79378,2017,5,-3341.8500,-2813.4897,-2793.0659
79409,2017,6,-3370.6700,-2820.9097,-2871.2084
79439,2017,7,,-2828.3132,-3026.6874
79470,2017,8,,-2835.6264,-3078.8295
79501,2017,9,,-2842.8818,-3035.1491
79531,2017,10,,-2850.0490,-2991.4998
79562,2017,11,,-2857.1613,-2975.6147
79592,2017,12,,-2864.0300,-2976.2089
79623,2018,1,,-2873.6229,-2968.9869
79654,2018,2,,-2884.2188,-2913.6761
79682,2018,3,,-2895.4943,-2915.6679
79713,2018,4,,-2907.0579,-2913.4808
79743,2018,5,,-2918.8212,-2895.5508
79774,2018,6,-3409.6400,-2930.8292,-2921.8788
79804,2018,7,-3444.0100,-2943.1465,-3022.0912
79835,2018,8,,-2963.5968,-3106.1105
79866,2018,9,,-2984.1762,-3091.6201
79896,2018,10,-3635.2400,-3005.2916,-3080.2997
79927,2018,11,-3598.3500,-3027.1924,-3062.6321
79957,2018,12,-3566.7000,-3050.2556,-3057.2596
79988,2019,1,-3567.4800,-3087.6376,-3039.5934
80019,2019,2,-3597.1700,-3124.5300,-3038.0398
80047,2019,3,-3610.2800,-3161.5806,-3040.5872
80078,2019,4,-3601.5900,-3198.6605,-2984.2386
80108,2019,5,-3560.7300,-3235.6936,-3022.4375
80139,2019,6,-3632.9000,-3272.6553,-3134.9347
80169,2019,7,-3820.3600,-3309.6169,-3398.0343
80200,2019,8,-4076.5900,-3346.5786,-3544.3663
80231,2019,9,-4189.6900,-3383.5403,-3535.7353
80261,2019,10,-4180.3700,-3420.5659,-3523.2963
80292,2019,11,-4114.4500,-3457.5915,-3486.6873
80322,2019,12,-4111.3700,-3494.7068,-3490.8442
80353,2020,1,-4164.6800,-3531.8222,-3479.5525
80384,2020,2,-4160.1300,-3564.5660,-3482.4879
80413,2020,3,-4164.2000,-3597.3099,-3477.5055
80444,2020,4,-4137.0800,-3630.0537,-3456.6741
80474,2020,5,-4113.9600,-3662.7975,-3472.7037
80505,2020,6,-4149.6200,-3695.5414,-3513.9315
80535,2020,7,-4277.3500,-3728.2852,-3707.2727
80566,2020,8,-4378.1400,-3761.0290,-3766.5353
80597,2020,9,-4400.3900,-3793.7729,-3761.5345
80627,2020,10,-4340.9300,-3826.5167,-3725.4014
80658,2020,11,-4330.4300,-3859.2605,-3700.6637
80688,2020,12,-4332.1800,-3892.0044,-3687.0985
80719,2021,1,-4301.4900,,-3685.5218
80750,2021,2,-4316.2700,,-3665.8435
80778,2021,3,-4304.0100,,-3653.3746
80809,2021,4,-4275.5400,,-3638.0941
80839,2021,5,-4330.2800,,-3641.9112
80870,2021,6,-4311.4200,,-3703.7898
80900,2021,7,-4343.2100,,-3839.3822
80931,2021,8,-4500.4200,,-3960.7134
80962,2021,9,-4552.7200,,-3950.8726
80992,2021,10,-4588.5700,,-3947.9271
81023,2021,11,-4583.9500,,-3916.3063
81053,2021,12,-4541.6700,,-3904.8210
81084,2022,1,-4509.4000,,-3872.4799
81115,2022,2,-4497.1300,,-3864.7146
81143,2022,3,-4467.2300,,-3840.9218
81174,2022,4,-4489.3600,,-3832.5949
81204,2022,5,-4487.2000,,-3837.9420
81235,2022,6,-4464.4500,,-3858.5037
81265,2022,7,-4569.0700,,-4021.4615
81296,2022,8,-4688.3700,,-4073.6948
81327,2022,9,-4733.4200,,-4058.1950
81357,2022,10,-4720.2800,,-4014.6780
81388,2022,11,-4639.8800,,-3979.1807
81418,2022,12,-4589.0800,,-3981.3855
81449,2023,1,-4685.1100,,-3981.3751
81480,2023,2,-4686.3400,,-3948.1842
81508,2023,3,-4634.5700,,-3971.2729
81539,2023,4,-4658.3900,,-3967.5849
81569,2023,5,-4642.9700,,-3957.3736
81600,2023,6,-4607.6600,,-3956.3849
81630,2023,7,-4689.7500,,-4186.4068
81661,2023,8,-4900.2000,,-4291.4507
81692,2023,9,-4959.6600,,-4281.0937
81722,2023,10,-4944.9500,,-4231.6079
81753,2023,11,,,-4212.8256
81783,2023,12,,,-4227.5335
81814,2024,1,,,-4210.4778
end data
