Conventions,G,BADC-CSV,1
title,G,Greenland ice sheet cumulative mass balance
last_revised_date,G,2024-03-21
date_valid,G,2024-03-21
feature_type,G,area average
creator,G,WMO
source,G,Produced by climind version 1.0
observation_station,G,derived data
location,G,90.,-180.,-90.,180.
activity,G,WMO
history,G,"Data set created from file ['out_ts_filled_4_261_GIS.txt'] downloaded from [''] at ['2024-02-28 15:05:54']"
history,G,"Zeroed series on July 2005 by subtracting the value for that month from all data values (see next entry)"
history,G,"Added offset of -1982.552 to all data values."
history,G,"Manually changed baseline to 2005-2005. Note that data values remain unchanged."
reference,G,"Geruo, A., Wahr, J., & Zhong, S. (2013). Computations of the viscoelastic response of a 3-D compressible Earth to surface loading: An application to Glacial Isostatic Adjustment in Antarctica and Canada. Geophysical Journal International, 192(2), 557–572"
reference,G,"Ivins, E. R., T. S. James, J. Wahr, E. J. O Schrama, F. W. Landerer, and K. M. Simon (2013), Antarctic contribution to sea level rise observed by GRACE with improved GIA correction, J. Geophys. Res. Solid Earth, 118, 3126–3141, doi:10.1002/jgrb.50208"
reference,G,"Loomis, B. D., Rachlin, K. E., & Luthcke, S. B. (2019). Improved Earth oblateness rate reveals increased ice sheet losses and mass-driven sea level rise. Geophysical Research Letters, 46, 6910–6917. https://doi.org/10.1029/2019GL082929"
reference,G,"Peltier, W., Argus, D., & Drummond, R. (2015). Space geodesy constrains ice age terminal deglaciation: The global ICE-6G_C (VM5a) model. Journal of Geophysical Research: Solid Earth, 120, 450–487. https://doi.org/10.1002/2014JB011176"
reference,G,"Simpson, M. J., Milne, G. A., Huybrechts, P., & Long, A. J. (2009). Calibrating a glaciological model of the Greenland ice sheet from the Last Glacial Maximum to present-day using field observations of relative sea level and ice extent. Quaternary Science Reviews, 28(17), 1631–1657"
reference,G,"Sutterley, T. C., & Velicogna, I. (2019). Improved estimates of geocenter variability from time-variable gravity and ocean model outputs. Remote Sensing, 11(18), 2108"
reference,G,"Velicogna I., Mohajerani Y., A G., Landerer F., Mouginot J., Noel B., Rignot E., Sutterley T., van den Broeke M., van Wessem J., Wiese D. (2020). Continuity of ice sheet mass loss in Greenland and Antarctica from the GRACE and GRACE Follow-On missions, Geophys. Res. Lett. 47, e2020GL087291"
rights,G,TBD
comments,G,Data produced by climind version 1.0
comments,G,Format description https://help.ceda.ac.uk/article/105-badc-csv
comments,G,"Original data acknowledgement: "
long_name,time,time,days since 1800-01-01 00:00:00.0
type,time,int
long_name,year,year,1
type,year,int
long_name,month,month,1
type,month,int
long_name,data,greenland,Gt
type,data,float
coordinate_variable,time,t
data
time,year,month,data
73779,2002,1,
73810,2002,2,
73838,2002,3,
73869,2002,4,680.1070
73899,2002,5,680.7990
73930,2002,6,580.2840
73960,2002,7,479.7690
73991,2002,8,379.2540
74022,2002,9,301.3140
74052,2002,10,354.0210
74083,2002,11,380.5510
74113,2002,12,393.0620
74144,2003,1,500.6340
74175,2003,2,447.1540
74203,2003,3,546.9830
74234,2003,4,627.3220
74264,2003,5,610.2800
74295,2003,6,488.0240
74325,2003,7,365.7680
74356,2003,8,233.2280
74387,2003,9,191.7950
74417,2003,10,202.5660
74448,2003,11,178.6030
74478,2003,12,244.1290
74509,2004,1,224.1500
74540,2004,2,213.0260
74569,2004,3,229.9930
74600,2004,4,289.1890
74630,2004,5,302.8630
74661,2004,6,324.7160
74691,2004,7,173.1560
74722,2004,8,25.9960
74753,2004,9,-15.3230
74783,2004,10,-19.1840
74814,2004,11,-25.4360
74844,2004,12,35.9680
74875,2005,1,-12.2760
74906,2005,2,52.3770
74934,2005,3,128.4930
74965,2005,4,131.8500
74995,2005,5,188.6790
75026,2005,6,191.6630
75056,2005,7,0.0000
75087,2005,8,-193.1590
75118,2005,9,-286.6870
75148,2005,10,-271.7710
75179,2005,11,-303.3660
75209,2005,12,-233.4850
75240,2006,1,-262.6900
75271,2006,2,-211.1830
75299,2006,3,-164.5590
75330,2006,4,-177.9240
75360,2006,5,-157.7420
75391,2006,6,-151.0950
75421,2006,7,-234.9310
75452,2006,8,-388.7520
75483,2006,9,-453.1790
75513,2006,10,-435.0480
75544,2006,11,-458.2420
75574,2006,12,-510.5360
75605,2007,1,-460.6770
75636,2007,2,-352.3910
75664,2007,3,-406.3520
75695,2007,4,-397.5280
75725,2007,5,-349.1500
75756,2007,6,-325.0950
75786,2007,7,-488.9680
75817,2007,8,-683.2050
75848,2007,9,-769.2610
75878,2007,10,-819.7680
75909,2007,11,-809.5220
75939,2007,12,-734.3920
75970,2008,1,-691.7540
76001,2008,2,-683.7620
76030,2008,3,-627.0240
76061,2008,4,-583.7670
76091,2008,5,-607.0660
76122,2008,6,-639.0750
76152,2008,7,-788.8340
76183,2008,8,-975.3280
76214,2008,9,-1045.1500
76244,2008,10,-1042.7130
76275,2008,11,-1002.3830
76305,2008,12,-920.0550
76336,2009,1,-861.4630
76367,2009,2,-895.6880
76395,2009,3,-892.2760
76426,2009,4,-851.4290
76456,2009,5,-830.9350
76487,2009,6,-784.8900
76517,2009,7,-919.9410
76548,2009,8,-1187.1270
76579,2009,9,-1242.1090
76609,2009,10,-1185.7090
76640,2009,11,-1231.3790
76670,2009,12,-1184.7180
76701,2010,1,-1099.9930
76732,2010,2,-1102.7210
76760,2010,3,-1060.5990
76791,2010,4,-1098.5490
76821,2010,5,-1034.7490
76852,2010,6,-1153.2910
76882,2010,7,-1369.1900
76913,2010,8,-1582.5060
76944,2010,9,-1689.9670
76974,2010,10,-1651.4650
77005,2010,11,-1681.3080
77035,2010,12,-1635.0620
77066,2011,1,-1600.6860
77097,2011,2,-1566.3090
77125,2011,3,-1606.1110
77156,2011,4,-1572.9270
77186,2011,5,-1520.7250
77217,2011,6,-1640.4930
77247,2011,7,-1760.2610
77278,2011,8,-1961.8880
77309,2011,9,-2033.6970
77339,2011,10,-2079.7370
77370,2011,11,-2098.9350
77400,2011,12,-2046.3340
77431,2012,1,-2085.0490
77462,2012,2,-2009.6860
77491,2012,3,-1940.3200
77522,2012,4,-1906.1330
77552,2012,5,-1915.1860
77583,2012,6,-1924.2400
77613,2012,7,-2180.6670
77644,2012,8,-2478.9100
77675,2012,9,-2647.3090
77705,2012,10,-2614.1480
77736,2012,11,-2580.9860
77766,2012,12,-2554.4590
77797,2013,1,-2535.4030
77828,2013,2,-2538.1580
77856,2013,3,-2508.8790
77887,2013,4,-2479.5990
77917,2013,5,-2462.2960
77948,2013,6,-2376.0020
77978,2013,7,-2551.9040
78009,2013,8,-2573.5370
78040,2013,9,-2595.1690
78070,2013,10,-2616.8020
78101,2013,11,-2639.5860
78131,2013,12,-2615.7590
78162,2014,1,-2527.0170
78193,2014,2,-2520.0020
78221,2014,3,-2512.9870
78252,2014,4,-2505.9150
78282,2014,5,-2461.1050
78313,2014,6,-2494.9470
78343,2014,7,-2643.5910
78374,2014,8,-2792.2350
78405,2014,9,-2839.0920
78435,2014,10,-2791.5560
78466,2014,11,-2773.0070
78496,2014,12,-2775.1860
78527,2015,1,-2777.3640
78558,2015,2,-2707.7830
78586,2015,3,-2700.4660
78617,2015,4,-2670.7130
78647,2015,5,-2679.9960
78678,2015,6,-2749.7540
78708,2015,7,-2819.5120
78739,2015,8,-2943.9530
78770,2015,9,-3022.4260
78800,2015,10,-3007.1260
78831,2015,11,-2991.8260
78861,2015,12,-2976.5270
78892,2016,1,-2885.5150
78923,2016,2,-2980.0400
78952,2016,3,-2972.5960
78983,2016,4,-2905.3490
79013,2016,5,-2838.1030
79044,2016,6,-2836.3340
79074,2016,7,-3074.8370
79105,2016,8,-3276.2210
79136,2016,9,-3289.4450
79166,2016,10,-3302.6700
79197,2016,11,-3315.8950
79227,2016,12,-3354.6010
79258,2017,1,-3258.0410
79289,2017,2,-3233.7140
79317,2017,3,-3185.0600
79348,2017,4,-3200.9060
79378,2017,5,-3109.4870
79378,2017,5,-3142.9670
79439,2017,7,
79470,2017,8,
79501,2017,9,
79531,2017,10,
79562,2017,11,
79592,2017,12,
79623,2018,1,
79654,2018,2,
79682,2018,3,
79713,2018,4,
79743,2018,5,
79774,2018,6,-3186.9150
79804,2018,7,-3237.0260
79835,2018,8,-3303.2020
79866,2018,9,-3369.3790
79896,2018,10,-3435.5560
79927,2018,11,-3366.9420
79957,2018,12,-3355.3510
79988,2019,1,-3364.2510
80019,2019,2,-3343.7230
80047,2019,3,-3406.2280
80078,2019,4,-3329.2230
80108,2019,5,-3306.1260
80139,2019,6,-3421.1120
80169,2019,7,-3649.6640
80200,2019,8,-3892.4510
80231,2019,9,-3996.1770
80261,2019,10,-3983.5090
80292,2019,11,-3896.4660
80322,2019,12,-3880.7290
80353,2020,1,-3913.8740
80384,2020,2,-3921.2340
80413,2020,3,-3929.7010
80444,2020,4,-3901.0680
80474,2020,5,-3839.4500
80505,2020,6,-3881.4510
80535,2020,7,-4047.9270
80566,2020,8,-4149.6090
80597,2020,9,-4157.5730
80627,2020,10,-4108.6260
80658,2020,11,-4083.6830
80688,2020,12,-4100.8370
80719,2021,1,-4069.2470
80750,2021,2,-4029.8600
80778,2021,3,-4034.8870
80809,2021,4,-4066.0230
80839,2021,5,-4068.6160
80870,2021,6,-4048.0340
80900,2021,7,-4088.1100
80931,2021,8,-4288.8920
80962,2021,9,-4314.6210
80992,2021,10,-4427.6710
81023,2021,11,-4361.1240
81053,2021,12,-4334.8920
81084,2022,1,-4268.0420
81115,2022,2,-4276.1440
81143,2022,3,-4205.2130
81174,2022,4,-4227.3380
81204,2022,5,-4212.1070
81235,2022,6,-4233.0370
81265,2022,7,-4363.3430
81296,2022,8,-4485.6180
81327,2022,9,-4537.9350
81357,2022,10,-4535.2680
81388,2022,11,-4449.1550
81418,2022,12,-4382.1320
81449,2023,1,-4503.0650
81480,2023,2,-4454.7780
81508,2023,3,-4412.0840
81539,2023,4,-4376.9170
81569,2023,5,-4368.9980
81600,2023,6,-4336.2430
81630,2023,7,-4448.1430
81661,2023,8,-4710.5590
81692,2023,9,-4705.0620
end data
