Conventions,G,BADC-CSV,1
title,G,Regional mean temperature for WMO RA 2 Asia
last_revised_date,G,2022-09-02
date_valid,G,2022-09-02
feature_type,G,area average
creator,G,WMO
source,G,Produced by climind version 0.1
observation_station,G,derived data
location,G,90.,-180.,-90.,180.
activity,G,WMO
history,G,""Data set created from file ['NOAAGlobalTemp_v*.nc'] downloaded from ['https://www.ncei.noaa.gov/data/noaa-global-surface-temperature/v5/access/gridded/NOAAGlobalTemp_v.*.nc'] at ['2022-08-23 10:32:43']""
history,G,""Data set created from file ['NOAAGlobalTemp_v*.nc'] downloaded from ['https://www.ncei.noaa.gov/data/noaa-global-surface-temperature/v5/access/gridded/NOAAGlobalTemp_v.*.nc'] at ['2022-08-23 10:32:43']""
history,G,""Regridded to 1 degree latitude-longitude resolution""
history,G,""Rebaselined to 1981-2010""
history,G,""Calculated area-average""
history,G,""Calculated annual average from monthly averages using arithmetic mean""
history,G,""Selected year range 1900 to 2021""
history,G,""Wrote to file wmo_ra_2_NOAAGlobalTemp.csv""
history,G,"Data set created from file ['wmo_ra_2_NOAAGlobalTemp.csv'] downloaded from [''] at ['2022-09-01 17:56:52']"
reference,G,"Huang, B., M. J. Menne, T. Boyer, E. Freeman, B. E. Gleason, J. H. Lawrimore, C. Liu, J. J. Rennie, C. Schreck, F. Sun, R. Vose, C. N. Williams, X. Yin, H.-M. Zhang, 2020: Uncertainty estimates for sea surface temperature and land surface air temperature in NOAAGlobalTemp version 5. , J. Climate, 33, 1351-1379, DOI: 10.1175/JCLI-D-19-0395.1"
reference,G,"Zhang, Huai-Min, Jay H. Lawrimore, Boyin Huang, Matthew J. Menne, Xungang Yin, Ahira Sȧnchez-Lugo, Byron E. Gleason, Russell Vose, Derek Arndt, J. Jared Rennie, and Claude N. Williams. (2019) Updated Temperature Data Give a Sharper View of Climate Trends. Eos, 100, https://doi.org/10.1029/2019EO128229"
rights,G,TBD
comments,G,Data produced by climind version 0.1
comments,G,Format description https://help.ceda.ac.uk/article/105-badc-csv
long_name,time,time,
type,time,int
long_name,year,year,1
type,year,int
long_name,data,wmo_ra_2,degC
type,data,float
coordinate_variable,time,t
data
time,year,data
36524,1900,-1.1101
36889,1901,-0.9395
37254,1902,-1.2198
37619,1903,-1.2596
37984,1904,-1.1085
38350,1905,-1.3196
38715,1906,-1.0317
39080,1907,-1.3891
39445,1908,-1.3608
39811,1909,-1.1536
40176,1910,-1.4126
40541,1911,-1.3263
40906,1912,-1.6105
41272,1913,-1.2186
41637,1914,-0.7054
42002,1915,-0.9792
42367,1916,-1.3039
42733,1917,-1.1242
43098,1918,-1.2115
43463,1919,-1.1940
43828,1920,-1.1673
44194,1921,-0.7929
44559,1922,-0.9451
44924,1923,-1.0002
45289,1924,-0.8324
45655,1925,-0.7110
46020,1926,-0.7825
46385,1927,-1.0150
46750,1928,-1.0970
47116,1929,-1.4049
47481,1930,-1.0589
47846,1931,-1.1504
48211,1932,-0.6012
48577,1933,-1.2871
48942,1934,-0.9938
49307,1935,-0.9180
49672,1936,-0.9655
50038,1937,-0.9616
50403,1938,-0.5610
50768,1939,-0.4810
51133,1940,-0.6800
51499,1941,-0.7876
51864,1942,-0.6857
52229,1943,-0.4567
52594,1944,-0.4961
52960,1945,-0.8646
53325,1946,-0.7940
53690,1947,-0.7437
54055,1948,-0.3361
54421,1949,-0.8096
54786,1950,-1.1608
55151,1951,-0.6740
55516,1952,-1.1214
55882,1953,-0.4288
56247,1954,-1.0123
56612,1955,-0.7654
56977,1956,-1.0919
57343,1957,-1.0761
57708,1958,-0.8395
58073,1959,-0.5879
58438,1960,-0.9568
58804,1961,-0.5666
59169,1962,-0.4011
59534,1963,-0.3289
59899,1964,-1.0614
60265,1965,-0.8506
60630,1966,-0.9515
60995,1967,-0.5644
61360,1968,-0.8640
61726,1969,-1.3773
62091,1970,-0.7950
62456,1971,-0.5233
62821,1972,-1.0976
63187,1973,-0.3066
63552,1974,-1.0633
63917,1975,-0.2492
64282,1976,-1.0549
64648,1977,-0.6598
65013,1978,-0.4635
65378,1979,-0.6470
65743,1980,-0.5040
66109,1981,-0.1207
66474,1982,-0.5089
66839,1983,-0.0694
67204,1984,-0.9029
67570,1985,-0.6464
67935,1986,-0.4827
68300,1987,-0.6896
68665,1988,0.0342
69031,1989,-0.1316
69396,1990,0.1797
69761,1991,-0.0827
70126,1992,-0.5308
70492,1993,-0.3529
70857,1994,-0.1602
71222,1995,0.4633
71587,1996,-0.3887
71953,1997,0.1191
72318,1998,0.0958
72683,1999,0.1225
73048,2000,-0.0386
73414,2001,0.2230
73779,2002,0.4886
74144,2003,0.3478
74509,2004,0.2905
74875,2005,0.4469
75240,2006,0.2455
75605,2007,0.9242
75970,2008,0.5914
76336,2009,0.2208
76701,2010,0.3307
77066,2011,0.4060
77431,2012,0.1910
77797,2013,0.5333
78162,2014,0.3107
78527,2015,0.9361
78892,2016,0.9282
79258,2017,0.9910
79623,2018,0.6509
79988,2019,0.9593
80353,2020,1.3640
80719,2021,0.8611
end data
