Conventions,G,BADC-CSV,1
title,G,Regional mean temperature for WMO RA 2 Asia
last_revised_date,G,2022-11-24
date_valid,G,2022-11-24
feature_type,G,area average
creator,G,WMO
source,G,Produced by climind version 0.1
observation_station,G,derived data
location,G,90.,-180.,-90.,180.
activity,G,WMO
history,G,""Data set created from file ['NOAAGlobalTemp_v*.nc'] downloaded from ['https://www.ncei.noaa.gov/data/noaa-global-surface-temperature/v5/access/gridded/NOAAGlobalTemp_v.*.nc'] at ['2022-11-21 17:47:59']""
history,G,""Data set created from file ['NOAAGlobalTemp_v*.nc'] downloaded from ['https://www.ncei.noaa.gov/data/noaa-global-surface-temperature/v5/access/gridded/NOAAGlobalTemp_v.*.nc'] at ['2022-11-21 17:47:59']""
history,G,""Regridded to 1 degree latitude-longitude resolution""
history,G,""Rebaselined to 1981-2010""
history,G,""Calculated area-average""
history,G,""Calculated annual average from monthly averages using arithmetic mean""
history,G,""Selected years within the range 1900 to 2022.""
history,G,""Wrote to file wmo_ra_2_NOAAGlobalTemp.csv""
history,G,"Data set created from file ['wmo_ra_2_NOAAGlobalTemp.csv'] downloaded from [''] at ['2022-11-23 19:15:00']"
reference,G,"Huang, B., M. J. Menne, T. Boyer, E. Freeman, B. E. Gleason, J. H. Lawrimore, C. Liu, J. J. Rennie, C. Schreck, F. Sun, R. Vose, C. N. Williams, X. Yin, H.-M. Zhang, 2020: Uncertainty estimates for sea surface temperature and land surface air temperature in NOAAGlobalTemp version 5. , J. Climate, 33, 1351-1379, DOI: 10.1175/JCLI-D-19-0395.1"
reference,G,"Zhang, Huai-Min, Jay H. Lawrimore, Boyin Huang, Matthew J. Menne, Xungang Yin, Ahira Sȧnchez-Lugo, Byron E. Gleason, Russell Vose, Derek Arndt, J. Jared Rennie, and Claude N. Williams. (2019) Updated Temperature Data Give a Sharper View of Climate Trends. Eos, 100, https://doi.org/10.1029/2019EO128229"
rights,G,TBD
comments,G,Data produced by climind version 0.1
comments,G,Format description https://help.ceda.ac.uk/article/105-badc-csv
long_name,time,time,days since 1800-01-01 00:00:00.0
type,time,int
long_name,year,year,1
type,year,int
long_name,data,wmo_ra_2,degC
type,data,float
coordinate_variable,time,t
data
time,year,data
36524,1900,-1.0852
36889,1901,-0.9155
37254,1902,-1.1951
37619,1903,-1.2302
37984,1904,-1.0788
38350,1905,-1.3000
38715,1906,-1.0174
39080,1907,-1.3677
39445,1908,-1.3394
39811,1909,-1.1184
40176,1910,-1.3844
40541,1911,-1.2924
40906,1912,-1.5783
41272,1913,-1.1872
41637,1914,-0.6738
42002,1915,-0.9536
42367,1916,-1.2836
42733,1917,-1.0992
43098,1918,-1.1915
43463,1919,-1.1807
43828,1920,-1.1562
44194,1921,-0.7893
44559,1922,-0.9436
44924,1923,-0.9866
45289,1924,-0.8269
45655,1925,-0.7041
46020,1926,-0.7642
46385,1927,-0.9912
46750,1928,-1.0736
47116,1929,-1.3861
47481,1930,-1.0424
47846,1931,-1.1329
48211,1932,-0.5870
48577,1933,-1.2742
48942,1934,-0.9744
49307,1935,-0.8982
49672,1936,-0.9539
50038,1937,-0.9542
50403,1938,-0.5528
50768,1939,-0.4733
51133,1940,-0.6745
51499,1941,-0.7824
51864,1942,-0.6850
52229,1943,-0.4536
52594,1944,-0.4902
52960,1945,-0.8624
53325,1946,-0.7907
53690,1947,-0.7373
54055,1948,-0.3297
54421,1949,-0.8042
54786,1950,-1.1580
55151,1951,-0.6704
55516,1952,-1.1193
55882,1953,-0.4246
56247,1954,-1.0054
56612,1955,-0.7598
56977,1956,-1.0849
57343,1957,-1.0732
57708,1958,-0.8400
58073,1959,-0.5864
58438,1960,-0.9553
58804,1961,-0.5664
59169,1962,-0.4022
59534,1963,-0.3302
59899,1964,-1.0584
60265,1965,-0.8486
60630,1966,-0.9512
60995,1967,-0.5656
61360,1968,-0.8659
61726,1969,-1.3745
62091,1970,-0.7930
62456,1971,-0.5219
62821,1972,-1.0982
63187,1973,-0.3075
63552,1974,-1.0633
63917,1975,-0.2506
64282,1976,-1.0561
64648,1977,-0.6597
65013,1978,-0.4633
65378,1979,-0.6459
65743,1980,-0.5026
66109,1981,-0.1194
66474,1982,-0.5092
66839,1983,-0.0720
67204,1984,-0.9046
67570,1985,-0.6473
67935,1986,-0.4833
68300,1987,-0.6895
68665,1988,0.0341
69031,1989,-0.1315
69396,1990,0.1806
69761,1991,-0.0800
70126,1992,-0.5281
70492,1993,-0.3513
70857,1994,-0.1578
71222,1995,0.4645
71587,1996,-0.3832
71953,1997,0.1228
72318,1998,0.0995
72683,1999,0.1253
73048,2000,-0.0373
73414,2001,0.2243
73779,2002,0.4893
74144,2003,0.3464
74509,2004,0.2891
74875,2005,0.4444
75240,2006,0.2411
75605,2007,0.9207
75970,2008,0.5866
76336,2009,0.2160
76701,2010,0.3273
77066,2011,0.4023
77431,2012,0.1883
77797,2013,0.5302
78162,2014,0.3100
78527,2015,0.9330
78892,2016,0.9208
79258,2017,0.9813
79623,2018,0.6415
79988,2019,0.9522
80353,2020,1.3555
80719,2021,0.8561
81084,2022,1.1960
end data
