Conventions,G,BADC-CSV,1
title,G,Regional mean temperature for WMO RA 2 Asia
last_revised_date,G,2023-10-27
date_valid,G,2023-10-27
feature_type,G,area average
creator,G,WMO
source,G,Produced by climind version 1.0
observation_station,G,derived data
location,G,90.,-180.,-90.,180.
rights,G,TBD
activity,G,WMO
comments,G,Format description https://help.ceda.ac.uk/article/105-badc-csv
history,wmo_ra_2_Berkeley_Earth,""Data set created from file ['Land_and_Ocean_LatLong1.nc'] downloaded from ['https://berkeley-earth-temperature.s3.us-west-1.amazonaws.com/Global/Gridded/Land_and_Ocean_LatLong1.nc'] at ['2023-10-13 17:18:41']""
history,wmo_ra_2_Berkeley_Earth,""Rebaselined to 1991-2020""
history,wmo_ra_2_Berkeley_Earth,""Calculated area-average""
history,wmo_ra_2_Berkeley_Earth,""Calculated annual average from monthly averages using arithmetic mean""
history,wmo_ra_2_Berkeley_Earth,""Selected years within the range 1900 to 2023.""
history,wmo_ra_2_Berkeley_Earth,""Wrote to file wmo_ra_2_Berkeley Earth.csv""
history,wmo_ra_2_Berkeley_Earth,"Data set created from file ['wmo_ra_2_Berkeley Earth.csv'] downloaded from [''] at ['2023-10-27 10:53:31']"
reference,wmo_ra_2_Berkeley_Earth,"Rohde, R. A. and Hausfather, Z.: The Berkeley Earth Land/Ocean Temperature Record, Earth Syst. Sci. Data, 12, 3469-3479, https://doi.org/10.5194/essd-12-3469-2020, 2020"
comments,wmo_ra_2_Berkeley_Earth,"Original data acknowledgement: "
history,wmo_ra_2_ERA5,""Gridded dataset created from file ['era5_2m_tas_2023.nc'] downloaded from ['']""
history,wmo_ra_2_ERA5,""Regridded to 1 degree latitude-longitude resolution""
history,wmo_ra_2_ERA5,""Rebaselined to 1991-2020""
history,wmo_ra_2_ERA5,""Calculated area-average""
history,wmo_ra_2_ERA5,""Calculated annual average from monthly averages using arithmetic mean""
history,wmo_ra_2_ERA5,""Selected years within the range 1900 to 2023.""
history,wmo_ra_2_ERA5,""Wrote to file wmo_ra_2_ERA5.csv""
history,wmo_ra_2_ERA5,"Data set created from file ['wmo_ra_2_ERA5.csv'] downloaded from [''] at ['2023-10-27 10:54:33']"
reference,wmo_ra_2_ERA5,"Hersbach H, Bell B, Berrisford P et al. 2020. The ERA5 global reanalysis. Q. J. R. Meteorol. Soc. 146: 1999-2049. https://doi.org/10.1002/qj.3803"
comments,wmo_ra_2_ERA5,"Original data acknowledgement: Contains using Copernicus Climate Change Service information [2023]. Neither the European Commission nor ECMWF is responsible for any use that may be made of the Copernicus information or data it contains."
history,wmo_ra_2_GISTEMP,""Data set created from file ['gistemp1200_GHCNv4_ERSSTv5.nc.gz'] downloaded from ['https://data.giss.nasa.gov/pub/gistemp/gistemp1200_GHCNv4_ERSSTv5.nc.gz'] at ['2023-10-13 17:19:30']""
history,wmo_ra_2_GISTEMP,""Regridded to 1 degree latitude-longitude resolution""
history,wmo_ra_2_GISTEMP,""Rebaselined to 1991-2020""
history,wmo_ra_2_GISTEMP,""Calculated area-average""
history,wmo_ra_2_GISTEMP,""Calculated annual average from monthly averages using arithmetic mean""
history,wmo_ra_2_GISTEMP,""Selected years within the range 1900 to 2023.""
history,wmo_ra_2_GISTEMP,""Wrote to file wmo_ra_2_GISTEMP.csv""
history,wmo_ra_2_GISTEMP,"Data set created from file ['wmo_ra_2_GISTEMP.csv'] downloaded from [''] at ['2023-10-27 10:54:53']"
reference,wmo_ra_2_GISTEMP,"Lenssen, N., G. Schmidt, J. Hansen, M. Menne, A. Persin, R. Ruedy, and D. Zyss, 2019: Improvements in the GISTEMP uncertainty model. J. Geophys. Res. Atmos., 124, no. 12, 6307-6326, doi:10.1029/2018JD029522"
comments,wmo_ra_2_GISTEMP,"Original data acknowledgement: "
history,wmo_ra_2_HadCRUT5,""Data set created from file ['HadCRUT.5.0.1.0.analysis.anomalies.ensemble_mean.nc'] downloaded from ['https://www.metoffice.gov.uk/hadobs/hadcrut5/data/current/analysis/HadCRUT.5.0.1.0.analysis.anomalies.ensemble_mean.nc'] at ['2023-10-13 17:19:31']""
history,wmo_ra_2_HadCRUT5,""Regridded to 1 degree latitude-longitude resolution""
history,wmo_ra_2_HadCRUT5,""Rebaselined to 1991-2020""
history,wmo_ra_2_HadCRUT5,""Calculated area-average""
history,wmo_ra_2_HadCRUT5,""Calculated annual average from monthly averages using arithmetic mean""
history,wmo_ra_2_HadCRUT5,""Selected years within the range 1900 to 2023.""
history,wmo_ra_2_HadCRUT5,""Wrote to file wmo_ra_2_HadCRUT5.csv""
history,wmo_ra_2_HadCRUT5,"Data set created from file ['wmo_ra_2_HadCRUT5.csv'] downloaded from [''] at ['2023-10-27 10:55:34']"
reference,wmo_ra_2_HadCRUT5,"Morice, C. P., Kennedy, J. J., Rayner, N. A., Winn, J. P., Hogan, E., Killick, R. E., et al. (2021). An updated assessment of near-surface temperature change from 1850: the HadCRUT5 data set. Journal of Geophysical Research: Atmospheres, 126, e2019JD032361. https://doi.org/10.1029/2019JD032361"
comments,wmo_ra_2_HadCRUT5,"Original data acknowledgement: HadCRUT.5.0.1.0 data were obtained from http://www.metoffice.gov.uk/hadobs/hadcrut5 on 2023-10-13 17:19:31 and are © British Crown Copyright, Met Office 2023, provided under an Open Government License, http://www.nationalarchives.gov.uk/doc/open-government-licence/version/3/"
history,wmo_ra_2_JRA-55,""Data set created from file ['anl_surf125.011_tmp.202301_202312', 'anl_surf125.2023MMMM'] downloaded from ['', ''] at ['2023-10-06 11:01:38']""
history,wmo_ra_2_JRA-55,""Regridded to 1 degree latitude-longitude resolution""
history,wmo_ra_2_JRA-55,""Rebaselined to 1991-2020""
history,wmo_ra_2_JRA-55,""Calculated area-average""
history,wmo_ra_2_JRA-55,""Calculated annual average from monthly averages using arithmetic mean""
history,wmo_ra_2_JRA-55,""Selected years within the range 1900 to 2023.""
history,wmo_ra_2_JRA-55,""Wrote to file wmo_ra_2_JRA-55.csv""
history,wmo_ra_2_JRA-55,"Data set created from file ['wmo_ra_2_JRA-55.csv'] downloaded from [''] at ['2023-10-27 10:56:36']"
reference,wmo_ra_2_JRA-55,"Kobayashi, S., Ota, Y., Harada, Y., Ebita, A., Moriya, M., Onoda, H., Onogi, K., Kamahori, H., Kobayashi, C., Endo, H. and Miyaoka, K., (2015). The JRA-55 reanalysis: General specifications and basic characteristics. Journal of the Meteorological Society of Japan. Ser. II, 93(1), pp.5-48."
comments,wmo_ra_2_JRA-55,"Original data acknowledgement: "
history,wmo_ra_2_Kadow,""Data set created from file ['HadCRUT.5.0.1.0.anomalies.Kadow_et_al_2020_20crAI-infilled.ensemble_mean_185001-*.nc'] downloaded from [''] at ['2023-10-23 09:13:55']""
history,wmo_ra_2_Kadow,""Regridded to 1 degree latitude-longitude resolution""
history,wmo_ra_2_Kadow,""Rebaselined to 1991-2020""
history,wmo_ra_2_Kadow,""Calculated area-average""
history,wmo_ra_2_Kadow,""Calculated annual average from monthly averages using arithmetic mean""
history,wmo_ra_2_Kadow,""Selected years within the range 1900 to 2023.""
history,wmo_ra_2_Kadow,""Wrote to file wmo_ra_2_Kadow.csv""
history,wmo_ra_2_Kadow,"Data set created from file ['wmo_ra_2_Kadow.csv'] downloaded from [''] at ['2023-10-27 10:57:03']"
reference,wmo_ra_2_Kadow,"Kadow, C., Hall, D.M. & Ulbrich, U. Artificial intelligence reconstructs missing climate information. Nat. Geosci. (2020). https://doi.org/10.1038/s41561-020-0582-5"
comments,wmo_ra_2_Kadow,"Original data acknowledgement: "
history,wmo_ra_2_NOAA_Interim,""Data set created from file ['NOAAGlobalTemp_v*.nc'] downloaded from ['https://www.ncei.noaa.gov/data/noaa-global-surface-temperature/v5.1/access/gridded/NOAAGlobalTemp_v.*.nc'] at ['2023-10-14 08:45:48']""
history,wmo_ra_2_NOAA_Interim,""Data set created from file ['NOAAGlobalTemp_v*.nc'] downloaded from ['https://www.ncei.noaa.gov/data/noaa-global-surface-temperature/v5.1/access/gridded/NOAAGlobalTemp_v.*.nc'] at ['2023-10-14 08:45:48']""
history,wmo_ra_2_NOAA_Interim,""Regridded to 1 degree latitude-longitude resolution""
history,wmo_ra_2_NOAA_Interim,""Rebaselined to 1991-2020""
history,wmo_ra_2_NOAA_Interim,""Calculated area-average""
history,wmo_ra_2_NOAA_Interim,""Calculated annual average from monthly averages using arithmetic mean""
history,wmo_ra_2_NOAA_Interim,""Selected years within the range 1900 to 2023.""
history,wmo_ra_2_NOAA_Interim,""Wrote to file wmo_ra_2_NOAA Interim.csv""
history,wmo_ra_2_NOAA_Interim,"Data set created from file ['wmo_ra_2_NOAA Interim.csv'] downloaded from [''] at ['2023-10-27 10:57:50']"
reference,wmo_ra_2_NOAA_Interim,"Vose, R.S., B. Huang, X. Yin., D. Arndt, D.R. Easterling, J.H. Lawrimore, M.J. Menne, A. Sanchez-Lugo, H.-M. Zhang, 2021: Implementing full spatial coverage in NOAA’s global temperature analysis. Geophysical Research Letters, 48, e2020GL090873. https://doi.org/10.1029/2020GL090873"
comments,wmo_ra_2_NOAA_Interim,"Original data acknowledgement: "
long_name,time,time,days since 1800-01-01 00:00:00.0
type,time,int
long_name,year,year,1
type,year,int
long_name,wmo_ra_2_Berkeley_Earth,wmo_ra_2,degC
type,wmo_ra_2_Berkeley_Earth,float
long_name,wmo_ra_2_ERA5,wmo_ra_2,degC
type,wmo_ra_2_ERA5,float
long_name,wmo_ra_2_GISTEMP,wmo_ra_2,degC
type,wmo_ra_2_GISTEMP,float
long_name,wmo_ra_2_HadCRUT5,wmo_ra_2,degC
type,wmo_ra_2_HadCRUT5,float
long_name,wmo_ra_2_JRA-55,wmo_ra_2,degC
type,wmo_ra_2_JRA-55,float
long_name,wmo_ra_2_Kadow,wmo_ra_2,degC
type,wmo_ra_2_Kadow,float
long_name,wmo_ra_2_NOAA_Interim,wmo_ra_2,degC
type,wmo_ra_2_NOAA_Interim,float
coordinate_variable,time,t
data
time,year,wmo_ra_2_Berkeley_Earth,wmo_ra_2_ERA5,wmo_ra_2_GISTEMP,wmo_ra_2_HadCRUT5,wmo_ra_2_JRA-55,wmo_ra_2_Kadow,wmo_ra_2_NOAA_Interim
36524,1900,-1.2575,,-1.4248,-1.3432,,-1.4739,-1.5127
36889,1901,-1.0708,,-1.2385,-1.1176,,-1.1470,-1.3988
37254,1902,-1.4651,,-1.6058,-1.5165,,-1.6211,-1.6651
37619,1903,-1.4037,,-1.4773,-1.4844,,-1.5112,-1.6161
37984,1904,-1.2086,,-1.3297,-1.3809,,-1.3522,-1.4194
38350,1905,-1.5675,,-1.6053,-1.5986,,-1.6401,-1.6998
38715,1906,-1.1233,,-1.2368,-1.1438,,-1.1137,-1.4426
39080,1907,-1.4585,,-1.6523,-1.5337,,-1.4691,-1.7028
39445,1908,-1.4560,,-1.6276,-1.5113,,-1.5072,-1.7227
39811,1909,-1.3066,,-1.4180,-1.3301,,-1.3568,-1.5680
40176,1910,-1.5574,,-1.6689,-1.5571,,-1.6173,-1.7187
40541,1911,-1.4341,,-1.5660,-1.4798,,-1.5042,-1.6725
40906,1912,-1.8006,,-1.9091,-1.8398,,-1.8526,-1.9557
41272,1913,-1.4429,,-1.5268,-1.4815,,-1.5251,-1.6594
41637,1914,-0.9014,,-0.9419,-0.9495,,-0.9199,-1.0411
42002,1915,-1.2928,,-1.3294,-1.2548,,-1.3724,-1.3873
42367,1916,-1.5791,,-1.6548,-1.4993,,-1.5915,-1.6486
42733,1917,-1.3200,,-1.4169,-1.2881,,-1.2461,-1.5118
43098,1918,-1.4976,,-1.5432,-1.4354,,-1.4724,-1.6763
43463,1919,-1.3739,,-1.5510,-1.3382,,-1.3946,-1.5959
43828,1920,-1.2577,,-1.3742,-1.2290,,-1.2312,-1.4417
44194,1921,-0.9936,,-1.0720,-0.9540,,-0.9893,-1.0448
44559,1922,-1.1679,,-1.2499,-1.1608,,-1.2113,-1.3413
44924,1923,-1.2211,,-1.2765,-1.2047,,-1.2417,-1.4281
45289,1924,-0.9944,,-1.0751,-1.0446,,-1.0658,-1.1590
45655,1925,-1.0553,,-1.0505,-1.0090,,-1.0059,-1.1138
46020,1926,-1.0037,,-1.0738,-0.9511,,-0.9138,-1.1021
46385,1927,-1.2401,,-1.3303,-1.1636,,-1.1648,-1.3432
46750,1928,-1.3095,,-1.3997,-1.2267,,-1.2438,-1.3836
47116,1929,-1.7126,,-1.7762,-1.6404,,-1.6262,-1.7653
47481,1930,-1.3713,,-1.3770,-1.2438,,-1.2430,-1.3695
47846,1931,-1.3701,,-1.4398,-1.3042,,-1.3169,-1.4570
48211,1932,-0.8914,,-0.9055,-0.7978,,-0.8145,-0.9520
48577,1933,-1.5793,,-1.6281,-1.4774,,-1.4685,-1.6773
48942,1934,-1.2791,,-1.2606,-1.1879,,-1.1896,-1.3159
49307,1935,-1.2144,,-1.1865,-1.1076,,-1.1287,-1.2397
49672,1936,-1.3267,,-1.2759,-1.2599,,-1.2543,-1.3485
50038,1937,-1.2961,,-1.2867,-1.2880,,-1.2571,-1.3040
50403,1938,-0.9096,,-0.8390,-0.8470,,-0.8599,-0.9061
50768,1939,-0.8255,,-0.7591,-0.7648,,-0.7967,-0.8318
51133,1940,-1.0296,,-0.9907,-0.9793,,-1.0297,-1.0466
51499,1941,-1.1017,,-1.0756,-1.0737,,-1.1280,-1.1511
51864,1942,-0.9911,,-1.0038,-1.0163,,-1.0322,-1.0235
52229,1943,-0.7459,,-0.7121,-0.7474,,-0.7560,-0.7656
52594,1944,-0.8128,,-0.7860,-0.8003,,-0.8233,-0.8217
52960,1945,-1.1999,,-1.2580,-1.1789,,-1.2126,-1.2125
53325,1946,-1.1803,,-1.1058,-1.1360,,-1.1816,-1.1744
53690,1947,-1.0605,,-1.0510,-1.0400,,-1.1044,-1.1018
54055,1948,-0.6628,,-0.6558,-0.6730,,-0.6587,-0.6853
54421,1949,-1.1492,,-1.1708,-1.1334,,-1.1377,-1.1647
54786,1950,-1.4984,,-1.4616,-1.4722,,-1.5104,-1.5258
55151,1951,-0.9371,,-0.9954,-0.9462,,-0.9691,-1.0155
55516,1952,-1.4448,,-1.4335,-1.4365,,-1.4836,-1.4952
55882,1953,-0.7077,,-0.7684,-0.7033,,-0.6978,-0.7652
56247,1954,-1.2671,,-1.3171,-1.2783,,-1.2943,-1.3552
56612,1955,-1.0964,,-1.0772,-1.1146,,-1.1374,-1.1614
56977,1956,-1.3956,,-1.4430,-1.4354,,-1.4561,-1.4690
57343,1957,-1.3993,,-1.4309,-1.4010,,-1.4466,-1.4565
57708,1958,-1.1631,,-1.1699,-1.1819,-1.1071,-1.2214,-1.2425
58073,1959,-0.8866,,-0.9165,-0.9270,-0.9269,-0.9494,-0.9379
58438,1960,-1.2910,,-1.2971,-1.3167,-1.3130,-1.3382,-1.3458
58804,1961,-0.8485,,-0.8680,-0.8989,-0.9023,-0.9099,-0.9280
59169,1962,-0.6664,,-0.6996,-0.7015,-0.7470,-0.7009,-0.7464
59534,1963,-0.6358,,-0.6763,-0.7083,-0.6810,-0.7032,-0.7148
59899,1964,-1.3932,,-1.4332,-1.4334,-1.3610,-1.4394,-1.4458
60265,1965,-1.1719,,-1.2156,-1.1848,-1.0824,-1.1964,-1.2356
60630,1966,-1.2598,,-1.2499,-1.2965,-1.2116,-1.3011,-1.3261
60995,1967,-0.8582,,-0.9439,-0.9152,-0.8973,-0.9096,-0.9216
61360,1968,-1.2034,,-1.2223,-1.2487,-1.2278,-1.2516,-1.2487
61726,1969,-1.7074,,-1.7889,-1.7436,-1.7687,-1.7472,-1.7513
62091,1970,-1.1304,,-1.1381,-1.1902,-1.1633,-1.1836,-1.1795
62456,1971,-0.8929,,-0.9038,-0.9664,-0.9287,-0.9568,-0.9071
62821,1972,-1.4530,,-1.4590,-1.4708,-1.4463,-1.5081,-1.4738
63187,1973,-0.6349,,-0.6863,-0.7223,-0.6209,-0.7123,-0.6776
63552,1974,-1.4162,,-1.4174,-1.4422,-1.4143,-1.4713,-1.4396
63917,1975,-0.6006,,-0.6091,-0.6248,-0.5908,-0.6248,-0.6101
64282,1976,-1.4223,,-1.4409,-1.4582,-1.4449,-1.4779,-1.4399
64648,1977,-0.9741,,-1.0031,-1.0601,-1.0352,-1.0732,-1.0428
65013,1978,-0.7812,,-0.8077,-0.8579,-0.8427,-0.8675,-0.8320
65378,1979,-0.9976,-1.0472,-0.9450,-1.0504,-1.0577,-1.0634,-1.0266
65743,1980,-0.8413,-0.8676,-0.8600,-0.8906,-0.8705,-0.9016,-0.8683
66109,1981,-0.4566,-0.5067,-0.4787,-0.5100,-0.5209,-0.4984,-0.4752
66474,1982,-0.8874,-0.9598,-0.8812,-0.9091,-0.9351,-0.9094,-0.8854
66839,1983,-0.4077,-0.4620,-0.4193,-0.4608,-0.4914,-0.4390,-0.4335
67204,1984,-1.2796,-1.2660,-1.2813,-1.2940,-1.3016,-1.3085,-1.2827
67570,1985,-1.0227,-1.0576,-1.0299,-1.0663,-1.0724,-1.0547,-1.0292
67935,1986,-0.8270,-0.8722,-0.8231,-0.8849,-0.8903,-0.8890,-0.8510
68300,1987,-1.0634,-1.0735,-1.0602,-1.0773,-1.1008,-1.0791,-1.0650
68665,1988,-0.3329,-0.3369,-0.3561,-0.3687,-0.4071,-0.3471,-0.3306
69031,1989,-0.4765,-0.5019,-0.4583,-0.5039,-0.4748,-0.5087,-0.4905
69396,1990,-0.1979,-0.1939,-0.1386,-0.2075,-0.1955,-0.2048,-0.1905
69761,1991,-0.4224,-0.4242,-0.4302,-0.4407,-0.4604,-0.4566,-0.4386
70126,1992,-0.9341,-0.9627,-0.8924,-0.9148,-0.9571,-0.9121,-0.9176
70492,1993,-0.7196,-0.7285,-0.7621,-0.7191,-0.7299,-0.7122,-0.7165
70857,1994,-0.5226,-0.5305,-0.5131,-0.5391,-0.5329,-0.5257,-0.5408
71222,1995,0.1253,0.1296,0.1231,0.1058,0.1331,0.1095,0.1059
71587,1996,-0.7118,-0.7708,-0.7498,-0.7436,-0.7314,-0.7254,-0.7355
71953,1997,-0.2511,-0.3286,-0.2453,-0.2568,-0.2662,-0.2414,-0.2372
72318,1998,-0.3051,-0.3341,-0.2649,-0.2790,-0.2665,-0.2770,-0.2777
72683,1999,-0.2495,-0.2668,-0.2446,-0.2542,-0.2066,-0.2388,-0.2525
73048,2000,-0.3981,-0.4528,-0.3883,-0.3944,-0.3447,-0.4038,-0.4018
73414,2001,-0.1507,-0.1789,-0.1450,-0.1317,-0.1337,-0.1284,-0.1494
73779,2002,0.1102,0.0754,0.1493,0.1333,0.1474,0.1286,0.1095
74144,2003,-0.0020,-0.0251,-0.0065,-0.0053,0.0196,-0.0056,-0.0180
74509,2004,-0.0921,-0.0622,-0.0492,-0.0881,-0.0404,-0.0917,-0.0889
74875,2005,0.1071,0.1147,0.1031,0.0735,0.1197,0.0721,0.1022
75240,2006,-0.1227,-0.0757,-0.1251,-0.1280,-0.1002,-0.1154,-0.1076
75605,2007,0.5783,0.6198,0.5963,0.5907,0.5595,0.5901,0.5809
75970,2008,0.2163,0.2465,0.2261,0.2362,0.1774,0.2245,0.2346
76336,2009,-0.1404,-0.1401,-0.1520,-0.1503,-0.1541,-0.1506,-0.1391
76701,2010,-0.0424,-0.0313,-0.0525,-0.0297,-0.0426,-0.0198,-0.0400
77066,2011,0.0556,0.0624,0.0104,0.0785,0.0688,0.0755,0.0666
77431,2012,-0.1645,-0.1588,-0.1712,-0.1473,-0.1467,-0.1612,-0.1465
77797,2013,0.1848,0.1978,0.1923,0.2061,0.2226,0.2198,0.1818
78162,2014,-0.0072,0.0044,-0.0268,0.0748,0.0154,0.0579,-0.0412
78527,2015,0.6148,0.6281,0.6234,0.6322,0.6100,0.6084,0.5948
78892,2016,0.6025,0.6508,0.5596,0.6053,0.5919,0.6350,0.6035
79258,2017,0.6804,0.7270,0.6671,0.7061,0.6628,0.7049,0.6849
79623,2018,0.3031,0.3189,0.3070,0.2637,0.2495,0.2484,0.3069
79988,2019,0.6215,0.6476,0.6366,0.5934,0.5799,0.5782,0.6234
80353,2020,1.0362,1.0483,1.0245,0.9223,0.9558,0.9129,1.0540
80719,2021,0.4837,0.4645,0.5189,0.4026,0.3828,0.3926,0.5071
81084,2022,0.7725,0.7506,0.7472,0.6371,0.7040,0.6120,0.7633
81449,2023,0.7054,0.7091,0.7764,0.6410,0.6802,0.6603,0.7371
end data
