Conventions,G,BADC-CSV,1
title,G,Regional mean temperature for WMO RA 2 Asia
last_revised_date,G,2022-12-16
date_valid,G,2022-12-16
feature_type,G,area average
creator,G,WMO
source,G,Produced by climind version 0.1
observation_station,G,derived data
location,G,90.,-180.,-90.,180.
activity,G,WMO
history,G,""Data set created from file ['NOAAGlobalTemp_v*.nc'] downloaded from ['https://www.ncei.noaa.gov/data/noaa-global-surface-temperature/v5/access/gridded/NOAAGlobalTemp_v.*.nc'] at ['2022-12-16 09:24:29']""
history,G,""Data set created from file ['NOAAGlobalTemp_v*.nc'] downloaded from ['https://www.ncei.noaa.gov/data/noaa-global-surface-temperature/v5/access/gridded/NOAAGlobalTemp_v.*.nc'] at ['2022-12-16 09:24:29']""
history,G,""Regridded to 1 degree latitude-longitude resolution""
history,G,""Rebaselined to 1991-2020""
history,G,""Calculated area-average""
history,G,""Calculated annual average from monthly averages using arithmetic mean""
history,G,""Selected years within the range 1900 to 2022.""
history,G,""Wrote to file wmo_ra_2_NOAAGlobalTemp.csv""
history,G,"Data set created from file ['wmo_ra_2_NOAAGlobalTemp.csv'] downloaded from [''] at ['2022-12-16 17:53:12']"
reference,G,"Huang, B., M. J. Menne, T. Boyer, E. Freeman, B. E. Gleason, J. H. Lawrimore, C. Liu, J. J. Rennie, C. Schreck, F. Sun, R. Vose, C. N. Williams, X. Yin, H.-M. Zhang, 2020: Uncertainty estimates for sea surface temperature and land surface air temperature in NOAAGlobalTemp version 5. , J. Climate, 33, 1351-1379, DOI: 10.1175/JCLI-D-19-0395.1"
reference,G,"Zhang, Huai-Min, Jay H. Lawrimore, Boyin Huang, Matthew J. Menne, Xungang Yin, Ahira Sȧnchez-Lugo, Byron E. Gleason, Russell Vose, Derek Arndt, J. Jared Rennie, and Claude N. Williams. (2019) Updated Temperature Data Give a Sharper View of Climate Trends. Eos, 100, https://doi.org/10.1029/2019EO128229"
rights,G,TBD
comments,G,Data produced by climind version 0.1
comments,G,Format description https://help.ceda.ac.uk/article/105-badc-csv
long_name,time,time,days since 1800-01-01 00:00:00.0
type,time,int
long_name,year,year,1
type,year,int
long_name,data,wmo_ra_2,degC
type,data,float
coordinate_variable,time,t
data
time,year,data
36524,1900,-1.4064
36889,1901,-1.2389
37254,1902,-1.5286
37619,1903,-1.5641
37984,1904,-1.4118
38350,1905,-1.6341
38715,1906,-1.3539
39080,1907,-1.7099
39445,1908,-1.6857
39811,1909,-1.4605
40176,1910,-1.7257
40541,1911,-1.6273
40906,1912,-1.9178
41272,1913,-1.5239
41637,1914,-1.0100
42002,1915,-1.2950
42367,1916,-1.6199
42733,1917,-1.4512
43098,1918,-1.5403
43463,1919,-1.5235
43828,1920,-1.5016
44194,1921,-1.1355
44559,1922,-1.2746
44924,1923,-1.3355
45289,1924,-1.1765
45655,1925,-1.0538
46020,1926,-1.1227
46385,1927,-1.3510
46750,1928,-1.4317
47116,1929,-1.7447
47481,1930,-1.4010
47846,1931,-1.4956
48211,1932,-0.9516
48577,1933,-1.6359
48942,1934,-1.3361
49307,1935,-1.2584
49672,1936,-1.3140
50038,1937,-1.3171
50403,1938,-0.9162
50768,1939,-0.8390
51133,1940,-1.0391
51499,1941,-1.1445
51864,1942,-1.0418
52229,1943,-0.8118
52594,1944,-0.8486
52960,1945,-1.2213
53325,1946,-1.1503
53690,1947,-1.1005
54055,1948,-0.6904
54421,1949,-1.1629
54786,1950,-1.5180
55151,1951,-1.0304
55516,1952,-1.4754
55882,1953,-0.7809
56247,1954,-1.3594
56612,1955,-1.1120
56977,1956,-1.4378
57343,1957,-1.4217
57708,1958,-1.1857
58073,1959,-0.9342
58438,1960,-1.3034
58804,1961,-0.9132
59169,1962,-0.7472
59534,1963,-0.6792
59899,1964,-1.4110
60265,1965,-1.2014
60630,1966,-1.3058
60995,1967,-0.9211
61360,1968,-1.2225
61726,1969,-1.7318
62091,1970,-1.1504
62456,1971,-0.8777
62821,1972,-1.4527
63187,1973,-0.6600
63552,1974,-1.4158
63917,1975,-0.6015
64282,1976,-1.4084
64648,1977,-1.0099
65013,1978,-0.8127
65378,1979,-0.9962
65743,1980,-0.8546
66109,1981,-0.4704
66474,1982,-0.8597
66839,1983,-0.4223
67204,1984,-1.2542
67570,1985,-0.9959
67935,1986,-0.8335
68300,1987,-1.0390
68665,1988,-0.3152
69031,1989,-0.4811
69396,1990,-0.1707
69761,1991,-0.4317
70126,1992,-0.8810
70492,1993,-0.7058
70857,1994,-0.5128
71222,1995,0.1119
71587,1996,-0.7358
71953,1997,-0.2299
72318,1998,-0.2540
72683,1999,-0.2291
73048,2000,-0.3909
73414,2001,-0.1288
73779,2002,0.1357
74144,2003,-0.0039
74509,2004,-0.0620
74875,2005,0.0938
75240,2006,-0.1078
75605,2007,0.5707
75970,2008,0.2361
76336,2009,-0.1336
76701,2010,-0.0229
77066,2011,0.0495
77431,2012,-0.1647
77797,2013,0.1795
78162,2014,-0.0403
78527,2015,0.5803
78892,2016,0.5685
79258,2017,0.6310
79623,2018,0.2903
79988,2019,0.5998
80353,2020,0.9997
80719,2021,0.5007
81084,2022,0.7901
end data
