Conventions,G,BADC-CSV,1
title,G,Regional mean temperature for WMO RA 2 Asia
last_revised_date,G,2022-11-29
date_valid,G,2022-11-29
feature_type,G,area average
creator,G,WMO
source,G,Produced by climind version 0.1
observation_station,G,derived data
location,G,90.,-180.,-90.,180.
activity,G,WMO
history,G,""Data set created from file ['anl_surf125.011_tmp.202201_202212', 'anl_surf125.2022MMMM'] downloaded from ['', ''] at ['2022-11-08 14:59:36']""
history,G,""Regridded to 1 degree latitude-longitude resolution""
history,G,""Rebaselined to 1981-2010""
history,G,""Calculated area-average""
history,G,""Calculated annual average from monthly averages using arithmetic mean""
history,G,""Selected years within the range 1900 to 2022.""
history,G,""Wrote to file wmo_ra_2_JRA-55.csv""
history,G,"Data set created from file ['wmo_ra_2_JRA-55.csv'] downloaded from [''] at ['2022-11-23 19:14:45']"
reference,G,"Kobayashi, S., Ota, Y., Harada, Y., Ebita, A., Moriya, M., Onoda, H., Onogi, K., Kamahori, H., Kobayashi, C., Endo, H. and Miyaoka, K., (2015). The JRA-55 reanalysis: General specifications and basic characteristics. Journal of the Meteorological Society of Japan. Ser. II, 93(1), pp.5-48."
rights,G,TBD
comments,G,Data produced by climind version 0.1
comments,G,Format description https://help.ceda.ac.uk/article/105-badc-csv
long_name,time,time,days since 1800-01-01 00:00:00.0
type,time,int
long_name,year,year,1
type,year,int
long_name,data,wmo_ra_2,degC
type,data,float
coordinate_variable,time,t
data
time,year,data
57708,1958,-0.7338
58073,1959,-0.5536
58438,1960,-0.9397
58804,1961,-0.5290
59169,1962,-0.3737
59534,1963,-0.3076
59899,1964,-0.9876
60265,1965,-0.7090
60630,1966,-0.8383
60995,1967,-0.5240
61360,1968,-0.8544
61726,1969,-1.3954
62091,1970,-0.7900
62456,1971,-0.5554
62821,1972,-1.0729
63187,1973,-0.2475
63552,1974,-1.0409
63917,1975,-0.2174
64282,1976,-1.0716
64648,1977,-0.6619
65013,1978,-0.4694
65378,1979,-0.6843
65743,1980,-0.4972
66109,1981,-0.1476
66474,1982,-0.5617
66839,1983,-0.1181
67204,1984,-0.9282
67570,1985,-0.6991
67935,1986,-0.5170
68300,1987,-0.7274
68665,1988,-0.0338
69031,1989,-0.1015
69396,1990,0.1778
69761,1991,-0.0871
70126,1992,-0.5838
70492,1993,-0.3565
70857,1994,-0.1596
71222,1995,0.5064
71587,1996,-0.3580
71953,1997,0.1072
72318,1998,0.1068
72683,1999,0.1667
73048,2000,0.0286
73414,2001,0.2397
73779,2002,0.5207
74144,2003,0.3929
74509,2004,0.3330
74875,2005,0.4930
75240,2006,0.2731
75605,2007,0.9329
75970,2008,0.5507
76336,2009,0.2192
76701,2010,0.3308
77066,2011,0.4422
77431,2012,0.2266
77797,2013,0.5959
78162,2014,0.3887
78527,2015,0.9833
78892,2016,0.9653
79258,2017,1.0361
79623,2018,0.6229
79988,2019,0.9532
80353,2020,1.3291
80719,2021,0.7561
81084,2022,1.2133
end data
