Conventions,G,BADC-CSV,1
title,G,Regional mean temperature for WMO RA 2 Asia
last_revised_date,G,2024-01-25
date_valid,G,2024-01-25
feature_type,G,area average
creator,G,WMO
source,G,Produced by climind version 1.0
observation_station,G,derived data
location,G,90.,-180.,-90.,180.
activity,G,WMO
history,G,""Gridded dataset created from file ['era5_2m_tas_2024.nc'] downloaded from ['']""
history,G,""Regridded to 1 degree latitude-longitude resolution""
history,G,""Rebaselined to 1991-2020""
history,G,""Calculated area-average""
history,G,""Calculated annual average from monthly averages using arithmetic mean""
history,G,""Selected years within the range 1900 to 2023.""
history,G,""Wrote to file wmo_ra_2_ERA5.csv""
history,G,"Data set created from file ['wmo_ra_2_ERA5.csv'] downloaded from [''] at ['2024-01-17 11:06:29']"
reference,G,"Hersbach H, Bell B, Berrisford P et al. 2020. The ERA5 global reanalysis. Q. J. R. Meteorol. Soc. 146: 1999-2049. https://doi.org/10.1002/qj.3803"
rights,G,TBD
comments,G,Data produced by climind version 1.0
comments,G,Format description https://help.ceda.ac.uk/article/105-badc-csv
comments,G,"Original data acknowledgement: Contains using Copernicus Climate Change Service information [2024]. Neither the European Commission nor ECMWF is responsible for any use that may be made of the Copernicus information or data it contains."
long_name,time,time,days since 1800-01-01 00:00:00.0
type,time,int
long_name,year,year,1
type,year,int
long_name,data,wmo_ra_2,degC
type,data,float
coordinate_variable,time,t
data
time,year,data
65378,1979,-1.0472
65743,1980,-0.8676
66109,1981,-0.5067
66474,1982,-0.9598
66839,1983,-0.4620
67204,1984,-1.2660
67570,1985,-1.0576
67935,1986,-0.8722
68300,1987,-1.0735
68665,1988,-0.3369
69031,1989,-0.5019
69396,1990,-0.1939
69761,1991,-0.4242
70126,1992,-0.9627
70492,1993,-0.7285
70857,1994,-0.5305
71222,1995,0.1296
71587,1996,-0.7708
71953,1997,-0.3286
72318,1998,-0.3341
72683,1999,-0.2668
73048,2000,-0.4528
73414,2001,-0.1789
73779,2002,0.0754
74144,2003,-0.0251
74509,2004,-0.0622
74875,2005,0.1147
75240,2006,-0.0757
75605,2007,0.6198
75970,2008,0.2465
76336,2009,-0.1401
76701,2010,-0.0313
77066,2011,0.0624
77431,2012,-0.1588
77797,2013,0.1978
78162,2014,0.0044
78527,2015,0.6281
78892,2016,0.6508
79258,2017,0.7270
79623,2018,0.3189
79988,2019,0.6476
80353,2020,1.0483
80719,2021,0.4645
81084,2022,0.7506
81449,2023,0.9036
end data
