Conventions,G,BADC-CSV,1
title,G,Regional mean temperature for WMO RA 2 Asia
last_revised_date,G,2024-01-23
date_valid,G,2024-01-23
feature_type,G,area average
creator,G,WMO
source,G,Produced by climind version 1.0
observation_station,G,derived data
location,G,90.,-180.,-90.,180.
rights,G,TBD
activity,G,WMO
comments,G,Format description https://help.ceda.ac.uk/article/105-badc-csv
history,wmo_ra_2_Berkeley_Earth,""Data set created from file ['Land_and_Ocean_LatLong1.nc'] downloaded from ['https://berkeley-earth-temperature.s3.us-west-1.amazonaws.com/Global/Gridded/Land_and_Ocean_LatLong1.nc'] at ['2024-01-17 10:19:03']""
history,wmo_ra_2_Berkeley_Earth,""Rebaselined to 1991-2020""
history,wmo_ra_2_Berkeley_Earth,""Calculated area-average""
history,wmo_ra_2_Berkeley_Earth,""Calculated annual average from monthly averages using arithmetic mean""
history,wmo_ra_2_Berkeley_Earth,""Selected years within the range 1900 to 2023.""
history,wmo_ra_2_Berkeley_Earth,""Wrote to file wmo_ra_2_Berkeley Earth.csv""
history,wmo_ra_2_Berkeley_Earth,"Data set created from file ['wmo_ra_2_Berkeley Earth.csv'] downloaded from [''] at ['2024-01-17 11:05:27']"
reference,wmo_ra_2_Berkeley_Earth,"Rohde, R. A. and Hausfather, Z.: The Berkeley Earth Land/Ocean Temperature Record, Earth Syst. Sci. Data, 12, 3469-3479, https://doi.org/10.5194/essd-12-3469-2020, 2020"
comments,wmo_ra_2_Berkeley_Earth,"Original data acknowledgement: "
history,wmo_ra_2_ERA5,""Gridded dataset created from file ['era5_2m_tas_2024.nc'] downloaded from ['']""
history,wmo_ra_2_ERA5,""Regridded to 1 degree latitude-longitude resolution""
history,wmo_ra_2_ERA5,""Rebaselined to 1991-2020""
history,wmo_ra_2_ERA5,""Calculated area-average""
history,wmo_ra_2_ERA5,""Calculated annual average from monthly averages using arithmetic mean""
history,wmo_ra_2_ERA5,""Selected years within the range 1900 to 2023.""
history,wmo_ra_2_ERA5,""Wrote to file wmo_ra_2_ERA5.csv""
history,wmo_ra_2_ERA5,"Data set created from file ['wmo_ra_2_ERA5.csv'] downloaded from [''] at ['2024-01-17 11:06:29']"
reference,wmo_ra_2_ERA5,"Hersbach H, Bell B, Berrisford P et al. 2020. The ERA5 global reanalysis. Q. J. R. Meteorol. Soc. 146: 1999-2049. https://doi.org/10.1002/qj.3803"
comments,wmo_ra_2_ERA5,"Original data acknowledgement: Contains using Copernicus Climate Change Service information [2024]. Neither the European Commission nor ECMWF is responsible for any use that may be made of the Copernicus information or data it contains."
history,wmo_ra_2_GISTEMP,""Data set created from file ['gistemp1200_GHCNv4_ERSSTv5.nc.gz'] downloaded from ['https://data.giss.nasa.gov/pub/gistemp/gistemp1200_GHCNv4_ERSSTv5.nc.gz'] at ['2024-01-15 11:20:46']""
history,wmo_ra_2_GISTEMP,""Regridded to 1 degree latitude-longitude resolution""
history,wmo_ra_2_GISTEMP,""Rebaselined to 1991-2020""
history,wmo_ra_2_GISTEMP,""Calculated area-average""
history,wmo_ra_2_GISTEMP,""Calculated annual average from monthly averages using arithmetic mean""
history,wmo_ra_2_GISTEMP,""Selected years within the range 1900 to 2023.""
history,wmo_ra_2_GISTEMP,""Wrote to file wmo_ra_2_GISTEMP.csv""
history,wmo_ra_2_GISTEMP,"Data set created from file ['wmo_ra_2_GISTEMP.csv'] downloaded from [''] at ['2024-01-17 11:06:49']"
reference,wmo_ra_2_GISTEMP,"Lenssen, N., G. Schmidt, J. Hansen, M. Menne, A. Persin, R. Ruedy, and D. Zyss, 2019: Improvements in the GISTEMP uncertainty model. J. Geophys. Res. Atmos., 124, no. 12, 6307-6326, doi:10.1029/2018JD029522"
comments,wmo_ra_2_GISTEMP,"Original data acknowledgement: "
history,wmo_ra_2_HadCRUT5,""Data set created from file ['HadCRUT.5.0.2.0.analysis.anomalies.ensemble_mean.nc'] downloaded from ['https://www.metoffice.gov.uk/hadobs/hadcrut5/data/HadCRUT.5.0.2.0/analysis/HadCRUT.5.0.2.0.analysis.anomalies.ensemble_mean.nc'] at ['2024-01-15 11:56:27']""
history,wmo_ra_2_HadCRUT5,""Regridded to 1 degree latitude-longitude resolution""
history,wmo_ra_2_HadCRUT5,""Rebaselined to 1991-2020""
history,wmo_ra_2_HadCRUT5,""Calculated area-average""
history,wmo_ra_2_HadCRUT5,""Calculated annual average from monthly averages using arithmetic mean""
history,wmo_ra_2_HadCRUT5,""Selected years within the range 1900 to 2023.""
history,wmo_ra_2_HadCRUT5,""Wrote to file wmo_ra_2_HadCRUT5.csv""
history,wmo_ra_2_HadCRUT5,"Data set created from file ['wmo_ra_2_HadCRUT5.csv'] downloaded from [''] at ['2024-01-17 11:07:31']"
reference,wmo_ra_2_HadCRUT5,"Morice, C. P., Kennedy, J. J., Rayner, N. A., Winn, J. P., Hogan, E., Killick, R. E., et al. (2021). An updated assessment of near-surface temperature change from 1850: the HadCRUT5 data set. Journal of Geophysical Research: Atmospheres, 126, e2019JD032361. https://doi.org/10.1029/2019JD032361"
comments,wmo_ra_2_HadCRUT5,"Original data acknowledgement: HadCRUT.5.0.2.0 data were obtained from http://www.metoffice.gov.uk/hadobs/hadcrut5 on 2024-01-15 11:56:27 and are © British Crown Copyright, Met Office 2024, provided under an Open Government License, http://www.nationalarchives.gov.uk/doc/open-government-licence/version/3/"
history,wmo_ra_2_JRA-55,""Data set created from file ['anl_surf125.011_tmp.202401_202412', 'anl_surf125.2024MMMM'] downloaded from ['', ''] at ['2024-01-15 11:20:51']""
history,wmo_ra_2_JRA-55,""Regridded to 1 degree latitude-longitude resolution""
history,wmo_ra_2_JRA-55,""Rebaselined to 1991-2020""
history,wmo_ra_2_JRA-55,""Calculated area-average""
history,wmo_ra_2_JRA-55,""Calculated annual average from monthly averages using arithmetic mean""
history,wmo_ra_2_JRA-55,""Selected years within the range 1900 to 2023.""
history,wmo_ra_2_JRA-55,""Wrote to file wmo_ra_2_JRA-55.csv""
history,wmo_ra_2_JRA-55,"Data set created from file ['wmo_ra_2_JRA-55.csv'] downloaded from [''] at ['2024-01-17 11:08:34']"
reference,wmo_ra_2_JRA-55,"Kobayashi, S., Ota, Y., Harada, Y., Ebita, A., Moriya, M., Onoda, H., Onogi, K., Kamahori, H., Kobayashi, C., Endo, H. and Miyaoka, K., (2015). The JRA-55 reanalysis: General specifications and basic characteristics. Journal of the Meteorological Society of Japan. Ser. II, 93(1), pp.5-48."
comments,wmo_ra_2_JRA-55,"Original data acknowledgement: "
history,wmo_ra_2_Kadow,""Data set created from file ['HadCRUT5.anomalies.Kadow_et_al_2020_20crAI-infilled.ensemble_mean_185001-*.nc'] downloaded from [''] at ['2024-01-17 10:11:02']""
history,wmo_ra_2_Kadow,""Regridded to 1 degree latitude-longitude resolution""
history,wmo_ra_2_Kadow,""Rebaselined to 1991-2020""
history,wmo_ra_2_Kadow,""Calculated area-average""
history,wmo_ra_2_Kadow,""Calculated annual average from monthly averages using arithmetic mean""
history,wmo_ra_2_Kadow,""Selected years within the range 1900 to 2023.""
history,wmo_ra_2_Kadow,""Wrote to file wmo_ra_2_Kadow.csv""
history,wmo_ra_2_Kadow,"Data set created from file ['wmo_ra_2_Kadow.csv'] downloaded from [''] at ['2024-01-17 11:09:01']"
reference,wmo_ra_2_Kadow,"Kadow, C., Hall, D.M. & Ulbrich, U. Artificial intelligence reconstructs missing climate information. Nat. Geosci. (2020). https://doi.org/10.1038/s41561-020-0582-5"
comments,wmo_ra_2_Kadow,"Original data acknowledgement: "
history,wmo_ra_2_NOAA_Interim,""Data set created from file ['NOAAGlobalTemp_v*.nc'] downloaded from ['https://www.ncei.noaa.gov/data/noaa-global-surface-temperature/v5.1/access/gridded/NOAAGlobalTemp_v.*.nc'] at ['2024-01-17 10:19:08']""
history,wmo_ra_2_NOAA_Interim,""Data set created from file ['NOAAGlobalTemp_v*.nc'] downloaded from ['https://www.ncei.noaa.gov/data/noaa-global-surface-temperature/v5.1/access/gridded/NOAAGlobalTemp_v.*.nc'] at ['2024-01-17 10:19:08']""
history,wmo_ra_2_NOAA_Interim,""Regridded to 1 degree latitude-longitude resolution""
history,wmo_ra_2_NOAA_Interim,""Rebaselined to 1991-2020""
history,wmo_ra_2_NOAA_Interim,""Calculated area-average""
history,wmo_ra_2_NOAA_Interim,""Calculated annual average from monthly averages using arithmetic mean""
history,wmo_ra_2_NOAA_Interim,""Selected years within the range 1900 to 2023.""
history,wmo_ra_2_NOAA_Interim,""Wrote to file wmo_ra_2_NOAA Interim.csv""
history,wmo_ra_2_NOAA_Interim,"Data set created from file ['wmo_ra_2_NOAA Interim.csv'] downloaded from [''] at ['2024-01-17 11:09:50']"
reference,wmo_ra_2_NOAA_Interim,"Vose, R.S., B. Huang, X. Yin., D. Arndt, D.R. Easterling, J.H. Lawrimore, M.J. Menne, A. Sanchez-Lugo, H.-M. Zhang, 2021: Implementing full spatial coverage in NOAA’s global temperature analysis. Geophysical Research Letters, 48, e2020GL090873. https://doi.org/10.1029/2020GL090873"
comments,wmo_ra_2_NOAA_Interim,"Original data acknowledgement: "
long_name,time,time,days since 1800-01-01 00:00:00.0
type,time,int
long_name,year,year,1
type,year,int
long_name,wmo_ra_2_Berkeley_Earth,wmo_ra_2,degC
type,wmo_ra_2_Berkeley_Earth,float
long_name,wmo_ra_2_ERA5,wmo_ra_2,degC
type,wmo_ra_2_ERA5,float
long_name,wmo_ra_2_GISTEMP,wmo_ra_2,degC
type,wmo_ra_2_GISTEMP,float
long_name,wmo_ra_2_HadCRUT5,wmo_ra_2,degC
type,wmo_ra_2_HadCRUT5,float
long_name,wmo_ra_2_JRA-55,wmo_ra_2,degC
type,wmo_ra_2_JRA-55,float
long_name,wmo_ra_2_Kadow,wmo_ra_2,degC
type,wmo_ra_2_Kadow,float
long_name,wmo_ra_2_NOAA_Interim,wmo_ra_2,degC
type,wmo_ra_2_NOAA_Interim,float
coordinate_variable,time,t
data
time,year,wmo_ra_2_Berkeley_Earth,wmo_ra_2_ERA5,wmo_ra_2_GISTEMP,wmo_ra_2_HadCRUT5,wmo_ra_2_JRA-55,wmo_ra_2_Kadow,wmo_ra_2_NOAA_Interim
36524,1900,-1.2393,,-1.3967,-1.3432,,-1.4739,-1.5177
36889,1901,-1.0524,,-1.2254,-1.1176,,-1.1470,-1.4003
37254,1902,-1.4391,,-1.5873,-1.5164,,-1.6211,-1.6549
37619,1903,-1.3802,,-1.4635,-1.4843,,-1.5112,-1.6156
37984,1904,-1.1870,,-1.3198,-1.3807,,-1.3522,-1.4269
38350,1905,-1.5562,,-1.5965,-1.5984,,-1.6401,-1.7104
38715,1906,-1.1119,,-1.2286,-1.1435,,-1.1137,-1.4490
39080,1907,-1.4512,,-1.6408,-1.5334,,-1.4691,-1.7066
39445,1908,-1.4521,,-1.6182,-1.5109,,-1.5072,-1.7281
39811,1909,-1.3012,,-1.4143,-1.3297,,-1.3568,-1.5801
40176,1910,-1.5456,,-1.6682,-1.5567,,-1.6173,-1.7270
40541,1911,-1.4204,,-1.5617,-1.4793,,-1.5042,-1.6804
40906,1912,-1.7803,,-1.9004,-1.8393,,-1.8526,-1.9665
41272,1913,-1.4212,,-1.5191,-1.4809,,-1.5251,-1.6775
41637,1914,-0.8832,,-0.9357,-0.9489,,-0.9199,-1.0611
42002,1915,-1.2747,,-1.3262,-1.2541,,-1.3724,-1.4114
42367,1916,-1.5683,,-1.6513,-1.4986,,-1.5915,-1.6793
42733,1917,-1.3083,,-1.4165,-1.2874,,-1.2461,-1.5442
43098,1918,-1.4800,,-1.5433,-1.4346,,-1.4724,-1.7060
43463,1919,-1.3556,,-1.5524,-1.3374,,-1.3946,-1.6330
43828,1920,-1.2470,,-1.3760,-1.2281,,-1.2312,-1.4747
44194,1921,-0.9798,,-1.0750,-0.9531,,-0.9893,-1.0848
44559,1922,-1.1544,,-1.2463,-1.1599,,-1.2113,-1.3655
44924,1923,-1.2047,,-1.2795,-1.2038,,-1.2417,-1.4663
45289,1924,-0.9780,,-1.0790,-1.0436,,-1.0658,-1.1923
45655,1925,-1.0364,,-1.0548,-1.0079,,-1.0059,-1.1459
46020,1926,-0.9892,,-1.0800,-0.9500,,-0.9138,-1.1295
46385,1927,-1.2265,,-1.3356,-1.1624,,-1.1648,-1.3668
46750,1928,-1.2990,,-1.4070,-1.2255,,-1.2438,-1.4047
47116,1929,-1.7021,,-1.7842,-1.6392,,-1.6262,-1.7863
47481,1930,-1.3641,,-1.3861,-1.2438,,-1.2430,-1.3866
47846,1931,-1.3708,,-1.4449,-1.3043,,-1.3169,-1.4744
48211,1932,-0.8871,,-0.9095,-0.7978,,-0.8145,-0.9601
48577,1933,-1.5740,,-1.6332,-1.4774,,-1.4685,-1.6849
48942,1934,-1.2668,,-1.2652,-1.1879,,-1.1896,-1.3176
49307,1935,-1.1976,,-1.1898,-1.1076,,-1.1287,-1.2407
49672,1936,-1.3109,,-1.2824,-1.2599,,-1.2543,-1.3540
50038,1937,-1.2791,,-1.2966,-1.2880,,-1.2571,-1.3142
50403,1938,-0.8940,,-0.8474,-0.8470,,-0.8599,-0.9183
50768,1939,-0.8079,,-0.7688,-0.7648,,-0.7967,-0.8442
51133,1940,-1.0111,,-1.0030,-0.9793,,-1.0297,-1.0622
51499,1941,-1.0833,,-1.0915,-1.0737,,-1.1280,-1.1672
51864,1942,-0.9716,,-1.0171,-1.0163,,-1.0322,-1.0384
52229,1943,-0.7281,,-0.7271,-0.7474,,-0.7560,-0.7807
52594,1944,-0.7940,,-0.8042,-0.8003,,-0.8233,-0.8375
52960,1945,-1.1826,,-1.2777,-1.1789,,-1.2126,-1.2308
53325,1946,-1.1593,,-1.1243,-1.1361,,-1.1816,-1.1943
53690,1947,-1.0413,,-1.0684,-1.0400,,-1.1044,-1.1207
54055,1948,-0.6454,,-0.6727,-0.6730,,-0.6587,-0.7000
54421,1949,-1.1327,,-1.1914,-1.1334,,-1.1377,-1.1828
54786,1950,-1.4901,,-1.4807,-1.4722,,-1.5104,-1.5390
55151,1951,-0.9225,,-1.0145,-0.9462,,-0.9691,-1.0249
55516,1952,-1.4300,,-1.4498,-1.4365,,-1.4836,-1.5030
55882,1953,-0.6924,,-0.7854,-0.7033,,-0.6978,-0.7771
56247,1954,-1.2537,,-1.3365,-1.2783,,-1.2943,-1.3682
56612,1955,-1.0852,,-1.0973,-1.1146,,-1.1374,-1.1731
56977,1956,-1.3884,,-1.4635,-1.4354,,-1.4561,-1.4802
57343,1957,-1.3928,,-1.4531,-1.4010,,-1.4466,-1.4678
57708,1958,-1.1598,,-1.1951,-1.1819,-1.1071,-1.2214,-1.2531
58073,1959,-0.8833,,-0.9384,-0.9270,-0.9269,-0.9494,-0.9466
58438,1960,-1.2904,,-1.3165,-1.3167,-1.3130,-1.3382,-1.3509
58804,1961,-0.8448,,-0.8870,-0.8989,-0.9023,-0.9099,-0.9329
59169,1962,-0.6646,,-0.7185,-0.7015,-0.7470,-0.7009,-0.7511
59534,1963,-0.6325,,-0.6937,-0.7083,-0.6810,-0.7032,-0.7184
59899,1964,-1.3925,,-1.4488,-1.4334,-1.3610,-1.4394,-1.4472
60265,1965,-1.1727,,-1.2298,-1.1848,-1.0824,-1.1964,-1.2372
60630,1966,-1.2590,,-1.2629,-1.2966,-1.2116,-1.3011,-1.3287
60995,1967,-0.8580,,-0.9555,-0.9153,-0.8973,-0.9096,-0.9218
61360,1968,-1.2023,,-1.2342,-1.2487,-1.2278,-1.2516,-1.2504
61726,1969,-1.7076,,-1.7991,-1.7436,-1.7687,-1.7472,-1.7541
62091,1970,-1.1307,,-1.1479,-1.1902,-1.1633,-1.1836,-1.1797
62456,1971,-0.8945,,-0.9139,-0.9664,-0.9287,-0.9568,-0.9090
62821,1972,-1.4550,,-1.4678,-1.4708,-1.4463,-1.5081,-1.4743
63187,1973,-0.6333,,-0.6948,-0.7223,-0.6209,-0.7123,-0.6783
63552,1974,-1.4163,,-1.4281,-1.4422,-1.4143,-1.4713,-1.4431
63917,1975,-0.6008,,-0.6201,-0.6248,-0.5908,-0.6248,-0.6118
64282,1976,-1.4209,,-1.4490,-1.4583,-1.4449,-1.4779,-1.4391
64648,1977,-0.9721,,-1.0066,-1.0602,-1.0352,-1.0732,-1.0398
65013,1978,-0.7809,,-0.8120,-0.8579,-0.8427,-0.8675,-0.8285
65378,1979,-0.9969,-1.0472,-0.9497,-1.0504,-1.0577,-1.0634,-1.0246
65743,1980,-0.8359,-0.8676,-0.8661,-0.8906,-0.8705,-0.9016,-0.8671
66109,1981,-0.4503,-0.5067,-0.4828,-0.5100,-0.5209,-0.4984,-0.4731
66474,1982,-0.8845,-0.9598,-0.8893,-0.9091,-0.9351,-0.9094,-0.8822
66839,1983,-0.4062,-0.4620,-0.4274,-0.4608,-0.4914,-0.4390,-0.4313
67204,1984,-1.2794,-1.2660,-1.2863,-1.2940,-1.3016,-1.3085,-1.2803
67570,1985,-1.0216,-1.0576,-1.0325,-1.0663,-1.0724,-1.0547,-1.0249
67935,1986,-0.8242,-0.8722,-0.8263,-0.8849,-0.8903,-0.8890,-0.8471
68300,1987,-1.0577,-1.0735,-1.0656,-1.0773,-1.1008,-1.0791,-1.0646
68665,1988,-0.3283,-0.3369,-0.3605,-0.3687,-0.4071,-0.3471,-0.3289
69031,1989,-0.4737,-0.5019,-0.4618,-0.5039,-0.4748,-0.5087,-0.4903
69396,1990,-0.1949,-0.1939,-0.1429,-0.2076,-0.1955,-0.2048,-0.1918
69761,1991,-0.4183,-0.4242,-0.4335,-0.4407,-0.4604,-0.4566,-0.4392
70126,1992,-0.9314,-0.9627,-0.8943,-0.9148,-0.9571,-0.9121,-0.9158
70492,1993,-0.7177,-0.7285,-0.7635,-0.7191,-0.7299,-0.7122,-0.7150
70857,1994,-0.5215,-0.5305,-0.5152,-0.5391,-0.5329,-0.5257,-0.5397
71222,1995,0.1252,0.1296,0.1205,0.1058,0.1331,0.1095,0.1048
71587,1996,-0.7098,-0.7708,-0.7514,-0.7436,-0.7314,-0.7254,-0.7360
71953,1997,-0.2478,-0.3286,-0.2462,-0.2568,-0.2662,-0.2414,-0.2360
72318,1998,-0.3023,-0.3341,-0.2623,-0.2790,-0.2665,-0.2770,-0.2750
72683,1999,-0.2481,-0.2668,-0.2428,-0.2542,-0.2066,-0.2388,-0.2510
73048,2000,-0.3959,-0.4528,-0.3898,-0.3944,-0.3447,-0.4038,-0.4052
73414,2001,-0.1485,-0.1789,-0.1438,-0.1317,-0.1337,-0.1284,-0.1512
73779,2002,0.1134,0.0754,0.1491,0.1333,0.1474,0.1286,0.1071
74144,2003,0.0005,-0.0251,-0.0062,-0.0053,0.0196,-0.0056,-0.0180
74509,2004,-0.0903,-0.0622,-0.0490,-0.0881,-0.0404,-0.0917,-0.0903
74875,2005,0.1066,0.1147,0.1048,0.0735,0.1197,0.0721,0.1028
75240,2006,-0.1245,-0.0757,-0.1210,-0.1280,-0.1002,-0.1154,-0.1054
75605,2007,0.5785,0.6198,0.6000,0.5907,0.5595,0.5901,0.5815
75970,2008,0.2136,0.2465,0.2297,0.2362,0.1774,0.2245,0.2362
76336,2009,-0.1478,-0.1401,-0.1528,-0.1503,-0.1541,-0.1506,-0.1414
76701,2010,-0.0505,-0.0313,-0.0513,-0.0297,-0.0426,-0.0198,-0.0420
77066,2011,0.0500,0.0624,0.0112,0.0785,0.0688,0.0755,0.0655
77431,2012,-0.1687,-0.1588,-0.1701,-0.1473,-0.1467,-0.1612,-0.1473
77797,2013,0.1817,0.1978,0.1949,0.2061,0.2226,0.2198,0.1819
78162,2014,-0.0054,0.0044,-0.0271,0.0748,0.0154,0.0579,-0.0410
78527,2015,0.6178,0.6281,0.6245,0.6322,0.6100,0.6084,0.5979
78892,2016,0.6020,0.6508,0.5585,0.6052,0.5919,0.6350,0.6043
79258,2017,0.6799,0.7270,0.6623,0.7061,0.6628,0.7049,0.6859
79623,2018,0.3027,0.3189,0.3020,0.2637,0.2495,0.2484,0.3037
79988,2019,0.6228,0.6476,0.6371,0.5934,0.5799,0.5782,0.6226
80353,2020,1.0336,1.0483,1.0259,0.9225,0.9558,0.9129,1.0551
80719,2021,0.4806,0.4645,0.5204,0.4029,0.3828,0.3926,0.5098
81084,2022,0.7669,0.7506,0.7462,0.6372,0.7040,0.6120,0.7660
81449,2023,0.9475,0.9036,0.9635,0.8403,0.8578,0.8607,0.9520
end data
