Conventions,G,BADC-CSV,1
title,G,Global mean sea-surface temperature
last_revised_date,G,2024-03-21
date_valid,G,2024-03-21
feature_type,G,area average
creator,G,WMO
source,G,Produced by climind version 1.0
observation_station,G,derived data
location,G,90.,-180.,-90.,180.
rights,G,TBD
activity,G,WMO
comments,G,Format description https://help.ceda.ac.uk/article/105-badc-csv
history,ERSST,"Data set created from file ['aravg.mon.ocean.90S.90N.v5.1.0.2024MMMM.asc', 'aravg.ann.ocean.90S.90N.v5.1.0.2024MMMM.asc'] downloaded from ['https://www.ncei.noaa.gov/data/noaa-global-surface-temperature/v5.1/access/timeseries/aravg.mon.ocean.90S.90N.v5.1.0.2024MMMM.asc', 'https://www.ncei.noaa.gov/data/noaa-global-surface-temperature/v5.1/access/timeseries/aravg.ann.ocean.90S.90N.v5.1.0.2024MMMM.asc'] at ['2024-01-17 11:48:53']"
history,ERSST,"Calculated annual average from monthly averages using arithmetic mean"
history,ERSST,"Rebaselined to 1991-2020 by subtracting the arithemtic mean for that period from all data values."
history,ERSST,"Selected years within the range 1850 to 2023."
reference,ERSST,"Huang, B., Peter W. Thorne, et. al, 2017: Extended Reconstructed Sea Surface Temperature version 5 (ERSSTv5), Upgrades, validations, and intercomparisons. J. Climate, doi: 10.1175/JCLI-D-16-0836.1"
comments,ERSST,"Original data acknowledgement: "
history,HadSST4,"Data set created from file ['HadSST.4.0.1.0_monthly_GLOBE.csv', 'HadSST.4.0.1.0_annual_GLOBE.csv'] downloaded from ['https://www.metoffice.gov.uk/hadobs/hadsst4/data/csv/HadSST.4.0.1.0_monthly_GLOBE.csv', 'https://www.metoffice.gov.uk/hadobs/hadsst4/data/csv/HadSST.4.0.1.0_annual_GLOBE.csv'] at ['2024-01-16 13:54:49', '2024-01-16 13:54:49']"
history,HadSST4,"Calculated annual average from monthly averages using arithmetic mean"
history,HadSST4,"Rebaselined to 1991-2020 by subtracting the arithemtic mean for that period from all data values."
history,HadSST4,"Selected years within the range 1850 to 2023."
reference,HadSST4,"Kennedy, J. J., Rayner, N. A., Atkinson, C. P., and Killick, R. E. (2019). An ensemble data set of sea-surface temperature change from 1850: the Met Office Hadley Centre HadSST.4.0.0.0 data set. Journal of Geophysical Research: Atmospheres, 124. https://doi.org/10.1029/2018JD029867"
comments,HadSST4,"Original data acknowledgement: HadSST.4.0.1.0 data were obtained from http://www.metoffice.gov.uk/hadobs/hadsst4 on 2024-01-16 13:54:49 and are © British Crown Copyright, Met Office 2024, provided under an Open Government License, http://www.nationalarchives.gov.uk/doc/open-government-licence/version/3/"
long_name,time,time,days since 1800-01-01 00:00:00.0
type,time,int
long_name,year,year,1
type,year,int
long_name,ERSST,sst,degC
type,ERSST,float
long_name,HadSST4,sst,degC
type,HadSST4,float
coordinate_variable,time,t
data
time,year,ERSST,HadSST4
18262,1850,-0.5378,-0.7482
18627,1851,-0.4804,-0.6321
18992,1852,-0.4539,-0.6221
19358,1853,-0.4750,-0.6497
19723,1854,-0.4994,-0.7071
20088,1855,-0.4734,-0.6804
20453,1856,-0.5846,-0.7441
20819,1857,-0.6355,-0.8661
21184,1858,-0.5812,-0.8412
21549,1859,-0.4641,-0.7177
21914,1860,-0.5414,-0.6756
22280,1861,-0.6149,-0.8030
22645,1862,-0.6324,-0.8359
23010,1863,-0.5457,-0.7677
23375,1864,-0.5036,-0.8073
23741,1865,-0.4340,-0.6519
24106,1866,-0.4234,-0.6465
24471,1867,-0.5041,-0.6445
24836,1868,-0.4802,-0.6548
25202,1869,-0.4769,-0.7226
25567,1870,-0.4888,-0.6644
25932,1871,-0.4788,-0.6704
26297,1872,-0.5114,-0.6832
26663,1873,-0.5518,-0.7335
27028,1874,-0.6107,-0.8304
27393,1875,-0.4964,-0.6802
27758,1876,-0.5576,-0.7847
28124,1877,-0.2470,-0.4641
28489,1878,-0.2928,-0.4433
28854,1879,-0.4474,-0.6365
29219,1880,-0.5070,-0.6421
29585,1881,-0.4424,-0.5914
29950,1882,-0.4501,-0.6543
30315,1883,-0.5215,-0.6881
30680,1884,-0.5985,-0.7936
31046,1885,-0.6496,-0.7788
31411,1886,-0.6465,-0.7925
31776,1887,-0.6823,-0.8640
32141,1888,-0.4936,-0.6926
32507,1889,-0.4828,-0.6071
32872,1890,-0.7220,-0.8777
33237,1891,-0.5724,-0.7190
33602,1892,-0.6156,-0.8606
33968,1893,-0.6695,-0.8556
34333,1894,-0.6900,-0.8808
34698,1895,-0.5799,-0.7921
35063,1896,-0.4509,-0.5980
35429,1897,-0.4912,-0.6428
35794,1898,-0.6545,-0.8782
36159,1899,-0.5862,-0.7553
36524,1900,-0.5015,-0.6747
36889,1901,-0.6025,-0.8027
37254,1902,-0.6706,-0.8924
37619,1903,-0.8165,-1.0131
37984,1904,-0.9170,-1.0411
38350,1905,-0.6986,-0.8739
38715,1906,-0.6765,-0.8232
39080,1907,-0.7511,-0.9073
39445,1908,-0.8814,-1.0074
39811,1909,-0.9191,-1.0254
40176,1910,-0.8947,-1.0229
40541,1911,-0.8788,-1.0250
40906,1912,-0.7347,-0.8898
41272,1913,-0.7861,-0.9220
41637,1914,-0.6340,-0.7762
42002,1915,-0.5629,-0.6657
42367,1916,-0.7448,-0.8538
42733,1917,-0.8074,-0.8980
43098,1918,-0.6583,-0.8524
43463,1919,-0.6873,-0.8058
43828,1920,-0.6943,-0.7233
44194,1921,-0.6683,-0.6985
44559,1922,-0.7230,-0.7799
44924,1923,-0.7194,-0.7571
45289,1924,-0.7220,-0.7509
45655,1925,-0.6894,-0.7050
46020,1926,-0.5930,-0.5816
46385,1927,-0.6507,-0.6552
46750,1928,-0.6899,-0.6878
47116,1929,-0.7508,-0.7587
47481,1930,-0.6193,-0.6071
47846,1931,-0.5807,-0.5502
48211,1932,-0.6640,-0.6314
48577,1933,-0.7094,-0.7043
48942,1934,-0.6478,-0.6463
49307,1935,-0.6531,-0.6546
49672,1936,-0.6155,-0.6167
50038,1937,-0.5158,-0.4774
50403,1938,-0.5878,-0.5562
50768,1939,-0.5235,-0.5413
51133,1940,-0.3271,-0.4507
51499,1941,-0.2053,-0.4354
51864,1942,-0.3821,-0.3924
52229,1943,-0.4073,-0.3984
52594,1944,-0.2479,-0.2433
52960,1945,-0.2678,-0.2464
53325,1946,-0.5312,-0.5166
53690,1947,-0.5466,-0.5868
54055,1948,-0.5873,-0.5720
54421,1949,-0.5556,-0.5482
54786,1950,-0.5716,-0.5633
55151,1951,-0.4828,-0.4588
55516,1952,-0.4108,-0.3694
55882,1953,-0.4263,-0.3626
56247,1954,-0.5943,-0.5493
56612,1955,-0.6053,-0.6257
56977,1956,-0.5778,-0.6390
57343,1957,-0.3860,-0.4370
57708,1958,-0.3651,-0.4144
58073,1959,-0.4213,-0.4684
58438,1960,-0.4254,-0.5135
58804,1961,-0.4045,-0.4660
59169,1962,-0.4191,-0.5210
59534,1963,-0.4029,-0.4740
59899,1964,-0.5653,-0.6791
60265,1965,-0.5178,-0.6419
60630,1966,-0.4586,-0.5313
60995,1967,-0.4826,-0.5896
61360,1968,-0.4639,-0.5910
61726,1969,-0.2961,-0.4254
62091,1970,-0.4078,-0.5330
62456,1971,-0.5414,-0.6943
62821,1972,-0.3670,-0.4619
63187,1973,-0.3333,-0.4280
63552,1974,-0.4972,-0.5859
63917,1975,-0.5010,-0.5932
64282,1976,-0.4582,-0.5711
64648,1977,-0.2775,-0.3604
65013,1978,-0.3449,-0.4109
65378,1979,-0.2120,-0.2933
65743,1980,-0.1979,-0.2967
66109,1981,-0.2283,-0.3236
66474,1982,-0.2407,-0.3405
66839,1983,-0.1655,-0.2441
67204,1984,-0.2712,-0.3783
67570,1985,-0.3001,-0.3940
67935,1986,-0.2571,-0.3648
68300,1987,-0.1060,-0.2061
68665,1988,-0.1515,-0.2303
69031,1989,-0.2068,-0.2707
69396,1990,-0.1122,-0.1445
69761,1991,-0.1471,-0.1658
70126,1992,-0.2313,-0.2629
70492,1993,-0.2217,-0.2330
70857,1994,-0.1863,-0.1935
71222,1995,-0.1396,-0.1386
71587,1996,-0.1696,-0.2016
71953,1997,-0.0155,-0.0178
72318,1998,0.0377,0.0714
72683,1999,-0.1728,-0.1625
73048,2000,-0.1519,-0.1582
73414,2001,-0.0344,-0.0467
73779,2002,-0.0021,-0.0044
74144,2003,0.0214,0.0208
74509,2004,0.0044,-0.0011
74875,2005,0.0066,0.0092
75240,2006,0.0027,-0.0148
75605,2007,-0.0787,-0.0804
75970,2008,-0.0933,-0.1066
76336,2009,0.0415,0.0414
76701,2010,0.0478,0.0469
77066,2011,-0.0696,-0.0602
77431,2012,-0.0062,0.0104
77797,2013,0.0327,0.0347
78162,2014,0.1232,0.1377
78527,2015,0.2398,0.2617
78892,2016,0.2726,0.2807
79258,2017,0.2135,0.2061
79623,2018,0.1746,0.1777
79988,2019,0.2585,0.2783
80353,2020,0.2431,0.2712
80719,2021,0.1499,0.1935
81084,2022,0.1888,0.2345
81449,2023,0.4251,0.4686
end data
