Conventions,G,BADC-CSV,1
title,G,Regional mean temperature for WMO RA 5 South-West Pacific
last_revised_date,G,2023-08-28
date_valid,G,2023-08-28
feature_type,G,area average
creator,G,WMO
source,G,Produced by climind version 0.1
observation_station,G,derived data
location,G,90.,-180.,-90.,180.
activity,G,WMO
history,G,""Data set created from file ['anl_surf125.011_tmp.202301_202312', 'anl_surf125.2023MMMM'] downloaded from ['', ''] at ['2023-08-07 16:16:00']""
history,G,""Regridded to 1 degree latitude-longitude resolution""
history,G,""Rebaselined to 1991-2020""
history,G,""Calculated area-average""
history,G,""Calculated annual average from monthly averages using arithmetic mean""
history,G,""Selected years within the range 1900 to 2022.""
history,G,""Wrote to file wmo_ra_5_JRA-55.csv""
history,G,"Data set created from file ['wmo_ra_5_JRA-55.csv'] downloaded from [''] at ['2023-08-09 11:02:21']"
history,G,"Calculated 10-year moving average"
reference,G,"Kobayashi, S., Ota, Y., Harada, Y., Ebita, A., Moriya, M., Onoda, H., Onogi, K., Kamahori, H., Kobayashi, C., Endo, H. and Miyaoka, K., (2015). The JRA-55 reanalysis: General specifications and basic characteristics. Journal of the Meteorological Society of Japan. Ser. II, 93(1), pp.5-48."
rights,G,TBD
comments,G,Data produced by climind version 0.1
comments,G,Format description https://help.ceda.ac.uk/article/105-badc-csv
comments,G,"Original data acknowledgement: "
long_name,time,time,days since 1800-01-01 00:00:00.0
type,time,int
long_name,year,year,1
type,year,int
long_name,data,wmo_ra_5,degC
type,data,float
coordinate_variable,time,t
data
time,year,data
57708,1958,
58073,1959,
58438,1960,
58804,1961,
59169,1962,
59534,1963,
59899,1964,
60265,1965,
60630,1966,
60995,1967,-0.2769
61360,1968,-0.3449
61726,1969,-0.3724
62091,1970,-0.3342
62456,1971,-0.3856
62821,1972,-0.3771
63187,1973,-0.3492
63552,1974,-0.4382
63917,1975,-0.5043
64282,1976,-0.5436
64648,1977,-0.5337
65013,1978,-0.5277
65378,1979,-0.5180
65743,1980,-0.4761
66109,1981,-0.4347
66474,1982,-0.4526
66839,1983,-0.4467
67204,1984,-0.3985
67570,1985,-0.3471
67935,1986,-0.2634
68300,1987,-0.2390
68665,1988,-0.1604
69031,1989,-0.1825
69396,1990,-0.1988
69761,1991,-0.1811
70126,1992,-0.1909
70492,1993,-0.2047
70857,1994,-0.1567
71222,1995,-0.1642
71587,1996,-0.1400
71953,1997,-0.1444
72318,1998,-0.1347
72683,1999,-0.1318
73048,2000,-0.1900
73414,2001,-0.2394
73779,2002,-0.1824
74144,2003,-0.1560
74509,2004,-0.1505
74875,2005,-0.0812
75240,2006,-0.0970
75605,2007,-0.0680
75970,2008,-0.1174
76336,2009,-0.0618
76701,2010,-0.0285
77066,2011,-0.0415
77431,2012,-0.0859
77797,2013,-0.0349
78162,2014,0.0084
78527,2015,-0.0060
78892,2016,0.0373
79258,2017,0.0538
79623,2018,0.1040
79988,2019,0.1523
80353,2020,0.2185
80719,2021,0.2729
81084,2022,0.2939
end data
