Conventions,G,BADC-CSV,1
title,G,Global mean temperature
last_revised_date,G,2023-11-02
date_valid,G,2023-11-02
feature_type,G,area average
creator,G,WMO
source,G,Produced by climind version 1.0
observation_station,G,derived data
location,G,90.,-180.,-90.,180.
rights,G,TBD
activity,G,WMO
comments,G,Format description https://help.ceda.ac.uk/article/105-badc-csv
history,Berkeley_Earth,"Data set created from file ['Land_and_Ocean_complete.txt'] downloaded from ['https://berkeley-earth-temperature.s3.us-west-1.amazonaws.com/Global/Land_and_Ocean_complete.txt'] at ['2023-10-11 14:34:29']"
history,Berkeley_Earth,"Rebaselined to 1981-2010 for each month separately by calculating the arithmetic mean of the data over the baseline period and subtracting the mean from all data values. This is done for each month separately (Januarys, Februarys etc)."
history,Berkeley_Earth,"Calculated annual average from monthly averages using arithmetic mean"
history,Berkeley_Earth,"Selected years within the range 1850 to 2023."
history,Berkeley_Earth,"Added offset of 0.69 to all data values."
history,Berkeley_Earth,"Manually changed baseline to 1850-1900. Note that data values remain unchanged."
reference,Berkeley_Earth,"Rohde, R. A. and Hausfather, Z.: The Berkeley Earth Land/Ocean Temperature Record, Earth Syst. Sci. Data, 12, 3469-3479, https://doi.org/10.5194/essd-12-3469-2020, 2020"
comments,Berkeley_Earth,"Original data acknowledgement: "
history,ERA5,"Data set created from file ['ts_1month_anomaly_Global_ERA5_2t_202309_1991-2020_v01.1.csv'] downloaded from ['https://climate.copernicus.eu/sites/default/files/ftp-data/temperature/2023/09/ERA5_1991-2020/ts_1month_anomaly_Global_ERA5_2t_202309_1991-2020_v01.1.csv'] at ['2023-10-03 12:53:57']"
history,ERA5,"Rebaselined to 1981-2010 for each month separately by calculating the arithmetic mean of the data over the baseline period and subtracting the mean from all data values. This is done for each month separately (Januarys, Februarys etc)."
history,ERA5,"Calculated annual average from monthly averages using arithmetic mean"
history,ERA5,"Selected years within the range 1850 to 2023."
history,ERA5,"Added offset of 0.69 to all data values."
history,ERA5,"Manually changed baseline to 1850-1900. Note that data values remain unchanged."
reference,ERA5,"Hersbach H, Bell B, Berrisford P et al. 2020. The ERA5 global reanalysis. Q. J. R. Meteorol. Soc. 146: 1999-2049. https://doi.org/10.1002/qj.3803"
comments,ERA5,"Original data acknowledgement: Contains using Copernicus Climate Change Service information [2023]. Neither the European Commission nor ECMWF is responsible for any use that may be made of the Copernicus information or data it contains."
history,GISTEMP,"Data set created from file ['GLB.Ts+dSST.csv'] downloaded from ['https://data.giss.nasa.gov/gistemp/tabledata_v4/GLB.Ts+dSST.csv'] at ['2023-10-13 17:05:41']"
history,GISTEMP,"Rebaselined to 1981-2010 for each month separately by calculating the arithmetic mean of the data over the baseline period and subtracting the mean from all data values. This is done for each month separately (Januarys, Februarys etc)."
history,GISTEMP,"Calculated annual average from monthly averages using arithmetic mean"
history,GISTEMP,"Selected years within the range 1850 to 2023."
history,GISTEMP,"Added offset of 0.69 to all data values."
history,GISTEMP,"Manually changed baseline to 1850-1900. Note that data values remain unchanged."
reference,GISTEMP,"Lenssen, N., G. Schmidt, J. Hansen, M. Menne, A. Persin, R. Ruedy, and D. Zyss, 2019: Improvements in the GISTEMP uncertainty model. J. Geophys. Res. Atmos., 124, no. 12, 6307-6326, doi:10.1029/2018JD029522"
comments,GISTEMP,"Original data acknowledgement: "
history,HadCRUT5,"Data set created from file ['HadCRUT.5.0.1.0.analysis.summary_series.global.monthly.csv', 'HadCRUT.5.0.1.0.analysis.summary_series.global.annual.csv'] downloaded from ['https://www.metoffice.gov.uk/hadobs/hadcrut5/data/current/analysis/diagnostics/HadCRUT.5.0.1.0.analysis.summary_series.global.monthly.csv', 'https://www.metoffice.gov.uk/hadobs/hadcrut5/data/current/analysis/diagnostics/HadCRUT.5.0.1.0.analysis.summary_series.global.annual.csv'] at ['2023-10-31 16:06:04', '2023-10-31 16:06:04']"
history,HadCRUT5,"Rebaselined to 1981-2010 for each month separately by calculating the arithmetic mean of the data over the baseline period and subtracting the mean from all data values. This is done for each month separately (Januarys, Februarys etc)."
history,HadCRUT5,"Calculated annual average from monthly averages using arithmetic mean"
history,HadCRUT5,"Selected years within the range 1850 to 2023."
history,HadCRUT5,"Added offset of 0.69 to all data values."
history,HadCRUT5,"Manually changed baseline to 1850-1900. Note that data values remain unchanged."
reference,HadCRUT5,"Morice, C. P., Kennedy, J. J., Rayner, N. A., Winn, J. P., Hogan, E., Killick, R. E., et al. (2021). An updated assessment of near-surface temperature change from 1850: the HadCRUT5 data set. Journal of Geophysical Research: Atmospheres, 126, e2019JD032361. https://doi.org/10.1029/2019JD032361"
comments,HadCRUT5,"Original data acknowledgement: HadCRUT.5.0.1.0 data were obtained from http://www.metoffice.gov.uk/hadobs/hadcrut5 on 2023-10-31 16:06:04 and are © British Crown Copyright, Met Office 2023, provided under an Open Government License, http://www.nationalarchives.gov.uk/doc/open-government-licence/version/3/"
history,JRA-55,"Data set created from file ['JRA-55_tmp2m_global_ts_Clim8110.txt'] downloaded from [''] at ['2023-10-11 14:37:00']"
history,JRA-55,"Rebaselined to 1981-2010 for each month separately by calculating the arithmetic mean of the data over the baseline period and subtracting the mean from all data values. This is done for each month separately (Januarys, Februarys etc)."
history,JRA-55,"Calculated annual average from monthly averages using arithmetic mean"
history,JRA-55,"Selected years within the range 1850 to 2023."
history,JRA-55,"Added offset of 0.69 to all data values."
history,JRA-55,"Manually changed baseline to 1850-1900. Note that data values remain unchanged."
reference,JRA-55,"Kobayashi, S., Ota, Y., Harada, Y., Ebita, A., Moriya, M., Onoda, H., Onogi, K., Kamahori, H., Kobayashi, C., Endo, H. and Miyaoka, K., (2015). The JRA-55 reanalysis: General specifications and basic characteristics. Journal of the Meteorological Society of Japan. Ser. II, 93(1), pp.5-48."
comments,JRA-55,"Original data acknowledgement: "
history,Kadow,"Data set created from file ['HadCRUT.5.0.1.0.anomalies.Kadow_et_al_2020_20crAI-infilled.ensemble_mean_global_mean_185001-*.nc'] downloaded from [''] at ['2023-11-02 09:03:44']"
history,Kadow,"Rebaselined to 1981-2010 for each month separately by calculating the arithmetic mean of the data over the baseline period and subtracting the mean from all data values. This is done for each month separately (Januarys, Februarys etc)."
history,Kadow,"Calculated annual average from monthly averages using arithmetic mean"
history,Kadow,"Selected years within the range 1850 to 2023."
history,Kadow,"Added offset of 0.69 to all data values."
history,Kadow,"Manually changed baseline to 1850-1900. Note that data values remain unchanged."
reference,Kadow,"Kadow, C., Hall, D.M. & Ulbrich, U. Artificial intelligence reconstructs missing climate information. Nat. Geosci. (2020). https://doi.org/10.1038/s41561-020-0582-5"
comments,Kadow,"Original data acknowledgement: "
history,NOAA_Interim,"Data set created from file ['aravg.mon.land_ocean.90S.90N.v5.1.0.202308.asc', 'aravg.ann.land_ocean.90S.90N.*.asc'] downloaded from ['https://www.ncei.noaa.gov/data/noaa-global-surface-temperature/v5.1/access/timeseries/aravg.mon.land_ocean.90S.90N.v5.1.0.202308.asc', 'https://www.ncei.noaa.gov/data/noaa-global-surface-temperature/v5.1/access/timeseries/aravg.ann.land_ocean.90S.90N.*.asc'] at ['2023-10-13 17:03:50']"
history,NOAA_Interim,"Rebaselined to 1981-2010 for each month separately by calculating the arithmetic mean of the data over the baseline period and subtracting the mean from all data values. This is done for each month separately (Januarys, Februarys etc)."
history,NOAA_Interim,"Calculated annual average from monthly averages using arithmetic mean"
history,NOAA_Interim,"Selected years within the range 1850 to 2023."
history,NOAA_Interim,"Added offset of 0.69 to all data values."
history,NOAA_Interim,"Manually changed baseline to 1850-1900. Note that data values remain unchanged."
reference,NOAA_Interim,"Vose, R.S., B. Huang, X. Yin., D. Arndt, D.R. Easterling, J.H. Lawrimore, M.J. Menne, A. Sanchez-Lugo, H.-M. Zhang, 2021: Implementing full spatial coverage in NOAA’s global temperature analysis. Geophysical Research Letters, 48, e2020GL090873. https://doi.org/10.1029/2020GL090873"
comments,NOAA_Interim,"Original data acknowledgement: "
long_name,time,time,days since 1800-01-01 00:00:00.0
type,time,int
long_name,year,year,1
type,year,int
long_name,Berkeley_Earth,tas,degC
type,Berkeley_Earth,float
long_name,ERA5,tas,degC
type,ERA5,float
long_name,GISTEMP,tas,degC
type,GISTEMP,float
long_name,HadCRUT5,tas,degC
type,HadCRUT5,float
long_name,JRA-55,tas,degC
type,JRA-55,float
long_name,Kadow,tas,degC
type,Kadow,float
long_name,NOAA_Interim,tas,degC
type,NOAA_Interim,float
coordinate_variable,time,t
data
time,year,Berkeley_Earth,ERA5,GISTEMP,HadCRUT5,JRA-55,Kadow,NOAA_Interim
18262,1850,-0.2239,,,-0.0775,,-0.1264,0.0886
18627,1851,-0.1026,,,0.1068,,-0.0268,0.1715
18992,1852,-0.0769,,,0.1107,,0.0555,0.1583
19358,1853,-0.0822,,,0.0698,,-0.0158,0.1433
19723,1854,-0.0714,,,0.0485,,0.0144,0.1484
20088,1855,-0.0674,,,0.0432,,0.0214,0.1408
20453,1856,-0.1958,,,0.0198,,-0.0951,0.0015
20819,1857,-0.3384,,,-0.1271,,-0.1874,-0.0152
21184,1858,-0.1319,,,-0.0486,,-0.0740,0.0487
21549,1859,-0.0186,,,0.0589,,-0.0030,0.1714
21914,1860,-0.1716,,,-0.0500,,-0.0995,0.0263
22280,1861,-0.2516,,,-0.0892,,-0.1127,0.0039
22645,1862,-0.3624,,,-0.1963,,-0.1308,-0.0490
23010,1863,-0.1174,,,-0.0042,,-0.0428,0.0947
23375,1864,-0.1561,,,-0.1253,,-0.0536,0.0544
23741,1865,-0.0639,,,0.0075,,-0.0130,0.1157
24106,1866,-0.0225,,,-0.0011,,-0.0202,0.1391
24471,1867,0.0234,,,-0.0168,,0.0362,0.0645
24836,1868,-0.0035,,,-0.0118,,0.0598,0.1049
25202,1869,-0.0027,,,0.0235,,0.0334,0.1275
25567,1870,-0.0746,,,0.0122,,-0.0129,0.0754
25932,1871,-0.1064,,,-0.0285,,-0.0457,0.0726
26297,1872,-0.0724,,,0.0121,,0.0013,0.0670
26663,1873,-0.0388,,,-0.0012,,-0.0254,0.0507
27028,1874,-0.0912,,,-0.0331,,-0.0461,0.0307
27393,1875,-0.1319,,,-0.0355,,0.0096,0.0453
27758,1876,-0.1348,,,-0.0840,,-0.0750,0.0236
28124,1877,0.2490,,,0.2390,,0.2269,0.2888
28489,1878,0.3329,,,0.3288,,0.2878,0.3002
28854,1879,-0.0070,,,0.0365,,0.0748,0.1286
29219,1880,-0.0889,,0.1003,0.0243,,0.0265,0.0719
29585,1881,0.0266,,0.1819,0.1079,,0.1145,0.1175
29950,1882,-0.0282,,0.1569,0.0446,,0.0121,0.1150
30315,1883,-0.0802,,0.0878,-0.0064,,-0.0255,0.0227
30680,1884,-0.2542,,-0.0189,-0.1522,,-0.1644,-0.0637
31046,1885,-0.2154,,-0.0681,-0.1310,,-0.1953,-0.0782
31411,1886,-0.2415,,-0.0481,-0.0808,,-0.1963,-0.0084
31776,1887,-0.2757,,-0.0964,-0.1587,,-0.2550,-0.0601
32141,1888,-0.0716,,0.0903,-0.0393,,-0.0690,0.0767
32507,1889,0.0521,,0.1569,0.0902,,0.0850,0.1674
32872,1890,-0.2419,,-0.0897,-0.1667,,-0.1877,-0.0326
33237,1891,-0.1202,,0.0378,-0.0612,,-0.0852,0.0598
33602,1892,-0.1836,,-0.0106,-0.1674,,-0.1855,-0.0034
33968,1893,-0.1609,,-0.0472,-0.1545,,-0.1517,-0.0746
34333,1894,-0.1498,,-0.0497,-0.1436,,-0.1906,0.0067
34698,1895,-0.0768,,0.0311,-0.1086,,-0.1389,0.0492
35063,1896,0.0113,,0.1586,0.0561,,0.0409,0.1862
35429,1897,0.0258,,0.1628,0.0803,,0.0296,0.1728
35794,1898,-0.1793,,-0.0056,-0.1457,,-0.1805,0.0128
36159,1899,-0.0085,,0.0886,-0.0153,,-0.0321,0.0805
36524,1900,0.0960,,0.1853,0.1056,,0.0630,0.1626
36889,1901,0.0188,,0.1111,0.0467,,0.0322,0.1095
37254,1902,-0.1398,,-0.0139,-0.0989,,-0.1217,0.0074
37619,1903,-0.2394,,-0.1022,-0.1932,,-0.2136,-0.0747
37984,1904,-0.2975,,-0.2064,-0.2574,,-0.2693,-0.1877
38350,1905,-0.1161,,0.0061,-0.0676,,-0.0779,-0.0012
38715,1906,-0.0293,,0.0444,0.0210,,0.0144,0.0353
39080,1907,-0.1991,,-0.1181,-0.1640,,-0.1547,-0.0908
39445,1908,-0.2196,,-0.1564,-0.1738,,-0.1883,-0.1554
39811,1909,-0.2834,,-0.2172,-0.1956,,-0.2419,-0.1902
40176,1910,-0.2416,,-0.1647,-0.1909,,-0.2084,-0.1527
40541,1911,-0.2544,,-0.1706,-0.1991,,-0.2384,-0.1688
40906,1912,-0.1869,,-0.0931,-0.1356,,-0.1732,-0.0881
41272,1913,-0.1573,,-0.0739,-0.1270,,-0.1482,-0.0817
41637,1914,0.0289,,0.1186,0.0775,,0.0594,0.1008
42002,1915,0.0828,,0.1294,0.1483,,0.1250,0.1457
42367,1916,-0.1553,,-0.0881,-0.0801,,-0.0985,-0.0655
42733,1917,-0.3039,,-0.1897,-0.2029,,-0.2287,-0.1890
43098,1918,-0.1357,,-0.0289,-0.0845,,-0.0773,-0.0384
43463,1919,-0.0702,,-0.0047,0.0146,,-0.0149,0.0041
43828,1920,-0.0122,,-0.0039,0.0415,,0.0692,-0.0072
44194,1921,0.0394,,0.0844,0.0994,,0.0509,0.0721
44559,1922,-0.0480,,-0.0122,0.0009,,-0.0212,-0.0033
44924,1923,-0.0142,,0.0061,0.0222,,0.0150,0.0030
45289,1924,-0.0224,,0.0019,0.0281,,0.0177,0.0221
45655,1925,0.0206,,0.0503,0.0577,,0.0719,0.0480
46020,1926,0.1571,,0.1661,0.2173,,0.1876,0.1582
46385,1927,0.0421,,0.0544,0.1107,,0.0853,0.0661
46750,1928,0.0526,,0.0703,0.1334,,0.0942,0.0795
47116,1929,-0.1308,,-0.0897,-0.0526,,-0.0679,-0.0612
47481,1930,0.0996,,0.1153,0.1633,,0.1464,0.1351
47846,1931,0.1614,,0.1769,0.2367,,0.2078,0.1842
48211,1932,0.1197,,0.1119,0.1947,,0.1698,0.1230
48577,1933,-0.0756,,-0.0131,0.0178,,-0.0118,-0.0063
48942,1934,0.0723,,0.1486,0.1658,,0.1455,0.1416
49307,1935,0.0121,,0.0711,0.1341,,0.0967,0.0930
49672,1936,0.0819,,0.1261,0.1706,,0.1496,0.1286
50038,1937,0.2386,,0.2436,0.3209,,0.3121,0.2561
50403,1938,0.2439,,0.2719,0.3279,,0.2994,0.2616
50768,1939,0.2224,,0.2544,0.2993,,0.2893,0.2549
51133,1940,0.3046,0.1963,0.3961,0.4161,,0.3514,0.4026
51499,1941,0.2605,0.2430,0.4569,0.3782,,0.3050,0.4671
51864,1942,0.2700,0.1505,0.3369,0.3415,,0.3193,0.3335
52229,1943,0.3244,0.1563,0.3619,0.3465,,0.3525,0.3442
52594,1944,0.4294,0.3480,0.4769,0.4842,,0.4707,0.4809
52960,1945,0.3029,0.2080,0.3661,0.3832,,0.2998,0.3842
53325,1946,0.1559,0.2121,0.1994,0.2213,,0.1960,0.2064
53690,1947,0.2250,0.2563,0.2461,0.2489,,0.2482,0.2368
54055,1948,0.1324,0.1946,0.1653,0.2155,,0.1928,0.1812
54421,1949,0.1226,0.2280,0.1603,0.1963,,0.1748,0.1852
54786,1950,0.0591,0.1163,0.0978,0.1135,,0.0917,0.1203
55151,1951,0.2391,0.2480,0.2019,0.2790,,0.2592,0.2371
55516,1952,0.3124,0.2338,0.2803,0.3555,,0.3348,0.2973
55882,1953,0.3851,0.3105,0.3511,0.4177,,0.3932,0.3725
56247,1954,0.1899,0.1130,0.1369,0.2234,,0.2010,0.1753
56612,1955,0.1397,0.0955,0.1303,0.1428,,0.1537,0.1163
56977,1956,0.0576,0.0355,0.0811,0.0770,,0.0901,0.0743
57343,1957,0.2865,0.2838,0.3186,0.3048,,0.3065,0.3039
57708,1958,0.2913,0.3496,0.3328,0.3225,0.4135,0.3081,0.3299
58073,1959,0.2742,0.3155,0.3011,0.2921,0.3470,0.2769,0.3158
58438,1960,0.2166,0.2705,0.2453,0.2246,0.3291,0.2406,0.2704
58804,1961,0.2917,0.3455,0.3269,0.3201,0.3531,0.3192,0.3089
59169,1962,0.2334,0.2855,0.3011,0.2761,0.3391,0.2570,0.2961
59534,1963,0.2761,0.3230,0.3261,0.3033,0.3411,0.2986,0.3266
59899,1964,0.0091,0.1113,0.0719,0.0343,0.1444,0.0480,0.0940
60265,1965,0.1302,0.1738,0.1636,0.1357,0.2156,0.1553,0.1813
60630,1966,0.1889,0.2496,0.2128,0.1912,0.2484,0.2164,0.2222
60995,1967,0.2208,0.2638,0.2469,0.2226,0.2451,0.2500,0.2582
61360,1968,0.1442,0.2030,0.1869,0.1715,0.2169,0.1863,0.1854
61726,1969,0.2935,0.3321,0.3236,0.3088,0.3659,0.3082,0.3382
62091,1970,0.2465,0.3080,0.2953,0.2550,0.3247,0.2869,0.2985
62456,1971,0.1283,0.1538,0.1878,0.1342,0.1989,0.1538,0.1930
62821,1972,0.2372,0.2871,0.2778,0.2463,0.3092,0.2583,0.2700
63187,1973,0.3721,0.3913,0.4286,0.3901,0.4079,0.4036,0.4421
63552,1974,0.1665,0.1171,0.1986,0.1676,0.1387,0.1788,0.1951
63917,1975,0.2317,0.1405,0.2561,0.2294,0.1999,0.2311,0.2596
64282,1976,0.1339,0.0713,0.1711,0.1243,0.0923,0.1210,0.2120
64648,1977,0.4639,0.3563,0.4469,0.4432,0.3682,0.4506,0.4533
65013,1978,0.3386,0.2988,0.3386,0.3454,0.3066,0.3460,0.3592
65378,1979,0.4147,0.4539,0.4344,0.4310,0.4234,0.4210,0.4685
65743,1980,0.5372,0.5852,0.5261,0.5362,0.5488,0.5386,0.5363
66109,1981,0.5874,0.6185,0.5919,0.5901,0.5879,0.5855,0.5976
66474,1982,0.3715,0.4193,0.4094,0.3744,0.4014,0.3880,0.4338
66839,1983,0.5527,0.6141,0.5811,0.5640,0.5839,0.5697,0.5909
67204,1984,0.3847,0.4015,0.4269,0.3881,0.3963,0.3967,0.4404
67570,1985,0.3810,0.3611,0.3861,0.3898,0.3651,0.4010,0.4122
67935,1986,0.4350,0.4499,0.4503,0.4358,0.4639,0.4314,0.4603
68300,1987,0.5747,0.6053,0.5903,0.5831,0.6033,0.5699,0.5820
68665,1988,0.6189,0.6374,0.6578,0.6223,0.6292,0.6269,0.6611
69031,1989,0.5047,0.5191,0.5411,0.5194,0.5209,0.5070,0.5401
69396,1990,0.6916,0.7505,0.7153,0.7007,0.7088,0.6959,0.6926
69761,1991,0.6799,0.6957,0.6728,0.6790,0.6638,0.6795,0.6644
70126,1992,0.4719,0.4637,0.4886,0.4650,0.4718,0.4727,0.4791
70492,1993,0.5293,0.5095,0.4986,0.5058,0.5082,0.5328,0.5146
70857,1994,0.5793,0.5458,0.5819,0.5737,0.5781,0.5848,0.5679
71222,1995,0.7365,0.7236,0.7136,0.7170,0.7517,0.7273,0.7253
71587,1996,0.6256,0.5936,0.5969,0.6168,0.6207,0.6150,0.6010
71953,1997,0.7657,0.7158,0.7294,0.7624,0.7339,0.7638,0.7454
72318,1998,0.9160,0.9044,0.8736,0.9174,0.9306,0.9080,0.8753
72683,1999,0.6741,0.6356,0.6494,0.6646,0.6833,0.6660,0.6635
73048,2000,0.6755,0.6305,0.6603,0.6712,0.6841,0.6638,0.6729
73414,2001,0.8096,0.7905,0.8028,0.8294,0.8141,0.8199,0.7994
73779,2002,0.9032,0.8872,0.8944,0.8836,0.9187,0.8953,0.8670
74144,2003,0.8853,0.8742,0.8844,0.8843,0.8730,0.8845,0.8780
74509,2004,0.7980,0.8129,0.8011,0.8075,0.7833,0.8147,0.7936
74875,2005,0.9644,0.9751,0.9444,0.9470,0.9608,0.9454,0.9511
75240,2006,0.9141,0.9270,0.9036,0.9127,0.9123,0.8997,0.9076
75605,2007,0.9272,0.9196,0.9311,0.9318,0.9064,0.9296,0.9020
75970,2008,0.8009,0.7871,0.8086,0.8058,0.7629,0.7915,0.7942
76336,2009,0.9359,0.9178,0.9228,0.9369,0.9015,0.9322,0.9078
76701,2010,1.0055,1.0135,0.9911,1.0205,0.9800,1.0014,0.9790
77066,2011,0.8952,0.8716,0.8778,0.8778,0.8631,0.8812,0.8739
77431,2012,0.9136,0.9228,0.9169,0.9177,0.9053,0.9002,0.9061
77797,2013,0.9331,0.9500,0.9444,0.9637,0.9437,0.9304,0.9301
78162,2014,1.0043,0.9893,1.0144,1.0130,0.9849,1.0048,1.0130
78527,2015,1.1486,1.1387,1.1669,1.1652,1.1170,1.1381,1.1630
78892,2016,1.2858,1.3223,1.2819,1.2730,1.3015,1.2495,1.2768
79258,2017,1.1895,1.2267,1.1886,1.1853,1.1665,1.1473,1.1938
79623,2018,1.1144,1.1470,1.1161,1.1028,1.0827,1.0831,1.1061
79988,2019,1.2507,1.2823,1.2461,1.2312,1.2396,1.2125,1.2223
80353,2020,1.2765,1.3153,1.2828,1.2629,1.2347,1.2418,1.2587
80719,2021,1.1222,1.1568,1.1153,1.1020,1.0813,1.0865,1.1070
81084,2022,1.1645,1.1839,1.1603,1.1414,1.1296,1.1356,1.1532
81449,2023,1.3894,1.3900,1.3600,1.3708,1.3606,1.3270,1.3450
end data
