Conventions,G,BADC-CSV,1
title,G,Antarctic sea-ice extent
last_revised_date,G,2023-11-02
date_valid,G,2023-11-02
feature_type,G,area average
creator,G,WMO
source,G,Produced by climind version 1.0
observation_station,G,derived data
location,G,90.,-180.,-90.,180.
activity,G,WMO
history,G,"Data set created from file ['S_01_extent_v3.0.csv', 'S_02_extent_v3.0.csv', 'S_03_extent_v3.0.csv', 'S_04_extent_v3.0.csv', 'S_05_extent_v3.0.csv', 'S_06_extent_v3.0.csv', 'S_07_extent_v3.0.csv', 'S_08_extent_v3.0.csv', 'S_09_extent_v3.0.csv', 'S_10_extent_v3.0.csv', 'S_11_extent_v3.0.csv', 'S_12_extent_v3.0.csv'] downloaded from ['ftp://sidads.colorado.edu/DATASETS/NOAA/G02135/south/monthly/data/S_01_extent_v3.0.csv', 'ftp://sidads.colorado.edu/DATASETS/NOAA/G02135/south/monthly/data/S_02_extent_v3.0.csv', 'ftp://sidads.colorado.edu/DATASETS/NOAA/G02135/south/monthly/data/S_03_extent_v3.0.csv', 'ftp://sidads.colorado.edu/DATASETS/NOAA/G02135/south/monthly/data/S_04_extent_v3.0.csv', 'ftp://sidads.colorado.edu/DATASETS/NOAA/G02135/south/monthly/data/S_05_extent_v3.0.csv', 'ftp://sidads.colorado.edu/DATASETS/NOAA/G02135/south/monthly/data/S_06_extent_v3.0.csv', 'ftp://sidads.colorado.edu/DATASETS/NOAA/G02135/south/monthly/data/S_07_extent_v3.0.csv', 'ftp://sidads.colorado.edu/DATASETS/NOAA/G02135/south/monthly/data/S_08_extent_v3.0.csv', 'ftp://sidads.colorado.edu/DATASETS/NOAA/G02135/south/monthly/data/S_09_extent_v3.0.csv', 'ftp://sidads.colorado.edu/DATASETS/NOAA/G02135/south/monthly/data/S_10_extent_v3.0.csv', 'ftp://sidads.colorado.edu/DATASETS/NOAA/G02135/south/monthly/data/S_11_extent_v3.0.csv', 'ftp://sidads.colorado.edu/DATASETS/NOAA/G02135/south/monthly/data/S_12_extent_v3.0.csv'] at ['2023-10-30 17:35:44', '2023-10-30 17:35:45', '2023-10-30 17:35:46', '2023-10-30 17:35:47', '2023-10-30 17:35:48', '2023-10-30 17:35:50', '2023-10-30 17:35:51', '2023-10-30 17:35:52', '2023-10-30 17:35:53', '2023-10-30 17:35:54', '2023-10-30 17:35:55', '2023-10-30 17:35:56']"
history,G,"Rebaselined to 1991-2020 for each month separately by calculating the arithmetic mean of the data over the baseline period and subtracting the mean from all data values. This is done for each month separately (Januarys, Februarys etc)."
history,G,"Calculated annual series by extracting February from each year"
history,G,"Calculated annual series by extracting September from each year"
reference,G,""
rights,G,TBD
comments,G,Data produced by climind version 1.0
comments,G,Format description https://help.ceda.ac.uk/article/105-badc-csv
comments,G,"Original data acknowledgement: Fetterer, F., K. Knowles, W. N. Meier, M. Savoie, and A. K. Windnagel. 2017, updated daily. Sea Ice Index, Version 3. 1979-present. Boulder, Colorado USA. NSIDC: National Snow and Ice Data Center. doi: https://doi.org/10.7265/N5K072F8. [2023-10-30 17:35:44]."
long_name,time,time,days since 1800-01-01 00:00:00.0
type,time,int
long_name,year,year,1
type,year,int
long_name,month,month,1
type,month,int
long_name,data,antarctic_ice,millionkm2
type,data,float
coordinate_variable,time,t
data
time,year,month,data
65317,1978,11,0.0347
65347,1978,12,-0.0020
65378,1979,1,0.3590
65409,1979,2,0.0533
65437,1979,3,-0.0823
65468,1979,4,0.5397
65498,1979,5,0.5427
65529,1979,6,0.7287
65559,1979,7,0.4537
65590,1979,8,-0.1387
65621,1979,9,-0.4123
65651,1979,10,-0.4050
65682,1979,11,-0.5253
65712,1979,12,-1.1620
65743,1980,1,-0.4810
65774,1980,2,-0.2667
65803,1980,3,-0.7923
65834,1980,4,-1.5503
65864,1980,5,-1.4273
65895,1980,6,-0.9713
65925,1980,7,-0.5063
65956,1980,8,-0.0287
65987,1980,9,0.2077
66017,1980,10,0.3450
66048,1980,11,0.2647
66078,1980,12,-0.2420
66109,1981,1,-0.6310
66140,1981,2,-0.2167
66168,1981,3,-0.6923
66199,1981,4,-1.1103
66229,1981,5,-0.9373
66260,1981,6,-0.3513
66290,1981,7,-0.0263
66321,1981,8,-0.0987
66352,1981,9,-0.0123
66382,1981,10,0.0650
66413,1981,11,0.2447
66443,1981,12,0.4880
66474,1982,1,0.2190
66505,1982,2,0.0433
66533,1982,3,0.2077
66564,1982,4,0.7697
66594,1982,5,0.4727
66625,1982,6,-0.0413
66655,1982,7,-0.1963
66686,1982,8,-0.0487
66717,1982,9,-0.2623
66747,1982,10,-0.4350
66778,1982,11,-0.3253
66808,1982,12,-1.1820
66839,1983,1,-0.2710
66870,1983,2,-0.0167
66898,1983,3,-0.0623
66929,1983,4,-0.4803
66959,1983,5,-0.7573
66990,1983,6,-0.8213
67020,1983,7,-0.5963
67051,1983,8,-0.5887
67082,1983,9,-0.0223
67112,1983,10,-0.3050
67143,1983,11,0.1447
67173,1983,12,-0.0120
67204,1984,1,-0.2610
67235,1984,2,-0.4067
67264,1984,3,-0.4723
67295,1984,4,-0.5303
67325,1984,5,-0.5373
67356,1984,6,-0.2313
67386,1984,7,0.3337
67417,1984,8,0.0913
67448,1984,9,-0.4423
67478,1984,10,-0.6550
67509,1984,11,0.2647
67539,1984,12,0.0680
67570,1985,1,-0.5810
67601,1985,2,-0.2467
67629,1985,3,-0.3623
67660,1985,4,-0.4603
67690,1985,5,-0.1373
67721,1985,6,-0.0313
67751,1985,7,-0.3463
67782,1985,8,-0.2087
67813,1985,9,0.0877
67843,1985,10,-0.0250
67874,1985,11,0.2747
67904,1985,12,0.9480
67935,1986,1,0.3790
67966,1986,2,0.1033
67994,1986,3,-0.3823
68025,1986,4,-0.5603
68055,1986,5,-0.9873
68086,1986,6,-0.7713
68116,1986,7,-0.7463
68147,1986,8,-0.8387
68178,1986,9,-0.9323
68208,1986,10,-1.0450
68239,1986,11,-0.8553
68269,1986,12,-0.7520
68300,1987,1,0.0890
68331,1987,2,0.1633
68359,1987,3,0.0277
68390,1987,4,-0.1503
68420,1987,5,-0.5973
68451,1987,6,-0.7813
68481,1987,7,-0.3163
68512,1987,8,-0.2387
68543,1987,9,-0.3623
68573,1987,10,-0.5550
68604,1987,11,-0.2853
68634,1987,12,
68665,1988,1,
68696,1988,2,-0.1967
68725,1988,3,-0.1123
68756,1988,4,-0.6603
68786,1988,5,-0.6873
68817,1988,6,-0.3713
68847,1988,7,-0.3163
68878,1988,8,-0.2787
68909,1988,9,-0.3023
68939,1988,10,0.1350
68970,1988,11,0.2847
69000,1988,12,0.6580
69031,1989,1,-0.3010
69062,1989,2,-0.1067
69090,1989,3,-0.1523
69121,1989,4,-0.6403
69151,1989,5,0.0127
69182,1989,6,0.1187
69212,1989,7,-0.3563
69243,1989,8,-0.3687
69274,1989,9,-0.4923
69304,1989,10,-0.3650
69335,1989,11,-0.1353
69365,1989,12,-0.5620
69396,1990,1,-0.1710
69427,1990,2,-0.0467
69455,1990,3,-0.1123
69486,1990,4,0.0497
69516,1990,5,-0.5673
69547,1990,6,-0.3813
69577,1990,7,-0.4963
69608,1990,8,-0.2687
69639,1990,9,-0.4223
69669,1990,10,-0.2750
69700,1990,11,-0.3953
69730,1990,12,-0.4520
69761,1991,1,0.2990
69792,1991,2,0.0733
69820,1991,3,-0.2723
69851,1991,4,0.0997
69881,1991,5,-0.0073
69912,1991,6,-0.3913
69942,1991,7,-0.5163
69973,1991,8,-0.1187
70004,1991,9,-0.3023
70034,1991,10,-0.3050
70065,1991,11,-0.2853
70095,1991,12,-0.2120
70126,1992,1,-0.2910
70157,1992,2,-0.2467
70186,1992,3,-0.5123
70217,1992,4,-0.1603
70247,1992,5,-0.3673
70278,1992,6,-0.6513
70308,1992,7,-0.1763
70339,1992,8,-0.1087
70370,1992,9,-0.4623
70400,1992,10,-0.2950
70431,1992,11,0.0347
70461,1992,12,-0.1920
70492,1993,1,-0.6310
70523,1993,2,-0.6067
70551,1993,3,-0.4123
70582,1993,4,-0.3003
70612,1993,5,-0.1873
70643,1993,6,-0.3113
70673,1993,7,-0.2163
70704,1993,8,-0.3487
70735,1993,9,-0.0723
70765,1993,10,-0.0950
70796,1993,11,0.1747
70826,1993,12,-0.4720
70857,1994,1,-0.0710
70888,1994,2,0.1133
70916,1994,3,0.4677
70947,1994,4,0.2697
70977,1994,5,0.1227
71008,1994,6,0.0987
71038,1994,7,0.2337
71069,1994,8,0.0013
71100,1994,9,-0.0023
71130,1994,10,-0.1350
71161,1994,11,0.0147
71191,1994,12,-0.3020
71222,1995,1,0.5990
71253,1995,2,0.4733
71281,1995,3,0.5477
71312,1995,4,0.3197
71342,1995,5,0.1327
71373,1995,6,-0.1713
71403,1995,7,-0.3263
71434,1995,8,-0.0587
71465,1995,9,-0.2423
71495,1995,10,-0.1950
71526,1995,11,-0.2353
71556,1995,12,0.2180
71587,1996,1,0.8290
71618,1996,2,-0.1067
71647,1996,3,0.0977
71678,1996,4,0.3297
71708,1996,5,0.6327
71739,1996,6,0.4087
71769,1996,7,0.0537
71800,1996,8,-0.0987
71831,1996,9,0.0177
71861,1996,10,-0.2650
71892,1996,11,-0.1453
71922,1996,12,-0.7520
71953,1997,1,-0.8410
71984,1997,2,-0.5967
72012,1997,3,-0.6223
72043,1997,4,-0.4603
72073,1997,5,-0.1673
72104,1997,6,-0.3413
72134,1997,7,-0.1463
72165,1997,8,-0.1587
72196,1997,9,-0.0123
72226,1997,10,-0.2350
72257,1997,11,-0.1353
72287,1997,12,-0.1120
72318,1998,1,-0.5810
72349,1998,2,-0.0967
72377,1998,3,0.0277
72408,1998,4,-0.1003
72438,1998,5,0.0427
72469,1998,6,-0.1513
72499,1998,7,-0.1063
72530,1998,8,0.0413
72561,1998,9,0.2877
72591,1998,10,0.4350
72622,1998,11,0.4347
72652,1998,12,0.1180
72683,1999,1,-0.2210
72714,1999,2,-0.1167
72742,1999,3,-0.1023
72773,1999,4,-0.0603
72803,1999,5,-0.0173
72834,1999,6,0.1887
72864,1999,7,0.2137
72895,1999,8,0.1213
72926,1999,9,0.0877
72956,1999,10,0.1250
72987,1999,11,0.0947
73017,1999,12,0.3180
73048,2000,1,-0.2910
73079,2000,2,-0.1767
73108,2000,3,0.0077
73139,2000,4,0.1797
73169,2000,5,0.6327
73200,2000,6,0.4287
73230,2000,7,0.0337
73261,2000,8,0.3713
73292,2000,9,0.2777
73322,2000,10,-0.0950
73353,2000,11,-0.1053
73383,2000,12,-0.4920
73414,2001,1,0.1890
73445,2001,2,0.5633
73473,2001,3,0.6477
73504,2001,4,0.0897
73534,2001,5,0.0427
73565,2001,6,-0.0413
73595,2001,7,-0.2163
73626,2001,8,-0.4187
73657,2001,9,-0.4423
73687,2001,10,-0.4950
73718,2001,11,-0.2553
73748,2001,12,-0.0520
73779,2002,1,-0.3010
73810,2002,2,-0.1267
73838,2002,3,-0.3323
73869,2002,4,-0.6203
73899,2002,5,-0.7773
73930,2002,6,-1.0813
73960,2002,7,-0.6563
73991,2002,8,-0.7687
74022,2002,9,-0.7223
74052,2002,10,-0.3550
74083,2002,11,-0.4553
74113,2002,12,0.3880
74144,2003,1,0.7290
74175,2003,2,0.7033
74203,2003,3,0.3577
74234,2003,4,0.2597
74264,2003,5,0.4527
74295,2003,6,0.5287
74325,2003,7,0.3337
74356,2003,8,-0.2587
74387,2003,9,-0.3123
74417,2003,10,-0.0250
74448,2003,11,0.2447
74478,2003,12,0.1580
74509,2004,1,0.5490
74540,2004,2,0.4933
74569,2004,3,0.4477
74600,2004,4,0.3297
74630,2004,5,0.1827
74661,2004,6,0.3187
74691,2004,7,0.2637
74722,2004,8,0.1713
74753,2004,9,0.3077
74783,2004,10,0.2350
74814,2004,11,0.2147
74844,2004,12,-0.1720
74875,2005,1,-0.2910
74906,2005,2,-0.1167
74934,2005,3,-0.0023
74965,2005,4,0.0797
74995,2005,5,0.0027
75026,2005,6,-0.1713
75056,2005,7,0.0937
75087,2005,8,0.0813
75118,2005,9,0.1877
75148,2005,10,0.2550
75179,2005,11,0.4547
75209,2005,12,-0.7220
75240,2006,1,-0.8810
75271,2006,2,-0.4367
75299,2006,3,-0.8723
75330,2006,4,-0.9403
75360,2006,5,-0.8273
75391,2006,6,-0.1213
75421,2006,7,0.0437
75452,2006,8,0.2613
75483,2006,9,0.4777
75513,2006,10,0.5050
75544,2006,11,0.3647
75574,2006,12,-0.5520
75605,2007,1,-0.3710
75636,2007,2,-0.1867
75664,2007,3,-0.2523
75695,2007,4,-0.5303
75725,2007,5,-0.6373
75756,2007,6,-0.1713
75786,2007,7,-0.1063
75817,2007,8,-0.1587
75848,2007,9,0.2477
75878,2007,10,0.2850
75909,2007,11,0.0247
75939,2007,12,1.5780
75970,2008,1,1.3690
76001,2008,2,0.8033
76030,2008,3,1.1977
76061,2008,4,1.2897
76091,2008,5,0.7627
76122,2008,6,0.5987
76152,2008,7,0.0237
76183,2008,8,-0.1987
76214,2008,9,-0.4623
76244,2008,10,-0.2350
76275,2008,11,0.3847
76305,2008,12,1.1080
76336,2009,1,0.6690
76367,2009,2,-0.0967
76395,2009,3,0.3577
76426,2009,4,0.8497
76456,2009,5,0.6427
76487,2009,6,0.4487
76517,2009,7,0.1937
76548,2009,8,0.2613
76579,2009,9,0.3477
76609,2009,10,0.0750
76640,2009,11,-0.0153
76670,2009,12,0.3380
76701,2010,1,-0.0810
76732,2010,2,0.0233
76760,2010,3,-0.2323
76791,2010,4,-0.2303
76821,2010,5,0.3527
76852,2010,6,0.9487
76882,2010,7,0.8537
76913,2010,8,0.7713
76944,2010,9,0.1877
76974,2010,10,0.4250
77005,2010,11,0.8847
77035,2010,12,0.8680
77066,2011,1,-0.5310
77097,2011,2,-0.5667
77125,2011,3,-0.7123
77156,2011,4,-0.8503
77186,2011,5,-0.1973
77217,2011,6,-0.1313
77247,2011,7,-0.3163
77278,2011,8,-0.0287
77309,2011,9,0.1277
77339,2011,10,-0.0050
77370,2011,11,-0.1053
77400,2011,12,0.7980
77431,2012,1,0.6090
77462,2012,2,0.4633
77491,2012,3,0.4677
77522,2012,4,0.3597
77552,2012,5,0.1727
77583,2012,6,0.0887
77613,2012,7,0.2337
77644,2012,8,0.2613
77675,2012,9,0.5977
77705,2012,10,0.3650
77736,2012,11,0.2447
77766,2012,12,-0.0120
77797,2013,1,0.4990
77828,2013,2,0.7533
77856,2013,3,0.9377
77887,2013,4,0.6697
77917,2013,5,0.6327
77948,2013,6,0.6887
77978,2013,7,0.7437
78009,2013,8,0.8213
78040,2013,9,0.7777
78070,2013,10,0.7950
78101,2013,11,1.0047
78131,2013,12,1.4480
78162,2014,1,1.2890
78193,2014,2,0.7533
78221,2014,3,0.8177
78252,2014,4,1.3897
78282,2014,5,1.2327
78313,2014,6,1.2287
78343,2014,7,1.0437
78374,2014,8,1.0713
78405,2014,9,1.1477
78435,2014,10,0.7750
78466,2014,11,0.5247
78496,2014,12,1.5280
78527,2015,1,1.8090
78558,2015,2,0.7133
78586,2015,3,0.8777
78617,2015,4,1.4197
78647,2015,5,1.4327
78678,2015,6,1.0087
78708,2015,7,0.7137
78739,2015,8,-0.0887
78770,2015,9,-0.1723
78800,2015,10,0.1850
78831,2015,11,0.3147
78861,2015,12,0.2580
78892,2016,1,-0.3510
78923,2016,2,-0.2967
78952,2016,3,-0.0123
78983,2016,4,0.2697
79013,2016,5,-0.1873
79044,2016,6,-0.2213
79074,2016,7,-0.0463
79105,2016,8,0.0513
79136,2016,9,-0.4623
79166,2016,10,-0.7650
79197,2016,11,-1.6453
79227,2016,12,-2.1220
79258,2017,1,-1.2610
79289,2017,2,-0.7967
79317,2017,3,-1.3823
79348,2017,4,-1.5103
79378,2017,5,-1.2773
79409,2017,6,-1.0513
79439,2017,7,-0.7663
79470,2017,8,-0.6187
79501,2017,9,-0.7023
79531,2017,10,-0.4450
79562,2017,11,-0.7553
79592,2017,12,-0.9220
79623,2018,1,-0.8310
79654,2018,2,-0.7567
79682,2018,3,-0.5423
79713,2018,4,-0.9203
79743,2018,5,-0.9673
79774,2018,6,-0.5713
79804,2018,7,-0.3663
79835,2018,8,-0.4187
79866,2018,9,-0.6523
79896,2018,10,-0.4950
79927,2018,11,-0.7653
79957,2018,12,-1.2120
79988,2019,1,-1.1710
80019,2019,2,-0.4367
80047,2019,3,-0.9123
80078,2019,4,-1.2303
80108,2019,5,-1.4373
80139,2019,6,-1.2113
80169,2019,7,-0.7663
80200,2019,8,-0.3587
80231,2019,9,-0.2823
80261,2019,10,-0.2850
80292,2019,11,-0.8753
80322,2019,12,-0.9920
80353,2020,1,-0.4410
80384,2020,2,-0.1667
80413,2020,3,-0.0823
80444,2020,4,-0.2903
80474,2020,5,-0.4173
80505,2020,6,-0.1913
80535,2020,7,-0.3463
80566,2020,8,-0.0787
80597,2020,9,0.2277
80627,2020,10,0.2650
80658,2020,11,0.3647
80688,2020,12,0.1680
80719,2021,1,-0.2610
80750,2021,2,-0.1967
80778,2021,3,0.3977
80809,2021,4,0.1797
80839,2021,5,0.1127
80870,2021,6,0.0787
80900,2021,7,0.3837
80931,2021,8,0.3513
80962,2021,9,-0.1023
80992,2021,10,-0.5350
81023,2021,11,-0.8253
81053,2021,12,-1.1620
81084,2022,1,-1.1010
81115,2022,2,-0.8767
81143,2022,3,-1.2223
81174,2022,4,-1.0003
81204,2022,5,-0.8673
81235,2022,6,-1.2413
81265,2022,7,-1.0763
81296,2022,8,-0.7887
81327,2022,9,-0.5523
81357,2022,10,-0.7550
81388,2022,11,-0.7053
81418,2022,12,-1.5620
81449,2023,1,-1.8110
81480,2023,2,-1.1767
81508,2023,3,-1.2823
81539,2023,4,-1.4603
81569,2023,5,-1.9273
81600,2023,6,-2.4413
81630,2023,7,-2.5763
81661,2023,8,-2.3387
81692,2023,9,-1.8123
end data
