Conventions,G,BADC-CSV,1
title,G,Antarctic sea-ice extent
last_revised_date,G,2024-01-23
date_valid,G,2024-01-23
feature_type,G,area average
creator,G,WMO
source,G,Produced by climind version 1.0
observation_station,G,derived data
location,G,90.,-180.,-90.,180.
rights,G,TBD
activity,G,WMO
comments,G,Format description https://help.ceda.ac.uk/article/105-badc-csv
history,NSIDC_SH,"Data set created from file ['S_01_extent_v3.0.csv', 'S_02_extent_v3.0.csv', 'S_03_extent_v3.0.csv', 'S_04_extent_v3.0.csv', 'S_05_extent_v3.0.csv', 'S_06_extent_v3.0.csv', 'S_07_extent_v3.0.csv', 'S_08_extent_v3.0.csv', 'S_09_extent_v3.0.csv', 'S_10_extent_v3.0.csv', 'S_11_extent_v3.0.csv', 'S_12_extent_v3.0.csv'] downloaded from ['ftp://sidads.colorado.edu/DATASETS/NOAA/G02135/south/monthly/data/S_01_extent_v3.0.csv', 'ftp://sidads.colorado.edu/DATASETS/NOAA/G02135/south/monthly/data/S_02_extent_v3.0.csv', 'ftp://sidads.colorado.edu/DATASETS/NOAA/G02135/south/monthly/data/S_03_extent_v3.0.csv', 'ftp://sidads.colorado.edu/DATASETS/NOAA/G02135/south/monthly/data/S_04_extent_v3.0.csv', 'ftp://sidads.colorado.edu/DATASETS/NOAA/G02135/south/monthly/data/S_05_extent_v3.0.csv', 'ftp://sidads.colorado.edu/DATASETS/NOAA/G02135/south/monthly/data/S_06_extent_v3.0.csv', 'ftp://sidads.colorado.edu/DATASETS/NOAA/G02135/south/monthly/data/S_07_extent_v3.0.csv', 'ftp://sidads.colorado.edu/DATASETS/NOAA/G02135/south/monthly/data/S_08_extent_v3.0.csv', 'ftp://sidads.colorado.edu/DATASETS/NOAA/G02135/south/monthly/data/S_09_extent_v3.0.csv', 'ftp://sidads.colorado.edu/DATASETS/NOAA/G02135/south/monthly/data/S_10_extent_v3.0.csv', 'ftp://sidads.colorado.edu/DATASETS/NOAA/G02135/south/monthly/data/S_11_extent_v3.0.csv', 'ftp://sidads.colorado.edu/DATASETS/NOAA/G02135/south/monthly/data/S_12_extent_v3.0.csv'] at ['2024-01-16 13:55:18', '2024-01-16 13:55:19', '2024-01-16 13:55:20', '2024-01-16 13:55:22', '2024-01-16 13:55:23', '2024-01-16 13:55:24', '2024-01-16 13:55:25', '2024-01-16 13:55:26', '2024-01-16 13:55:27', '2024-01-16 13:55:28', '2024-01-16 13:55:29', '2024-01-16 13:55:30']"
history,NSIDC_SH,"Rebaselined to 1991-2020 for each month separately by calculating the arithmetic mean of the data over the baseline period and subtracting the mean from all data values. This is done for each month separately (Januarys, Februarys etc)."
history,NSIDC_SH,"Calculated annual series by extracting February from each year"
history,NSIDC_SH,"Calculated annual series by extracting September from each year"
reference,NSIDC_SH,""
comments,NSIDC_SH,"Original data acknowledgement: Fetterer, F., K. Knowles, W. N. Meier, M. Savoie, and A. K. Windnagel. 2017, updated daily. Sea Ice Index, Version 3. 1979-present. Boulder, Colorado USA. NSIDC: National Snow and Ice Data Center. doi: https://doi.org/10.7265/N5K072F8. [2024-01-16 13:55:18]."
history,OSI_SAF_SH,"Data set created from file ['osisaf_sh_sie_monthly.txt'] downloaded from ['ftp://osisaf.met.no/prod_test/ice/index/v2p1/sh/osisaf_sh_sie_monthly.txt'] at ['2024-01-16 13:55:33']"
history,OSI_SAF_SH,"Rebaselined to 1991-2020 for each month separately by calculating the arithmetic mean of the data over the baseline period and subtracting the mean from all data values. This is done for each month separately (Januarys, Februarys etc)."
history,OSI_SAF_SH,"Calculated annual series by extracting February from each year"
history,OSI_SAF_SH,"Calculated annual series by extracting September from each year"
reference,OSI_SAF_SH,"Lavergne, T., Sorensen, A. M., Kern, S., Tonboe, R., Notz, D., Aaboe, S., Bell, L., Dybkjar, G., Eastwood, S., Gabarro, C., Heygster, G., Killie, M. A., Brandt Kreiner, M., Lavelle, J., Saldo, R., Sandven, S., and Pedersen, L. T.: Version 2 of the EUMETSAT OSI SAF and ESA CCI sea-ice concentration climate data records, The Cryosphere, 13, 49-78, doi:10.5194/tc-13-49-2019, 2019."
comments,OSI_SAF_SH,"Original data acknowledgement: The OSI SAF Sea Ice Index v2.1 is made available at https://osisaf-hl.met.no/v2p1-sea-ice-index.  The OSI SAF Sea Ice Index v2p1 is prepared using EUMETSAT OSI SAF Sea Ice Concentration data, with R&D input from the ESA Climate Change Initiative (ESA CCI) (Lavergne et al. 2019)"
history,OSI_SAF_SH_v2p2,"Data set created from file ['osisaf_sh_sie_monthly.txt'] downloaded from ['ftp://osisaf.met.no/prod_test/ice/index/v2p2/sh/osisaf_sh_sie_monthly.txt'] at ['2024-01-16 13:55:34']"
history,OSI_SAF_SH_v2p2,"Rebaselined to 1991-2020 for each month separately by calculating the arithmetic mean of the data over the baseline period and subtracting the mean from all data values. This is done for each month separately (Januarys, Februarys etc)."
history,OSI_SAF_SH_v2p2,"Calculated annual series by extracting February from each year"
history,OSI_SAF_SH_v2p2,"Calculated annual series by extracting September from each year"
reference,OSI_SAF_SH_v2p2,"Lavergne, T., Sorensen, A. M., Kern, S., Tonboe, R., Notz, D., Aaboe, S., Bell, L., Dybkjar, G., Eastwood, S., Gabarro, C., Heygster, G., Killie, M. A., Brandt Kreiner, M., Lavelle, J., Saldo, R., Sandven, S., and Pedersen, L. T.: Version 2 of the EUMETSAT OSI SAF and ESA CCI sea-ice concentration climate data records, The Cryosphere, 13, 49-78, doi:10.5194/tc-13-49-2019, 2019."
comments,OSI_SAF_SH_v2p2,"Original data acknowledgement: The OSI SAF Sea Ice Index v2.1 is made available at https://osisaf-hl.met.no/v2p1-sea-ice-index.  The OSI SAF Sea Ice Index v2p1 is prepared using EUMETSAT OSI SAF Sea Ice Concentration data, with R&D input from the ESA Climate Change Initiative (ESA CCI) (Lavergne et al. 2019)"
long_name,time,time,days since 1800-01-01 00:00:00.0
type,time,int
long_name,year,year,1
type,year,int
long_name,month,month,1
type,month,int
long_name,NSIDC_SH,antarctic_ice,millionkm2
type,NSIDC_SH,float
long_name,OSI_SAF_SH,antarctic_ice,millionkm2
type,OSI_SAF_SH,float
long_name,OSI_SAF_SH_v2p2,antarctic_ice,millionkm2
type,OSI_SAF_SH_v2p2,float
coordinate_variable,time,t
data
time,year,month,NSIDC_SH,OSI_SAF_SH,OSI_SAF_SH_v2p2
65013,1978,1,,,
65044,1978,2,,,
65072,1978,3,,,
65103,1978,4,,,
65133,1978,5,,,
65164,1978,6,,,
65194,1978,7,,,
65225,1978,8,,,
65256,1978,9,,,
65286,1978,10,,,
65317,1978,11,0.0347,,-0.1785
65347,1978,12,-0.0020,,-0.0638
65378,1979,1,0.3590,0.3219,0.3971
65409,1979,2,0.0533,0.0455,0.0667
65437,1979,3,-0.0823,-0.0611,-0.0442
65468,1979,4,0.5397,0.4986,0.5617
65498,1979,5,0.5427,0.6247,0.6934
65529,1979,6,0.7287,0.7992,0.8770
65559,1979,7,0.4537,0.4545,0.5298
65590,1979,8,-0.1387,-0.1074,-0.0339
65621,1979,9,-0.4123,-0.4219,-0.3434
65651,1979,10,-0.4050,-0.4105,-0.3530
65682,1979,11,-0.5253,-0.5189,-0.4566
65712,1979,12,-1.1620,-1.3869,-1.3114
65743,1980,1,-0.4810,-0.5517,-0.4794
65774,1980,2,-0.2667,-0.2834,-0.2209
65803,1980,3,-0.7923,-0.7828,-0.7459
65834,1980,4,-1.5503,-1.5143,-1.4608
65864,1980,5,-1.4273,-1.3937,-1.2980
65895,1980,6,-0.9713,-0.9298,-0.8425
65925,1980,7,-0.5063,-0.4743,-0.3817
65956,1980,8,-0.0287,0.0272,0.1091
65987,1980,9,0.2077,0.2559,0.3335
66017,1980,10,0.3450,0.3213,0.3903
66048,1980,11,0.2647,0.2979,0.3464
66078,1980,12,-0.2420,-0.3434,-0.2589
66109,1981,1,-0.6310,-0.7538,-0.6853
66140,1981,2,-0.2167,-0.2084,-0.1703
66168,1981,3,-0.6923,-0.6967,-0.6644
66199,1981,4,-1.1103,-1.0653,-1.0230
66229,1981,5,-0.9373,-0.9434,-0.8678
66260,1981,6,-0.3513,-0.4152,-0.3160
66290,1981,7,-0.0263,-0.0212,0.0707
66321,1981,8,-0.0987,-0.0696,-0.0006
66352,1981,9,-0.0123,-0.0332,0.0524
66382,1981,10,0.0650,0.0863,0.1546
66413,1981,11,0.2447,0.0556,0.1100
66443,1981,12,0.4880,0.3517,0.4356
66474,1982,1,0.2190,0.1214,0.1878
66505,1982,2,0.0433,0.0414,0.0913
66533,1982,3,0.2077,0.2075,0.2489
66564,1982,4,0.7697,0.6810,0.7488
66594,1982,5,0.4727,0.4793,0.5458
66625,1982,6,-0.0413,-0.0229,0.0597
66655,1982,7,-0.1963,-0.2141,-0.1116
66686,1982,8,-0.0487,-0.0103,0.0737
66717,1982,9,-0.2623,-0.3438,-0.2687
66747,1982,10,-0.4350,-0.4623,-0.3874
66778,1982,11,-0.3253,-0.3158,-0.2644
66808,1982,12,-1.1820,-1.3369,-1.2731
66839,1983,1,-0.2710,-0.3942,-0.3309
66870,1983,2,-0.0167,0.0197,0.0459
66898,1983,3,-0.0623,-0.0774,-0.0429
66929,1983,4,-0.4803,-0.4125,-0.3291
66959,1983,5,-0.7573,-0.7752,-0.6666
66990,1983,6,-0.8213,-0.9186,-0.8121
67020,1983,7,-0.5963,-0.7048,-0.6005
67051,1983,8,-0.5887,-0.6744,-0.5872
67082,1983,9,-0.0223,-0.0799,0.0130
67112,1983,10,-0.3050,-0.4406,-0.3623
67143,1983,11,0.1447,-0.0146,0.0449
67173,1983,12,-0.0120,-0.1627,-0.0793
67204,1984,1,-0.2610,-0.3089,-0.2375
67235,1984,2,-0.4067,-0.3905,-0.3581
67264,1984,3,-0.4723,-0.4565,-0.4309
67295,1984,4,-0.5303,-0.5283,-0.4532
67325,1984,5,-0.5373,-0.6240,-0.5248
67356,1984,6,-0.2313,-0.3910,-0.2886
67386,1984,7,0.3337,0.2196,0.3191
67417,1984,8,0.0913,-0.0209,0.0733
67448,1984,9,-0.4423,-0.5832,-0.5106
67478,1984,10,-0.6550,-0.7606,-0.7070
67509,1984,11,0.2647,0.0045,0.0609
67539,1984,12,0.0680,-0.1474,-0.0849
67570,1985,1,-0.5810,-0.7416,-0.6746
67601,1985,2,-0.2467,-0.3771,-0.3518
67629,1985,3,-0.3623,-0.4765,-0.4300
67660,1985,4,-0.4603,-0.5513,-0.4637
67690,1985,5,-0.1373,-0.1747,-0.0969
67721,1985,6,-0.0313,-0.0122,0.0599
67751,1985,7,-0.3463,-0.4632,-0.3745
67782,1985,8,-0.2087,-0.2510,-0.1768
67813,1985,9,0.0877,0.0063,0.0859
67843,1985,10,-0.0250,-0.1092,-0.0501
67874,1985,11,0.2747,0.1236,0.1858
67904,1985,12,0.9480,0.7320,0.8322
67935,1986,1,0.3790,0.2533,0.3175
67966,1986,2,0.1033,0.1064,0.1733
67994,1986,3,-0.3823,-0.4552,-0.4219
68025,1986,4,-0.5603,,
68055,1986,5,-0.9873,,
68086,1986,6,-0.7713,,
68116,1986,7,-0.7463,-0.8053,-0.7305
68147,1986,8,-0.8387,-0.8576,-0.7931
68178,1986,9,-0.9323,-0.9633,-0.8986
68208,1986,10,-1.0450,-1.0703,-1.0083
68239,1986,11,-0.8553,-0.9572,-0.9004
68269,1986,12,-0.7520,-0.9263,-0.8353
68300,1987,1,0.0890,-0.5342,-0.4717
68331,1987,2,0.1633,0.1334,0.1608
68359,1987,3,0.0277,-0.0342,-0.0078
68390,1987,4,-0.1503,-0.2386,-0.1708
68420,1987,5,-0.5973,-0.6466,-0.5646
68451,1987,6,-0.7813,-0.7707,-0.6772
68481,1987,7,-0.3163,-0.2865,-0.2285
68512,1987,8,-0.2387,-0.2113,-0.1644
68543,1987,9,-0.3623,-0.2457,-0.2083
68573,1987,10,-0.5550,-0.5353,-0.5128
68604,1987,11,-0.2853,-0.3205,-0.2898
68634,1987,12,,,
68665,1988,1,,-1.2634,-1.2447
68696,1988,2,-0.1967,-0.2569,-0.2520
68725,1988,3,-0.1123,-0.1310,-0.1324
68756,1988,4,-0.6603,-0.6317,-0.6072
68786,1988,5,-0.6873,-0.6310,-0.6061
68817,1988,6,-0.3713,-0.3438,-0.3108
68847,1988,7,-0.3163,-0.2800,-0.2573
68878,1988,8,-0.2787,-0.2471,-0.2080
68909,1988,9,-0.3023,-0.1825,-0.1550
68939,1988,10,0.1350,0.2290,0.2619
68970,1988,11,0.2847,0.2846,0.3121
69000,1988,12,0.6580,0.6604,0.6900
69031,1989,1,-0.3010,-0.2725,-0.2789
69062,1989,2,-0.1067,-0.1412,-0.1330
69090,1989,3,-0.1523,-0.2229,-0.1918
69121,1989,4,-0.6403,-0.6370,-0.6428
69151,1989,5,0.0127,-0.0516,-0.0323
69182,1989,6,0.1187,0.0172,0.0406
69212,1989,7,-0.3563,-0.5217,-0.4669
69243,1989,8,-0.3687,-0.4543,-0.4288
69274,1989,9,-0.4923,-0.6518,-0.5975
69304,1989,10,-0.3650,-0.4638,-0.4346
69335,1989,11,-0.1353,-0.1989,-0.1839
69365,1989,12,-0.5620,-0.5533,-0.5497
69396,1990,1,-0.1710,-0.2631,-0.2359
69427,1990,2,-0.0467,-0.1634,-0.1408
69455,1990,3,-0.1123,-0.2837,-0.2530
69486,1990,4,0.0497,0.0034,0.0336
69516,1990,5,-0.5673,-0.5184,-0.4986
69547,1990,6,-0.3813,-0.4442,-0.4180
69577,1990,7,-0.4963,-0.5005,-0.4783
69608,1990,8,-0.2687,-0.3263,-0.3067
69639,1990,9,-0.4223,-0.4484,-0.4294
69669,1990,10,-0.2750,-0.3061,-0.2959
69700,1990,11,-0.3953,-0.3227,-0.3309
69730,1990,12,-0.4520,-0.4695,-0.4573
69761,1991,1,0.2990,0.2852,0.2896
69792,1991,2,0.0733,0.0913,0.0930
69820,1991,3,-0.2723,-0.2139,-0.2061
69851,1991,4,0.0997,0.1050,0.1324
69881,1991,5,-0.0073,-0.0633,-0.0324
69912,1991,6,-0.3913,-0.3894,-0.3592
69942,1991,7,-0.5163,-0.5141,-0.4808
69973,1991,8,-0.1187,-0.1445,-0.1093
70004,1991,9,-0.3023,-0.3380,-0.3074
70034,1991,10,-0.3050,-0.3373,-0.2986
70065,1991,11,-0.2853,-0.3375,-0.3030
70095,1991,12,-0.2120,-0.4122,-0.3810
70126,1992,1,-0.2910,-0.4361,-0.4162
70157,1992,2,-0.2467,-0.2996,-0.2730
70186,1992,3,-0.5123,-0.4494,-0.4429
70217,1992,4,-0.1603,-0.1627,-0.1381
70247,1992,5,-0.3673,-0.4035,-0.3750
70278,1992,6,-0.6513,-0.6312,-0.5988
70308,1992,7,-0.1763,-0.1468,-0.1112
70339,1992,8,-0.1087,-0.1218,-0.0863
70370,1992,9,-0.4623,-0.5467,-0.5161
70400,1992,10,-0.2950,-0.2767,-0.2605
70431,1992,11,0.0347,-0.0352,0.0054
70461,1992,12,-0.1920,-0.0607,-0.0466
70492,1993,1,-0.6310,-0.5910,-0.5563
70523,1993,2,-0.6067,-0.5268,-0.5044
70551,1993,3,-0.4123,-0.3057,-0.2917
70582,1993,4,-0.3003,-0.3006,-0.2826
70612,1993,5,-0.1873,-0.2609,-0.2389
70643,1993,6,-0.3113,-0.3339,-0.3136
70673,1993,7,-0.2163,-0.1970,-0.1764
70704,1993,8,-0.3487,-0.3496,-0.3335
70735,1993,9,-0.0723,-0.1281,-0.1096
70765,1993,10,-0.0950,-0.1672,-0.1489
70796,1993,11,0.1747,0.1404,0.1564
70826,1993,12,-0.4720,-0.5107,-0.4957
70857,1994,1,-0.0710,-0.1249,-0.1048
70888,1994,2,0.1133,0.0930,0.1009
70916,1994,3,0.4677,0.4581,0.4787
70947,1994,4,0.2697,0.2234,0.2565
70977,1994,5,0.1227,0.0941,0.1191
71008,1994,6,0.0987,0.1221,0.1458
71038,1994,7,0.2337,0.2460,0.2693
71069,1994,8,0.0013,-0.0235,-0.0096
71100,1994,9,-0.0023,-0.0751,-0.0469
71130,1994,10,-0.1350,-0.2313,-0.2008
71161,1994,11,0.0147,0.0351,0.0685
71191,1994,12,-0.3020,-0.3737,-0.3402
71222,1995,1,0.5990,0.5748,0.5881
71253,1995,2,0.4733,0.4649,0.5031
71281,1995,3,0.5477,0.4885,0.5376
71312,1995,4,0.3197,0.2611,0.2918
71342,1995,5,0.1327,0.0924,0.1142
71373,1995,6,-0.1713,-0.1843,-0.1596
71403,1995,7,-0.3263,-0.2814,-0.2542
71434,1995,8,-0.0587,-0.0574,-0.0297
71465,1995,9,-0.2423,-0.2754,-0.2496
71495,1995,10,-0.1950,-0.2100,-0.1852
71526,1995,11,-0.2353,-0.2448,-0.2396
71556,1995,12,0.2180,0.1304,0.1624
71587,1996,1,0.8290,0.8681,0.8816
71618,1996,2,-0.1067,-0.0143,-0.0025
71647,1996,3,0.0977,0.1458,0.1642
71678,1996,4,0.3297,0.2861,0.3153
71708,1996,5,0.6327,0.5511,0.5745
71739,1996,6,0.4087,0.2895,0.3133
71769,1996,7,0.0537,-0.0156,0.0108
71800,1996,8,-0.0987,-0.1509,-0.1246
71831,1996,9,0.0177,-0.0309,0.0053
71861,1996,10,-0.2650,-0.3988,-0.3705
71892,1996,11,-0.1453,-0.1431,-0.1198
71922,1996,12,-0.7520,-0.8060,-0.7786
71953,1997,1,-0.8410,-0.9417,-0.9170
71984,1997,2,-0.5967,-0.6871,-0.6679
72012,1997,3,-0.6223,-0.6332,-0.6076
72043,1997,4,-0.4603,-0.5036,-0.4756
72073,1997,5,-0.1673,-0.2380,-0.2036
72104,1997,6,-0.3413,-0.3522,-0.3051
72134,1997,7,-0.1463,-0.1964,-0.1605
72165,1997,8,-0.1587,-0.2547,-0.2191
72196,1997,9,-0.0123,-0.0757,-0.0390
72226,1997,10,-0.2350,-0.1544,-0.1287
72257,1997,11,-0.1353,-0.1362,-0.1063
72287,1997,12,-0.1120,-0.1458,-0.1240
72318,1998,1,-0.5810,-0.6601,-0.6383
72349,1998,2,-0.0967,-0.1276,-0.1238
72377,1998,3,0.0277,0.0208,0.0444
72408,1998,4,-0.1003,-0.1381,-0.1110
72438,1998,5,0.0427,0.0226,0.0419
72469,1998,6,-0.1513,-0.1752,-0.1472
72499,1998,7,-0.1063,-0.2173,-0.1827
72530,1998,8,0.0413,-0.0336,0.0012
72561,1998,9,0.2877,0.2091,0.2447
72591,1998,10,0.4350,0.3776,0.4187
72622,1998,11,0.4347,0.3895,0.4206
72652,1998,12,0.1180,0.1431,0.1619
72683,1999,1,-0.2210,-0.2342,-0.2159
72714,1999,2,-0.1167,-0.0264,-0.0243
72742,1999,3,-0.1023,-0.0321,-0.0436
72773,1999,4,-0.0603,-0.0975,-0.0725
72803,1999,5,-0.0173,-0.0232,-0.0018
72834,1999,6,0.1887,0.1643,0.2004
72864,1999,7,0.2137,0.1517,0.1814
72895,1999,8,0.1213,0.0800,0.1103
72926,1999,9,0.0877,0.1024,0.1192
72956,1999,10,0.1250,0.0553,0.0792
72987,1999,11,0.0947,0.0496,0.0761
73017,1999,12,0.3180,0.3727,0.3884
73048,2000,1,-0.2910,-0.2283,-0.2291
73079,2000,2,-0.1767,-0.1525,-0.1460
73108,2000,3,0.0077,-0.0028,0.0117
73139,2000,4,0.1797,0.1828,0.2084
73169,2000,5,0.6327,0.6419,0.6640
73200,2000,6,0.4287,0.3898,0.4187
73230,2000,7,0.0337,0.0715,0.0970
73261,2000,8,0.3713,0.4003,0.4230
73292,2000,9,0.2777,0.3033,0.3260
73322,2000,10,-0.0950,-0.1290,-0.1077
73353,2000,11,-0.1053,-0.1770,-0.1489
73383,2000,12,-0.4920,-0.6168,-0.5715
73414,2001,1,0.1890,0.1302,0.1487
73445,2001,2,0.5633,0.5509,0.5651
73473,2001,3,0.6477,0.5853,0.6166
73504,2001,4,0.0897,0.0568,0.0734
73534,2001,5,0.0427,-0.0068,0.0218
73565,2001,6,-0.0413,-0.0916,-0.0748
73595,2001,7,-0.2163,-0.2205,-0.2153
73626,2001,8,-0.4187,-0.5007,-0.4816
73657,2001,9,-0.4423,-0.5073,-0.4783
73687,2001,10,-0.4950,-0.5774,-0.5417
73718,2001,11,-0.2553,-0.2834,-0.2538
73748,2001,12,-0.0520,0.0702,0.0974
73779,2002,1,-0.3010,-0.2590,-0.2349
73810,2002,2,-0.1267,-0.0373,-0.0485
73838,2002,3,-0.3323,-0.3249,-0.2768
73869,2002,4,-0.6203,-0.6215,-0.5815
73899,2002,5,-0.7773,-0.8392,-0.7898
73930,2002,6,-1.0813,-1.0909,-1.0534
73960,2002,7,-0.6563,-0.7009,-0.6776
73991,2002,8,-0.7687,-0.7689,-0.7377
74022,2002,9,-0.7223,-0.7469,-0.7060
74052,2002,10,-0.3550,-0.3596,-0.3395
74083,2002,11,-0.4553,-0.4492,-0.4340
74113,2002,12,0.3880,0.2809,0.3025
74144,2003,1,0.7290,0.6322,0.6546
74175,2003,2,0.7033,0.6558,0.6778
74203,2003,3,0.3577,0.3073,0.3275
74234,2003,4,0.2597,0.2313,0.2596
74264,2003,5,0.4527,0.3826,0.4125
74295,2003,6,0.5287,0.4422,0.4717
74325,2003,7,0.3337,0.2504,0.2720
74356,2003,8,-0.2587,-0.3785,-0.3413
74387,2003,9,-0.3123,-0.3723,-0.3458
74417,2003,10,-0.0250,-0.0653,-0.0486
74448,2003,11,0.2447,0.1918,0.2154
74478,2003,12,0.1580,0.1134,0.1404
74509,2004,1,0.5490,0.4473,0.4820
74540,2004,2,0.4933,0.4385,0.4512
74569,2004,3,0.4477,0.3776,0.3986
74600,2004,4,0.3297,0.3385,0.3539
74630,2004,5,0.1827,0.1847,0.2047
74661,2004,6,0.3187,0.2684,0.3016
74691,2004,7,0.2637,0.1740,0.1975
74722,2004,8,0.1713,0.1079,0.1335
74753,2004,9,0.3077,0.2176,0.2280
74783,2004,10,0.2350,0.2010,0.2155
74814,2004,11,0.2147,0.1883,0.2142
74844,2004,12,-0.1720,-0.2376,-0.2139
74875,2005,1,-0.2910,-0.3879,-0.3572
74906,2005,2,-0.1167,-0.2267,-0.2240
74934,2005,3,-0.0023,-0.0345,-0.0292
74965,2005,4,0.0797,0.0374,0.0510
74995,2005,5,0.0027,-0.0360,-0.0233
75026,2005,6,-0.1713,-0.1845,-0.1609
75056,2005,7,0.0937,0.1454,0.1571
75087,2005,8,0.0813,0.0160,0.0342
75118,2005,9,0.1877,0.2442,0.2484
75148,2005,10,0.2550,0.2511,0.2784
75179,2005,11,0.4547,0.4676,0.4510
75209,2005,12,-0.7220,-0.6122,-0.6445
75240,2006,1,-0.8810,-0.8989,-0.9161
75271,2006,2,-0.4367,-0.5215,-0.5443
75299,2006,3,-0.8723,-0.8902,-0.9183
75330,2006,4,-0.9403,-0.9436,-0.9886
75360,2006,5,-0.8273,-0.8164,-0.8583
75391,2006,6,-0.1213,-0.1167,-0.1585
75421,2006,7,0.0437,0.0316,-0.0162
75452,2006,8,0.2613,0.4065,0.3515
75483,2006,9,0.4777,0.5353,0.4854
75513,2006,10,0.5050,0.5514,0.5012
75544,2006,11,0.3647,0.3998,0.3544
75574,2006,12,-0.5520,-0.4759,-0.5049
75605,2007,1,-0.3710,-0.3232,-0.3323
75636,2007,2,-0.1867,-0.1719,-0.1801
75664,2007,3,-0.2523,-0.2201,-0.2439
75695,2007,4,-0.5303,-0.5052,-0.5409
75725,2007,5,-0.6373,-0.5860,-0.6117
75756,2007,6,-0.1713,-0.1338,-0.1775
75786,2007,7,-0.1063,-0.0726,-0.0700
75817,2007,8,-0.1587,-0.1184,-0.1516
75848,2007,9,0.2477,0.2969,0.2653
75878,2007,10,0.2850,0.3589,0.3069
75909,2007,11,0.0247,0.1054,0.0360
75939,2007,12,1.5780,1.5422,1.5016
75970,2008,1,1.3690,1.5300,1.4804
76001,2008,2,0.8033,0.9495,0.9037
76030,2008,3,1.1977,1.2503,1.2025
76061,2008,4,1.2897,1.3330,1.3004
76091,2008,5,0.7627,0.7710,0.7422
76122,2008,6,0.5987,0.6104,0.5723
76152,2008,7,0.0237,0.0533,0.0089
76183,2008,8,-0.1987,-0.1202,-0.1836
76214,2008,9,-0.4623,-0.3891,-0.4553
76244,2008,10,-0.2350,-0.0808,-0.1456
76275,2008,11,0.3847,0.4132,0.3672
76305,2008,12,1.1080,1.1851,1.1464
76336,2009,1,0.6690,0.8952,0.8265
76367,2009,2,-0.0967,0.0593,0.0124
76395,2009,3,0.3577,0.4825,0.4349
76426,2009,4,0.8497,0.9146,0.8552
76456,2009,5,0.6427,0.7464,0.6769
76487,2009,6,0.4487,0.5405,0.4651
76517,2009,7,0.1937,0.2884,0.2266
76548,2009,8,0.2613,0.3983,0.3489
76579,2009,9,0.3477,0.4480,0.3932
76609,2009,10,0.0750,0.0842,0.0426
76640,2009,11,-0.0153,-0.0307,-0.0721
76670,2009,12,0.3380,0.3965,0.3377
76701,2010,1,-0.0810,0.0059,-0.0447
76732,2010,2,0.0233,0.0373,0.0158
76760,2010,3,-0.2323,-0.2589,-0.2586
76791,2010,4,-0.2303,-0.1943,-0.2189
76821,2010,5,0.3527,0.3826,0.3455
76852,2010,6,0.9487,0.9194,0.8901
76882,2010,7,0.8537,0.7962,0.7659
76913,2010,8,0.7713,0.7674,0.7290
76944,2010,9,0.1877,0.3549,0.3009
76974,2010,10,0.4250,0.4245,0.3992
77005,2010,11,0.8847,0.9385,0.9296
77035,2010,12,0.8680,1.0400,1.0440
77066,2011,1,-0.5310,-0.5166,-0.5254
77097,2011,2,-0.5667,-0.6151,-0.6233
77125,2011,3,-0.7123,-0.7110,-0.7361
77156,2011,4,-0.8503,-0.7615,-0.7895
77186,2011,5,-0.1973,-0.1179,-0.1513
77217,2011,6,-0.1313,-0.1135,-0.1360
77247,2011,7,-0.3163,-0.2153,-0.2440
77278,2011,8,-0.0287,0.0772,0.0527
77309,2011,9,0.1277,0.2072,0.1787
77339,2011,10,-0.0050,0.0346,0.0169
77370,2011,11,-0.1053,-0.0619,-0.0704
77400,2011,12,0.7980,0.8436,0.8171
77431,2012,1,0.6090,0.7027,0.6773
77462,2012,2,0.4633,0.5475,0.5446
77491,2012,3,0.4677,0.5046,0.4691
77522,2012,4,0.3597,0.3817,0.3552
77552,2012,5,0.1727,0.2210,0.2020
77583,2012,6,0.0887,0.1365,0.0948
77613,2012,7,0.2337,0.2274,0.1875
77644,2012,8,0.2613,0.2588,0.2259
77675,2012,9,0.5977,0.6442,0.6136
77705,2012,10,0.3650,0.4146,0.3816
77736,2012,11,0.2447,0.2606,0.2480
77766,2012,12,-0.0120,-0.0071,-0.0271
77797,2013,1,0.4990,0.4866,0.4721
77828,2013,2,0.7533,0.7494,0.7458
77856,2013,3,0.9377,0.8869,0.8773
77887,2013,4,0.6697,0.6447,0.6253
77917,2013,5,0.6327,0.6517,0.6290
77948,2013,6,0.6887,0.7299,0.7072
77978,2013,7,0.7437,0.7314,0.6984
78009,2013,8,0.8213,0.8807,0.8612
78040,2013,9,0.7777,0.8694,0.8521
78070,2013,10,0.7950,0.8566,0.8431
78101,2013,11,1.0047,0.9749,0.9601
78131,2013,12,1.4480,1.4000,1.4061
78162,2014,1,1.2890,1.3061,1.2904
78193,2014,2,0.7533,0.7569,0.7584
78221,2014,3,0.8177,0.7907,0.7858
78252,2014,4,1.3897,1.4142,1.4001
78282,2014,5,1.2327,1.3034,1.2914
78313,2014,6,1.2287,1.2609,1.2460
78343,2014,7,1.0437,1.0621,1.0488
78374,2014,8,1.0713,1.1087,1.0862
78405,2014,9,1.1477,1.3021,1.2938
78435,2014,10,0.7750,0.8117,0.8015
78466,2014,11,0.5247,0.5316,0.5132
78496,2014,12,1.5280,1.4292,1.4342
78527,2015,1,1.8090,1.9276,1.9306
78558,2015,2,0.7133,0.7518,0.7344
78586,2015,3,0.8777,0.8988,0.8607
78617,2015,4,1.4197,1.4417,1.4086
78647,2015,5,1.4327,1.4589,1.4351
78678,2015,6,1.0087,1.0382,1.0160
78708,2015,7,0.7137,0.6631,0.6401
78739,2015,8,-0.0887,-0.1339,-0.1411
78770,2015,9,-0.1723,-0.2084,-0.2213
78800,2015,10,0.1850,0.2188,0.2038
78831,2015,11,0.3147,0.3485,0.3336
78861,2015,12,0.2580,0.2460,0.2292
78892,2016,1,-0.3510,-0.3822,-0.3623
78923,2016,2,-0.2967,-0.3130,-0.2980
78952,2016,3,-0.0123,-0.0387,-0.0225
78983,2016,4,0.2697,0.3056,0.2930
79013,2016,5,-0.1873,-0.1482,-0.1587
79044,2016,6,-0.2213,-0.1577,-0.1773
79074,2016,7,-0.0463,-0.0004,-0.0129
79105,2016,8,0.0513,0.1353,0.1095
79136,2016,9,-0.4623,-0.5237,-0.5258
79166,2016,10,-0.7650,-0.7253,-0.7344
79197,2016,11,-1.6453,-1.4992,-1.5259
79227,2016,12,-2.1220,-2.1309,-2.1554
79258,2017,1,-1.2610,-1.3337,-1.3394
79289,2017,2,-0.7967,-0.9603,-0.9496
79317,2017,3,-1.3823,-1.4468,-1.4497
79348,2017,4,-1.5103,-1.4814,-1.5027
79378,2017,5,-1.2773,-1.2684,-1.2768
79409,2017,6,-1.0513,-1.0407,-1.0527
79439,2017,7,-0.7663,-0.8016,-0.8129
79470,2017,8,-0.6187,-0.6744,-0.6837
79501,2017,9,-0.7023,-0.7573,-0.7663
79531,2017,10,-0.4450,-0.4099,-0.4308
79562,2017,11,-0.7553,-0.7251,-0.7302
79592,2017,12,-0.9220,-0.8947,-0.9249
79623,2018,1,-0.8310,-0.7639,-0.7941
79654,2018,2,-0.7567,-0.8447,-0.8608
79682,2018,3,-0.5423,-0.5569,-0.5888
79713,2018,4,-0.9203,-0.9169,-0.9077
79743,2018,5,-0.9673,-0.9119,-0.9254
79774,2018,6,-0.5713,-0.5463,-0.5594
79804,2018,7,-0.3663,-0.3579,-0.3743
79835,2018,8,-0.4187,-0.4073,-0.4258
79866,2018,9,-0.6523,-0.6928,-0.7050
79896,2018,10,-0.4950,-0.4899,-0.4915
79927,2018,11,-0.7653,-0.7198,-0.7315
79957,2018,12,-1.2120,-1.0112,-1.0363
79988,2019,1,-1.1710,-1.2605,-1.2702
80019,2019,2,-0.4367,-0.4942,-0.4995
80047,2019,3,-0.9123,-0.9640,-0.9826
80078,2019,4,-1.2303,-1.2456,-1.2545
80108,2019,5,-1.4373,-1.3972,-1.4184
80139,2019,6,-1.2113,-1.1916,-1.1990
80169,2019,7,-0.7663,-0.6417,-0.6364
80200,2019,8,-0.3587,-0.3170,-0.3134
80231,2019,9,-0.2823,-0.2711,-0.2716
80261,2019,10,-0.2850,-0.2425,-0.2541
80292,2019,11,-0.8753,-0.9156,-0.9260
80322,2019,12,-0.9920,-1.1276,-1.1299
80353,2020,1,-0.4410,-0.4497,-0.4677
80384,2020,2,-0.1667,-0.1270,-0.1362
80413,2020,3,-0.0823,-0.1140,-0.1112
80444,2020,4,-0.2903,-0.2850,-0.3159
80474,2020,5,-0.4173,-0.3873,-0.4095
80505,2020,6,-0.1913,-0.1786,-0.2099
80535,2020,7,-0.3463,-0.3127,-0.3361
80566,2020,8,-0.0787,-0.0817,-0.0955
80597,2020,9,0.2277,0.2043,0.1893
80627,2020,10,0.2650,0.2150,0.1986
80658,2020,11,0.3647,0.3238,0.3117
80688,2020,12,0.1680,0.2295,0.2050
80719,2021,1,-0.2610,-0.1887,-0.1745
80750,2021,2,-0.1967,-0.0323,-0.0143
80778,2021,3,0.3977,0.4539,0.4762
80809,2021,4,0.1797,0.2117,0.2346
80839,2021,5,0.1127,0.1055,0.1375
80870,2021,6,0.0787,0.0833,0.1125
80900,2021,7,0.3837,0.4146,0.4359
80931,2021,8,0.3513,0.3820,0.4054
80962,2021,9,-0.1023,-0.1438,-0.1116
80992,2021,10,-0.5350,-0.4966,-0.4872
81023,2021,11,-0.8253,-0.8069,-0.8028
81053,2021,12,-1.1620,-1.0049,-1.0045
81084,2022,1,-1.1010,-1.0381,-1.0283
81115,2022,2,-0.8767,-0.8657,-0.8333
81143,2022,3,-1.2223,-1.1665,-1.1433
81174,2022,4,-1.0003,-0.9361,-0.8971
81204,2022,5,-0.8673,-0.8870,-0.8600
81235,2022,6,-1.2413,-1.2233,-1.2036
81265,2022,7,-1.0763,-1.1340,-1.1104
81296,2022,8,-0.7887,-0.7606,-0.7548
81327,2022,9,-0.5523,-0.5499,-0.5247
81357,2022,10,-0.7550,-0.7231,-0.7216
81388,2022,11,-0.7053,-0.7630,-0.7450
81418,2022,12,-1.5620,-1.4089,-1.4236
81449,2023,1,-1.8110,-1.6814,-1.6795
81480,2023,2,-1.1767,-1.1320,-1.1138
81508,2023,3,-1.2823,-1.2110,-1.1878
81539,2023,4,-1.4603,-1.3801,-1.3576
81569,2023,5,-1.9273,-1.8108,-1.8004
81600,2023,6,-2.4413,-2.3386,-2.3195
81630,2023,7,-2.5763,-2.4739,-2.4419
81661,2023,8,-2.3387,-2.2254,-2.2149
81692,2023,9,-1.8123,,-1.6187
81722,2023,10,-2.0250,,-1.9743
81753,2023,11,-1.5953,,-1.4807
81783,2023,12,-1.7320,,-1.6619
end data
