Conventions,G,BADC-CSV,1
title,G,Regional mean temperature for Caribbean
last_revised_date,G,2023-11-05
date_valid,G,2023-11-05
feature_type,G,area average
creator,G,WMO
source,G,Produced by climind version 1.0
observation_station,G,derived data
location,G,90.,-180.,-90.,180.
rights,G,TBD
activity,G,WMO
comments,G,Format description https://help.ceda.ac.uk/article/105-badc-csv
history,lac_subregion_3_Berkeley_Earth,""Data set created from file ['Land_and_Ocean_LatLong1.nc'] downloaded from ['https://berkeley-earth-temperature.s3.us-west-1.amazonaws.com/Global/Gridded/Land_and_Ocean_LatLong1.nc'] at ['2023-10-31 16:14:45']""
history,lac_subregion_3_Berkeley_Earth,""Rebaselined to 1991-2020""
history,lac_subregion_3_Berkeley_Earth,""Calculated area-average""
history,lac_subregion_3_Berkeley_Earth,""Calculated annual average from monthly averages using arithmetic mean""
history,lac_subregion_3_Berkeley_Earth,""Selected years within the range 1900 to 2023.""
history,lac_subregion_3_Berkeley_Earth,""Wrote to file lac_subregion_3_Berkeley Earth.csv""
history,lac_subregion_3_Berkeley_Earth,"Data set created from file ['lac_subregion_3_Berkeley Earth.csv'] downloaded from [''] at ['2023-11-01 16:36:10']"
reference,lac_subregion_3_Berkeley_Earth,"Rohde, R. A. and Hausfather, Z.: The Berkeley Earth Land/Ocean Temperature Record, Earth Syst. Sci. Data, 12, 3469-3479, https://doi.org/10.5194/essd-12-3469-2020, 2020"
comments,lac_subregion_3_Berkeley_Earth,"Original data acknowledgement: "
history,lac_subregion_3_ERA5,""Gridded dataset created from file ['era5_2m_tas_2023.nc'] downloaded from ['']""
history,lac_subregion_3_ERA5,""Regridded to 1 degree latitude-longitude resolution""
history,lac_subregion_3_ERA5,""Rebaselined to 1991-2020""
history,lac_subregion_3_ERA5,""Calculated area-average""
history,lac_subregion_3_ERA5,""Calculated annual average from monthly averages using arithmetic mean""
history,lac_subregion_3_ERA5,""Selected years within the range 1900 to 2023.""
history,lac_subregion_3_ERA5,""Wrote to file lac_subregion_3_ERA5.csv""
history,lac_subregion_3_ERA5,"Data set created from file ['lac_subregion_3_ERA5.csv'] downloaded from [''] at ['2023-11-01 16:36:42']"
reference,lac_subregion_3_ERA5,"Hersbach H, Bell B, Berrisford P et al. 2020. The ERA5 global reanalysis. Q. J. R. Meteorol. Soc. 146: 1999-2049. https://doi.org/10.1002/qj.3803"
comments,lac_subregion_3_ERA5,"Original data acknowledgement: Contains using Copernicus Climate Change Service information [2023]. Neither the European Commission nor ECMWF is responsible for any use that may be made of the Copernicus information or data it contains."
history,lac_subregion_3_GISTEMP,""Data set created from file ['gistemp1200_GHCNv4_ERSSTv5.nc.gz'] downloaded from ['https://data.giss.nasa.gov/pub/gistemp/gistemp1200_GHCNv4_ERSSTv5.nc.gz'] at ['2023-10-13 17:19:30']""
history,lac_subregion_3_GISTEMP,""Regridded to 1 degree latitude-longitude resolution""
history,lac_subregion_3_GISTEMP,""Rebaselined to 1991-2020""
history,lac_subregion_3_GISTEMP,""Calculated area-average""
history,lac_subregion_3_GISTEMP,""Calculated annual average from monthly averages using arithmetic mean""
history,lac_subregion_3_GISTEMP,""Selected years within the range 1900 to 2023.""
history,lac_subregion_3_GISTEMP,""Wrote to file lac_subregion_3_GISTEMP.csv""
history,lac_subregion_3_GISTEMP,"Data set created from file ['lac_subregion_3_GISTEMP.csv'] downloaded from [''] at ['2023-11-01 16:37:16']"
reference,lac_subregion_3_GISTEMP,"Lenssen, N., G. Schmidt, J. Hansen, M. Menne, A. Persin, R. Ruedy, and D. Zyss, 2019: Improvements in the GISTEMP uncertainty model. J. Geophys. Res. Atmos., 124, no. 12, 6307-6326, doi:10.1029/2018JD029522"
comments,lac_subregion_3_GISTEMP,"Original data acknowledgement: "
history,lac_subregion_3_HadCRUT5,""Data set created from file ['HadCRUT.5.0.1.0.analysis.anomalies.ensemble_mean.nc'] downloaded from ['https://www.metoffice.gov.uk/hadobs/hadcrut5/data/current/analysis/HadCRUT.5.0.1.0.analysis.anomalies.ensemble_mean.nc'] at ['2023-10-31 16:06:13']""
history,lac_subregion_3_HadCRUT5,""Regridded to 1 degree latitude-longitude resolution""
history,lac_subregion_3_HadCRUT5,""Rebaselined to 1991-2020""
history,lac_subregion_3_HadCRUT5,""Calculated area-average""
history,lac_subregion_3_HadCRUT5,""Calculated annual average from monthly averages using arithmetic mean""
history,lac_subregion_3_HadCRUT5,""Selected years within the range 1900 to 2023.""
history,lac_subregion_3_HadCRUT5,""Wrote to file lac_subregion_3_HadCRUT5.csv""
history,lac_subregion_3_HadCRUT5,"Data set created from file ['lac_subregion_3_HadCRUT5.csv'] downloaded from [''] at ['2023-11-01 16:38:17']"
reference,lac_subregion_3_HadCRUT5,"Morice, C. P., Kennedy, J. J., Rayner, N. A., Winn, J. P., Hogan, E., Killick, R. E., et al. (2021). An updated assessment of near-surface temperature change from 1850: the HadCRUT5 data set. Journal of Geophysical Research: Atmospheres, 126, e2019JD032361. https://doi.org/10.1029/2019JD032361"
comments,lac_subregion_3_HadCRUT5,"Original data acknowledgement: HadCRUT.5.0.1.0 data were obtained from http://www.metoffice.gov.uk/hadobs/hadcrut5 on 2023-10-31 16:06:13 and are © British Crown Copyright, Met Office 2023, provided under an Open Government License, http://www.nationalarchives.gov.uk/doc/open-government-licence/version/3/"
history,lac_subregion_3_JRA-55,""Data set created from file ['anl_surf125.011_tmp.202301_202312', 'anl_surf125.2023MMMM'] downloaded from ['', ''] at ['2023-10-06 11:01:38']""
history,lac_subregion_3_JRA-55,""Regridded to 1 degree latitude-longitude resolution""
history,lac_subregion_3_JRA-55,""Rebaselined to 1991-2020""
history,lac_subregion_3_JRA-55,""Calculated area-average""
history,lac_subregion_3_JRA-55,""Calculated annual average from monthly averages using arithmetic mean""
history,lac_subregion_3_JRA-55,""Selected years within the range 1900 to 2023.""
history,lac_subregion_3_JRA-55,""Wrote to file lac_subregion_3_JRA-55.csv""
history,lac_subregion_3_JRA-55,"Data set created from file ['lac_subregion_3_JRA-55.csv'] downloaded from [''] at ['2023-11-01 16:38:54']"
reference,lac_subregion_3_JRA-55,"Kobayashi, S., Ota, Y., Harada, Y., Ebita, A., Moriya, M., Onoda, H., Onogi, K., Kamahori, H., Kobayashi, C., Endo, H. and Miyaoka, K., (2015). The JRA-55 reanalysis: General specifications and basic characteristics. Journal of the Meteorological Society of Japan. Ser. II, 93(1), pp.5-48."
comments,lac_subregion_3_JRA-55,"Original data acknowledgement: "
history,lac_subregion_3_Kadow,""Data set created from file ['HadCRUT.5.0.1.0.anomalies.Kadow_et_al_2020_20crAI-infilled.ensemble_mean_185001-*.nc'] downloaded from [''] at ['2023-11-02 09:03:42']""
history,lac_subregion_3_Kadow,""Regridded to 1 degree latitude-longitude resolution""
history,lac_subregion_3_Kadow,""Rebaselined to 1991-2020""
history,lac_subregion_3_Kadow,""Calculated area-average""
history,lac_subregion_3_Kadow,""Calculated annual average from monthly averages using arithmetic mean""
history,lac_subregion_3_Kadow,""Selected years within the range 1900 to 2023.""
history,lac_subregion_3_Kadow,""Wrote to file lac_subregion_3_Kadow.csv""
history,lac_subregion_3_Kadow,"Data set created from file ['lac_subregion_3_Kadow.csv'] downloaded from [''] at ['2023-11-02 09:21:18']"
reference,lac_subregion_3_Kadow,"Kadow, C., Hall, D.M. & Ulbrich, U. Artificial intelligence reconstructs missing climate information. Nat. Geosci. (2020). https://doi.org/10.1038/s41561-020-0582-5"
comments,lac_subregion_3_Kadow,"Original data acknowledgement: "
history,lac_subregion_3_NOAA_Interim,""Data set created from file ['NOAAGlobalTemp_v*.nc'] downloaded from ['https://www.ncei.noaa.gov/data/noaa-global-surface-temperature/v5.1/access/gridded/NOAAGlobalTemp_v.*.nc'] at ['2023-10-14 08:45:48']""
history,lac_subregion_3_NOAA_Interim,""Data set created from file ['NOAAGlobalTemp_v*.nc'] downloaded from ['https://www.ncei.noaa.gov/data/noaa-global-surface-temperature/v5.1/access/gridded/NOAAGlobalTemp_v.*.nc'] at ['2023-10-14 08:45:48']""
history,lac_subregion_3_NOAA_Interim,""Regridded to 1 degree latitude-longitude resolution""
history,lac_subregion_3_NOAA_Interim,""Rebaselined to 1991-2020""
history,lac_subregion_3_NOAA_Interim,""Calculated area-average""
history,lac_subregion_3_NOAA_Interim,""Calculated annual average from monthly averages using arithmetic mean""
history,lac_subregion_3_NOAA_Interim,""Selected years within the range 1900 to 2023.""
history,lac_subregion_3_NOAA_Interim,""Wrote to file lac_subregion_3_NOAA Interim.csv""
history,lac_subregion_3_NOAA_Interim,"Data set created from file ['lac_subregion_3_NOAA Interim.csv'] downloaded from [''] at ['2023-11-01 16:40:39']"
reference,lac_subregion_3_NOAA_Interim,"Vose, R.S., B. Huang, X. Yin., D. Arndt, D.R. Easterling, J.H. Lawrimore, M.J. Menne, A. Sanchez-Lugo, H.-M. Zhang, 2021: Implementing full spatial coverage in NOAA’s global temperature analysis. Geophysical Research Letters, 48, e2020GL090873. https://doi.org/10.1029/2020GL090873"
comments,lac_subregion_3_NOAA_Interim,"Original data acknowledgement: "
long_name,time,time,days since 1800-01-01 00:00:00.0
type,time,int
long_name,year,year,1
type,year,int
long_name,lac_subregion_3_Berkeley_Earth,lac_subregion_3,degC
type,lac_subregion_3_Berkeley_Earth,float
long_name,lac_subregion_3_ERA5,lac_subregion_3,degC
type,lac_subregion_3_ERA5,float
long_name,lac_subregion_3_GISTEMP,lac_subregion_3,degC
type,lac_subregion_3_GISTEMP,float
long_name,lac_subregion_3_HadCRUT5,lac_subregion_3,degC
type,lac_subregion_3_HadCRUT5,float
long_name,lac_subregion_3_JRA-55,lac_subregion_3,degC
type,lac_subregion_3_JRA-55,float
long_name,lac_subregion_3_Kadow,lac_subregion_3,degC
type,lac_subregion_3_Kadow,float
long_name,lac_subregion_3_NOAA_Interim,lac_subregion_3,degC
type,lac_subregion_3_NOAA_Interim,float
coordinate_variable,time,t
data
time,year,lac_subregion_3_Berkeley_Earth,lac_subregion_3_ERA5,lac_subregion_3_GISTEMP,lac_subregion_3_HadCRUT5,lac_subregion_3_JRA-55,lac_subregion_3_Kadow,lac_subregion_3_NOAA_Interim
36524,1900,-0.5747,,-0.6439,-0.7281,,-0.4729,-0.4260
36889,1901,-1.0291,,-0.8436,-0.8532,,-0.5000,-0.6488
37254,1902,-0.8715,,-0.8238,-0.8514,,-0.6346,-0.7625
37619,1903,-0.8766,,-0.6533,-0.8426,,-0.7181,-0.5351
37984,1904,-1.3038,,-1.1130,-1.1521,,-1.1832,-1.1894
38350,1905,-0.9771,,-0.8117,-0.9112,,-0.8299,-1.0425
38715,1906,-1.0777,,-0.8856,-0.8496,,-0.7664,-0.9827
39080,1907,-1.2222,,-0.9678,-1.1758,,-1.2044,-1.1568
39445,1908,-1.1715,,-0.9062,-1.2733,,-1.2113,-1.1161
39811,1909,-1.2084,,-1.0148,-1.2499,,-0.9221,-1.3277
40176,1910,-1.3746,,-1.2503,-1.3110,,-1.3297,-1.5386
40541,1911,-1.1069,,-0.8647,-0.9047,,-0.9572,-1.4129
40906,1912,-0.9465,,-0.9275,-0.7045,,-0.8675,-0.9759
41272,1913,-1.3532,,-1.1483,-1.2349,,-1.1488,-1.0526
41637,1914,-0.9965,,-0.8466,-0.8462,,-0.9196,-0.8372
42002,1915,-0.6710,,-0.6510,-0.2228,,-0.1669,-0.3975
42367,1916,-1.2171,,-1.1093,-0.6761,,-0.6983,-1.0983
42733,1917,-1.6112,,-1.4384,-1.0550,,-1.0389,-1.3949
43098,1918,-1.3386,,-1.1503,-0.9443,,-0.9326,-0.9531
43463,1919,-0.9685,,-0.7440,-0.6821,,-0.6348,-0.8972
43828,1920,-1.1822,,-1.0665,-0.7976,,-0.8803,-0.9382
44194,1921,-1.1422,,-1.0309,-0.9035,,-0.9252,-1.1548
44559,1922,-1.1245,,-1.0546,-0.9889,,-1.0418,-1.2263
44924,1923,-1.2175,,-1.0914,-1.0244,,-1.0833,-1.0947
45289,1924,-1.1365,,-0.9738,-0.8468,,-0.9040,-1.0472
45655,1925,-1.0646,,-1.0343,-0.8769,,-0.9668,-0.9293
46020,1926,-0.6367,,-0.5850,-0.4586,,-0.5917,-0.4071
46385,1927,-0.9514,,-0.6884,-0.8303,,-0.9312,-0.8991
46750,1928,-0.9381,,-0.8122,-0.8269,,-0.9060,-0.7882
47116,1929,-0.9995,,-0.8209,-0.8205,,-0.9531,-0.8621
47481,1930,-0.9440,,-0.6766,-0.6052,,-0.6219,-0.7951
47846,1931,-0.6334,,-0.4719,-0.1970,,-0.3726,-0.6739
48211,1932,-0.7547,,-0.6100,-0.3238,,-0.3297,-0.6208
48577,1933,-1.0872,,-0.7447,-0.6532,,-0.7899,-0.7421
48942,1934,-1.0938,,-0.8895,-0.6602,,-0.7825,-0.6214
49307,1935,-1.1005,,-0.9163,-0.7208,,-0.7837,-0.7642
49672,1936,-0.9020,,-0.6853,-0.4904,,-0.5403,-0.4933
50038,1937,-0.8252,,-0.5516,-0.4490,,-0.5148,-0.4727
50403,1938,-1.1581,,-0.8521,-0.7445,,-0.7945,-0.8572
50768,1939,-1.0016,,-0.8932,-0.6718,,-0.7059,-0.6718
51133,1940,-0.5180,,-0.5610,-0.1963,,-0.2507,-0.2142
51499,1941,-0.3007,,-0.3518,0.1670,,0.1924,-0.1500
51864,1942,-0.5030,,-0.5642,-0.1578,,-0.2921,-0.4795
52229,1943,-0.9319,,-0.9632,-0.5471,,-0.5725,-0.7562
52594,1944,-0.7981,,-0.8361,-0.4346,,-0.4743,-0.5426
52960,1945,-0.9175,,-0.8194,-0.5290,,-0.5072,-0.6370
53325,1946,-0.8933,,-0.7927,-0.5452,,-0.5864,-0.6552
53690,1947,-0.7336,,-0.6865,-0.2859,,-0.2625,-0.4506
54055,1948,-0.6408,,-0.5985,-0.2874,,-0.3142,-0.7452
54421,1949,-0.8989,,-0.7610,-0.6308,,-0.6526,-0.8757
54786,1950,-1.2524,,-1.1328,-0.9088,,-0.9367,-1.1325
55151,1951,-0.6597,,-0.7930,-0.5365,,-0.5097,-0.7111
55516,1952,-0.4866,,-0.6206,-0.3479,,-0.3367,-0.5203
55882,1953,-0.5123,,-0.6016,-0.4294,,-0.4300,-0.4897
56247,1954,-0.8881,,-0.9005,-0.7731,,-0.7766,-0.8437
56612,1955,-0.9679,,-0.9932,-0.8261,,-0.8286,-0.8685
56977,1956,-1.0500,,-1.0918,-0.9496,,-0.9435,-0.9750
57343,1957,-0.5637,,-0.6657,-0.5067,,-0.4802,-0.5485
57708,1958,-0.1794,,-0.3131,-0.0038,0.2208,0.0136,-0.1436
58073,1959,-0.5278,,-0.5791,-0.4082,-0.0098,-0.3641,-0.4756
58438,1960,-0.5895,,-0.6983,-0.4665,-0.1293,-0.4677,-0.4641
58804,1961,-0.5914,,-0.7217,-0.4874,-0.1995,-0.4376,-0.5301
59169,1962,-0.6377,,-0.8140,-0.5349,-0.3283,-0.4977,-0.6132
59534,1963,-0.5907,,-0.7619,-0.4848,-0.1215,-0.4535,-0.5194
59899,1964,-0.5679,,-0.7833,-0.5683,-0.2261,-0.5457,-0.6417
60265,1965,-0.6158,,-0.8327,-0.6034,-0.2678,-0.5830,-0.6872
60630,1966,-0.5055,,-0.7531,-0.4854,-0.2323,-0.4376,-0.4985
60995,1967,-0.8111,,-0.9723,-0.7859,-0.5354,-0.7406,-0.7850
61360,1968,-0.8274,,-0.9754,-0.7960,-0.5843,-0.7779,-0.7228
61726,1969,-0.2709,,-0.3867,-0.2018,-0.0306,-0.2074,-0.1764
62091,1970,-0.6340,,-0.7193,-0.6012,-0.2974,-0.6162,-0.5721
62456,1971,-1.0412,,-1.1025,-0.9541,-0.5849,-0.9473,-0.9549
62821,1972,-0.5464,,-0.6880,-0.5209,-0.2657,-0.5107,-0.6673
63187,1973,-0.4369,,-0.5398,-0.3853,-0.1686,-0.3609,-0.4536
63552,1974,-0.8850,,-0.9995,-0.8353,-0.5921,-0.8165,-0.8833
63917,1975,-0.8318,,-0.9659,-0.8017,-0.6865,-0.7956,-0.9239
64282,1976,-0.8540,,-0.9991,-0.8259,-0.6652,-0.8063,-0.9420
64648,1977,-0.3878,,-0.5286,-0.3816,-0.2315,-0.3406,-0.4281
65013,1978,-0.4018,,-0.5854,-0.3600,-0.2872,-0.3238,-0.4748
65378,1979,-0.3307,-0.4610,-0.5033,-0.2951,-0.1846,-0.2682,-0.4817
65743,1980,-0.2978,-0.3554,-0.2914,-0.2197,-0.1191,-0.2066,-0.2835
66109,1981,-0.4889,-0.5733,-0.5175,-0.3696,-0.2825,-0.3599,-0.4561
66474,1982,-0.3790,-0.5581,-0.4709,-0.3852,-0.1646,-0.3736,-0.5277
66839,1983,-0.1307,-0.2670,-0.1575,-0.0940,-0.0263,-0.1062,-0.1321
67204,1984,-0.6588,-0.8165,-0.7930,-0.6095,-0.6154,-0.6061,-0.7014
67570,1985,-0.8046,-0.8654,-0.8014,-0.7146,-0.5682,-0.7257,-0.7956
67935,1986,-0.6608,-0.7109,-0.6461,-0.5489,-0.5696,-0.5661,-0.6279
68300,1987,-0.0910,-0.0805,-0.1173,0.0885,-0.0171,0.0823,-0.1303
68665,1988,-0.4638,-0.3809,-0.4796,-0.3157,-0.3062,-0.3113,-0.4316
69031,1989,-0.7220,-0.7277,-0.6905,-0.7095,-0.5943,-0.7426,-0.6899
69396,1990,-0.3219,-0.3739,-0.3190,-0.3237,-0.1771,-0.3400,-0.4072
69761,1991,-0.3375,-0.4095,-0.2710,-0.2581,-0.3124,-0.2354,-0.3587
70126,1992,-0.3034,-0.4444,-0.3009,-0.2736,-0.3486,-0.2757,-0.3363
70492,1993,-0.3917,-0.4491,-0.3550,-0.3091,-0.3573,-0.3216,-0.3727
70857,1994,-0.3523,-0.3723,-0.3943,-0.3966,-0.3357,-0.3833,-0.4722
71222,1995,-0.0651,-0.2261,-0.1563,-0.0633,-0.0863,-0.0504,-0.1378
71587,1996,-0.3931,-0.5937,-0.4895,-0.3696,-0.3016,-0.3873,-0.4368
71953,1997,0.0166,-0.1618,-0.0994,-0.0334,0.0255,-0.0532,-0.1548
72318,1998,0.3108,0.2027,0.2808,0.2845,0.4017,0.2442,0.2017
72683,1999,-0.3848,-0.6759,-0.4568,-0.3581,-0.3844,-0.3490,-0.3945
73048,2000,-0.4457,-0.6414,-0.5363,-0.3910,-0.4535,-0.4030,-0.4817
73414,2001,-0.1239,-0.3523,-0.1925,-0.1366,-0.1868,-0.1732,-0.2107
73779,2002,0.0615,-0.0909,-0.0356,-0.0609,0.0425,-0.0807,-0.0819
74144,2003,0.1725,-0.0041,0.0470,0.2051,0.1496,0.2392,0.0785
74509,2004,-0.0089,-0.0845,-0.1231,-0.0597,-0.0036,-0.0582,-0.0917
74875,2005,0.0955,0.1727,0.0577,0.0886,0.1217,0.0833,0.0905
75240,2006,-0.0269,0.0431,-0.0379,0.0078,0.0135,0.0103,0.0226
75605,2007,-0.0180,0.0791,0.0038,-0.0261,-0.0908,-0.0356,-0.0039
75970,2008,-0.2286,-0.1772,-0.2152,-0.2442,-0.1842,-0.2260,-0.1600
76336,2009,0.1440,0.2316,0.0994,0.0366,0.0922,-0.0019,0.0780
76701,2010,0.1580,0.2576,0.1869,0.1936,0.1666,0.1709,0.2941
77066,2011,-0.0923,-0.0102,-0.1154,-0.1498,-0.1041,-0.1771,-0.0875
77431,2012,-0.0804,0.0602,-0.0029,-0.0626,-0.0008,-0.0993,0.0118
77797,2013,0.0449,0.2920,0.0949,0.0569,0.1030,0.0794,0.1295
78162,2014,0.1125,0.3744,0.1730,0.1468,0.1315,0.1502,0.3060
78527,2015,0.4478,0.7527,0.5834,0.5460,0.4476,0.5390,0.5204
78892,2016,0.3529,0.6508,0.5243,0.5640,0.4508,0.5698,0.5562
79258,2017,0.1624,0.2723,0.2886,0.1763,0.1289,0.1035,0.2127
79623,2018,0.0954,0.1844,0.2240,0.0458,-0.0469,0.0242,0.2191
79988,2019,0.4722,0.5231,0.5846,0.3620,0.4078,0.5700,0.4439
80353,2020,0.6057,0.5969,0.6337,0.4786,0.5145,0.5268,0.6161
80719,2021,0.1347,0.0036,0.2326,0.0551,-0.0088,0.3151,0.3074
81084,2022,0.0143,-0.0233,0.0724,-0.0117,-0.1309,-0.0664,0.1322
81449,2023,0.5451,0.6044,0.6478,0.5104,0.4637,0.4082,0.5704
end data
