Conventions,G,BADC-CSV,1
title,G,Regional mean temperature for Caribbean
last_revised_date,G,2024-01-25
date_valid,G,2024-01-25
feature_type,G,area average
creator,G,WMO
source,G,Produced by climind version 1.0
observation_station,G,derived data
location,G,90.,-180.,-90.,180.
rights,G,TBD
activity,G,WMO
comments,G,Format description https://help.ceda.ac.uk/article/105-badc-csv
history,lac_subregion_3_Berkeley_Earth,""Data set created from file ['Land_and_Ocean_LatLong1.nc'] downloaded from ['https://berkeley-earth-temperature.s3.us-west-1.amazonaws.com/Global/Gridded/Land_and_Ocean_LatLong1.nc'] at ['2024-01-17 10:19:03']""
history,lac_subregion_3_Berkeley_Earth,""Rebaselined to 1991-2020""
history,lac_subregion_3_Berkeley_Earth,""Calculated area-average""
history,lac_subregion_3_Berkeley_Earth,""Calculated annual average from monthly averages using arithmetic mean""
history,lac_subregion_3_Berkeley_Earth,""Selected years within the range 1900 to 2023.""
history,lac_subregion_3_Berkeley_Earth,""Wrote to file lac_subregion_3_Berkeley Earth.csv""
history,lac_subregion_3_Berkeley_Earth,"Data set created from file ['lac_subregion_3_Berkeley Earth.csv'] downloaded from [''] at ['2024-01-17 11:06:09']"
reference,lac_subregion_3_Berkeley_Earth,"Rohde, R. A. and Hausfather, Z.: The Berkeley Earth Land/Ocean Temperature Record, Earth Syst. Sci. Data, 12, 3469-3479, https://doi.org/10.5194/essd-12-3469-2020, 2020"
comments,lac_subregion_3_Berkeley_Earth,"Original data acknowledgement: "
history,lac_subregion_3_ERA5,""Gridded dataset created from file ['era5_2m_tas_2024.nc'] downloaded from ['']""
history,lac_subregion_3_ERA5,""Regridded to 1 degree latitude-longitude resolution""
history,lac_subregion_3_ERA5,""Rebaselined to 1991-2020""
history,lac_subregion_3_ERA5,""Calculated area-average""
history,lac_subregion_3_ERA5,""Calculated annual average from monthly averages using arithmetic mean""
history,lac_subregion_3_ERA5,""Selected years within the range 1900 to 2023.""
history,lac_subregion_3_ERA5,""Wrote to file lac_subregion_3_ERA5.csv""
history,lac_subregion_3_ERA5,"Data set created from file ['lac_subregion_3_ERA5.csv'] downloaded from [''] at ['2024-01-17 11:06:41']"
reference,lac_subregion_3_ERA5,"Hersbach H, Bell B, Berrisford P et al. 2020. The ERA5 global reanalysis. Q. J. R. Meteorol. Soc. 146: 1999-2049. https://doi.org/10.1002/qj.3803"
comments,lac_subregion_3_ERA5,"Original data acknowledgement: Contains using Copernicus Climate Change Service information [2024]. Neither the European Commission nor ECMWF is responsible for any use that may be made of the Copernicus information or data it contains."
history,lac_subregion_3_GISTEMP,""Data set created from file ['gistemp1200_GHCNv4_ERSSTv5.nc.gz'] downloaded from ['https://data.giss.nasa.gov/pub/gistemp/gistemp1200_GHCNv4_ERSSTv5.nc.gz'] at ['2024-01-15 11:20:46']""
history,lac_subregion_3_GISTEMP,""Regridded to 1 degree latitude-longitude resolution""
history,lac_subregion_3_GISTEMP,""Rebaselined to 1991-2020""
history,lac_subregion_3_GISTEMP,""Calculated area-average""
history,lac_subregion_3_GISTEMP,""Calculated annual average from monthly averages using arithmetic mean""
history,lac_subregion_3_GISTEMP,""Selected years within the range 1900 to 2023.""
history,lac_subregion_3_GISTEMP,""Wrote to file lac_subregion_3_GISTEMP.csv""
history,lac_subregion_3_GISTEMP,"Data set created from file ['lac_subregion_3_GISTEMP.csv'] downloaded from [''] at ['2024-01-17 11:07:14']"
reference,lac_subregion_3_GISTEMP,"Lenssen, N., G. Schmidt, J. Hansen, M. Menne, A. Persin, R. Ruedy, and D. Zyss, 2019: Improvements in the GISTEMP uncertainty model. J. Geophys. Res. Atmos., 124, no. 12, 6307-6326, doi:10.1029/2018JD029522"
comments,lac_subregion_3_GISTEMP,"Original data acknowledgement: "
history,lac_subregion_3_HadCRUT5,""Data set created from file ['HadCRUT.5.0.2.0.analysis.anomalies.ensemble_mean.nc'] downloaded from ['https://www.metoffice.gov.uk/hadobs/hadcrut5/data/HadCRUT.5.0.2.0/analysis/HadCRUT.5.0.2.0.analysis.anomalies.ensemble_mean.nc'] at ['2024-01-15 11:56:27']""
history,lac_subregion_3_HadCRUT5,""Regridded to 1 degree latitude-longitude resolution""
history,lac_subregion_3_HadCRUT5,""Rebaselined to 1991-2020""
history,lac_subregion_3_HadCRUT5,""Calculated area-average""
history,lac_subregion_3_HadCRUT5,""Calculated annual average from monthly averages using arithmetic mean""
history,lac_subregion_3_HadCRUT5,""Selected years within the range 1900 to 2023.""
history,lac_subregion_3_HadCRUT5,""Wrote to file lac_subregion_3_HadCRUT5.csv""
history,lac_subregion_3_HadCRUT5,"Data set created from file ['lac_subregion_3_HadCRUT5.csv'] downloaded from [''] at ['2024-01-17 11:08:13']"
reference,lac_subregion_3_HadCRUT5,"Morice, C. P., Kennedy, J. J., Rayner, N. A., Winn, J. P., Hogan, E., Killick, R. E., et al. (2021). An updated assessment of near-surface temperature change from 1850: the HadCRUT5 data set. Journal of Geophysical Research: Atmospheres, 126, e2019JD032361. https://doi.org/10.1029/2019JD032361"
comments,lac_subregion_3_HadCRUT5,"Original data acknowledgement: HadCRUT.5.0.2.0 data were obtained from http://www.metoffice.gov.uk/hadobs/hadcrut5 on 2024-01-15 11:56:27 and are © British Crown Copyright, Met Office 2024, provided under an Open Government License, http://www.nationalarchives.gov.uk/doc/open-government-licence/version/3/"
history,lac_subregion_3_JRA-55,""Data set created from file ['anl_surf125.011_tmp.202401_202412', 'anl_surf125.2024MMMM'] downloaded from ['', ''] at ['2024-01-15 11:20:51']""
history,lac_subregion_3_JRA-55,""Regridded to 1 degree latitude-longitude resolution""
history,lac_subregion_3_JRA-55,""Rebaselined to 1991-2020""
history,lac_subregion_3_JRA-55,""Calculated area-average""
history,lac_subregion_3_JRA-55,""Calculated annual average from monthly averages using arithmetic mean""
history,lac_subregion_3_JRA-55,""Selected years within the range 1900 to 2023.""
history,lac_subregion_3_JRA-55,""Wrote to file lac_subregion_3_JRA-55.csv""
history,lac_subregion_3_JRA-55,"Data set created from file ['lac_subregion_3_JRA-55.csv'] downloaded from [''] at ['2024-01-17 11:08:50']"
reference,lac_subregion_3_JRA-55,"Kobayashi, S., Ota, Y., Harada, Y., Ebita, A., Moriya, M., Onoda, H., Onogi, K., Kamahori, H., Kobayashi, C., Endo, H. and Miyaoka, K., (2015). The JRA-55 reanalysis: General specifications and basic characteristics. Journal of the Meteorological Society of Japan. Ser. II, 93(1), pp.5-48."
comments,lac_subregion_3_JRA-55,"Original data acknowledgement: "
history,lac_subregion_3_Kadow,""Data set created from file ['HadCRUT5.anomalies.Kadow_et_al_2020_20crAI-infilled.ensemble_mean_185001-*.nc'] downloaded from [''] at ['2024-01-17 10:11:02']""
history,lac_subregion_3_Kadow,""Regridded to 1 degree latitude-longitude resolution""
history,lac_subregion_3_Kadow,""Rebaselined to 1991-2020""
history,lac_subregion_3_Kadow,""Calculated area-average""
history,lac_subregion_3_Kadow,""Calculated annual average from monthly averages using arithmetic mean""
history,lac_subregion_3_Kadow,""Selected years within the range 1900 to 2023.""
history,lac_subregion_3_Kadow,""Wrote to file lac_subregion_3_Kadow.csv""
history,lac_subregion_3_Kadow,"Data set created from file ['lac_subregion_3_Kadow.csv'] downloaded from [''] at ['2024-01-17 11:09:31']"
reference,lac_subregion_3_Kadow,"Kadow, C., Hall, D.M. & Ulbrich, U. Artificial intelligence reconstructs missing climate information. Nat. Geosci. (2020). https://doi.org/10.1038/s41561-020-0582-5"
comments,lac_subregion_3_Kadow,"Original data acknowledgement: "
history,lac_subregion_3_NOAA_Interim,""Data set created from file ['NOAAGlobalTemp_v*.nc'] downloaded from ['https://www.ncei.noaa.gov/data/noaa-global-surface-temperature/v5.1/access/gridded/NOAAGlobalTemp_v.*.nc'] at ['2024-01-17 10:19:08']""
history,lac_subregion_3_NOAA_Interim,""Data set created from file ['NOAAGlobalTemp_v*.nc'] downloaded from ['https://www.ncei.noaa.gov/data/noaa-global-surface-temperature/v5.1/access/gridded/NOAAGlobalTemp_v.*.nc'] at ['2024-01-17 10:19:08']""
history,lac_subregion_3_NOAA_Interim,""Regridded to 1 degree latitude-longitude resolution""
history,lac_subregion_3_NOAA_Interim,""Rebaselined to 1991-2020""
history,lac_subregion_3_NOAA_Interim,""Calculated area-average""
history,lac_subregion_3_NOAA_Interim,""Calculated annual average from monthly averages using arithmetic mean""
history,lac_subregion_3_NOAA_Interim,""Selected years within the range 1900 to 2023.""
history,lac_subregion_3_NOAA_Interim,""Wrote to file lac_subregion_3_NOAA Interim.csv""
history,lac_subregion_3_NOAA_Interim,"Data set created from file ['lac_subregion_3_NOAA Interim.csv'] downloaded from [''] at ['2024-01-17 11:10:32']"
reference,lac_subregion_3_NOAA_Interim,"Vose, R.S., B. Huang, X. Yin., D. Arndt, D.R. Easterling, J.H. Lawrimore, M.J. Menne, A. Sanchez-Lugo, H.-M. Zhang, 2021: Implementing full spatial coverage in NOAA’s global temperature analysis. Geophysical Research Letters, 48, e2020GL090873. https://doi.org/10.1029/2020GL090873"
comments,lac_subregion_3_NOAA_Interim,"Original data acknowledgement: "
long_name,time,time,days since 1800-01-01 00:00:00.0
type,time,int
long_name,year,year,1
type,year,int
long_name,lac_subregion_3_Berkeley_Earth,lac_subregion_3,degC
type,lac_subregion_3_Berkeley_Earth,float
long_name,lac_subregion_3_ERA5,lac_subregion_3,degC
type,lac_subregion_3_ERA5,float
long_name,lac_subregion_3_GISTEMP,lac_subregion_3,degC
type,lac_subregion_3_GISTEMP,float
long_name,lac_subregion_3_HadCRUT5,lac_subregion_3,degC
type,lac_subregion_3_HadCRUT5,float
long_name,lac_subregion_3_JRA-55,lac_subregion_3,degC
type,lac_subregion_3_JRA-55,float
long_name,lac_subregion_3_Kadow,lac_subregion_3,degC
type,lac_subregion_3_Kadow,float
long_name,lac_subregion_3_NOAA_Interim,lac_subregion_3,degC
type,lac_subregion_3_NOAA_Interim,float
coordinate_variable,time,t
data
time,year,lac_subregion_3_Berkeley_Earth,lac_subregion_3_ERA5,lac_subregion_3_GISTEMP,lac_subregion_3_HadCRUT5,lac_subregion_3_JRA-55,lac_subregion_3_Kadow,lac_subregion_3_NOAA_Interim
36524,1900,-0.6430,,-0.2532,-0.7281,,-0.4729,-0.5518
36889,1901,-0.9728,,-0.8253,-0.8532,,-0.5000,-0.6418
37254,1902,-0.9207,,-0.6600,-0.8514,,-0.6346,-0.7313
37619,1903,-0.9240,,-0.7085,-0.8426,,-0.7181,-0.6115
37984,1904,-1.3659,,-1.1402,-1.1521,,-1.1832,-1.2388
38350,1905,-0.9914,,-0.8511,-0.9112,,-0.8299,-1.0320
38715,1906,-1.0783,,-0.9277,-0.8496,,-0.7664,-0.9793
39080,1907,-1.2531,,-1.1992,-1.1758,,-1.2044,-1.1854
39445,1908,-1.2463,,-0.9612,-1.2733,,-1.2113,-1.1272
39811,1909,-1.3153,,-1.0380,-1.2499,,-0.9221,-1.3539
40176,1910,-1.4274,,-1.1335,-1.3110,,-1.3297,-1.5549
40541,1911,-1.1009,,-1.0975,-0.9047,,-0.9572,-1.4123
40906,1912,-0.8724,,-1.1237,-0.7045,,-0.8675,-0.9551
41272,1913,-1.3222,,-1.3313,-1.2349,,-1.1488,-1.0450
41637,1914,-1.0266,,-1.0011,-0.8462,,-0.9196,-0.9067
42002,1915,-0.7567,,-0.6659,-0.2228,,-0.1669,-0.4501
42367,1916,-1.2619,,-1.1755,-0.6760,,-0.6983,-1.1678
42733,1917,-1.6071,,-1.6179,-1.0550,,-1.0389,-1.4740
43098,1918,-1.3426,,-1.0943,-0.9443,,-0.9326,-1.0217
43463,1919,-0.9093,,-0.8175,-0.6821,,-0.6348,-0.8779
43828,1920,-1.1693,,-1.1265,-0.7976,,-0.8803,-0.9464
44194,1921,-1.1256,,-1.2382,-0.9034,,-0.9252,-1.2203
44559,1922,-1.0942,,-1.0954,-0.9889,,-1.0418,-1.2800
44924,1923,-1.1975,,-1.1603,-1.0243,,-1.0833,-1.1354
45289,1924,-1.0920,,-1.0046,-0.8468,,-0.9040,-1.1018
45655,1925,-1.0161,,-1.0818,-0.8769,,-0.9668,-0.9938
46020,1926,-0.6314,,-0.6726,-0.4586,,-0.5917,-0.4634
46385,1927,-0.9749,,-0.7960,-0.8303,,-0.9312,-0.9613
46750,1928,-0.9571,,-0.8832,-0.8268,,-0.9060,-0.8623
47116,1929,-1.0292,,-0.9455,-0.8204,,-0.9531,-0.9278
47481,1930,-0.9457,,-0.9241,-0.6052,,-0.6219,-0.8334
47846,1931,-0.6201,,-0.5314,-0.1970,,-0.3726,-0.7066
48211,1932,-0.8174,,-0.6299,-0.3238,,-0.3297,-0.6017
48577,1933,-1.0678,,-0.8944,-0.6532,,-0.7899,-0.8038
48942,1934,-1.0756,,-0.9268,-0.6602,,-0.7825,-0.6767
49307,1935,-1.0876,,-1.0391,-0.7208,,-0.7837,-0.8275
49672,1936,-0.8998,,-0.8166,-0.4904,,-0.5403,-0.5739
50038,1937,-0.8196,,-0.6250,-0.4490,,-0.5148,-0.5531
50403,1938,-1.1365,,-0.9970,-0.7445,,-0.7945,-0.9451
50768,1939,-0.9799,,-1.0039,-0.6718,,-0.7059,-0.7862
51133,1940,-0.4864,,-0.6764,-0.1963,,-0.2507,-0.3420
51499,1941,-0.2581,,-0.4407,0.1670,,0.1924,-0.2647
51864,1942,-0.4579,,-0.6342,-0.1578,,-0.2921,-0.5585
52229,1943,-0.8932,,-1.0508,-0.5471,,-0.5725,-0.8774
52594,1944,-0.7650,,-0.9214,-0.4346,,-0.4743,-0.6695
52960,1945,-0.8936,,-0.9261,-0.5290,,-0.5072,-0.7392
53325,1946,-0.8743,,-0.8851,-0.5452,,-0.5864,-0.7495
53690,1947,-0.7129,,-0.7261,-0.2859,,-0.2625,-0.4879
54055,1948,-0.6200,,-0.6176,-0.2874,,-0.3142,-0.7316
54421,1949,-0.8826,,-0.7723,-0.6308,,-0.6526,-0.8729
54786,1950,-1.2333,,-1.1393,-0.9088,,-0.9367,-1.1572
55151,1951,-0.6721,,-0.7792,-0.5365,,-0.5097,-0.7192
55516,1952,-0.4996,,-0.6167,-0.3479,,-0.3367,-0.5424
55882,1953,-0.5129,,-0.6116,-0.4294,,-0.4300,-0.5179
56247,1954,-0.8949,,-0.9099,-0.7731,,-0.7766,-0.8530
56612,1955,-0.9790,,-0.9715,-0.8261,,-0.8286,-0.8681
56977,1956,-1.0506,,-1.0515,-0.9497,,-0.9435,-0.9649
57343,1957,-0.5583,,-0.6148,-0.5067,,-0.4802,-0.5336
57708,1958,-0.1444,,-0.2954,-0.0038,0.2208,0.0136,-0.1415
58073,1959,-0.5099,,-0.5367,-0.4082,-0.0098,-0.3641,-0.4585
58438,1960,-0.5704,,-0.6344,-0.4665,-0.1293,-0.4677,-0.4652
58804,1961,-0.5805,,-0.6697,-0.4874,-0.1995,-0.4376,-0.5131
59169,1962,-0.6215,,-0.7671,-0.5349,-0.3283,-0.4977,-0.5979
59534,1963,-0.5802,,-0.7185,-0.4848,-0.1215,-0.4535,-0.5097
59899,1964,-0.5565,,-0.7309,-0.5683,-0.2261,-0.5457,-0.6272
60265,1965,-0.6050,,-0.7721,-0.6034,-0.2678,-0.5830,-0.6677
60630,1966,-0.4854,,-0.6917,-0.4854,-0.2323,-0.4376,-0.4944
60995,1967,-0.7834,,-0.9165,-0.7859,-0.5354,-0.7406,-0.7765
61360,1968,-0.8246,,-0.9174,-0.7960,-0.5843,-0.7779,-0.7256
61726,1969,-0.2833,,-0.3290,-0.2018,-0.0306,-0.2074,-0.1731
62091,1970,-0.6347,,-0.6634,-0.6012,-0.2974,-0.6162,-0.5671
62456,1971,-1.0307,,-1.0434,-0.9541,-0.5849,-0.9473,-0.9489
62821,1972,-0.5566,,-0.6238,-0.5209,-0.2657,-0.5107,-0.6426
63187,1973,-0.4371,,-0.4879,-0.3853,-0.1686,-0.3609,-0.4226
63552,1974,-0.8775,,-0.9467,-0.8354,-0.5921,-0.8165,-0.8550
63917,1975,-0.8332,,-0.9157,-0.8017,-0.6865,-0.7956,-0.8859
64282,1976,-0.8732,,-0.9455,-0.8259,-0.6652,-0.8063,-0.8980
64648,1977,-0.4005,,-0.5024,-0.3816,-0.2315,-0.3406,-0.4050
65013,1978,-0.4109,,-0.5597,-0.3601,-0.2872,-0.3238,-0.4674
65378,1979,-0.3612,-0.4610,-0.4712,-0.2951,-0.1846,-0.2682,-0.4665
65743,1980,-0.3353,-0.3554,-0.2728,-0.2197,-0.1191,-0.2066,-0.2757
66109,1981,-0.5258,-0.5733,-0.5037,-0.3696,-0.2825,-0.3599,-0.4318
66474,1982,-0.3911,-0.5581,-0.4634,-0.3852,-0.1646,-0.3736,-0.5090
66839,1983,-0.1288,-0.2670,-0.1371,-0.0940,-0.0263,-0.1062,-0.1120
67204,1984,-0.6538,-0.8165,-0.7843,-0.6095,-0.6154,-0.6061,-0.6869
67570,1985,-0.7871,-0.8654,-0.8070,-0.7146,-0.5682,-0.7257,-0.7762
67935,1986,-0.6367,-0.7109,-0.6535,-0.5489,-0.5696,-0.5661,-0.6170
68300,1987,-0.0719,-0.0805,-0.1131,0.0885,-0.0171,0.0823,-0.1186
68665,1988,-0.4588,-0.3809,-0.4951,-0.3157,-0.3062,-0.3113,-0.4257
69031,1989,-0.7224,-0.7277,-0.7055,-0.7095,-0.5943,-0.7426,-0.6821
69396,1990,-0.2920,-0.3739,-0.3384,-0.3237,-0.1771,-0.3400,-0.3720
69761,1991,-0.3181,-0.4095,-0.2881,-0.2581,-0.3124,-0.2354,-0.3486
70126,1992,-0.3341,-0.4444,-0.3081,-0.2736,-0.3486,-0.2757,-0.3203
70492,1993,-0.4342,-0.4491,-0.3666,-0.3091,-0.3573,-0.3216,-0.3492
70857,1994,-0.3665,-0.3723,-0.3974,-0.3966,-0.3357,-0.3833,-0.4564
71222,1995,-0.0745,-0.2261,-0.1423,-0.0633,-0.0863,-0.0504,-0.1161
71587,1996,-0.3978,-0.5937,-0.4654,-0.3696,-0.3016,-0.3873,-0.4273
71953,1997,0.0036,-0.1618,-0.0799,-0.0334,0.0255,-0.0532,-0.1477
72318,1998,0.2944,0.2027,0.3059,0.2845,0.4017,0.2442,0.2259
72683,1999,-0.3854,-0.6759,-0.4488,-0.3581,-0.3844,-0.3490,-0.3900
73048,2000,-0.4445,-0.6414,-0.5301,-0.3910,-0.4535,-0.4030,-0.4790
73414,2001,-0.1211,-0.3523,-0.1793,-0.1366,-0.1868,-0.1732,-0.1945
73779,2002,0.0606,-0.0909,-0.0156,-0.0609,0.0425,-0.0807,-0.0545
74144,2003,0.1738,-0.0041,0.0654,0.2051,0.1496,0.2392,0.1073
74509,2004,-0.0164,-0.0845,-0.1275,-0.0597,-0.0036,-0.0582,-0.1006
74875,2005,0.0904,0.1727,0.0423,0.0886,0.1217,0.0833,0.0702
75240,2006,-0.0247,0.0431,-0.0525,0.0078,0.0135,0.0103,0.0032
75605,2007,-0.0205,0.0791,-0.0023,-0.0261,-0.0908,-0.0356,-0.0250
75970,2008,-0.2282,-0.1772,-0.2288,-0.2442,-0.1842,-0.2260,-0.1882
76336,2009,0.1352,0.2316,0.1055,0.0366,0.0922,-0.0019,0.0744
76701,2010,0.1529,0.2576,0.1966,0.1936,0.1666,0.1709,0.3005
77066,2011,-0.0998,-0.0102,-0.0932,-0.1498,-0.1041,-0.1771,-0.0746
77431,2012,-0.0643,0.0602,0.0008,-0.0626,-0.0008,-0.0993,0.0028
77797,2013,0.0714,0.2920,0.1082,0.0569,0.1030,0.0794,0.1158
78162,2014,0.1392,0.3744,0.1519,0.1468,0.1315,0.1502,0.2894
78527,2015,0.4579,0.7527,0.5677,0.5460,0.4476,0.5390,0.5145
78892,2016,0.3797,0.6508,0.5184,0.5640,0.4508,0.5698,0.5503
79258,2017,0.1881,0.2723,0.2868,0.1763,0.1289,0.1035,0.2144
79623,2018,0.0941,0.1844,0.2000,0.0458,-0.0469,0.0242,0.1903
79988,2019,0.5032,0.5231,0.5617,0.3620,0.4078,0.5700,0.4154
80353,2020,0.5856,0.5969,0.6147,0.4786,0.5145,0.5268,0.5974
80719,2021,0.0843,0.0036,0.2192,0.0552,-0.0088,0.3151,0.2947
81084,2022,-0.0490,-0.0233,0.0622,-0.0116,-0.1309,-0.0664,0.1160
81449,2023,0.7151,0.7889,0.7917,0.6716,0.5980,0.5645,0.7015
end data
