Conventions,G,BADC-CSV,1
title,G,Regional mean temperature for Caribbean
last_revised_date,G,2023-11-01
date_valid,G,2023-11-01
feature_type,G,area average
creator,G,WMO
source,G,Produced by climind version 1.0
observation_station,G,derived data
location,G,90.,-180.,-90.,180.
activity,G,WMO
history,G,""Data set created from file ['HadCRUT.5.0.1.0.analysis.anomalies.ensemble_mean.nc'] downloaded from ['https://www.metoffice.gov.uk/hadobs/hadcrut5/data/current/analysis/HadCRUT.5.0.1.0.analysis.anomalies.ensemble_mean.nc'] at ['2023-10-31 16:06:13']""
history,G,""Regridded to 1 degree latitude-longitude resolution""
history,G,""Rebaselined to 1991-2020""
history,G,""Calculated area-average""
history,G,""Calculated annual average from monthly averages using arithmetic mean""
history,G,""Selected years within the range 1900 to 2023.""
history,G,""Wrote to file lac_subregion_3_HadCRUT5.csv""
history,G,"Data set created from file ['lac_subregion_3_HadCRUT5.csv'] downloaded from [''] at ['2023-11-01 16:38:17']"
reference,G,"Morice, C. P., Kennedy, J. J., Rayner, N. A., Winn, J. P., Hogan, E., Killick, R. E., et al. (2021). An updated assessment of near-surface temperature change from 1850: the HadCRUT5 data set. Journal of Geophysical Research: Atmospheres, 126, e2019JD032361. https://doi.org/10.1029/2019JD032361"
rights,G,TBD
comments,G,Data produced by climind version 1.0
comments,G,Format description https://help.ceda.ac.uk/article/105-badc-csv
comments,G,"Original data acknowledgement: HadCRUT.5.0.1.0 data were obtained from http://www.metoffice.gov.uk/hadobs/hadcrut5 on 2023-10-31 16:06:13 and are © British Crown Copyright, Met Office 2023, provided under an Open Government License, http://www.nationalarchives.gov.uk/doc/open-government-licence/version/3/"
long_name,time,time,days since 1800-01-01 00:00:00.0
type,time,int
long_name,year,year,1
type,year,int
long_name,data,lac_subregion_3,degC
type,data,float
coordinate_variable,time,t
data
time,year,data
36524,1900,-0.7281
36889,1901,-0.8532
37254,1902,-0.8514
37619,1903,-0.8426
37984,1904,-1.1521
38350,1905,-0.9112
38715,1906,-0.8496
39080,1907,-1.1758
39445,1908,-1.2733
39811,1909,-1.2499
40176,1910,-1.3110
40541,1911,-0.9047
40906,1912,-0.7045
41272,1913,-1.2349
41637,1914,-0.8462
42002,1915,-0.2228
42367,1916,-0.6761
42733,1917,-1.0550
43098,1918,-0.9443
43463,1919,-0.6821
43828,1920,-0.7976
44194,1921,-0.9035
44559,1922,-0.9889
44924,1923,-1.0244
45289,1924,-0.8468
45655,1925,-0.8769
46020,1926,-0.4586
46385,1927,-0.8303
46750,1928,-0.8269
47116,1929,-0.8205
47481,1930,-0.6052
47846,1931,-0.1970
48211,1932,-0.3238
48577,1933,-0.6532
48942,1934,-0.6602
49307,1935,-0.7208
49672,1936,-0.4904
50038,1937,-0.4490
50403,1938,-0.7445
50768,1939,-0.6718
51133,1940,-0.1963
51499,1941,0.1670
51864,1942,-0.1578
52229,1943,-0.5471
52594,1944,-0.4346
52960,1945,-0.5290
53325,1946,-0.5452
53690,1947,-0.2859
54055,1948,-0.2874
54421,1949,-0.6308
54786,1950,-0.9088
55151,1951,-0.5365
55516,1952,-0.3479
55882,1953,-0.4294
56247,1954,-0.7731
56612,1955,-0.8261
56977,1956,-0.9496
57343,1957,-0.5067
57708,1958,-0.0038
58073,1959,-0.4082
58438,1960,-0.4665
58804,1961,-0.4874
59169,1962,-0.5349
59534,1963,-0.4848
59899,1964,-0.5683
60265,1965,-0.6034
60630,1966,-0.4854
60995,1967,-0.7859
61360,1968,-0.7960
61726,1969,-0.2018
62091,1970,-0.6012
62456,1971,-0.9541
62821,1972,-0.5209
63187,1973,-0.3853
63552,1974,-0.8353
63917,1975,-0.8017
64282,1976,-0.8259
64648,1977,-0.3816
65013,1978,-0.3600
65378,1979,-0.2951
65743,1980,-0.2197
66109,1981,-0.3696
66474,1982,-0.3852
66839,1983,-0.0940
67204,1984,-0.6095
67570,1985,-0.7146
67935,1986,-0.5489
68300,1987,0.0885
68665,1988,-0.3157
69031,1989,-0.7095
69396,1990,-0.3237
69761,1991,-0.2581
70126,1992,-0.2736
70492,1993,-0.3091
70857,1994,-0.3966
71222,1995,-0.0633
71587,1996,-0.3696
71953,1997,-0.0334
72318,1998,0.2845
72683,1999,-0.3581
73048,2000,-0.3910
73414,2001,-0.1366
73779,2002,-0.0609
74144,2003,0.2051
74509,2004,-0.0597
74875,2005,0.0886
75240,2006,0.0078
75605,2007,-0.0261
75970,2008,-0.2442
76336,2009,0.0366
76701,2010,0.1936
77066,2011,-0.1498
77431,2012,-0.0626
77797,2013,0.0569
78162,2014,0.1468
78527,2015,0.5460
78892,2016,0.5640
79258,2017,0.1763
79623,2018,0.0458
79988,2019,0.3620
80353,2020,0.4786
80719,2021,0.0551
81084,2022,-0.0117
81449,2023,0.5104
end data
