Conventions,G,BADC-CSV,1
title,G,Regional mean temperature for Caribbean
last_revised_date,G,2023-10-31
date_valid,G,2023-10-31
feature_type,G,area average
creator,G,WMO
source,G,Produced by climind version 1.0
observation_station,G,derived data
location,G,90.,-180.,-90.,180.
activity,G,WMO
history,G,""Gridded dataset created from file ['era5_2m_tas_2023.nc'] downloaded from ['']""
history,G,""Regridded to 1 degree latitude-longitude resolution""
history,G,""Rebaselined to 1991-2020""
history,G,""Calculated area-average""
history,G,""Calculated annual average from monthly averages using arithmetic mean""
history,G,""Selected years within the range 1900 to 2023.""
history,G,""Wrote to file lac_subregion_3_ERA5.csv""
history,G,"Data set created from file ['lac_subregion_3_ERA5.csv'] downloaded from [''] at ['2023-10-27 10:54:44']"
reference,G,"Hersbach H, Bell B, Berrisford P et al. 2020. The ERA5 global reanalysis. Q. J. R. Meteorol. Soc. 146: 1999-2049. https://doi.org/10.1002/qj.3803"
rights,G,TBD
comments,G,Data produced by climind version 1.0
comments,G,Format description https://help.ceda.ac.uk/article/105-badc-csv
comments,G,"Original data acknowledgement: Contains using Copernicus Climate Change Service information [2023]. Neither the European Commission nor ECMWF is responsible for any use that may be made of the Copernicus information or data it contains."
long_name,time,time,days since 1800-01-01 00:00:00.0
type,time,int
long_name,year,year,1
type,year,int
long_name,data,lac_subregion_3,degC
type,data,float
coordinate_variable,time,t
data
time,year,data
65378,1979,-0.4610
65743,1980,-0.3554
66109,1981,-0.5733
66474,1982,-0.5581
66839,1983,-0.2670
67204,1984,-0.8165
67570,1985,-0.8654
67935,1986,-0.7109
68300,1987,-0.0805
68665,1988,-0.3809
69031,1989,-0.7277
69396,1990,-0.3739
69761,1991,-0.4095
70126,1992,-0.4444
70492,1993,-0.4491
70857,1994,-0.3723
71222,1995,-0.2261
71587,1996,-0.5937
71953,1997,-0.1618
72318,1998,0.2027
72683,1999,-0.6759
73048,2000,-0.6414
73414,2001,-0.3523
73779,2002,-0.0909
74144,2003,-0.0041
74509,2004,-0.0845
74875,2005,0.1727
75240,2006,0.0431
75605,2007,0.0791
75970,2008,-0.1772
76336,2009,0.2316
76701,2010,0.2576
77066,2011,-0.0102
77431,2012,0.0602
77797,2013,0.2920
78162,2014,0.3744
78527,2015,0.7527
78892,2016,0.6508
79258,2017,0.2723
79623,2018,0.1844
79988,2019,0.5231
80353,2020,0.5969
80719,2021,0.0036
81084,2022,-0.0233
81449,2023,0.6044
end data
