Conventions,G,BADC-CSV,1
title,G,Regional mean temperature for WMO RA 4 North America
last_revised_date,G,2023-08-28
date_valid,G,2023-08-28
feature_type,G,area average
creator,G,WMO
source,G,Produced by climind version 0.1
observation_station,G,derived data
location,G,90.,-180.,-90.,180.
rights,G,TBD
activity,G,WMO
comments,G,Format description https://help.ceda.ac.uk/article/105-badc-csv
history,wmo_ra_4_Berkeley_Earth,""Data set created from file ['Land_and_Ocean_LatLong1.nc'] downloaded from ['https://berkeley-earth-temperature.s3.us-west-1.amazonaws.com/Global/Gridded/Land_and_Ocean_LatLong1.nc'] at ['2023-08-07 17:34:59']""
history,wmo_ra_4_Berkeley_Earth,""Rebaselined to 1991-2020""
history,wmo_ra_4_Berkeley_Earth,""Calculated area-average""
history,wmo_ra_4_Berkeley_Earth,""Calculated annual average from monthly averages using arithmetic mean""
history,wmo_ra_4_Berkeley_Earth,""Selected years within the range 1900 to 2022.""
history,wmo_ra_4_Berkeley_Earth,""Wrote to file wmo_ra_4_Berkeley Earth.csv""
history,wmo_ra_4_Berkeley_Earth,"Data set created from file ['wmo_ra_4_Berkeley Earth.csv'] downloaded from [''] at ['2023-08-09 10:59:46']"
history,wmo_ra_4_Berkeley_Earth,"Calculated 10-year moving average"
reference,wmo_ra_4_Berkeley_Earth,"Rohde, R. A. and Hausfather, Z.: The Berkeley Earth Land/Ocean Temperature Record, Earth Syst. Sci. Data, 12, 3469-3479, https://doi.org/10.5194/essd-12-3469-2020, 2020"
comments,wmo_ra_4_Berkeley_Earth,"Original data acknowledgement: "
history,wmo_ra_4_ERA5,""Gridded dataset created from file ['era5_2m_tas_2023.nc'] downloaded from ['']""
history,wmo_ra_4_ERA5,""Regridded to 1 degree latitude-longitude resolution""
history,wmo_ra_4_ERA5,""Rebaselined to 1991-2020""
history,wmo_ra_4_ERA5,""Calculated area-average""
history,wmo_ra_4_ERA5,""Calculated annual average from monthly averages using arithmetic mean""
history,wmo_ra_4_ERA5,""Selected years within the range 1900 to 2022.""
history,wmo_ra_4_ERA5,""Wrote to file wmo_ra_4_ERA5.csv""
history,wmo_ra_4_ERA5,"Data set created from file ['wmo_ra_4_ERA5.csv'] downloaded from [''] at ['2023-08-09 11:00:34']"
history,wmo_ra_4_ERA5,"Calculated 10-year moving average"
reference,wmo_ra_4_ERA5,"Hersbach H, Bell B, Berrisford P et al. 2020. The ERA5 global reanalysis. Q. J. R. Meteorol. Soc. 146: 1999-2049. https://doi.org/10.1002/qj.3803"
comments,wmo_ra_4_ERA5,"Original data acknowledgement: "
history,wmo_ra_4_GISTEMP,""Data set created from file ['gistemp1200_GHCNv4_ERSSTv5.nc.gz'] downloaded from ['https://data.giss.nasa.gov/pub/gistemp/gistemp1200_GHCNv4_ERSSTv5.nc.gz'] at ['2023-08-07 16:14:33']""
history,wmo_ra_4_GISTEMP,""Regridded to 1 degree latitude-longitude resolution""
history,wmo_ra_4_GISTEMP,""Rebaselined to 1991-2020""
history,wmo_ra_4_GISTEMP,""Calculated area-average""
history,wmo_ra_4_GISTEMP,""Calculated annual average from monthly averages using arithmetic mean""
history,wmo_ra_4_GISTEMP,""Selected years within the range 1900 to 2022.""
history,wmo_ra_4_GISTEMP,""Wrote to file wmo_ra_4_GISTEMP.csv""
history,wmo_ra_4_GISTEMP,"Data set created from file ['wmo_ra_4_GISTEMP.csv'] downloaded from [''] at ['2023-08-09 11:00:53']"
history,wmo_ra_4_GISTEMP,"Calculated 10-year moving average"
reference,wmo_ra_4_GISTEMP,"Lenssen, N., G. Schmidt, J. Hansen, M. Menne, A. Persin, R. Ruedy, and D. Zyss, 2019: Improvements in the GISTEMP uncertainty model. J. Geophys. Res. Atmos., 124, no. 12, 6307-6326, doi:10.1029/2018JD029522"
comments,wmo_ra_4_GISTEMP,"Original data acknowledgement: "
history,wmo_ra_4_HadCRUT5,""Data set created from file ['HadCRUT.5.0.1.0.analysis.anomalies.ensemble_mean.nc'] downloaded from ['https://www.metoffice.gov.uk/hadobs/hadcrut5/data/current/analysis/HadCRUT.5.0.1.0.analysis.anomalies.ensemble_mean.nc'] at ['2023-08-07 16:14:34']""
history,wmo_ra_4_HadCRUT5,""Regridded to 1 degree latitude-longitude resolution""
history,wmo_ra_4_HadCRUT5,""Rebaselined to 1991-2020""
history,wmo_ra_4_HadCRUT5,""Calculated area-average""
history,wmo_ra_4_HadCRUT5,""Calculated annual average from monthly averages using arithmetic mean""
history,wmo_ra_4_HadCRUT5,""Selected years within the range 1900 to 2022.""
history,wmo_ra_4_HadCRUT5,""Wrote to file wmo_ra_4_HadCRUT5.csv""
history,wmo_ra_4_HadCRUT5,"Data set created from file ['wmo_ra_4_HadCRUT5.csv'] downloaded from [''] at ['2023-08-09 11:01:31']"
history,wmo_ra_4_HadCRUT5,"Calculated 10-year moving average"
reference,wmo_ra_4_HadCRUT5,"Morice, C. P., Kennedy, J. J., Rayner, N. A., Winn, J. P., Hogan, E., Killick, R. E., et al. (2021). An updated assessment of near-surface temperature change from 1850: the HadCRUT5 data set. Journal of Geophysical Research: Atmospheres, 126, e2019JD032361. https://doi.org/10.1029/2019JD032361"
comments,wmo_ra_4_HadCRUT5,"Original data acknowledgement: HadCRUT.5.0.1.0 data were obtained from http://www.metoffice.gov.uk/hadobs/hadcrut5 on 2023-08-07 16:14:34 and are © British Crown Copyright, Met Office 2023, provided under an Open Government License, http://www.nationalarchives.gov.uk/doc/open-government-licence/version/3/"
history,wmo_ra_4_JRA-55,""Data set created from file ['anl_surf125.011_tmp.202301_202312', 'anl_surf125.2023MMMM'] downloaded from ['', ''] at ['2023-08-07 16:16:00']""
history,wmo_ra_4_JRA-55,""Regridded to 1 degree latitude-longitude resolution""
history,wmo_ra_4_JRA-55,""Rebaselined to 1991-2020""
history,wmo_ra_4_JRA-55,""Calculated area-average""
history,wmo_ra_4_JRA-55,""Calculated annual average from monthly averages using arithmetic mean""
history,wmo_ra_4_JRA-55,""Selected years within the range 1900 to 2022.""
history,wmo_ra_4_JRA-55,""Wrote to file wmo_ra_4_JRA-55.csv""
history,wmo_ra_4_JRA-55,"Data set created from file ['wmo_ra_4_JRA-55.csv'] downloaded from [''] at ['2023-08-09 11:02:21']"
history,wmo_ra_4_JRA-55,"Calculated 10-year moving average"
reference,wmo_ra_4_JRA-55,"Kobayashi, S., Ota, Y., Harada, Y., Ebita, A., Moriya, M., Onoda, H., Onogi, K., Kamahori, H., Kobayashi, C., Endo, H. and Miyaoka, K., (2015). The JRA-55 reanalysis: General specifications and basic characteristics. Journal of the Meteorological Society of Japan. Ser. II, 93(1), pp.5-48."
comments,wmo_ra_4_JRA-55,"Original data acknowledgement: "
history,wmo_ra_4_NOAAGlobalTemp,""Data set created from file ['NOAAGlobalTemp_v*.nc'] downloaded from ['https://www.ncei.noaa.gov/data/noaa-global-surface-temperature/v5/access/gridded/NOAAGlobalTemp_v.*.nc'] at ['2023-08-07 16:18:17']""
history,wmo_ra_4_NOAAGlobalTemp,""Data set created from file ['NOAAGlobalTemp_v*.nc'] downloaded from ['https://www.ncei.noaa.gov/data/noaa-global-surface-temperature/v5/access/gridded/NOAAGlobalTemp_v.*.nc'] at ['2023-08-07 16:18:17']""
history,wmo_ra_4_NOAAGlobalTemp,""Regridded to 1 degree latitude-longitude resolution""
history,wmo_ra_4_NOAAGlobalTemp,""Rebaselined to 1991-2020""
history,wmo_ra_4_NOAAGlobalTemp,""Calculated area-average""
history,wmo_ra_4_NOAAGlobalTemp,""Calculated annual average from monthly averages using arithmetic mean""
history,wmo_ra_4_NOAAGlobalTemp,""Selected years within the range 1900 to 2022.""
history,wmo_ra_4_NOAAGlobalTemp,""Wrote to file wmo_ra_4_NOAAGlobalTemp.csv""
history,wmo_ra_4_NOAAGlobalTemp,"Data set created from file ['wmo_ra_4_NOAAGlobalTemp.csv'] downloaded from [''] at ['2023-08-09 12:23:28']"
history,wmo_ra_4_NOAAGlobalTemp,"Calculated 10-year moving average"
reference,wmo_ra_4_NOAAGlobalTemp,"Huang, B., M. J. Menne, T. Boyer, E. Freeman, B. E. Gleason, J. H. Lawrimore, C. Liu, J. J. Rennie, C. Schreck, F. Sun, R. Vose, C. N. Williams, X. Yin, H.-M. Zhang, 2020: Uncertainty estimates for sea surface temperature and land surface air temperature in NOAAGlobalTemp version 5. , J. Climate, 33, 1351-1379, DOI: 10.1175/JCLI-D-19-0395.1"
reference,wmo_ra_4_NOAAGlobalTemp,"Zhang, Huai-Min, Jay H. Lawrimore, Boyin Huang, Matthew J. Menne, Xungang Yin, Ahira Sȧnchez-Lugo, Byron E. Gleason, Russell Vose, Derek Arndt, J. Jared Rennie, and Claude N. Williams. (2019) Updated Temperature Data Give a Sharper View of Climate Trends. Eos, 100, https://doi.org/10.1029/2019EO128229"
comments,wmo_ra_4_NOAAGlobalTemp,"Original data acknowledgement: "
long_name,time,time,days since 1800-01-01 00:00:00.0
type,time,int
long_name,year,year,1
type,year,int
long_name,wmo_ra_4_Berkeley_Earth,wmo_ra_4,degC
type,wmo_ra_4_Berkeley_Earth,float
long_name,wmo_ra_4_ERA5,wmo_ra_4,degC
type,wmo_ra_4_ERA5,float
long_name,wmo_ra_4_GISTEMP,wmo_ra_4,degC
type,wmo_ra_4_GISTEMP,float
long_name,wmo_ra_4_HadCRUT5,wmo_ra_4,degC
type,wmo_ra_4_HadCRUT5,float
long_name,wmo_ra_4_JRA-55,wmo_ra_4,degC
type,wmo_ra_4_JRA-55,float
long_name,wmo_ra_4_NOAAGlobalTemp,wmo_ra_4,degC
type,wmo_ra_4_NOAAGlobalTemp,float
coordinate_variable,time,t
data
time,year,wmo_ra_4_Berkeley_Earth,wmo_ra_4_ERA5,wmo_ra_4_GISTEMP,wmo_ra_4_HadCRUT5,wmo_ra_4_JRA-55,wmo_ra_4_NOAAGlobalTemp
36524,1900,,,,,,
36889,1901,,,,,,
37254,1902,,,,,,
37619,1903,,,,,,
37984,1904,,,,,,
38350,1905,,,,,,
38715,1906,,,,,,
39080,1907,,,,,,
39445,1908,,,,,,
39811,1909,-1.1428,,-1.2911,-1.3619,,-1.2896
40176,1910,-1.1698,,-1.3136,-1.3706,,-1.2964
40541,1911,-1.1808,,-1.3274,-1.3765,,-1.3148
40906,1912,-1.2086,,-1.3506,-1.4024,,-1.3561
41272,1913,-1.2198,,-1.3404,-1.3958,,-1.3597
41637,1914,-1.1982,,-1.3044,-1.3569,,-1.3356
42002,1915,-1.1598,,-1.2675,-1.3140,,-1.2902
42367,1916,-1.1997,,-1.3179,-1.3598,,-1.3440
42733,1917,-1.2381,,-1.3598,-1.4018,,-1.3742
43098,1918,-1.2947,,-1.4008,-1.4455,,-1.4049
43463,1919,-1.2713,,-1.3623,-1.4291,,-1.3824
43828,1920,-1.2949,,-1.3967,-1.4632,,-1.4091
44194,1921,-1.2372,,-1.3212,-1.4051,,-1.3421
44559,1922,-1.2387,,-1.3028,-1.3929,,-1.3079
44924,1923,-1.2142,,-1.2711,-1.3641,,-1.2752
45289,1924,-1.2119,,-1.2796,-1.3704,,-1.2840
45655,1925,-1.2509,,-1.2953,-1.4063,,-1.3149
46020,1926,-1.1946,,-1.2133,-1.3467,,-1.2448
46385,1927,-1.0992,,-1.1070,-1.2432,,-1.1545
46750,1928,-1.0042,,-1.0228,-1.1569,,-1.0798
47116,1929,-1.0115,,-1.0224,-1.1587,,-1.0855
47481,1930,-0.9640,,-0.9523,-1.0993,,-1.0373
47846,1931,-0.9197,,-0.8995,-1.0448,,-0.9858
48211,1932,-0.9080,,-0.8908,-1.0247,,-0.9827
48577,1933,-0.9294,,-0.9021,-1.0423,,-0.9995
48942,1934,-0.8704,,-0.8042,-0.9683,,-0.9239
49307,1935,-0.9002,,-0.8354,-0.9875,,-0.9398
49672,1936,-0.9548,,-0.8793,-1.0254,,-0.9808
50038,1937,-0.9203,,-0.8445,-0.9876,,-0.9396
50403,1938,-0.8924,,-0.8074,-0.9493,,-0.8995
50768,1939,-0.8331,,-0.7272,-0.8795,,-0.8223
51133,1940,-0.8042,,-0.7038,-0.8458,,-0.7895
51499,1941,-0.8490,,-0.7471,-0.8862,,-0.8223
51864,1942,-0.7899,,-0.6913,-0.8342,,-0.7592
52229,1943,-0.7221,,-0.6487,-0.7675,,-0.6916
52594,1944,-0.6988,,-0.6533,-0.7469,,-0.6718
52960,1945,-0.6654,,-0.6254,-0.7194,,-0.6436
53325,1946,-0.6063,,-0.5701,-0.6655,,-0.5929
53690,1947,-0.5920,,-0.5554,-0.6543,,-0.5913
54055,1948,-0.6610,,-0.6398,-0.7255,,-0.6617
54421,1949,-0.6735,,-0.6676,-0.7422,,-0.6798
54786,1950,-0.7726,,-0.7665,-0.8396,,-0.7769
55151,1951,-0.8458,,-0.8658,-0.9124,,-0.8634
55516,1952,-0.8313,,-0.8569,-0.8917,,-0.8512
55882,1953,-0.7795,,-0.7944,-0.8391,,-0.8016
56247,1954,-0.7908,,-0.8058,-0.8529,,-0.8174
56612,1955,-0.7994,,-0.8282,-0.8640,,-0.8318
56977,1956,-0.8507,,-0.8849,-0.9098,,-0.8710
57343,1957,-0.8639,,-0.8928,-0.9214,,-0.8661
57708,1958,-0.8171,,-0.8446,-0.8730,,-0.8114
58073,1959,-0.8309,,-0.8617,-0.8822,,-0.8224
58438,1960,-0.7606,,-0.7940,-0.8133,,-0.7514
58804,1961,-0.7403,,-0.7617,-0.7940,,-0.7268
59169,1962,-0.7782,,-0.7969,-0.8335,,-0.7652
59534,1963,-0.8247,,-0.8511,-0.8805,,-0.8123
59899,1964,-0.9002,,-0.9186,-0.9497,,-0.8841
60265,1965,-0.9204,,-0.9237,-0.9602,,-0.8994
60630,1966,-0.9098,,-0.9238,-0.9513,,-0.9015
60995,1967,-0.9404,,-0.9544,-0.9763,-0.9712,-0.9329
61360,1968,-0.9830,,-0.9974,-1.0185,-1.0121,-0.9819
61726,1969,-0.9538,,-0.9822,-0.9931,-0.9784,-0.9633
62091,1970,-0.9917,,-1.0141,-1.0249,-1.0133,-0.9979
62456,1971,-0.9945,,-1.0255,-1.0284,-1.0181,-1.0072
62821,1972,-1.1050,,-1.1225,-1.1315,-1.1243,-1.1016
63187,1973,-1.0980,,-1.1191,-1.1252,-1.1111,-1.0996
63552,1974,-1.0946,,-1.1106,-1.1212,-1.1149,-1.0915
63917,1975,-1.0795,,-1.1046,-1.1128,-1.1103,-1.0815
64282,1976,-1.0619,,-1.0784,-1.0952,-1.1087,-1.0571
64648,1977,-0.9796,,-1.0069,-1.0169,-1.0283,-0.9818
65013,1978,-0.9955,,-1.0191,-1.0304,-1.0479,-0.9903
65378,1979,-1.0311,,-1.0483,-1.0655,-1.0770,-1.0160
65743,1980,-0.9752,,-0.9949,-1.0113,-1.0204,-0.9604
66109,1981,-0.8311,,-0.8518,-0.8715,-0.8787,-0.8214
66474,1982,-0.7832,,-0.8096,-0.8272,-0.8311,-0.7797
66839,1983,-0.8054,,-0.8196,-0.8434,-0.8521,-0.7856
67204,1984,-0.7622,,-0.7790,-0.8008,-0.8115,-0.7417
67570,1985,-0.7528,,-0.7669,-0.7898,-0.8049,-0.7294
67935,1986,-0.7119,,-0.7150,-0.7453,-0.7663,-0.6836
68300,1987,-0.6754,,-0.6670,-0.7071,-0.7285,-0.6374
68665,1988,-0.6010,-0.6545,-0.5807,-0.6322,-0.6566,-0.5682
69031,1989,-0.5875,-0.6410,-0.5604,-0.6161,-0.6572,-0.5496
69396,1990,-0.5988,-0.6509,-0.5486,-0.6180,-0.6786,-0.5547
69761,1991,-0.6760,-0.7275,-0.6036,-0.6834,-0.7630,-0.6204
70126,1992,-0.6165,-0.6725,-0.5336,-0.6186,-0.7114,-0.5564
70492,1993,-0.6028,-0.6602,-0.5355,-0.6080,-0.6995,-0.5508
70857,1994,-0.5627,-0.6156,-0.5032,-0.5696,-0.6532,-0.5207
71222,1995,-0.4972,-0.5441,-0.4370,-0.4996,-0.5760,-0.4565
71587,1996,-0.5296,-0.5727,-0.4936,-0.5313,-0.5954,-0.5055
71953,1997,-0.5831,-0.6349,-0.5526,-0.5785,-0.6503,-0.5615
72318,1998,-0.4659,-0.5272,-0.4519,-0.4589,-0.5303,-0.4567
72683,1999,-0.3515,-0.4235,-0.3423,-0.3421,-0.4134,-0.3515
73048,2000,-0.3010,-0.3808,-0.3119,-0.2977,-0.3603,-0.3081
73414,2001,-0.2298,-0.3137,-0.2563,-0.2326,-0.2828,-0.2440
73779,2002,-0.1671,-0.2475,-0.1986,-0.1745,-0.2195,-0.1939
74144,2003,-0.1037,-0.1808,-0.1261,-0.1114,-0.1527,-0.1335
74509,2004,-0.1169,-0.1953,-0.1241,-0.1190,-0.1674,-0.1328
74875,2005,-0.0508,-0.1247,-0.0547,-0.0523,-0.1047,-0.0645
75240,2006,0.1142,0.0526,0.1100,0.1085,0.0610,0.0973
75605,2007,0.1491,0.1073,0.1533,0.1411,0.1008,0.1304
75970,2008,0.0137,-0.0067,0.0214,0.0087,-0.0219,0.0092
76336,2009,-0.0431,-0.0436,-0.0352,-0.0463,-0.0573,-0.0473
76701,2010,0.0449,0.0657,0.0335,0.0383,0.0530,0.0273
77066,2011,0.0209,0.0572,0.0068,0.0175,0.0473,0.0070
77431,2012,0.1019,0.1541,0.0839,0.1022,0.1492,0.0884
77797,2013,0.0697,0.1280,0.0501,0.0692,0.1224,0.0609
78162,2014,0.0989,0.1607,0.0648,0.0947,0.1618,0.0833
78527,2015,0.1092,0.1689,0.0830,0.1047,0.1758,0.0999
78892,2016,0.1345,0.1915,0.1249,0.1323,0.2023,0.1358
79258,2017,0.2020,0.2570,0.1832,0.1932,0.2753,0.2034
79623,2018,0.2486,0.3041,0.2459,0.2397,0.3219,0.2571
79988,2019,0.2971,0.3551,0.2942,0.2861,0.3590,0.3049
80353,2020,0.2561,0.3151,0.2784,0.2595,0.3073,0.2767
80719,2021,0.3195,0.3736,0.3396,0.3192,0.3537,0.3282
81084,2022,0.2707,0.3209,0.2863,0.2734,0.2954,0.2775
end data
