Conventions,G,BADC-CSV,1
title,G,Regional mean temperature for WMO RA 4 North America
last_revised_date,G,2023-08-28
date_valid,G,2023-08-28
feature_type,G,area average
creator,G,WMO
source,G,Produced by climind version 0.1
observation_station,G,derived data
location,G,90.,-180.,-90.,180.
activity,G,WMO
history,G,""Data set created from file ['HadCRUT.5.0.1.0.analysis.anomalies.ensemble_mean.nc'] downloaded from ['https://www.metoffice.gov.uk/hadobs/hadcrut5/data/current/analysis/HadCRUT.5.0.1.0.analysis.anomalies.ensemble_mean.nc'] at ['2023-08-07 16:14:34']""
history,G,""Regridded to 1 degree latitude-longitude resolution""
history,G,""Rebaselined to 1991-2020""
history,G,""Calculated area-average""
history,G,""Calculated annual average from monthly averages using arithmetic mean""
history,G,""Selected years within the range 1900 to 2022.""
history,G,""Wrote to file wmo_ra_4_HadCRUT5.csv""
history,G,"Data set created from file ['wmo_ra_4_HadCRUT5.csv'] downloaded from [''] at ['2023-08-09 11:01:31']"
history,G,"Calculated 10-year moving average"
reference,G,"Morice, C. P., Kennedy, J. J., Rayner, N. A., Winn, J. P., Hogan, E., Killick, R. E., et al. (2021). An updated assessment of near-surface temperature change from 1850: the HadCRUT5 data set. Journal of Geophysical Research: Atmospheres, 126, e2019JD032361. https://doi.org/10.1029/2019JD032361"
rights,G,TBD
comments,G,Data produced by climind version 0.1
comments,G,Format description https://help.ceda.ac.uk/article/105-badc-csv
comments,G,"Original data acknowledgement: HadCRUT.5.0.1.0 data were obtained from http://www.metoffice.gov.uk/hadobs/hadcrut5 on 2023-08-07 16:14:34 and are © British Crown Copyright, Met Office 2023, provided under an Open Government License, http://www.nationalarchives.gov.uk/doc/open-government-licence/version/3/"
long_name,time,time,days since 1800-01-01 00:00:00.0
type,time,int
long_name,year,year,1
type,year,int
long_name,data,wmo_ra_4,degC
type,data,float
coordinate_variable,time,t
data
time,year,data
36524,1900,
36889,1901,
37254,1902,
37619,1903,
37984,1904,
38350,1905,
38715,1906,
39080,1907,
39445,1908,
39811,1909,-1.3619
40176,1910,-1.3706
40541,1911,-1.3765
40906,1912,-1.4024
41272,1913,-1.3958
41637,1914,-1.3569
42002,1915,-1.3140
42367,1916,-1.3598
42733,1917,-1.4018
43098,1918,-1.4455
43463,1919,-1.4291
43828,1920,-1.4632
44194,1921,-1.4051
44559,1922,-1.3929
44924,1923,-1.3641
45289,1924,-1.3704
45655,1925,-1.4063
46020,1926,-1.3467
46385,1927,-1.2432
46750,1928,-1.1569
47116,1929,-1.1587
47481,1930,-1.0993
47846,1931,-1.0448
48211,1932,-1.0247
48577,1933,-1.0423
48942,1934,-0.9683
49307,1935,-0.9875
49672,1936,-1.0254
50038,1937,-0.9876
50403,1938,-0.9493
50768,1939,-0.8795
51133,1940,-0.8458
51499,1941,-0.8862
51864,1942,-0.8342
52229,1943,-0.7675
52594,1944,-0.7469
52960,1945,-0.7194
53325,1946,-0.6655
53690,1947,-0.6543
54055,1948,-0.7255
54421,1949,-0.7422
54786,1950,-0.8396
55151,1951,-0.9124
55516,1952,-0.8917
55882,1953,-0.8391
56247,1954,-0.8529
56612,1955,-0.8640
56977,1956,-0.9098
57343,1957,-0.9214
57708,1958,-0.8730
58073,1959,-0.8822
58438,1960,-0.8133
58804,1961,-0.7940
59169,1962,-0.8335
59534,1963,-0.8805
59899,1964,-0.9497
60265,1965,-0.9602
60630,1966,-0.9513
60995,1967,-0.9763
61360,1968,-1.0185
61726,1969,-0.9931
62091,1970,-1.0249
62456,1971,-1.0284
62821,1972,-1.1315
63187,1973,-1.1252
63552,1974,-1.1212
63917,1975,-1.1128
64282,1976,-1.0952
64648,1977,-1.0169
65013,1978,-1.0304
65378,1979,-1.0655
65743,1980,-1.0113
66109,1981,-0.8715
66474,1982,-0.8272
66839,1983,-0.8434
67204,1984,-0.8008
67570,1985,-0.7898
67935,1986,-0.7453
68300,1987,-0.7071
68665,1988,-0.6322
69031,1989,-0.6161
69396,1990,-0.6180
69761,1991,-0.6834
70126,1992,-0.6186
70492,1993,-0.6080
70857,1994,-0.5696
71222,1995,-0.4996
71587,1996,-0.5313
71953,1997,-0.5785
72318,1998,-0.4589
72683,1999,-0.3421
73048,2000,-0.2977
73414,2001,-0.2326
73779,2002,-0.1745
74144,2003,-0.1114
74509,2004,-0.1190
74875,2005,-0.0523
75240,2006,0.1085
75605,2007,0.1411
75970,2008,0.0087
76336,2009,-0.0463
76701,2010,0.0383
77066,2011,0.0175
77431,2012,0.1022
77797,2013,0.0692
78162,2014,0.0947
78527,2015,0.1047
78892,2016,0.1323
79258,2017,0.1932
79623,2018,0.2397
79988,2019,0.2861
80353,2020,0.2595
80719,2021,0.3192
81084,2022,0.2734
end data
