Conventions,G,BADC-CSV,1
title,G,Regional mean temperature for WMO RA 4 North America
last_revised_date,G,2023-08-28
date_valid,G,2023-08-28
feature_type,G,area average
creator,G,WMO
source,G,Produced by climind version 0.1
observation_station,G,derived data
location,G,90.,-180.,-90.,180.
activity,G,WMO
history,G,""Data set created from file ['anl_surf125.011_tmp.202301_202312', 'anl_surf125.2023MMMM'] downloaded from ['', ''] at ['2023-08-07 16:16:00']""
history,G,""Regridded to 1 degree latitude-longitude resolution""
history,G,""Rebaselined to 1991-2020""
history,G,""Calculated area-average""
history,G,""Calculated annual average from monthly averages using arithmetic mean""
history,G,""Selected years within the range 1900 to 2022.""
history,G,""Wrote to file wmo_ra_4_JRA-55.csv""
history,G,"Data set created from file ['wmo_ra_4_JRA-55.csv'] downloaded from [''] at ['2023-08-09 11:02:21']"
history,G,"Calculated 10-year moving average"
reference,G,"Kobayashi, S., Ota, Y., Harada, Y., Ebita, A., Moriya, M., Onoda, H., Onogi, K., Kamahori, H., Kobayashi, C., Endo, H. and Miyaoka, K., (2015). The JRA-55 reanalysis: General specifications and basic characteristics. Journal of the Meteorological Society of Japan. Ser. II, 93(1), pp.5-48."
rights,G,TBD
comments,G,Data produced by climind version 0.1
comments,G,Format description https://help.ceda.ac.uk/article/105-badc-csv
comments,G,"Original data acknowledgement: "
long_name,time,time,days since 1800-01-01 00:00:00.0
type,time,int
long_name,year,year,1
type,year,int
long_name,data,wmo_ra_4,degC
type,data,float
coordinate_variable,time,t
data
time,year,data
57708,1958,
58073,1959,
58438,1960,
58804,1961,
59169,1962,
59534,1963,
59899,1964,
60265,1965,
60630,1966,
60995,1967,-0.9712
61360,1968,-1.0121
61726,1969,-0.9784
62091,1970,-1.0133
62456,1971,-1.0181
62821,1972,-1.1243
63187,1973,-1.1111
63552,1974,-1.1149
63917,1975,-1.1103
64282,1976,-1.1087
64648,1977,-1.0283
65013,1978,-1.0479
65378,1979,-1.0770
65743,1980,-1.0204
66109,1981,-0.8787
66474,1982,-0.8311
66839,1983,-0.8521
67204,1984,-0.8115
67570,1985,-0.8049
67935,1986,-0.7663
68300,1987,-0.7285
68665,1988,-0.6566
69031,1989,-0.6572
69396,1990,-0.6786
69761,1991,-0.7630
70126,1992,-0.7114
70492,1993,-0.6995
70857,1994,-0.6532
71222,1995,-0.5760
71587,1996,-0.5954
71953,1997,-0.6503
72318,1998,-0.5303
72683,1999,-0.4134
73048,2000,-0.3603
73414,2001,-0.2828
73779,2002,-0.2195
74144,2003,-0.1527
74509,2004,-0.1674
74875,2005,-0.1047
75240,2006,0.0610
75605,2007,0.1008
75970,2008,-0.0219
76336,2009,-0.0573
76701,2010,0.0530
77066,2011,0.0473
77431,2012,0.1492
77797,2013,0.1224
78162,2014,0.1618
78527,2015,0.1758
78892,2016,0.2023
79258,2017,0.2753
79623,2018,0.3219
79988,2019,0.3590
80353,2020,0.3073
80719,2021,0.3537
81084,2022,0.2954
end data
