Conventions,G,BADC-CSV,1
title,G,Mountain glacier cumulative mass balance
last_revised_date,G,2024-01-22
date_valid,G,2024-01-22
feature_type,G,area average
creator,G,WMO
source,G,Produced by climind version 1.0
observation_station,G,derived data
location,G,90.,-180.,-90.,180.
activity,G,WMO
history,G,"Data set created from file ['mb_ref.csv'] downloaded from ['http://wgms.ch/data/faq/mb_ref.csv'] at ['2024-01-16 13:55:34']"
reference,G,"WGMS (2017, updated, and earlier reports): Global Glacier Change Bulletin No. 2 (2014-2015). Zemp, M., Nussbaumer, S. U., Gärtner-Roer, I., Huber, J., Machguth, H., Paul, F., and Hoelzle, M. (eds.), ICSU(WDS)/IUGG(IACS)/UNEP/UNESCO/WMO, World Glacier Monitoring Service, Zurich, Switzerland, 244 pp., based on database version: doi:10.5904/wgms-fog-2018-11."
rights,G,TBD
comments,G,Data produced by climind version 1.0
comments,G,Format description https://help.ceda.ac.uk/article/105-badc-csv
comments,G,"Original data acknowledgement: "
long_name,time,time,days since 1800-01-01 00:00:00.0
type,time,int
long_name,year,year,1
type,year,int
long_name,data,glacier,mwe
type,data,float
coordinate_variable,time,t
data
time,year,data
54786,1950,4.9980
55151,1951,4.6530
55516,1952,4.0920
55882,1953,3.5350
56247,1954,3.1210
56612,1955,3.4980
56977,1956,3.3420
57343,1957,3.2400
57708,1958,2.4020
58073,1959,1.9880
58438,1960,1.4540
58804,1961,1.0800
59169,1962,0.8930
59534,1963,0.5970
59899,1964,0.9570
60265,1965,1.1460
60630,1966,0.9200
60995,1967,0.8390
61360,1968,0.7510
61726,1969,0.2660
62091,1970,0.0000
62456,1971,-0.2400
62821,1972,-0.5160
63187,1973,-0.6600
63552,1974,-0.8770
63917,1975,-1.0840
64282,1976,-1.2690
64648,1977,-1.6040
65013,1978,-1.8150
65378,1979,-2.2150
65743,1980,-2.3300
66109,1981,-2.5070
66474,1982,-2.9770
66839,1983,-2.8360
67204,1984,-3.1320
67570,1985,-3.4620
67935,1986,-4.0540
68300,1987,-3.9610
68665,1988,-4.0290
69031,1989,-4.3650
69396,1990,-4.8830
69761,1991,-5.3390
70126,1992,-5.4410
70492,1993,-5.7320
70857,1994,-6.3770
71222,1995,-6.7990
71587,1996,-7.2450
71953,1997,-8.0420
72318,1998,-8.5350
72683,1999,-9.2870
73048,2000,-9.5560
73414,2001,-9.8250
73779,2002,-10.2540
74144,2003,-10.7840
74509,2004,-11.5050
74875,2005,-12.2750
75240,2006,-13.0770
75605,2007,-13.6380
75970,2008,-13.9740
76336,2009,-14.5290
76701,2010,-15.3460
77066,2011,-16.2610
77431,2012,-16.9530
77797,2013,-17.7900
78162,2014,-18.5390
78527,2015,-19.6670
78892,2016,-20.6340
79258,2017,-21.3900
79623,2018,-22.5640
79988,2019,-23.7710
80353,2020,-24.7360
80719,2021,-25.4830
81084,2022,-26.6620
end data
