Conventions,G,BADC-CSV,1
title,G,Global ocean area affected by marine cold spells
last_revised_date,G,2023-02-23
date_valid,G,2023-02-23
feature_type,G,area average
creator,G,WMO
source,G,Produced by climind version 0.1
observation_station,G,derived data
location,G,90.,-180.,-90.,180.
activity,G,WMO
history,G,"Data set created from file ['OISST_MCS_cat_daily_1982-2011_total.csv'] downloaded from ['https://raw.githubusercontent.com/robwschlegel/MHWapp/master/data/annual_summary/OISST_MCS_cat_daily_1982-2011_total.csv'] at ['2023-02-22 09:17:25']"
reference,G,"Hobday, A.J.; Oliver, E. C. J.; Sen Gupta, A. et al. Categorizing and naming marine heatwaves. Oceanography 2018, 31 (2), 1–13. https://doi.org/10.5670/oceanog.2018.205."
rights,G,TBD
comments,G,Data produced by climind version 0.1
comments,G,Format description https://help.ceda.ac.uk/article/105-badc-csv
long_name,time,time,days since 1800-01-01 00:00:00.0
type,time,int
long_name,year,year,1
type,year,int
long_name,data,mcs,%
type,data,float
coordinate_variable,time,t
data
time,year,data
66474,1982,61.2000
66839,1983,59.0000
67204,1984,60.2300
67570,1985,62.7600
67935,1986,58.1500
68300,1987,50.2700
68665,1988,54.6400
69031,1989,59.1000
69396,1990,52.7000
69761,1991,54.0900
70126,1992,54.1300
70492,1993,52.5700
70857,1994,54.7600
71222,1995,51.9300
71587,1996,54.3200
71953,1997,53.2200
72318,1998,47.6700
72683,1999,53.1300
73048,2000,55.4900
73414,2001,44.4600
73779,2002,44.6900
74144,2003,35.5700
74509,2004,42.0500
74875,2005,36.5300
75240,2006,40.0100
75605,2007,38.2600
75970,2008,41.8700
76336,2009,35.6200
76701,2010,39.4400
77066,2011,42.5700
77431,2012,39.7800
77797,2013,37.2700
78162,2014,33.0300
78527,2015,30.7200
78892,2016,26.8400
79258,2017,25.1900
79623,2018,28.3400
79988,2019,25.4600
80353,2020,25.3000
80719,2021,24.6900
81084,2022,24.7500
end data
