Conventions,G,BADC-CSV,1
title,G,Global ocean area affected by marine cold spells
last_revised_date,G,2022-12-16
date_valid,G,2022-12-16
feature_type,G,area average
creator,G,WMO
source,G,Produced by climind version 0.1
observation_station,G,derived data
location,G,90.,-180.,-90.,180.
activity,G,WMO
history,G,"Data set created from file ['OISST_MCS_cat_daily_1982-2011_total.csv'] downloaded from ['https://raw.githubusercontent.com/robwschlegel/MHWapp/master/data/annual_summary/OISST_MCS_cat_daily_1982-2011_total.csv'] at ['2022-12-16 09:17:17']"
reference,G,"Hobday, A.J.; Oliver, E. C. J.; Sen Gupta, A. et al. Categorizing and naming marine heatwaves. Oceanography 2018, 31 (2), 1–13. https://doi.org/10.5670/oceanog.2018.205."
rights,G,TBD
comments,G,Data produced by climind version 0.1
comments,G,Format description https://help.ceda.ac.uk/article/105-badc-csv
long_name,time,time,days since 1800-01-01 00:00:00.0
type,time,int
long_name,year,year,1
type,year,int
long_name,data,mcs,%
type,data,float
coordinate_variable,time,t
data
time,year,data
66474,1982,26.4501
66839,1983,23.0212
67204,1984,23.3717
67570,1985,24.2453
67935,1986,22.3816
68300,1987,17.7993
68665,1988,19.0757
69031,1989,21.1001
69396,1990,13.3798
69761,1991,16.6704
70126,1992,23.3328
70492,1993,18.9864
70857,1994,18.3275
71222,1995,14.0317
71587,1996,18.1577
71953,1997,17.0459
72318,1998,18.0633
72683,1999,22.8558
73048,2000,18.6906
73414,2001,9.6388
73779,2002,10.1815
74144,2003,7.2039
74509,2004,8.8775
74875,2005,7.0547
75240,2006,8.0442
75605,2007,11.9306
75970,2008,13.5380
76336,2009,13.0513
76701,2010,19.1392
77066,2011,20.5323
77431,2012,12.9479
77797,2013,10.2235
78162,2014,9.8875
78527,2015,8.0699
78892,2016,12.2921
79258,2017,8.7951
79623,2018,11.9260
79988,2019,12.6910
80353,2020,13.7090
80719,2021,13.0141
end data
