Conventions,G,BADC-CSV,1
title,G,Global ocean area affected by marine heatwaves
last_revised_date,G,2023-02-23
date_valid,G,2023-02-23
feature_type,G,area average
creator,G,WMO
source,G,Produced by climind version 0.1
observation_station,G,derived data
location,G,90.,-180.,-90.,180.
activity,G,WMO
history,G,"Data set created from file ['OISST_cat_daily_1982-2011_total.csv'] downloaded from ['https://raw.githubusercontent.com/robwschlegel/MHWapp/master/data/annual_summary/OISST_cat_daily_1982-2011_total.csv'] at ['2023-02-22 09:17:25']"
reference,G,"Hobday, A.J.; Oliver, E. C. J.; Sen Gupta, A. et al. Categorizing and naming marine heatwaves. Oceanography 2018, 31 (2), 1–13. https://doi.org/10.5670/oceanog.2018.205."
rights,G,TBD
comments,G,Data produced by climind version 0.1
comments,G,Format description https://help.ceda.ac.uk/article/105-badc-csv
long_name,time,time,days since 1800-01-01 00:00:00.0
type,time,int
long_name,year,year,1
type,year,int
long_name,data,mhw,%
type,data,float
coordinate_variable,time,t
data
time,year,data
66474,1982,48.0100
66839,1983,49.7200
67204,1984,46.9700
67570,1985,34.9700
67935,1986,35.6500
68300,1987,47.3300
68665,1988,47.2600
69031,1989,39.0700
69396,1990,45.6200
69761,1991,49.0000
70126,1992,42.4500
70492,1993,41.8800
70857,1994,43.4100
71222,1995,49.2000
71587,1996,43.5600
71953,1997,55.6200
72318,1998,56.6500
72683,1999,43.0100
73048,2000,47.0100
73414,2001,54.0100
73779,2002,57.1900
74144,2003,58.1600
74509,2004,55.1100
74875,2005,61.8200
75240,2006,59.8100
75605,2007,52.4100
75970,2008,51.3400
76336,2009,61.5600
76701,2010,58.6400
77066,2011,49.5500
77431,2012,56.5200
77797,2013,59.0600
78162,2014,59.5000
78527,2015,61.6100
78892,2016,64.9600
79258,2017,64.5500
79623,2018,59.0200
79988,2019,63.8800
80353,2020,63.0700
80719,2021,57.0200
81084,2022,57.8100
end data
