Conventions,G,BADC-CSV,1
title,G,Regional mean temperature for North Africa
last_revised_date,G,2022-11-24
date_valid,G,2022-11-24
feature_type,G,area average
creator,G,WMO
source,G,Produced by climind version 0.1
observation_station,G,derived data
location,G,90.,-180.,-90.,180.
activity,G,WMO
history,G,""Data set created from file ['NOAAGlobalTemp_v*.nc'] downloaded from ['https://www.ncei.noaa.gov/data/noaa-global-surface-temperature/v5/access/gridded/NOAAGlobalTemp_v.*.nc'] at ['2022-11-21 17:47:59']""
history,G,""Data set created from file ['NOAAGlobalTemp_v*.nc'] downloaded from ['https://www.ncei.noaa.gov/data/noaa-global-surface-temperature/v5/access/gridded/NOAAGlobalTemp_v.*.nc'] at ['2022-11-21 17:47:59']""
history,G,""Regridded to 1 degree latitude-longitude resolution""
history,G,""Rebaselined to 1981-2010""
history,G,""Calculated area-average""
history,G,""Calculated annual average from monthly averages using arithmetic mean""
history,G,""Selected years within the range 1900 to 2022.""
history,G,""Wrote to file africa_subregion_1_NOAAGlobalTemp.csv""
history,G,"Data set created from file ['africa_subregion_1_NOAAGlobalTemp.csv'] downloaded from [''] at ['2022-11-23 19:15:08']"
reference,G,"Huang, B., M. J. Menne, T. Boyer, E. Freeman, B. E. Gleason, J. H. Lawrimore, C. Liu, J. J. Rennie, C. Schreck, F. Sun, R. Vose, C. N. Williams, X. Yin, H.-M. Zhang, 2020: Uncertainty estimates for sea surface temperature and land surface air temperature in NOAAGlobalTemp version 5. , J. Climate, 33, 1351-1379, DOI: 10.1175/JCLI-D-19-0395.1"
reference,G,"Zhang, Huai-Min, Jay H. Lawrimore, Boyin Huang, Matthew J. Menne, Xungang Yin, Ahira Sȧnchez-Lugo, Byron E. Gleason, Russell Vose, Derek Arndt, J. Jared Rennie, and Claude N. Williams. (2019) Updated Temperature Data Give a Sharper View of Climate Trends. Eos, 100, https://doi.org/10.1029/2019EO128229"
rights,G,TBD
comments,G,Data produced by climind version 0.1
comments,G,Format description https://help.ceda.ac.uk/article/105-badc-csv
long_name,time,time,days since 1800-01-01 00:00:00.0
type,time,int
long_name,year,year,1
type,year,int
long_name,data,africa_subregion_1,degC
type,data,float
coordinate_variable,time,t
data
time,year,data
36524,1900,-0.8706
36889,1901,-0.5482
37254,1902,-0.4942
37619,1903,-1.2541
37984,1904,-0.9854
38350,1905,-0.9866
38715,1906,-0.9144
39080,1907,-1.5595
39445,1908,-0.7508
39811,1909,-0.8673
40176,1910,-0.8424
40541,1911,-1.2726
40906,1912,-0.8374
41272,1913,-0.7664
41637,1914,-0.9764
42002,1915,-0.6782
42367,1916,-0.8967
42733,1917,-1.0082
43098,1918,-1.3588
43463,1919,-0.8666
43828,1920,-1.0891
44194,1921,-1.3430
44559,1922,-0.8728
44924,1923,-1.3273
45289,1924,-0.5561
45655,1925,-0.9805
46020,1926,-0.5168
46385,1927,-0.5828
46750,1928,-0.8030
47116,1929,-1.0740
47481,1930,-0.5337
47846,1931,-0.2772
48211,1932,-0.8649
48577,1933,-0.8412
48942,1934,-0.8989
49307,1935,-0.7358
49672,1936,-0.6350
50038,1937,-0.3392
50403,1938,-0.9916
50768,1939,-0.7319
51133,1940,-0.6291
51499,1941,-0.5051
51864,1942,-0.4852
52229,1943,-0.9430
52594,1944,-0.8220
52960,1945,-0.7377
53325,1946,-0.5810
53690,1947,-0.1569
54055,1948,-0.9264
54421,1949,-0.8330
54786,1950,-0.9057
55151,1951,-0.5407
55516,1952,-0.5170
55882,1953,-0.8810
56247,1954,-1.0205
56612,1955,0.0175
56977,1956,-1.0422
57343,1957,-0.9286
57708,1958,-0.2418
58073,1959,-0.8672
58438,1960,-0.2762
58804,1961,-0.7373
59169,1962,-0.4136
59534,1963,-0.3078
59899,1964,-0.7201
60265,1965,-0.8728
60630,1966,-0.3189
60995,1967,-1.0541
61360,1968,-0.6573
61726,1969,-0.2714
62091,1970,-0.5214
62456,1971,-0.9552
62821,1972,-1.0008
63187,1973,-0.7364
63552,1974,-1.0291
63917,1975,-1.0661
64282,1976,-1.2470
64648,1977,-0.4512
65013,1978,-0.5912
65378,1979,-0.2445
65743,1980,-0.4716
66109,1981,-0.3484
66474,1982,-0.7537
66839,1983,-0.5427
67204,1984,-0.7114
67570,1985,-0.2979
67935,1986,-0.5559
68300,1987,0.0887
68665,1988,-0.0623
69031,1989,-0.2939
69396,1990,0.0646
69761,1991,-0.5371
70126,1992,-0.9146
70492,1993,-0.3576
70857,1994,-0.1602
71222,1995,-0.0849
71587,1996,0.0426
71953,1997,-0.0409
72318,1998,0.3577
72683,1999,0.4512
73048,2000,-0.0126
73414,2001,0.5936
73779,2002,0.3968
74144,2003,0.3908
74509,2004,0.1981
74875,2005,0.2932
75240,2006,0.4480
75605,2007,0.2684
75970,2008,0.2769
76336,2009,0.4200
76701,2010,1.3832
77066,2011,0.2092
77431,2012,0.3633
77797,2013,0.4107
78162,2014,0.7150
78527,2015,0.3766
78892,2016,0.9142
79258,2017,0.4912
79623,2018,0.7245
79988,2019,0.4740
80353,2020,0.8095
80719,2021,1.2637
81084,2022,0.5832
end data
