Conventions,G,BADC-CSV,1
title,G,Regional mean temperature for Eastern Africa
last_revised_date,G,2022-09-01
date_valid,G,2022-09-01
feature_type,G,area average
creator,G,WMO
source,G,Produced by climind version 0.1
observation_station,G,derived data
location,G,90.,-180.,-90.,180.
activity,G,WMO
history,G,""Data set created from file ['NOAAGlobalTemp_v*.nc'] downloaded from ['https://www.ncei.noaa.gov/data/noaa-global-surface-temperature/v5/access/gridded/NOAAGlobalTemp_v.*.nc'] at ['2022-08-23 10:32:43']""
history,G,""Data set created from file ['NOAAGlobalTemp_v*.nc'] downloaded from ['https://www.ncei.noaa.gov/data/noaa-global-surface-temperature/v5/access/gridded/NOAAGlobalTemp_v.*.nc'] at ['2022-08-23 10:32:43']""
history,G,""Regridded to 1 degree latitude-longitude resolution""
history,G,""Rebaselined to 1981-2010""
history,G,""Calculated area-average""
history,G,""Calculated annual average from monthly averages using arithmetic mean""
history,G,""Selected year range 1900 to 2021""
history,G,""Wrote to file africa_subregion_4_NOAAGlobalTemp.csv""
history,G,"Data set created from file ['africa_subregion_4_NOAAGlobalTemp.csv'] downloaded from [''] at ['2022-09-01 17:57:04']"
reference,G,"Huang, B., M. J. Menne, T. Boyer, E. Freeman, B. E. Gleason, J. H. Lawrimore, C. Liu, J. J. Rennie, C. Schreck, F. Sun, R. Vose, C. N. Williams, X. Yin, H.-M. Zhang, 2020: Uncertainty estimates for sea surface temperature and land surface air temperature in NOAAGlobalTemp version 5. , J. Climate, 33, 1351-1379, DOI: 10.1175/JCLI-D-19-0395.1"
reference,G,"Zhang, Huai-Min, Jay H. Lawrimore, Boyin Huang, Matthew J. Menne, Xungang Yin, Ahira Sȧnchez-Lugo, Byron E. Gleason, Russell Vose, Derek Arndt, J. Jared Rennie, and Claude N. Williams. (2019) Updated Temperature Data Give a Sharper View of Climate Trends. Eos, 100, https://doi.org/10.1029/2019EO128229"
rights,G,TBD
comments,G,Data produced by climind version 0.1
comments,G,Format description https://help.ceda.ac.uk/article/105-badc-csv
long_name,time,time,
type,time,int
long_name,year,year,1
type,year,int
long_name,data,africa_subregion_4,degC
type,data,float
coordinate_variable,time,t
data
time,year,data
36524,1900,-0.6186
36889,1901,-0.7833
37254,1902,-0.7775
37619,1903,-0.9823
37984,1904,-0.9770
38350,1905,-0.7863
38715,1906,-0.8475
39080,1907,-0.9488
39445,1908,-0.9367
39811,1909,-0.9053
40176,1910,-1.0730
40541,1911,-1.0843
40906,1912,-1.0489
41272,1913,-1.0552
41637,1914,-0.7130
42002,1915,-0.5952
42367,1916,-1.1120
42733,1917,-1.1749
43098,1918,-1.1473
43463,1919,-0.7031
43828,1920,-1.0151
44194,1921,-0.8196
44559,1922,-0.8283
44924,1923,-0.8338
45289,1924,-0.6037
45655,1925,-0.7203
46020,1926,-0.5579
46385,1927,-0.5908
46750,1928,-0.3442
47116,1929,-0.6402
47481,1930,-0.6494
47846,1931,-0.2206
48211,1932,-0.5681
48577,1933,-0.4160
48942,1934,-0.5379
49307,1935,-0.5779
49672,1936,-0.5252
50038,1937,-0.6323
50403,1938,-0.6081
50768,1939,-0.4717
51133,1940,-0.3985
51499,1941,-0.0989
51864,1942,-0.3162
52229,1943,-0.6718
52594,1944,-0.5502
52960,1945,-0.6290
53325,1946,-0.5694
53690,1947,-0.5297
54055,1948,-0.7622
54421,1949,-0.6021
54786,1950,-0.8440
55151,1951,-0.6887
55516,1952,-0.4497
55882,1953,-0.5729
56247,1954,-0.6530
56612,1955,-0.7495
56977,1956,-0.8461
57343,1957,-0.6453
57708,1958,-0.2802
58073,1959,-0.5617
58438,1960,-0.4479
58804,1961,-0.7759
59169,1962,-0.6363
59534,1963,-0.5495
59899,1964,-0.9404
60265,1965,-0.7557
60630,1966,-0.5032
60995,1967,-0.8872
61360,1968,-0.8939
61726,1969,-0.2155
62091,1970,-0.5483
62456,1971,-0.8009
62821,1972,-0.3942
63187,1973,-0.1822
63552,1974,-0.6936
63917,1975,-0.6764
64282,1976,-0.4317
64648,1977,-0.5499
65013,1978,-0.4669
65378,1979,-0.2831
65743,1980,-0.0934
66109,1981,-0.3866
66474,1982,-0.3632
66839,1983,-0.2695
67204,1984,-0.2932
67570,1985,-0.3618
67935,1986,-0.3066
68300,1987,0.0945
68665,1988,-0.1006
69031,1989,-0.6858
69396,1990,-0.1195
69761,1991,-0.1906
70126,1992,-0.3894
70492,1993,-0.1672
70857,1994,-0.1737
71222,1995,-0.0796
71587,1996,-0.0771
71953,1997,-0.0471
72318,1998,0.2359
72683,1999,-0.0038
73048,2000,-0.0394
73414,2001,0.0052
73779,2002,0.3315
74144,2003,0.3999
74509,2004,0.2970
74875,2005,0.4719
75240,2006,0.3165
75605,2007,0.2664
75970,2008,0.2214
76336,2009,0.6796
76701,2010,0.7341
77066,2011,0.4433
77431,2012,0.5012
77797,2013,0.5136
78162,2014,0.5225
78527,2015,0.7403
78892,2016,0.8953
79258,2017,0.7547
79623,2018,0.6191
79988,2019,0.7726
80353,2020,0.6460
80719,2021,0.7383
end data
