Conventions,G,BADC-CSV,1
title,G,Global mean temperature
last_revised_date,G,2022-08-17
date_valid,G,2022-08-17
feature_type,G,area average
creator,G,WMO
source,G,Produced by climind version 0.1
observation_station,G,derived data
location,G,90.,-180.,-90.,180.
activity,G,WMO
history,G,"Time series created from file ['africa_subregion_6_ERA5.csv'] downloaded from ['']"
reference,G,"Hersbach H, Bell B, Berrisford P et al. 2020. The ERA5 global reanalysis. Q. J. R. Meteorol. Soc. 146: 1999– 2049. https://doi.org/10.1002/qj.3803"
rights,G,TBD
comments,G,Data produced by climind version 0.1
comments,G,Format description https://help.ceda.ac.uk/article/105-badc-csvlong_name,time,time,days since 1800-01-01 00:00:00.0
type,time,int
long_name,year,year,1
type,year,int
long_name,data,africa_subregion_6,degC
type,data,float
coordinate_variable,time,t
data
time,year,data
65378,1979,-0.1870
65743,1980,-0.1833
66109,1981,-0.3063
66474,1982,-0.3163
66839,1983,0.1030
67204,1984,-0.5908
67570,1985,-0.5480
67935,1986,-0.5310
68300,1987,0.1073
68665,1988,0.1056
69031,1989,-0.2271
69396,1990,-0.0171
69761,1991,-0.0642
70126,1992,-0.2559
70492,1993,-0.2914
70857,1994,-0.2029
71222,1995,0.0588
71587,1996,-0.1388
71953,1997,0.0036
72318,1998,0.3124
72683,1999,-0.0460
73048,2000,-0.0197
73414,2001,0.1686
73779,2002,0.2340
74144,2003,0.2045
74509,2004,0.2144
74875,2005,0.2383
75240,2006,0.4483
75605,2007,0.2648
75970,2008,0.0380
76336,2009,0.4023
76701,2010,0.6515
77066,2011,0.4179
77431,2012,0.2969
77797,2013,0.2954
78162,2014,0.4111
78527,2015,0.4347
78892,2016,0.3684
79258,2017,0.6646
79623,2018,0.4152
79988,2019,0.8574
80353,2020,0.6176
80719,2021,0.5752
end data
