Conventions,G,BADC-CSV,1
title,G,Regional mean temperature for Indian Ocean
last_revised_date,G,2022-09-02
date_valid,G,2022-09-02
feature_type,G,area average
creator,G,WMO
source,G,Produced by climind version 0.1
observation_station,G,derived data
location,G,90.,-180.,-90.,180.
activity,G,WMO
history,G,""Data set created from file ['NOAAGlobalTemp_v*.nc'] downloaded from ['https://www.ncei.noaa.gov/data/noaa-global-surface-temperature/v5/access/gridded/NOAAGlobalTemp_v.*.nc'] at ['2022-08-23 10:32:43']""
history,G,""Data set created from file ['NOAAGlobalTemp_v*.nc'] downloaded from ['https://www.ncei.noaa.gov/data/noaa-global-surface-temperature/v5/access/gridded/NOAAGlobalTemp_v.*.nc'] at ['2022-08-23 10:32:43']""
history,G,""Regridded to 1 degree latitude-longitude resolution""
history,G,""Rebaselined to 1981-2010""
history,G,""Calculated area-average""
history,G,""Calculated annual average from monthly averages using arithmetic mean""
history,G,""Selected year range 1900 to 2021""
history,G,""Wrote to file africa_subregion_6_NOAAGlobalTemp.csv""
history,G,"Data set created from file ['africa_subregion_6_NOAAGlobalTemp.csv'] downloaded from [''] at ['2022-09-01 17:57:06']"
reference,G,"Huang, B., M. J. Menne, T. Boyer, E. Freeman, B. E. Gleason, J. H. Lawrimore, C. Liu, J. J. Rennie, C. Schreck, F. Sun, R. Vose, C. N. Williams, X. Yin, H.-M. Zhang, 2020: Uncertainty estimates for sea surface temperature and land surface air temperature in NOAAGlobalTemp version 5. , J. Climate, 33, 1351-1379, DOI: 10.1175/JCLI-D-19-0395.1"
reference,G,"Zhang, Huai-Min, Jay H. Lawrimore, Boyin Huang, Matthew J. Menne, Xungang Yin, Ahira Sȧnchez-Lugo, Byron E. Gleason, Russell Vose, Derek Arndt, J. Jared Rennie, and Claude N. Williams. (2019) Updated Temperature Data Give a Sharper View of Climate Trends. Eos, 100, https://doi.org/10.1029/2019EO128229"
rights,G,TBD
comments,G,Data produced by climind version 0.1
comments,G,Format description https://help.ceda.ac.uk/article/105-badc-csv
long_name,time,time,
type,time,int
long_name,year,year,1
type,year,int
long_name,data,africa_subregion_6,degC
type,data,float
coordinate_variable,time,t
data
time,year,data
36524,1900,-0.4041
36889,1901,-0.5458
37254,1902,-0.5302
37619,1903,-0.4937
37984,1904,-0.7595
38350,1905,-0.5985
38715,1906,-0.5582
39080,1907,-0.6628
39445,1908,-0.4875
39811,1909,-0.6438
40176,1910,-0.8399
40541,1911,-0.8532
40906,1912,-0.5982
41272,1913,-0.6079
41637,1914,-0.5420
42002,1915,-0.6371
42367,1916,-0.7371
42733,1917,-0.7519
43098,1918,-0.7115
43463,1919,-0.5939
43828,1920,-0.6054
44194,1921,-0.7926
44559,1922,-0.6619
44924,1923,-0.4667
45289,1924,-0.6399
45655,1925,-0.4517
46020,1926,-0.3175
46385,1927,-0.5718
46750,1928,-0.5855
47116,1929,-0.5533
47481,1930,-0.7035
47846,1931,-0.3410
48211,1932,-0.6395
48577,1933,-0.6684
48942,1934,-0.6091
49307,1935,-0.6802
49672,1936,-0.4968
50038,1937,-0.5125
50403,1938,-0.5820
50768,1939,-0.5513
51133,1940,-0.2188
51499,1941,-0.0165
51864,1942,-0.1405
52229,1943,-0.4393
52594,1944,-0.2543
52960,1945,-0.2506
53325,1946,-0.3186
53690,1947,-0.4429
54055,1948,-0.5134
54421,1949,-0.4755
54786,1950,-0.6020
55151,1951,-0.7215
55516,1952,-0.4024
55882,1953,-0.4743
56247,1954,-0.5667
56612,1955,-0.6737
56977,1956,-0.6081
57343,1957,-0.3920
57708,1958,-0.3199
58073,1959,-0.5025
58438,1960,-0.6649
58804,1961,-0.0242
59169,1962,-0.4093
59534,1963,-0.6232
59899,1964,-0.7319
60265,1965,-0.8420
60630,1966,-0.3729
60995,1967,-0.2699
61360,1968,-0.6748
61726,1969,0.0564
62091,1970,-0.2350
62456,1971,-0.4709
62821,1972,-0.2382
63187,1973,-0.1536
63552,1974,-0.4095
63917,1975,-0.4609
64282,1976,-0.2955
64648,1977,0.0534
65013,1978,0.0063
65378,1979,-0.1569
65743,1980,-0.1653
66109,1981,-0.1725
66474,1982,-0.0922
66839,1983,0.1361
67204,1984,-0.3866
67570,1985,-0.2479
67935,1986,-0.2830
68300,1987,0.1465
68665,1988,0.0688
69031,1989,-0.2303
69396,1990,-0.1199
69761,1991,-0.0230
70126,1992,-0.0832
70492,1993,-0.1368
70857,1994,-0.2168
71222,1995,-0.0113
71587,1996,-0.1214
71953,1997,0.0478
72318,1998,0.2694
72683,1999,0.0097
73048,2000,-0.0716
73414,2001,0.0333
73779,2002,0.0093
74144,2003,0.0841
74509,2004,0.0468
74875,2005,0.2040
75240,2006,0.1756
75605,2007,0.2309
75970,2008,0.0001
76336,2009,0.2638
76701,2010,0.4707
77066,2011,0.4230
77431,2012,0.2514
77797,2013,0.1998
78162,2014,0.3993
78527,2015,0.5748
78892,2016,0.4067
79258,2017,0.6029
79623,2018,0.3594
79988,2019,0.7242
80353,2020,0.3484
80719,2021,0.3760
end data
