Conventions,G,BADC-CSV,1
title,G,Regional mean temperature for Southern Africa
last_revised_date,G,2022-11-24
date_valid,G,2022-11-24
feature_type,G,area average
creator,G,WMO
source,G,Produced by climind version 0.1
observation_station,G,derived data
location,G,90.,-180.,-90.,180.
activity,G,WMO
history,G,""Data set created from file ['NOAAGlobalTemp_v*.nc'] downloaded from ['https://www.ncei.noaa.gov/data/noaa-global-surface-temperature/v5/access/gridded/NOAAGlobalTemp_v.*.nc'] at ['2022-11-21 17:47:59']""
history,G,""Data set created from file ['NOAAGlobalTemp_v*.nc'] downloaded from ['https://www.ncei.noaa.gov/data/noaa-global-surface-temperature/v5/access/gridded/NOAAGlobalTemp_v.*.nc'] at ['2022-11-21 17:47:59']""
history,G,""Regridded to 1 degree latitude-longitude resolution""
history,G,""Rebaselined to 1981-2010""
history,G,""Calculated area-average""
history,G,""Calculated annual average from monthly averages using arithmetic mean""
history,G,""Selected years within the range 1900 to 2022.""
history,G,""Wrote to file africa_subregion_5_NOAAGlobalTemp.csv""
history,G,"Data set created from file ['africa_subregion_5_NOAAGlobalTemp.csv'] downloaded from [''] at ['2022-11-23 19:15:14']"
reference,G,"Huang, B., M. J. Menne, T. Boyer, E. Freeman, B. E. Gleason, J. H. Lawrimore, C. Liu, J. J. Rennie, C. Schreck, F. Sun, R. Vose, C. N. Williams, X. Yin, H.-M. Zhang, 2020: Uncertainty estimates for sea surface temperature and land surface air temperature in NOAAGlobalTemp version 5. , J. Climate, 33, 1351-1379, DOI: 10.1175/JCLI-D-19-0395.1"
reference,G,"Zhang, Huai-Min, Jay H. Lawrimore, Boyin Huang, Matthew J. Menne, Xungang Yin, Ahira Sȧnchez-Lugo, Byron E. Gleason, Russell Vose, Derek Arndt, J. Jared Rennie, and Claude N. Williams. (2019) Updated Temperature Data Give a Sharper View of Climate Trends. Eos, 100, https://doi.org/10.1029/2019EO128229"
rights,G,TBD
comments,G,Data produced by climind version 0.1
comments,G,Format description https://help.ceda.ac.uk/article/105-badc-csv
long_name,time,time,days since 1800-01-01 00:00:00.0
type,time,int
long_name,year,year,1
type,year,int
long_name,data,africa_subregion_5,degC
type,data,float
coordinate_variable,time,t
data
time,year,data
36524,1900,-0.2820
36889,1901,-0.8270
37254,1902,-0.8188
37619,1903,-0.8541
37984,1904,-1.2903
38350,1905,-0.8922
38715,1906,-1.2624
39080,1907,-1.3844
39445,1908,-0.9799
39811,1909,-1.0208
40176,1910,-1.2227
40541,1911,-1.2358
40906,1912,-0.7103
41272,1913,-0.5752
41637,1914,-0.5100
42002,1915,-0.7501
42367,1916,-0.8365
42733,1917,-1.1188
43098,1918,-0.9575
43463,1919,-0.6290
43828,1920,-0.6633
44194,1921,-0.9072
44559,1922,-0.5323
44924,1923,-0.6085
45289,1924,-0.8484
45655,1925,-0.8768
46020,1926,-0.5186
46385,1927,-0.5055
46750,1928,-0.5344
47116,1929,-0.6193
47481,1930,-0.9635
47846,1931,-0.4883
48211,1932,-0.6054
48577,1933,-0.5240
48942,1934,-0.4835
49307,1935,-0.9300
49672,1936,-0.7548
50038,1937,-0.4750
50403,1938,-0.4983
50768,1939,-0.8777
51133,1940,-0.4097
51499,1941,-0.0583
51864,1942,-0.3338
52229,1943,-0.7079
52594,1944,-0.3355
52960,1945,-0.4805
53325,1946,-0.4333
53690,1947,-0.3759
54055,1948,-0.5739
54421,1949,-0.2255
54786,1950,-0.5478
55151,1951,-0.7626
55516,1952,-0.3973
55882,1953,-0.6927
56247,1954,-0.7497
56612,1955,-0.9702
56977,1956,-0.8769
57343,1957,-0.3856
57708,1958,-0.4158
58073,1959,-0.4316
58438,1960,-0.4827
58804,1961,-0.3625
59169,1962,-0.4075
59534,1963,-0.6290
59899,1964,-0.7314
60265,1965,-0.7019
60630,1966,-0.3137
60995,1967,-0.6490
61360,1968,-0.7235
61726,1969,-0.3120
62091,1970,-0.2087
62456,1971,-0.6777
62821,1972,-0.4938
63187,1973,-0.2354
63552,1974,-0.8030
63917,1975,-0.6709
64282,1976,-0.8779
64648,1977,-0.2380
65013,1978,-0.5049
65378,1979,-0.2362
65743,1980,-0.3380
66109,1981,-0.6887
66474,1982,-0.3842
66839,1983,0.2202
67204,1984,-0.0757
67570,1985,-0.2253
67935,1986,-0.1715
68300,1987,0.3214
68665,1988,-0.1454
69031,1989,-0.3863
69396,1990,-0.0236
69761,1991,-0.1806
70126,1992,0.1693
70492,1993,0.0565
70857,1994,-0.2724
71222,1995,0.1441
71587,1996,-0.3510
71953,1997,-0.2105
72318,1998,0.3634
72683,1999,0.1467
73048,2000,-0.2428
73414,2001,-0.0464
73779,2002,0.1633
74144,2003,0.3673
74509,2004,0.1841
74875,2005,0.5046
75240,2006,-0.1173
75605,2007,0.1938
75970,2008,0.0991
76336,2009,0.0825
76701,2010,0.5053
77066,2011,-0.0670
77431,2012,0.0675
77797,2013,0.1630
78162,2014,0.1620
78527,2015,0.8678
78892,2016,0.9710
79258,2017,0.4587
79623,2018,0.6420
79988,2019,1.1269
80353,2020,0.5172
80719,2021,0.2404
81084,2022,0.3549
end data
