Conventions,G,BADC-CSV,1
title,G,Regional mean temperature for Central Africa
last_revised_date,G,2022-09-01
date_valid,G,2022-09-01
feature_type,G,area average
creator,G,WMO
source,G,Produced by climind version 0.1
observation_station,G,derived data
location,G,90.,-180.,-90.,180.
activity,G,WMO
history,G,""Data set created from file ['NOAAGlobalTemp_v*.nc'] downloaded from ['https://www.ncei.noaa.gov/data/noaa-global-surface-temperature/v5/access/gridded/NOAAGlobalTemp_v.*.nc'] at ['2022-08-23 10:32:43']""
history,G,""Data set created from file ['NOAAGlobalTemp_v*.nc'] downloaded from ['https://www.ncei.noaa.gov/data/noaa-global-surface-temperature/v5/access/gridded/NOAAGlobalTemp_v.*.nc'] at ['2022-08-23 10:32:43']""
history,G,""Regridded to 1 degree latitude-longitude resolution""
history,G,""Rebaselined to 1981-2010""
history,G,""Calculated area-average""
history,G,""Calculated annual average from monthly averages using arithmetic mean""
history,G,""Selected year range 1900 to 2021""
history,G,""Wrote to file africa_subregion_3_NOAAGlobalTemp.csv""
history,G,"Data set created from file ['africa_subregion_3_NOAAGlobalTemp.csv'] downloaded from [''] at ['2022-09-01 17:57:02']"
reference,G,"Huang, B., M. J. Menne, T. Boyer, E. Freeman, B. E. Gleason, J. H. Lawrimore, C. Liu, J. J. Rennie, C. Schreck, F. Sun, R. Vose, C. N. Williams, X. Yin, H.-M. Zhang, 2020: Uncertainty estimates for sea surface temperature and land surface air temperature in NOAAGlobalTemp version 5. , J. Climate, 33, 1351-1379, DOI: 10.1175/JCLI-D-19-0395.1"
reference,G,"Zhang, Huai-Min, Jay H. Lawrimore, Boyin Huang, Matthew J. Menne, Xungang Yin, Ahira Sȧnchez-Lugo, Byron E. Gleason, Russell Vose, Derek Arndt, J. Jared Rennie, and Claude N. Williams. (2019) Updated Temperature Data Give a Sharper View of Climate Trends. Eos, 100, https://doi.org/10.1029/2019EO128229"
rights,G,TBD
comments,G,Data produced by climind version 0.1
comments,G,Format description https://help.ceda.ac.uk/article/105-badc-csv
long_name,time,time,
type,time,int
long_name,year,year,1
type,year,int
long_name,data,africa_subregion_3,degC
type,data,float
coordinate_variable,time,t
data
time,year,data
36524,1900,-1.3057
36889,1901,-0.9130
37254,1902,-0.8005
37619,1903,-0.9684
37984,1904,-1.2051
38350,1905,-0.6840
38715,1906,-0.8594
39080,1907,-1.0749
39445,1908,-0.8297
39811,1909,-0.7136
40176,1910,-0.9143
40541,1911,-1.1138
40906,1912,-0.6521
41272,1913,-0.5296
41637,1914,-0.3350
42002,1915,-0.3758
42367,1916,-0.9683
42733,1917,-0.9268
43098,1918,-1.1346
43463,1919,-0.4623
43828,1920,-0.8403
44194,1921,-0.7748
44559,1922,-0.5412
44924,1923,-0.7182
45289,1924,-0.5475
45655,1925,-0.7075
46020,1926,-0.4484
46385,1927,-0.5565
46750,1928,-0.3875
47116,1929,-0.6233
47481,1930,-0.6450
47846,1931,-0.1248
48211,1932,-0.4808
48577,1933,-0.3279
48942,1934,-0.4832
49307,1935,-0.6080
49672,1936,-0.5841
50038,1937,-0.4588
50403,1938,-0.3833
50768,1939,-0.5832
51133,1940,-0.2711
51499,1941,0.0148
51864,1942,-0.2783
52229,1943,-0.7768
52594,1944,-0.4520
52960,1945,-0.6872
53325,1946,-0.5919
53690,1947,-0.4154
54055,1948,-0.7440
54421,1949,-0.4811
54786,1950,-0.8558
55151,1951,-0.6990
55516,1952,-0.4806
55882,1953,-0.6548
56247,1954,-0.7418
56612,1955,-0.8173
56977,1956,-0.8434
57343,1957,-0.5973
57708,1958,-0.3450
58073,1959,-0.5625
58438,1960,-0.4586
58804,1961,-0.7998
59169,1962,-0.5829
59534,1963,-0.4811
59899,1964,-0.7778
60265,1965,-0.6996
60630,1966,-0.4641
60995,1967,-0.7473
61360,1968,-0.7479
61726,1969,-0.2824
62091,1970,-0.4214
62456,1971,-0.7042
62821,1972,-0.3959
63187,1973,-0.0778
63552,1974,-0.6873
63917,1975,-0.6550
64282,1976,-0.6238
64648,1977,-0.4040
65013,1978,-0.4342
65378,1979,-0.1771
65743,1980,-0.1554
66109,1981,-0.5265
66474,1982,-0.4486
66839,1983,-0.1258
67204,1984,-0.2308
67570,1985,-0.3498
67935,1986,-0.2518
68300,1987,0.1841
68665,1988,-0.1673
69031,1989,-0.6280
69396,1990,-0.0166
69761,1991,-0.1663
70126,1992,-0.4375
70492,1993,-0.1680
70857,1994,-0.3128
71222,1995,0.0003
71587,1996,-0.1830
71953,1997,-0.1100
72318,1998,0.4335
72683,1999,0.0088
73048,2000,-0.1494
73414,2001,-0.0657
73779,2002,0.2816
74144,2003,0.4459
74509,2004,0.3655
74875,2005,0.6194
75240,2006,0.2495
75605,2007,0.3086
75970,2008,0.1500
76336,2009,0.4922
76701,2010,0.7977
77066,2011,0.2267
77431,2012,0.2809
77797,2013,0.4236
78162,2014,0.4117
78527,2015,0.7071
78892,2016,1.0038
79258,2017,0.6859
79623,2018,0.6682
79988,2019,0.9688
80353,2020,0.7173
80719,2021,0.7262
end data
