Conventions,G,BADC-CSV,1
title,G,Regional mean temperature for Eastern Africa
last_revised_date,G,2022-08-26
date_valid,G,2022-08-26
feature_type,G,area average
creator,G,WMO
source,G,Produced by climind version 0.1
observation_station,G,derived data
location,G,90.,-180.,-90.,180.
activity,G,WMO
history,G,"Time series created from file ['africa_subregion_4_ERA5.csv'] downloaded from ['']"
reference,G,"Hersbach H, Bell B, Berrisford P et al. 2020. The ERA5 global reanalysis. Q. J. R. Meteorol. Soc. 146: 1999– 2049. https://doi.org/10.1002/qj.3803"
rights,G,TBD
comments,G,Data produced by climind version 0.1
comments,G,Format description https://help.ceda.ac.uk/article/105-badc-csv
long_name,time,time,
type,time,int
long_name,year,year,1
type,year,int
long_name,data,africa_subregion_4,degC
type,data,float
coordinate_variable,time,t
data
time,year,data
65378,1979,-0.3114
65743,1980,-0.1356
66109,1981,-0.3553
66474,1982,-0.5440
66839,1983,-0.2938
67204,1984,-0.4187
67570,1985,-0.6786
67935,1986,-0.4828
68300,1987,0.1021
68665,1988,0.0225
69031,1989,-0.6111
69396,1990,0.1025
69761,1991,-0.0294
70126,1992,-0.4180
70492,1993,-0.0895
70857,1994,-0.1842
71222,1995,0.0017
71587,1996,-0.1970
71953,1997,-0.1176
72318,1998,0.3020
72683,1999,0.0883
73048,2000,-0.0820
73414,2001,0.0084
73779,2002,0.2601
74144,2003,0.3649
74509,2004,0.2811
74875,2005,0.5571
75240,2006,0.3023
75605,2007,0.2941
75970,2008,0.2326
76336,2009,0.7785
76701,2010,0.8040
77066,2011,0.2344
77431,2012,0.3762
77797,2013,0.4771
78162,2014,0.5201
78527,2015,0.7887
78892,2016,0.9292
79258,2017,0.8776
79623,2018,0.5167
79988,2019,0.7515
80353,2020,0.5264
80719,2021,0.7818
end data
