Conventions,G,BADC-CSV,1
title,G,Regional mean temperature for North Africa
last_revised_date,G,2022-08-29
date_valid,G,2022-08-29
feature_type,G,area average
creator,G,WMO
source,G,Produced by climind version 0.1
observation_station,G,derived data
location,G,90.,-180.,-90.,180.
activity,G,WMO
history,G,""Gridded dataset created from file ['NOAAGlobalTemp_v*.nc'] downloaded from ['https://www.ncei.noaa.gov/data/noaa-global-surface-temperature/v5/access/gridded/NOAAGlobalTemp_v.*.nc']""history,G,""Regridded to 1 degree latitude-longitude resolution""history,G,""Rebaselined to 1981-2010""history,G,""Calculated area-average""history,G,""Calculated annual average""history,G,""Wrote to file africa_subregion_1_NOAAGlobalTemp.csv""history,G,"Time series created from file ['africa_subregion_1_NOAAGlobalTemp.csv'] downloaded from ['']"
reference,G,"Huang, B., M. J. Menne, T. Boyer, E. Freeman, B. E. Gleason, J. H. Lawrimore, C. Liu, J. J. Rennie, C. Schreck, F. Sun, R. Vose, C. N. Williams, X. Yin, H.-M. Zhang, 2020: Uncertainty estimates for sea surface temperature and land surface air temperature in NOAAGlobalTemp version 5. , J. Climate, 33, 1351-1379, DOI: 10.1175/JCLI-D-19-0395.1"reference,G,"Zhang, Huai-Min, Jay H. Lawrimore, Boyin Huang, Matthew J. Menne, Xungang Yin, Ahira Sȧnchez-Lugo, Byron E. Gleason, Russell Vose, Derek Arndt, J. Jared Rennie, and Claude N. Williams. (2019) Updated Temperature Data Give a Sharper View of Climate Trends. Eos, 100, https://doi.org/10.1029/2019EO128229"
rights,G,TBD
comments,G,Data produced by climind version 0.1
comments,G,Format description https://help.ceda.ac.uk/article/105-badc-csv
long_name,time,time,
type,time,int
long_name,year,year,1
type,year,int
long_name,data,africa_subregion_1,degC
type,data,float
coordinate_variable,time,t
data
time,year,data
36524,1900,-0.8491
36889,1901,-0.5636
37254,1902,-0.5093
37619,1903,-1.2951
37984,1904,-1.0887
38350,1905,-1.0350
38715,1906,-1.0374
39080,1907,-1.7051
39445,1908,-0.8845
39811,1909,-0.8927
40176,1910,-0.9142
40541,1911,-1.3279
40906,1912,-0.8762
41272,1913,-0.7995
41637,1914,-1.0009
42002,1915,-0.7480
42367,1916,-0.8874
42733,1917,-1.0434
43098,1918,-1.4058
43463,1919,-0.8840
43828,1920,-1.1517
44194,1921,-1.3771
44559,1922,-0.8886
44924,1923,-1.3075
45289,1924,-0.5349
45655,1925,-0.9590
46020,1926,-0.5028
46385,1927,-0.5789
46750,1928,-0.8117
47116,1929,-1.0852
47481,1930,-0.5624
47846,1931,-0.2960
48211,1932,-0.9180
48577,1933,-0.8927
48942,1934,-0.9225
49307,1935,-0.7535
49672,1936,-0.6435
50038,1937,-0.3285
50403,1938,-0.9681
50768,1939,-0.7237
51133,1940,-0.6461
51499,1941,-0.5065
51864,1942,-0.4906
52229,1943,-0.9819
52594,1944,-0.8583
52960,1945,-0.7601
53325,1946,-0.6042
53690,1947,-0.1914
54055,1948,-0.9553
54421,1949,-0.8709
54786,1950,-0.9315
55151,1951,-0.5744
55516,1952,-0.5484
55882,1953,-0.9105
56247,1954,-1.0669
56612,1955,-0.0306
56977,1956,-1.0873
57343,1957,-0.9790
57708,1958,-0.2905
58073,1959,-0.9064
58438,1960,-0.3051
58804,1961,-0.7558
59169,1962,-0.4417
59534,1963,-0.3365
59899,1964,-0.7585
60265,1965,-0.9148
60630,1966,-0.3594
60995,1967,-1.1038
61360,1968,-0.7097
61726,1969,-0.3341
62091,1970,-0.5886
62456,1971,-1.0160
62821,1972,-1.0497
63187,1973,-0.7916
63552,1974,-1.0591
63917,1975,-1.0831
64282,1976,-1.2637
64648,1977,-0.4607
65013,1978,-0.6012
65378,1979,-0.2667
65743,1980,-0.4902
66109,1981,-0.3681
66474,1982,-0.7819
66839,1983,-0.5715
67204,1984,-0.7345
67570,1985,-0.3146
67935,1986,-0.5783
68300,1987,0.0673
68665,1988,-0.0881
69031,1989,-0.3190
69396,1990,0.0525
69761,1991,-0.5475
70126,1992,-0.9256
70492,1993,-0.3640
70857,1994,-0.1707
71222,1995,-0.0987
71587,1996,0.0382
71953,1997,-0.0370
72318,1998,0.3810
72683,1999,0.4765
73048,2000,0.0208
73414,2001,0.6152
73779,2002,0.4178
74144,2003,0.4145
74509,2004,0.2144
74875,2005,0.3092
75240,2006,0.4583
75605,2007,0.2886
75970,2008,0.2971
76336,2009,0.4374
76701,2010,1.4106
77066,2011,0.2112
77431,2012,0.3916
77797,2013,0.4475
78162,2014,0.7371
78527,2015,0.4079
78892,2016,0.9403
79258,2017,0.5063
79623,2018,0.7401
79988,2019,0.5026
80353,2020,0.8262
80719,2021,1.2881
end data
