Conventions,G,BADC-CSV,1
title,G,Regional mean temperature for West Africa
last_revised_date,G,2022-11-29
date_valid,G,2022-11-29
feature_type,G,area average
creator,G,WMO
source,G,Produced by climind version 0.1
observation_station,G,derived data
location,G,90.,-180.,-90.,180.
activity,G,WMO
history,G,""Data set created from file ['anl_surf125.011_tmp.202201_202212', 'anl_surf125.2022MMMM'] downloaded from ['', ''] at ['2022-11-08 14:59:36']""
history,G,""Regridded to 1 degree latitude-longitude resolution""
history,G,""Rebaselined to 1981-2010""
history,G,""Calculated area-average""
history,G,""Calculated annual average from monthly averages using arithmetic mean""
history,G,""Selected years within the range 1900 to 2022.""
history,G,""Wrote to file africa_subregion_2_JRA-55.csv""
history,G,"Data set created from file ['africa_subregion_2_JRA-55.csv'] downloaded from [''] at ['2022-11-23 19:14:50']"
reference,G,"Kobayashi, S., Ota, Y., Harada, Y., Ebita, A., Moriya, M., Onoda, H., Onogi, K., Kamahori, H., Kobayashi, C., Endo, H. and Miyaoka, K., (2015). The JRA-55 reanalysis: General specifications and basic characteristics. Journal of the Meteorological Society of Japan. Ser. II, 93(1), pp.5-48."
rights,G,TBD
comments,G,Data produced by climind version 0.1
comments,G,Format description https://help.ceda.ac.uk/article/105-badc-csv
long_name,time,time,days since 1800-01-01 00:00:00.0
type,time,int
long_name,year,year,1
type,year,int
long_name,data,africa_subregion_2,degC
type,data,float
coordinate_variable,time,t
data
time,year,data
57708,1958,-0.3717
58073,1959,-0.6384
58438,1960,-0.5172
58804,1961,-0.9053
59169,1962,-0.6601
59534,1963,-0.5890
59899,1964,-0.6854
60265,1965,-0.6849
60630,1966,-0.3299
60995,1967,-0.8663
61360,1968,-0.6253
61726,1969,0.0572
62091,1970,-0.2580
62456,1971,-0.6553
62821,1972,-0.3686
63187,1973,-0.0692
63552,1974,-0.9227
63917,1975,-0.8699
64282,1976,-0.9598
64648,1977,-0.4277
65013,1978,-0.3773
65378,1979,-0.1042
65743,1980,-0.1317
66109,1981,-0.3398
66474,1982,-0.6093
66839,1983,0.0027
67204,1984,-0.2076
67570,1985,-0.3349
67935,1986,-0.5060
68300,1987,0.4678
68665,1988,-0.1811
69031,1989,-0.4332
69396,1990,0.0378
69761,1991,-0.2875
70126,1992,-0.6563
70492,1993,-0.3169
70857,1994,-0.4957
71222,1995,-0.1594
71587,1996,0.1340
71953,1997,0.0805
72318,1998,0.5228
72683,1999,-0.1496
73048,2000,-0.0131
73414,2001,0.2152
73779,2002,0.2150
74144,2003,0.2772
74509,2004,0.2333
74875,2005,0.4834
75240,2006,0.2625
75605,2007,0.2512
75970,2008,-0.0022
76336,2009,0.4901
76701,2010,1.0191
77066,2011,0.3611
77431,2012,0.0104
77797,2013,0.2894
78162,2014,0.2645
78527,2015,0.0917
78892,2016,0.5290
79258,2017,0.3168
79623,2018,0.0457
79988,2019,0.2004
80353,2020,0.3341
80719,2021,0.6941
81084,2022,-0.0938
end data
