Conventions,G,BADC-CSV,1
title,G,Regional mean temperature for Indian Ocean
last_revised_date,G,2022-11-24
date_valid,G,2022-11-24
feature_type,G,area average
creator,G,WMO
source,G,Produced by climind version 0.1
observation_station,G,derived data
location,G,90.,-180.,-90.,180.
activity,G,WMO
history,G,""Data set created from file ['anl_surf125.011_tmp.202201_202212', 'anl_surf125.2022MMMM'] downloaded from ['', ''] at ['2022-11-08 14:59:36']""
history,G,""Regridded to 1 degree latitude-longitude resolution""
history,G,""Rebaselined to 1981-2010""
history,G,""Calculated area-average""
history,G,""Calculated annual average from monthly averages using arithmetic mean""
history,G,""Selected years within the range 1900 to 2022.""
history,G,""Wrote to file africa_subregion_6_JRA-55.csv""
history,G,"Data set created from file ['africa_subregion_6_JRA-55.csv'] downloaded from [''] at ['2022-11-23 19:14:53']"
reference,G,"Kobayashi, S., Ota, Y., Harada, Y., Ebita, A., Moriya, M., Onoda, H., Onogi, K., Kamahori, H., Kobayashi, C., Endo, H. and Miyaoka, K., (2015). The JRA-55 reanalysis: General specifications and basic characteristics. Journal of the Meteorological Society of Japan. Ser. II, 93(1), pp.5-48."
rights,G,TBD
comments,G,Data produced by climind version 0.1
comments,G,Format description https://help.ceda.ac.uk/article/105-badc-csv
long_name,time,time,days since 1800-01-01 00:00:00.0
type,time,int
long_name,year,year,1
type,year,int
long_name,data,africa_subregion_6,degC
type,data,float
coordinate_variable,time,t
data
time,year,data
57708,1958,-0.3151
58073,1959,-0.4146
58438,1960,-0.4818
58804,1961,-0.2044
59169,1962,-0.6186
59534,1963,-0.9785
59899,1964,-0.6399
60265,1965,-0.8419
60630,1966,-0.3274
60995,1967,-0.3360
61360,1968,-0.7408
61726,1969,-0.0063
62091,1970,-0.1082
62456,1971,-0.3620
62821,1972,-0.0296
63187,1973,-0.0546
63552,1974,-0.4953
63917,1975,-0.4574
64282,1976,-0.2768
64648,1977,0.0442
65013,1978,-0.0290
65378,1979,-0.3162
65743,1980,-0.1188
66109,1981,-0.1825
66474,1982,-0.3053
66839,1983,0.1098
67204,1984,-0.5283
67570,1985,-0.5084
67935,1986,-0.6109
68300,1987,0.1691
68665,1988,0.1607
69031,1989,-0.3204
69396,1990,-0.0525
69761,1991,-0.2012
70126,1992,-0.2577
70492,1993,-0.2260
70857,1994,-0.1187
71222,1995,0.0657
71587,1996,-0.0851
71953,1997,-0.0508
72318,1998,0.2581
72683,1999,-0.1098
73048,2000,-0.1367
73414,2001,0.1397
73779,2002,0.1504
74144,2003,0.2627
74509,2004,0.1503
74875,2005,0.3628
75240,2006,0.3082
75605,2007,0.3102
75970,2008,0.0470
76336,2009,0.4852
76701,2010,0.7142
77066,2011,0.4693
77431,2012,0.2450
77797,2013,0.2715
78162,2014,0.5591
78527,2015,0.5210
78892,2016,0.4690
79258,2017,0.4791
79623,2018,0.3895
79988,2019,0.8872
80353,2020,0.6169
80719,2021,0.6110
81084,2022,0.2732
end data
