Conventions,G,BADC-CSV,1
title,G,Regional mean temperature for Southern Africa
last_revised_date,G,2022-11-29
date_valid,G,2022-11-29
feature_type,G,area average
creator,G,WMO
source,G,Produced by climind version 0.1
observation_station,G,derived data
location,G,90.,-180.,-90.,180.
activity,G,WMO
history,G,""Data set created from file ['anl_surf125.011_tmp.202201_202212', 'anl_surf125.2022MMMM'] downloaded from ['', ''] at ['2022-11-08 14:59:36']""
history,G,""Regridded to 1 degree latitude-longitude resolution""
history,G,""Rebaselined to 1981-2010""
history,G,""Calculated area-average""
history,G,""Calculated annual average from monthly averages using arithmetic mean""
history,G,""Selected years within the range 1900 to 2022.""
history,G,""Wrote to file africa_subregion_5_JRA-55.csv""
history,G,"Data set created from file ['africa_subregion_5_JRA-55.csv'] downloaded from [''] at ['2022-11-23 19:14:52']"
reference,G,"Kobayashi, S., Ota, Y., Harada, Y., Ebita, A., Moriya, M., Onoda, H., Onogi, K., Kamahori, H., Kobayashi, C., Endo, H. and Miyaoka, K., (2015). The JRA-55 reanalysis: General specifications and basic characteristics. Journal of the Meteorological Society of Japan. Ser. II, 93(1), pp.5-48."
rights,G,TBD
comments,G,Data produced by climind version 0.1
comments,G,Format description https://help.ceda.ac.uk/article/105-badc-csv
long_name,time,time,days since 1800-01-01 00:00:00.0
type,time,int
long_name,year,year,1
type,year,int
long_name,data,africa_subregion_5,degC
type,data,float
coordinate_variable,time,t
data
time,year,data
57708,1958,-0.3483
58073,1959,-0.3540
58438,1960,-0.3894
58804,1961,-0.3765
59169,1962,-0.3384
59534,1963,-0.7629
59899,1964,-0.6360
60265,1965,-0.3501
60630,1966,-0.2048
60995,1967,-0.6583
61360,1968,-0.4064
61726,1969,0.0298
62091,1970,-0.1129
62456,1971,-0.5234
62821,1972,-0.4128
63187,1973,-0.1830
63552,1974,-1.1632
63917,1975,-0.7078
64282,1976,-1.0923
64648,1977,-0.2427
65013,1978,-0.5999
65378,1979,-0.3112
65743,1980,-0.1636
66109,1981,-0.5215
66474,1982,-0.1474
66839,1983,0.4161
67204,1984,-0.0956
67570,1985,-0.2327
67935,1986,-0.2527
68300,1987,0.4897
68665,1988,-0.0960
69031,1989,-0.3653
69396,1990,0.0156
69761,1991,-0.2766
70126,1992,0.3216
70492,1993,0.0626
70857,1994,-0.1393
71222,1995,0.3828
71587,1996,-0.1762
71953,1997,-0.1357
72318,1998,0.4803
72683,1999,0.0861
73048,2000,-0.2920
73414,2001,-0.0645
73779,2002,0.1580
74144,2003,0.2650
74509,2004,-0.0875
74875,2005,0.4815
75240,2006,-0.4205
75605,2007,0.0507
75970,2008,-0.1097
76336,2009,-0.1140
76701,2010,0.3170
77066,2011,-0.2801
77431,2012,0.0424
77797,2013,0.3293
78162,2014,0.0754
78527,2015,0.7710
78892,2016,0.8778
79258,2017,0.2212
79623,2018,0.5566
79988,2019,1.0972
80353,2020,0.4514
80719,2021,0.1576
81084,2022,0.1645
end data
