Conventions,G,BADC-CSV,1
title,G,Regional mean temperature for Caribbean
last_revised_date,G,2022-12-16
date_valid,G,2022-12-16
feature_type,G,area average
creator,G,WMO
source,G,Produced by climind version 0.1
observation_station,G,derived data
location,G,90.,-180.,-90.,180.
activity,G,WMO
history,G,""Data set created from file ['anl_surf125.011_tmp.202201_202212', 'anl_surf125.2022MMMM'] downloaded from ['', ''] at ['2022-12-16 08:42:20']""
history,G,""Regridded to 1 degree latitude-longitude resolution""
history,G,""Rebaselined to 1991-2020""
history,G,""Calculated area-average""
history,G,""Calculated annual average from monthly averages using arithmetic mean""
history,G,""Selected years within the range 1900 to 2022.""
history,G,""Wrote to file lac_subregion_3_JRA-55.csv""
history,G,"Data set created from file ['lac_subregion_3_JRA-55.csv'] downloaded from [''] at ['2022-12-16 17:53:06']"
reference,G,"Kobayashi, S., Ota, Y., Harada, Y., Ebita, A., Moriya, M., Onoda, H., Onogi, K., Kamahori, H., Kobayashi, C., Endo, H. and Miyaoka, K., (2015). The JRA-55 reanalysis: General specifications and basic characteristics. Journal of the Meteorological Society of Japan. Ser. II, 93(1), pp.5-48."
rights,G,TBD
comments,G,Data produced by climind version 0.1
comments,G,Format description https://help.ceda.ac.uk/article/105-badc-csv
long_name,time,time,days since 1800-01-01 00:00:00.0
type,time,int
long_name,year,year,1
type,year,int
long_name,data,lac_subregion_3,degC
type,data,float
coordinate_variable,time,t
data
time,year,data
57708,1958,0.2208
58073,1959,-0.0098
58438,1960,-0.1293
58804,1961,-0.1995
59169,1962,-0.3283
59534,1963,-0.1215
59899,1964,-0.2261
60265,1965,-0.2678
60630,1966,-0.2323
60995,1967,-0.5354
61360,1968,-0.5843
61726,1969,-0.0306
62091,1970,-0.2974
62456,1971,-0.5849
62821,1972,-0.2657
63187,1973,-0.1686
63552,1974,-0.5921
63917,1975,-0.6865
64282,1976,-0.6652
64648,1977,-0.2315
65013,1978,-0.2872
65378,1979,-0.1846
65743,1980,-0.1191
66109,1981,-0.2825
66474,1982,-0.1646
66839,1983,-0.0263
67204,1984,-0.6154
67570,1985,-0.5682
67935,1986,-0.5696
68300,1987,-0.0171
68665,1988,-0.3062
69031,1989,-0.5943
69396,1990,-0.1771
69761,1991,-0.3124
70126,1992,-0.3486
70492,1993,-0.3573
70857,1994,-0.3357
71222,1995,-0.0863
71587,1996,-0.3016
71953,1997,0.0255
72318,1998,0.4017
72683,1999,-0.3844
73048,2000,-0.4535
73414,2001,-0.1868
73779,2002,0.0425
74144,2003,0.1496
74509,2004,-0.0036
74875,2005,0.1217
75240,2006,0.0135
75605,2007,-0.0908
75970,2008,-0.1842
76336,2009,0.0922
76701,2010,0.1666
77066,2011,-0.1041
77431,2012,-0.0008
77797,2013,0.1030
78162,2014,0.1315
78527,2015,0.4476
78892,2016,0.4508
79258,2017,0.1289
79623,2018,-0.0469
79988,2019,0.4078
80353,2020,0.5145
80719,2021,-0.0088
81084,2022,-0.1239
end data
