Conventions,G,BADC-CSV,1
title,G,Regional mean temperature for Mexico
last_revised_date,G,2022-12-16
date_valid,G,2022-12-16
feature_type,G,area average
creator,G,WMO
source,G,Produced by climind version 0.1
observation_station,G,derived data
location,G,90.,-180.,-90.,180.
activity,G,WMO
history,G,""Data set created from file ['NOAAGlobalTemp_v*.nc'] downloaded from ['https://www.ncei.noaa.gov/data/noaa-global-surface-temperature/v5/access/gridded/NOAAGlobalTemp_v.*.nc'] at ['2022-12-16 09:24:29']""
history,G,""Data set created from file ['NOAAGlobalTemp_v*.nc'] downloaded from ['https://www.ncei.noaa.gov/data/noaa-global-surface-temperature/v5/access/gridded/NOAAGlobalTemp_v.*.nc'] at ['2022-12-16 09:24:29']""
history,G,""Regridded to 1 degree latitude-longitude resolution""
history,G,""Rebaselined to 1991-2020""
history,G,""Calculated area-average""
history,G,""Calculated annual average from monthly averages using arithmetic mean""
history,G,""Selected years within the range 1900 to 2022.""
history,G,""Wrote to file lac_subregion_2_NOAAGlobalTemp.csv""
history,G,"Data set created from file ['lac_subregion_2_NOAAGlobalTemp.csv'] downloaded from [''] at ['2022-12-16 17:53:31']"
reference,G,"Huang, B., M. J. Menne, T. Boyer, E. Freeman, B. E. Gleason, J. H. Lawrimore, C. Liu, J. J. Rennie, C. Schreck, F. Sun, R. Vose, C. N. Williams, X. Yin, H.-M. Zhang, 2020: Uncertainty estimates for sea surface temperature and land surface air temperature in NOAAGlobalTemp version 5. , J. Climate, 33, 1351-1379, DOI: 10.1175/JCLI-D-19-0395.1"
reference,G,"Zhang, Huai-Min, Jay H. Lawrimore, Boyin Huang, Matthew J. Menne, Xungang Yin, Ahira Sȧnchez-Lugo, Byron E. Gleason, Russell Vose, Derek Arndt, J. Jared Rennie, and Claude N. Williams. (2019) Updated Temperature Data Give a Sharper View of Climate Trends. Eos, 100, https://doi.org/10.1029/2019EO128229"
rights,G,TBD
comments,G,Data produced by climind version 0.1
comments,G,Format description https://help.ceda.ac.uk/article/105-badc-csv
long_name,time,time,days since 1800-01-01 00:00:00.0
type,time,int
long_name,year,year,1
type,year,int
long_name,data,lac_subregion_2,degC
type,data,float
coordinate_variable,time,t
data
time,year,data
36524,1900,-0.6367
36889,1901,-0.8597
37254,1902,-0.6651
37619,1903,-1.1847
37984,1904,-0.8359
38350,1905,-1.0681
38715,1906,-1.0433
39080,1907,-0.6290
39445,1908,-0.7839
39811,1909,-0.8497
40176,1910,-0.8687
40541,1911,-0.5263
40906,1912,-1.2461
41272,1913,-1.3322
41637,1914,-0.9965
42002,1915,-1.0081
42367,1916,-0.8542
42733,1917,-1.1463
43098,1918,-0.9041
43463,1919,-1.1140
43828,1920,-1.1223
44194,1921,-0.4774
44559,1922,-0.5686
44924,1923,-0.8087
45289,1924,-0.9745
45655,1925,-0.5287
46020,1926,-0.7415
46385,1927,-0.2863
46750,1928,-0.7176
47116,1929,-0.8420
47481,1930,-0.7410
47846,1931,-0.6551
48211,1932,-0.7235
48577,1933,-0.4287
48942,1934,-0.2536
49307,1935,-0.6666
49672,1936,-0.6154
50038,1937,-0.5323
50403,1938,-0.4906
50768,1939,-0.4443
51133,1940,-0.7023
51499,1941,-0.4941
51864,1942,-0.6270
52229,1943,-0.5086
52594,1944,-0.7426
52960,1945,-0.5210
53325,1946,-0.3996
53690,1947,-0.7614
54055,1948,-0.5918
54421,1949,-0.6503
54786,1950,-0.4123
55151,1951,-0.4287
55516,1952,-0.5115
55882,1953,-0.3262
56247,1954,-0.1678
56612,1955,-0.6647
56977,1956,-0.4285
57343,1957,-0.2711
57708,1958,-0.4988
58073,1959,-0.4950
58438,1960,-0.7147
58804,1961,-0.7584
59169,1962,-0.4209
59534,1963,-0.4335
59899,1964,-0.7681
60265,1965,-0.5344
60630,1966,-0.8789
60995,1967,-0.6971
61360,1968,-1.0644
61726,1969,-0.5395
62091,1970,-0.8825
62456,1971,-0.7696
62821,1972,-0.4330
63187,1973,-0.8379
63552,1974,-0.7000
63917,1975,-0.9812
64282,1976,-1.1285
64648,1977,-0.4386
65013,1978,-0.6718
65378,1979,-0.9387
65743,1980,-0.3567
66109,1981,-0.4606
66474,1982,-0.3849
66839,1983,-0.6077
67204,1984,-0.6408
67570,1985,-0.6572
67935,1986,-0.3601
68300,1987,-0.6390
68665,1988,-0.6493
69031,1989,-0.4948
69396,1990,-0.2089
69761,1991,-0.4324
70126,1992,-0.4972
70492,1993,-0.4973
70857,1994,-0.1387
71222,1995,-0.1369
71587,1996,-0.2760
71953,1997,-0.3813
72318,1998,0.1951
72683,1999,-0.1426
73048,2000,-0.1059
73414,2001,-0.2532
73779,2002,-0.1442
74144,2003,-0.0140
74509,2004,-0.1953
74875,2005,0.0548
75240,2006,0.2044
75605,2007,-0.1879
75970,2008,-0.2485
76336,2009,0.0079
76701,2010,-0.3545
77066,2011,0.1690
77431,2012,0.4381
77797,2013,-0.2150
78162,2014,0.0347
78527,2015,0.4402
78892,2016,0.6442
79258,2017,0.6961
79623,2018,0.3634
79988,2019,0.3308
80353,2020,0.6423
80719,2021,0.3039
81084,2022,0.2157
end data
