Conventions,G,BADC-CSV,1
title,G,Regional mean temperature for Caribbean
last_revised_date,G,2022-12-16
date_valid,G,2022-12-16
feature_type,G,area average
creator,G,WMO
source,G,Produced by climind version 0.1
observation_station,G,derived data
location,G,90.,-180.,-90.,180.
activity,G,WMO
history,G,""Data set created from file ['NOAAGlobalTemp_v*.nc'] downloaded from ['https://www.ncei.noaa.gov/data/noaa-global-surface-temperature/v5/access/gridded/NOAAGlobalTemp_v.*.nc'] at ['2022-12-16 09:24:29']""
history,G,""Data set created from file ['NOAAGlobalTemp_v*.nc'] downloaded from ['https://www.ncei.noaa.gov/data/noaa-global-surface-temperature/v5/access/gridded/NOAAGlobalTemp_v.*.nc'] at ['2022-12-16 09:24:29']""
history,G,""Regridded to 1 degree latitude-longitude resolution""
history,G,""Rebaselined to 1991-2020""
history,G,""Calculated area-average""
history,G,""Calculated annual average from monthly averages using arithmetic mean""
history,G,""Selected years within the range 1900 to 2022.""
history,G,""Wrote to file lac_subregion_3_NOAAGlobalTemp.csv""
history,G,"Data set created from file ['lac_subregion_3_NOAAGlobalTemp.csv'] downloaded from [''] at ['2022-12-16 17:53:33']"
reference,G,"Huang, B., M. J. Menne, T. Boyer, E. Freeman, B. E. Gleason, J. H. Lawrimore, C. Liu, J. J. Rennie, C. Schreck, F. Sun, R. Vose, C. N. Williams, X. Yin, H.-M. Zhang, 2020: Uncertainty estimates for sea surface temperature and land surface air temperature in NOAAGlobalTemp version 5. , J. Climate, 33, 1351-1379, DOI: 10.1175/JCLI-D-19-0395.1"
reference,G,"Zhang, Huai-Min, Jay H. Lawrimore, Boyin Huang, Matthew J. Menne, Xungang Yin, Ahira Sȧnchez-Lugo, Byron E. Gleason, Russell Vose, Derek Arndt, J. Jared Rennie, and Claude N. Williams. (2019) Updated Temperature Data Give a Sharper View of Climate Trends. Eos, 100, https://doi.org/10.1029/2019EO128229"
rights,G,TBD
comments,G,Data produced by climind version 0.1
comments,G,Format description https://help.ceda.ac.uk/article/105-badc-csv
long_name,time,time,days since 1800-01-01 00:00:00.0
type,time,int
long_name,year,year,1
type,year,int
long_name,data,lac_subregion_3,degC
type,data,float
coordinate_variable,time,t
data
time,year,data
36524,1900,-0.6307
36889,1901,-0.6330
37254,1902,-0.6974
37619,1903,-0.7739
37984,1904,-0.9504
38350,1905,-0.8309
38715,1906,-0.8907
39080,1907,-1.1840
39445,1908,-0.9415
39811,1909,-1.0640
40176,1910,-1.1498
40541,1911,-1.0591
40906,1912,-0.9678
41272,1913,-1.1387
41637,1914,-1.0067
42002,1915,-0.5789
42367,1916,-0.9957
42733,1917,-1.3545
43098,1918,-1.0580
43463,1919,-0.8548
43828,1920,-1.0529
44194,1921,-1.1123
44559,1922,-1.0846
44924,1923,-1.1395
45289,1924,-1.0109
45655,1925,-1.0244
46020,1926,-0.6701
46385,1927,-0.8456
46750,1928,-0.8776
47116,1929,-0.9817
47481,1930,-0.7790
47846,1931,-0.5079
48211,1932,-0.6027
48577,1933,-0.8343
48942,1934,-0.8862
49307,1935,-0.8634
49672,1936,-0.5781
50038,1937,-0.4934
50403,1938,-0.8847
50768,1939,-0.7322
51133,1940,-0.3693
51499,1941,-0.1679
51864,1942,-0.4978
52229,1943,-0.7465
52594,1944,-0.5764
52960,1945,-0.6744
53325,1946,-0.6967
53690,1947,-0.6146
54055,1948,-0.6884
54421,1949,-0.8192
54786,1950,-1.1164
55151,1951,-0.6155
55516,1952,-0.5046
55882,1953,-0.4728
56247,1954,-0.8209
56612,1955,-0.7685
56977,1956,-0.8589
57343,1957,-0.4778
57708,1958,-0.1625
58073,1959,-0.4806
58438,1960,-0.4001
58804,1961,-0.4804
59169,1962,-0.5479
59534,1963,-0.4754
59899,1964,-0.5582
60265,1965,-0.5835
60630,1966,-0.4450
60995,1967,-0.7371
61360,1968,-0.6951
61726,1969,-0.1124
62091,1970,-0.5257
62456,1971,-0.8465
62821,1972,-0.5768
63187,1973,-0.3914
63552,1974,-0.8855
63917,1975,-0.8441
64282,1976,-0.8636
64648,1977,-0.4309
65013,1978,-0.4784
65378,1979,-0.4337
65743,1980,-0.3159
66109,1981,-0.4489
66474,1982,-0.4974
66839,1983,-0.1058
67204,1984,-0.6869
67570,1985,-0.7418
67935,1986,-0.6207
68300,1987,-0.0588
68665,1988,-0.4575
69031,1989,-0.6686
69396,1990,-0.3920
69761,1991,-0.3710
70126,1992,-0.3183
70492,1993,-0.3278
70857,1994,-0.4549
71222,1995,-0.1284
71587,1996,-0.4183
71953,1997,-0.1390
72318,1998,0.2448
72683,1999,-0.3448
73048,2000,-0.4466
73414,2001,-0.1878
73779,2002,-0.0611
74144,2003,0.0715
74509,2004,-0.1038
74875,2005,0.0725
75240,2006,0.0218
75605,2007,-0.0097
75970,2008,-0.1246
76336,2009,0.0627
76701,2010,0.3455
77066,2011,-0.0581
77431,2012,-0.0044
77797,2013,0.1231
78162,2014,0.2280
78527,2015,0.5009
78892,2016,0.5571
79258,2017,0.2500
79623,2018,0.1290
79988,2019,0.3492
80353,2020,0.5426
80719,2021,0.2479
81084,2022,0.0998
end data
