Conventions,G,BADC-CSV,1
title,G,Regional mean temperature for Mexico
last_revised_date,G,2022-12-16
date_valid,G,2022-12-16
feature_type,G,area average
creator,G,WMO
source,G,Produced by climind version 0.1
observation_station,G,derived data
location,G,90.,-180.,-90.,180.
activity,G,WMO
history,G,""Data set created from file ['anl_surf125.011_tmp.202201_202212', 'anl_surf125.2022MMMM'] downloaded from ['', ''] at ['2022-12-16 08:42:20']""
history,G,""Regridded to 1 degree latitude-longitude resolution""
history,G,""Rebaselined to 1991-2020""
history,G,""Calculated area-average""
history,G,""Calculated annual average from monthly averages using arithmetic mean""
history,G,""Selected years within the range 1900 to 2022.""
history,G,""Wrote to file lac_subregion_2_JRA-55.csv""
history,G,"Data set created from file ['lac_subregion_2_JRA-55.csv'] downloaded from [''] at ['2022-12-16 17:53:05']"
reference,G,"Kobayashi, S., Ota, Y., Harada, Y., Ebita, A., Moriya, M., Onoda, H., Onogi, K., Kamahori, H., Kobayashi, C., Endo, H. and Miyaoka, K., (2015). The JRA-55 reanalysis: General specifications and basic characteristics. Journal of the Meteorological Society of Japan. Ser. II, 93(1), pp.5-48."
rights,G,TBD
comments,G,Data produced by climind version 0.1
comments,G,Format description https://help.ceda.ac.uk/article/105-badc-csv
long_name,time,time,days since 1800-01-01 00:00:00.0
type,time,int
long_name,year,year,1
type,year,int
long_name,data,lac_subregion_2,degC
type,data,float
coordinate_variable,time,t
data
time,year,data
57708,1958,-0.7723
58073,1959,-0.6919
58438,1960,-1.0349
58804,1961,-1.0848
59169,1962,-0.6705
59534,1963,-0.7075
59899,1964,-0.9619
60265,1965,-0.8029
60630,1966,-1.2163
60995,1967,-0.6801
61360,1968,-1.1450
61726,1969,-0.5327
62091,1970,-0.8142
62456,1971,-0.6757
62821,1972,-0.4219
63187,1973,-0.9254
63552,1974,-0.7549
63917,1975,-1.0329
64282,1976,-1.3592
64648,1977,-0.5919
65013,1978,-0.8748
65378,1979,-0.9436
65743,1980,-0.4392
66109,1981,-0.6241
66474,1982,-0.4550
66839,1983,-0.8640
67204,1984,-0.8669
67570,1985,-0.8127
67935,1986,-0.5312
68300,1987,-0.8371
68665,1988,-0.6953
69031,1989,-0.5480
69396,1990,-0.2861
69761,1991,-0.5495
70126,1992,-0.7530
70492,1993,-0.5547
70857,1994,-0.0991
71222,1995,-0.0987
71587,1996,-0.3423
71953,1997,-0.5603
72318,1998,0.1752
72683,1999,-0.1839
73048,2000,-0.1148
73414,2001,-0.3211
73779,2002,-0.2399
74144,2003,-0.0355
74509,2004,-0.3298
74875,2005,0.0232
75240,2006,0.1735
75605,2007,-0.2398
75970,2008,-0.2141
76336,2009,0.1382
76701,2010,-0.2848
77066,2011,0.4136
77431,2012,0.6448
77797,2013,-0.0033
78162,2014,0.1824
78527,2015,0.4569
78892,2016,0.7152
79258,2017,0.6686
79623,2018,0.2590
79988,2019,0.3708
80353,2020,0.7033
80719,2021,0.3812
81084,2022,0.1900
end data
