Conventions,G,BADC-CSV,1
title,G,Regional mean temperature for WMO RA 1 Africa
last_revised_date,G,2022-09-02
date_valid,G,2022-09-02
feature_type,G,area average
creator,G,WMO
source,G,Produced by climind version 0.1
observation_station,G,derived data
location,G,90.,-180.,-90.,180.
activity,G,WMO
history,G,""Data set created from file ['NOAAGlobalTemp_v*.nc'] downloaded from ['https://www.ncei.noaa.gov/data/noaa-global-surface-temperature/v5/access/gridded/NOAAGlobalTemp_v.*.nc'] at ['2022-08-23 10:32:43']""
history,G,""Data set created from file ['NOAAGlobalTemp_v*.nc'] downloaded from ['https://www.ncei.noaa.gov/data/noaa-global-surface-temperature/v5/access/gridded/NOAAGlobalTemp_v.*.nc'] at ['2022-08-23 10:32:43']""
history,G,""Regridded to 1 degree latitude-longitude resolution""
history,G,""Rebaselined to 1981-2010""
history,G,""Calculated area-average""
history,G,""Calculated annual average from monthly averages using arithmetic mean""
history,G,""Selected year range 1900 to 2021""
history,G,""Wrote to file wmo_ra_1_NOAAGlobalTemp.csv""
history,G,"Data set created from file ['wmo_ra_1_NOAAGlobalTemp.csv'] downloaded from [''] at ['2022-09-01 17:56:50']"
reference,G,"Huang, B., M. J. Menne, T. Boyer, E. Freeman, B. E. Gleason, J. H. Lawrimore, C. Liu, J. J. Rennie, C. Schreck, F. Sun, R. Vose, C. N. Williams, X. Yin, H.-M. Zhang, 2020: Uncertainty estimates for sea surface temperature and land surface air temperature in NOAAGlobalTemp version 5. , J. Climate, 33, 1351-1379, DOI: 10.1175/JCLI-D-19-0395.1"
reference,G,"Zhang, Huai-Min, Jay H. Lawrimore, Boyin Huang, Matthew J. Menne, Xungang Yin, Ahira Sȧnchez-Lugo, Byron E. Gleason, Russell Vose, Derek Arndt, J. Jared Rennie, and Claude N. Williams. (2019) Updated Temperature Data Give a Sharper View of Climate Trends. Eos, 100, https://doi.org/10.1029/2019EO128229"
rights,G,TBD
comments,G,Data produced by climind version 0.1
comments,G,Format description https://help.ceda.ac.uk/article/105-badc-csv
long_name,time,time,
type,time,int
long_name,year,year,1
type,year,int
long_name,data,wmo_ra_1,degC
type,data,float
coordinate_variable,time,t
data
time,year,data
36524,1900,-0.6771
36889,1901,-0.7635
37254,1902,-0.6895
37619,1903,-1.0237
37984,1904,-1.0994
38350,1905,-0.8830
38715,1906,-0.9635
39080,1907,-1.2353
39445,1908,-0.8620
39811,1909,-0.8714
40176,1910,-0.9446
40541,1911,-1.1711
40906,1912,-0.8020
41272,1913,-0.6876
41637,1914,-0.6386
42002,1915,-0.6344
42367,1916,-0.9937
42733,1917,-1.0492
43098,1918,-1.2214
43463,1919,-0.6943
43828,1920,-0.9523
44194,1921,-1.0016
44559,1922,-0.7567
44924,1923,-0.9550
45289,1924,-0.6477
45655,1925,-0.8397
46020,1926,-0.5225
46385,1927,-0.6273
46750,1928,-0.5964
47116,1929,-0.8209
47481,1930,-0.7180
47846,1931,-0.2875
48211,1932,-0.6880
48577,1933,-0.5793
48942,1934,-0.6569
49307,1935,-0.7362
49672,1936,-0.6578
50038,1937,-0.5179
50403,1938,-0.6454
50768,1939,-0.6906
51133,1940,-0.4508
51499,1941,-0.1889
51864,1942,-0.3676
52229,1943,-0.8214
52594,1944,-0.5845
52960,1945,-0.6564
53325,1946,-0.6220
53690,1947,-0.4320
54055,1948,-0.8198
54421,1949,-0.5774
54786,1950,-0.8612
55151,1951,-0.7009
55516,1952,-0.5676
55882,1953,-0.7400
56247,1954,-0.8525
56612,1955,-0.6768
56977,1956,-0.9323
57343,1957,-0.7134
57708,1958,-0.3693
58073,1959,-0.6435
58438,1960,-0.4909
58804,1961,-0.7267
59169,1962,-0.5637
59534,1963,-0.4999
59899,1964,-0.8153
60265,1965,-0.8190
60630,1966,-0.4406
60995,1967,-0.8575
61360,1968,-0.7726
61726,1969,-0.2488
62091,1970,-0.4368
62456,1971,-0.7959
62821,1972,-0.5738
63187,1973,-0.2919
63552,1974,-0.8424
63917,1975,-0.7961
64282,1976,-0.8163
64648,1977,-0.4192
65013,1978,-0.4734
65378,1979,-0.2147
65743,1980,-0.2369
66109,1981,-0.4435
66474,1982,-0.4886
66839,1983,-0.1424
67204,1984,-0.3242
67570,1985,-0.3311
67935,1986,-0.3564
68300,1987,0.2056
68665,1988,-0.1298
69031,1989,-0.4947
69396,1990,-0.0113
69761,1991,-0.2716
70126,1992,-0.4246
70492,1993,-0.1527
70857,1994,-0.2608
71222,1995,-0.0057
71587,1996,-0.0710
71953,1997,-0.0683
72318,1998,0.3677
72683,1999,0.1084
73048,2000,-0.0986
73414,2001,0.1230
73779,2002,0.2828
74144,2003,0.3629
74509,2004,0.2601
74875,2005,0.4715
75240,2006,0.2388
75605,2007,0.2477
75970,2008,0.1528
76336,2009,0.4068
76701,2010,0.8467
77066,2011,0.2362
77431,2012,0.2743
77797,2013,0.3780
78162,2014,0.4316
78527,2015,0.6168
78892,2016,0.8947
79258,2017,0.5918
79623,2018,0.5939
79988,2019,0.7579
80353,2020,0.6459
80719,2021,0.7661
end data
