Conventions,G,BADC-CSV,1
title,G,Regional mean temperature for WMO RA 1 Africa
last_revised_date,G,2022-11-29
date_valid,G,2022-11-29
feature_type,G,area average
creator,G,WMO
source,G,Produced by climind version 0.1
observation_station,G,derived data
location,G,90.,-180.,-90.,180.
activity,G,WMO
history,G,""Data set created from file ['anl_surf125.011_tmp.202201_202212', 'anl_surf125.2022MMMM'] downloaded from ['', ''] at ['2022-11-08 14:59:36']""
history,G,""Regridded to 1 degree latitude-longitude resolution""
history,G,""Rebaselined to 1981-2010""
history,G,""Calculated area-average""
history,G,""Calculated annual average from monthly averages using arithmetic mean""
history,G,""Selected years within the range 1900 to 2022.""
history,G,""Wrote to file wmo_ra_1_JRA-55.csv""
history,G,"Data set created from file ['wmo_ra_1_JRA-55.csv'] downloaded from [''] at ['2022-11-23 19:14:45']"
reference,G,"Kobayashi, S., Ota, Y., Harada, Y., Ebita, A., Moriya, M., Onoda, H., Onogi, K., Kamahori, H., Kobayashi, C., Endo, H. and Miyaoka, K., (2015). The JRA-55 reanalysis: General specifications and basic characteristics. Journal of the Meteorological Society of Japan. Ser. II, 93(1), pp.5-48."
rights,G,TBD
comments,G,Data produced by climind version 0.1
comments,G,Format description https://help.ceda.ac.uk/article/105-badc-csv
long_name,time,time,days since 1800-01-01 00:00:00.0
type,time,int
long_name,year,year,1
type,year,int
long_name,data,wmo_ra_1,degC
type,data,float
coordinate_variable,time,t
data
time,year,data
57708,1958,-0.3102
58073,1959,-0.4926
58438,1960,-0.3253
58804,1961,-0.7324
59169,1962,-0.5680
59534,1963,-0.5494
59899,1964,-0.6774
60265,1965,-0.6127
60630,1966,-0.3708
60995,1967,-0.8340
61360,1968,-0.6831
61726,1969,-0.1220
62091,1970,-0.4070
62456,1971,-0.7908
62821,1972,-0.5144
63187,1973,-0.2804
63552,1974,-0.9715
63917,1975,-0.8632
64282,1976,-0.8910
64648,1977,-0.4905
65013,1978,-0.5327
65378,1979,-0.2453
65743,1980,-0.2424
66109,1981,-0.3841
66474,1982,-0.5034
66839,1983,-0.1053
67204,1984,-0.3268
67570,1985,-0.3893
67935,1986,-0.4489
68300,1987,0.2440
68665,1988,-0.0228
69031,1989,-0.3940
69396,1990,0.0717
69761,1991,-0.2611
70126,1992,-0.4243
70492,1993,-0.1830
70857,1994,-0.2090
71222,1995,0.1209
71587,1996,-0.0113
71953,1997,0.0136
72318,1998,0.4808
72683,1999,0.1404
73048,2000,-0.1040
73414,2001,0.1994
73779,2002,0.2483
74144,2003,0.3078
74509,2004,0.1058
74875,2005,0.4102
75240,2006,0.0807
75605,2007,0.1463
75970,2008,0.0351
76336,2009,0.3221
76701,2010,0.8400
77066,2011,0.1405
77431,2012,0.1553
77797,2013,0.3938
78162,2014,0.3627
78527,2015,0.4234
78892,2016,0.7626
79258,2017,0.3637
79623,2018,0.3910
79988,2019,0.5320
80353,2020,0.4444
80719,2021,0.5830
81084,2022,0.2465
end data
