Conventions,G,BADC-CSV,1
title,G,Regional mean temperature for WMO RA 5 South-West Pacific
last_revised_date,G,2022-12-16
date_valid,G,2022-12-16
feature_type,G,area average
creator,G,WMO
source,G,Produced by climind version 0.1
observation_station,G,derived data
location,G,90.,-180.,-90.,180.
activity,G,WMO
history,G,""Gridded dataset created from file ['era5_2m_tas_2022.nc'] downloaded from ['']""
history,G,""Regridded to 1 degree latitude-longitude resolution""
history,G,""Rebaselined to 1991-2020""
history,G,""Calculated area-average""
history,G,""Calculated annual average from monthly averages using arithmetic mean""
history,G,""Selected years within the range 1900 to 2022.""
history,G,""Wrote to file wmo_ra_5_ERA5.csv""
history,G,"Data set created from file ['wmo_ra_5_ERA5.csv'] downloaded from [''] at ['2022-12-16 17:51:53']"
reference,G,"Hersbach H, Bell B, Berrisford P et al. 2020. The ERA5 global reanalysis. Q. J. R. Meteorol. Soc. 146: 1999-2049. https://doi.org/10.1002/qj.3803"
rights,G,TBD
comments,G,Data produced by climind version 0.1
comments,G,Format description https://help.ceda.ac.uk/article/105-badc-csv
long_name,time,time,days since 1800-01-01 00:00:00.0
type,time,int
long_name,year,year,1
type,year,int
long_name,data,wmo_ra_5,degC
type,data,float
coordinate_variable,time,t
data
time,year,data
65378,1979,-0.2115
65743,1980,0.0935
66109,1981,-0.2549
66474,1982,-0.4058
66839,1983,-0.1382
67204,1984,-0.7389
67570,1985,-0.3151
67935,1986,-0.2711
68300,1987,-0.2254
68665,1988,0.1520
69031,1989,-0.4638
69396,1990,-0.0296
69761,1991,-0.0133
70126,1992,-0.5085
70492,1993,-0.2657
70857,1994,-0.2156
71222,1995,-0.3787
71587,1996,-0.0440
71953,1997,-0.2320
72318,1998,0.3076
72683,1999,-0.3565
73048,2000,-0.6821
73414,2001,-0.5339
73779,2002,0.0921
74144,2003,0.0183
74509,2004,-0.0994
74875,2005,0.4099
75240,2006,-0.1023
75605,2007,0.0742
75970,2008,-0.1553
76336,2009,0.2470
76701,2010,-0.2015
77066,2011,-0.5848
77431,2012,-0.2975
77797,2013,0.5724
78162,2014,0.3455
78527,2015,0.3047
78892,2016,0.3486
79258,2017,0.3076
79623,2018,0.4053
79988,2019,0.7949
80353,2020,0.4432
80719,2021,-0.0262
81084,2022,-0.0523
end data
