Conventions,G,BADC-CSV,1
title,G,Regional mean temperature for WMO RA 5 South-West Pacific
last_revised_date,G,2023-11-02
date_valid,G,2023-11-02
feature_type,G,area average
creator,G,WMO
source,G,Produced by climind version 1.0
observation_station,G,derived data
location,G,90.,-180.,-90.,180.
rights,G,TBD
activity,G,WMO
comments,G,Format description https://help.ceda.ac.uk/article/105-badc-csv
history,wmo_ra_5_Berkeley_Earth,""Data set created from file ['Land_and_Ocean_LatLong1.nc'] downloaded from ['https://berkeley-earth-temperature.s3.us-west-1.amazonaws.com/Global/Gridded/Land_and_Ocean_LatLong1.nc'] at ['2023-10-31 16:14:45']""
history,wmo_ra_5_Berkeley_Earth,""Rebaselined to 1991-2020""
history,wmo_ra_5_Berkeley_Earth,""Calculated area-average""
history,wmo_ra_5_Berkeley_Earth,""Calculated annual average from monthly averages using arithmetic mean""
history,wmo_ra_5_Berkeley_Earth,""Selected years within the range 1900 to 2023.""
history,wmo_ra_5_Berkeley_Earth,""Wrote to file wmo_ra_5_Berkeley Earth.csv""
history,wmo_ra_5_Berkeley_Earth,"Data set created from file ['wmo_ra_5_Berkeley Earth.csv'] downloaded from [''] at ['2023-11-01 16:35:35']"
reference,wmo_ra_5_Berkeley_Earth,"Rohde, R. A. and Hausfather, Z.: The Berkeley Earth Land/Ocean Temperature Record, Earth Syst. Sci. Data, 12, 3469-3479, https://doi.org/10.5194/essd-12-3469-2020, 2020"
comments,wmo_ra_5_Berkeley_Earth,"Original data acknowledgement: "
history,wmo_ra_5_ERA5,""Gridded dataset created from file ['era5_2m_tas_2023.nc'] downloaded from ['']""
history,wmo_ra_5_ERA5,""Regridded to 1 degree latitude-longitude resolution""
history,wmo_ra_5_ERA5,""Rebaselined to 1991-2020""
history,wmo_ra_5_ERA5,""Calculated area-average""
history,wmo_ra_5_ERA5,""Calculated annual average from monthly averages using arithmetic mean""
history,wmo_ra_5_ERA5,""Selected years within the range 1900 to 2023.""
history,wmo_ra_5_ERA5,""Wrote to file wmo_ra_5_ERA5.csv""
history,wmo_ra_5_ERA5,"Data set created from file ['wmo_ra_5_ERA5.csv'] downloaded from [''] at ['2023-11-01 16:36:32']"
reference,wmo_ra_5_ERA5,"Hersbach H, Bell B, Berrisford P et al. 2020. The ERA5 global reanalysis. Q. J. R. Meteorol. Soc. 146: 1999-2049. https://doi.org/10.1002/qj.3803"
comments,wmo_ra_5_ERA5,"Original data acknowledgement: Contains using Copernicus Climate Change Service information [2023]. Neither the European Commission nor ECMWF is responsible for any use that may be made of the Copernicus information or data it contains."
history,wmo_ra_5_GISTEMP,""Data set created from file ['gistemp1200_GHCNv4_ERSSTv5.nc.gz'] downloaded from ['https://data.giss.nasa.gov/pub/gistemp/gistemp1200_GHCNv4_ERSSTv5.nc.gz'] at ['2023-10-13 17:19:30']""
history,wmo_ra_5_GISTEMP,""Regridded to 1 degree latitude-longitude resolution""
history,wmo_ra_5_GISTEMP,""Rebaselined to 1991-2020""
history,wmo_ra_5_GISTEMP,""Calculated area-average""
history,wmo_ra_5_GISTEMP,""Calculated annual average from monthly averages using arithmetic mean""
history,wmo_ra_5_GISTEMP,""Selected years within the range 1900 to 2023.""
history,wmo_ra_5_GISTEMP,""Wrote to file wmo_ra_5_GISTEMP.csv""
history,wmo_ra_5_GISTEMP,"Data set created from file ['wmo_ra_5_GISTEMP.csv'] downloaded from [''] at ['2023-11-01 16:36:55']"
reference,wmo_ra_5_GISTEMP,"Lenssen, N., G. Schmidt, J. Hansen, M. Menne, A. Persin, R. Ruedy, and D. Zyss, 2019: Improvements in the GISTEMP uncertainty model. J. Geophys. Res. Atmos., 124, no. 12, 6307-6326, doi:10.1029/2018JD029522"
comments,wmo_ra_5_GISTEMP,"Original data acknowledgement: "
history,wmo_ra_5_HadCRUT5,""Data set created from file ['HadCRUT.5.0.1.0.analysis.anomalies.ensemble_mean.nc'] downloaded from ['https://www.metoffice.gov.uk/hadobs/hadcrut5/data/current/analysis/HadCRUT.5.0.1.0.analysis.anomalies.ensemble_mean.nc'] at ['2023-10-31 16:06:13']""
history,wmo_ra_5_HadCRUT5,""Regridded to 1 degree latitude-longitude resolution""
history,wmo_ra_5_HadCRUT5,""Rebaselined to 1991-2020""
history,wmo_ra_5_HadCRUT5,""Calculated area-average""
history,wmo_ra_5_HadCRUT5,""Calculated annual average from monthly averages using arithmetic mean""
history,wmo_ra_5_HadCRUT5,""Selected years within the range 1900 to 2023.""
history,wmo_ra_5_HadCRUT5,""Wrote to file wmo_ra_5_HadCRUT5.csv""
history,wmo_ra_5_HadCRUT5,"Data set created from file ['wmo_ra_5_HadCRUT5.csv'] downloaded from [''] at ['2023-11-01 16:37:41']"
reference,wmo_ra_5_HadCRUT5,"Morice, C. P., Kennedy, J. J., Rayner, N. A., Winn, J. P., Hogan, E., Killick, R. E., et al. (2021). An updated assessment of near-surface temperature change from 1850: the HadCRUT5 data set. Journal of Geophysical Research: Atmospheres, 126, e2019JD032361. https://doi.org/10.1029/2019JD032361"
comments,wmo_ra_5_HadCRUT5,"Original data acknowledgement: HadCRUT.5.0.1.0 data were obtained from http://www.metoffice.gov.uk/hadobs/hadcrut5 on 2023-10-31 16:06:13 and are © British Crown Copyright, Met Office 2023, provided under an Open Government License, http://www.nationalarchives.gov.uk/doc/open-government-licence/version/3/"
history,wmo_ra_5_JRA-55,""Data set created from file ['anl_surf125.011_tmp.202301_202312', 'anl_surf125.2023MMMM'] downloaded from ['', ''] at ['2023-10-06 11:01:38']""
history,wmo_ra_5_JRA-55,""Regridded to 1 degree latitude-longitude resolution""
history,wmo_ra_5_JRA-55,""Rebaselined to 1991-2020""
history,wmo_ra_5_JRA-55,""Calculated area-average""
history,wmo_ra_5_JRA-55,""Calculated annual average from monthly averages using arithmetic mean""
history,wmo_ra_5_JRA-55,""Selected years within the range 1900 to 2023.""
history,wmo_ra_5_JRA-55,""Wrote to file wmo_ra_5_JRA-55.csv""
history,wmo_ra_5_JRA-55,"Data set created from file ['wmo_ra_5_JRA-55.csv'] downloaded from [''] at ['2023-11-01 16:38:40']"
reference,wmo_ra_5_JRA-55,"Kobayashi, S., Ota, Y., Harada, Y., Ebita, A., Moriya, M., Onoda, H., Onogi, K., Kamahori, H., Kobayashi, C., Endo, H. and Miyaoka, K., (2015). The JRA-55 reanalysis: General specifications and basic characteristics. Journal of the Meteorological Society of Japan. Ser. II, 93(1), pp.5-48."
comments,wmo_ra_5_JRA-55,"Original data acknowledgement: "
history,wmo_ra_5_Kadow,""Data set created from file ['HadCRUT.5.0.1.0.anomalies.Kadow_et_al_2020_20crAI-infilled.ensemble_mean_185001-*.nc'] downloaded from [''] at ['2023-11-02 09:03:42']""
history,wmo_ra_5_Kadow,""Regridded to 1 degree latitude-longitude resolution""
history,wmo_ra_5_Kadow,""Rebaselined to 1991-2020""
history,wmo_ra_5_Kadow,""Calculated area-average""
history,wmo_ra_5_Kadow,""Calculated annual average from monthly averages using arithmetic mean""
history,wmo_ra_5_Kadow,""Selected years within the range 1900 to 2023.""
history,wmo_ra_5_Kadow,""Wrote to file wmo_ra_5_Kadow.csv""
history,wmo_ra_5_Kadow,"Data set created from file ['wmo_ra_5_Kadow.csv'] downloaded from [''] at ['2023-11-02 09:20:31']"
reference,wmo_ra_5_Kadow,"Kadow, C., Hall, D.M. & Ulbrich, U. Artificial intelligence reconstructs missing climate information. Nat. Geosci. (2020). https://doi.org/10.1038/s41561-020-0582-5"
comments,wmo_ra_5_Kadow,"Original data acknowledgement: "
history,wmo_ra_5_NOAA_Interim,""Data set created from file ['NOAAGlobalTemp_v*.nc'] downloaded from ['https://www.ncei.noaa.gov/data/noaa-global-surface-temperature/v5.1/access/gridded/NOAAGlobalTemp_v.*.nc'] at ['2023-10-14 08:45:48']""
history,wmo_ra_5_NOAA_Interim,""Data set created from file ['NOAAGlobalTemp_v*.nc'] downloaded from ['https://www.ncei.noaa.gov/data/noaa-global-surface-temperature/v5.1/access/gridded/NOAAGlobalTemp_v.*.nc'] at ['2023-10-14 08:45:48']""
history,wmo_ra_5_NOAA_Interim,""Regridded to 1 degree latitude-longitude resolution""
history,wmo_ra_5_NOAA_Interim,""Rebaselined to 1991-2020""
history,wmo_ra_5_NOAA_Interim,""Calculated area-average""
history,wmo_ra_5_NOAA_Interim,""Calculated annual average from monthly averages using arithmetic mean""
history,wmo_ra_5_NOAA_Interim,""Selected years within the range 1900 to 2023.""
history,wmo_ra_5_NOAA_Interim,""Wrote to file wmo_ra_5_NOAA Interim.csv""
history,wmo_ra_5_NOAA_Interim,"Data set created from file ['wmo_ra_5_NOAA Interim.csv'] downloaded from [''] at ['2023-11-01 16:40:04']"
reference,wmo_ra_5_NOAA_Interim,"Vose, R.S., B. Huang, X. Yin., D. Arndt, D.R. Easterling, J.H. Lawrimore, M.J. Menne, A. Sanchez-Lugo, H.-M. Zhang, 2021: Implementing full spatial coverage in NOAA’s global temperature analysis. Geophysical Research Letters, 48, e2020GL090873. https://doi.org/10.1029/2020GL090873"
comments,wmo_ra_5_NOAA_Interim,"Original data acknowledgement: "
long_name,time,time,days since 1800-01-01 00:00:00.0
type,time,int
long_name,year,year,1
type,year,int
long_name,wmo_ra_5_Berkeley_Earth,wmo_ra_5,degC
type,wmo_ra_5_Berkeley_Earth,float
long_name,wmo_ra_5_ERA5,wmo_ra_5,degC
type,wmo_ra_5_ERA5,float
long_name,wmo_ra_5_GISTEMP,wmo_ra_5,degC
type,wmo_ra_5_GISTEMP,float
long_name,wmo_ra_5_HadCRUT5,wmo_ra_5,degC
type,wmo_ra_5_HadCRUT5,float
long_name,wmo_ra_5_JRA-55,wmo_ra_5,degC
type,wmo_ra_5_JRA-55,float
long_name,wmo_ra_5_Kadow,wmo_ra_5,degC
type,wmo_ra_5_Kadow,float
long_name,wmo_ra_5_NOAA_Interim,wmo_ra_5,degC
type,wmo_ra_5_NOAA_Interim,float
coordinate_variable,time,t
data
time,year,wmo_ra_5_Berkeley_Earth,wmo_ra_5_ERA5,wmo_ra_5_GISTEMP,wmo_ra_5_HadCRUT5,wmo_ra_5_JRA-55,wmo_ra_5_Kadow,wmo_ra_5_NOAA_Interim
36524,1900,-0.6503,,-0.5946,-0.6851,,-0.7192,-0.5948
36889,1901,-0.8081,,-0.8301,-0.8067,,-0.9327,-0.8931
37254,1902,-0.9098,,-0.9352,-0.9129,,-1.0338,-0.8799
37619,1903,-1.0727,,-1.0872,-1.1260,,-1.1970,-1.0721
37984,1904,-1.3204,,-1.2752,-1.2442,,-1.3897,-1.2873
38350,1905,-1.1066,,-1.0886,-1.0977,,-1.2346,-1.1317
38715,1906,-0.6142,,-0.5825,-0.5122,,-0.5375,-0.7009
39080,1907,-1.0588,,-0.9890,-0.9712,,-1.0175,-1.0379
39445,1908,-1.2890,,-1.2734,-1.2068,,-1.2612,-1.2491
39811,1909,-1.2307,,-1.1665,-1.0758,,-1.1244,-1.2352
40176,1910,-0.8444,,-0.8316,-0.8731,,-0.8907,-0.9424
40541,1911,-1.0587,,-1.0626,-1.0428,,-1.0888,-1.0685
40906,1912,-0.6501,,-0.6725,-0.6914,,-0.6878,-0.7304
41272,1913,-1.1590,,-1.1329,-1.1627,,-1.2013,-1.1609
41637,1914,-0.4196,,-0.5005,-0.4591,,-0.4955,-0.4721
42002,1915,-0.4549,,-0.4131,-0.4366,,-0.4473,-0.4834
42367,1916,-0.9582,,-0.8592,-0.9422,,-0.9448,-0.9187
42733,1917,-1.4796,,-1.3907,-1.3784,,-1.4190,-1.4251
43098,1918,-1.1357,,-1.1027,-1.0018,,-1.0386,-1.0938
43463,1919,-0.6912,,-0.7026,-0.6311,,-0.6262,-0.6582
43828,1920,-0.9956,,-0.9564,-0.9134,,-0.9182,-1.0026
44194,1921,-0.7510,,-0.6571,-0.6588,,-0.6654,-0.7300
44559,1922,-0.9132,,-0.9068,-0.8146,,-0.8242,-0.8629
44924,1923,-0.8797,,-0.8937,-0.8173,,-0.8022,-0.8784
45289,1924,-1.0229,,-0.9994,-0.9901,,-1.0203,-1.0796
45655,1925,-1.2262,,-1.2409,-1.1175,,-1.1110,-1.2281
46020,1926,-0.6949,,-0.6633,-0.6358,,-0.6147,-0.7778
46385,1927,-0.9715,,-0.8950,-0.8432,,-0.8595,-0.9182
46750,1928,-0.5300,,-0.5160,-0.4506,,-0.4307,-0.5925
47116,1929,-1.2075,,-1.1842,-1.1899,,-1.2041,-1.1588
47481,1930,-0.8147,,-0.7340,-0.7410,,-0.7852,-0.8002
47846,1931,-1.0295,,-0.8835,-0.9169,,-0.9295,-0.9544
48211,1932,-0.8995,,-0.8604,-0.8242,,-0.8874,-0.9800
48577,1933,-0.9551,,-0.8199,-0.8357,,-0.8731,-0.9577
48942,1934,-0.8657,,-0.8056,-0.7874,,-0.7999,-0.9011
49307,1935,-0.9268,,-0.8741,-0.8645,,-0.8856,-0.9574
49672,1936,-0.7222,,-0.6457,-0.6417,,-0.6782,-0.7843
50038,1937,-0.8241,,-0.7424,-0.7109,,-0.7432,-0.7788
50403,1938,-0.4260,,-0.3920,-0.3425,,-0.3327,-0.4921
50768,1939,-1.0286,,-0.9175,-0.8942,,-0.9508,-0.9931
51133,1940,-0.8015,,-0.6918,-0.6746,,-0.7150,-0.7883
51499,1941,-1.0082,,-0.8328,-0.8846,,-0.9534,-0.7762
51864,1942,-0.5798,,-0.5168,-0.4529,,-0.4199,-0.5222
52229,1943,-1.0494,,-1.0651,-0.9707,,-0.9670,-1.0081
52594,1944,-0.8535,,-0.8748,-0.7809,,-0.8137,-0.8239
52960,1945,-0.8263,,-0.7994,-0.6629,,-0.6485,-0.7362
53325,1946,-1.0512,,-1.0634,-1.0046,,-0.9945,-0.9756
53690,1947,-0.7637,,-0.7984,-0.7374,,-0.7385,-0.8960
54055,1948,-0.8939,,-0.9287,-0.8541,,-0.8861,-0.9862
54421,1949,-1.2580,,-1.2212,-1.2000,,-1.2480,-1.2900
54786,1950,-1.0190,,-0.9293,-0.9088,,-0.9458,-0.9556
55151,1951,-0.7783,,-0.8637,-0.7925,,-0.8144,-0.8699
55516,1952,-0.8354,,-0.8411,-0.7635,,-0.7936,-0.8968
55882,1953,-0.8448,,-0.8729,-0.7630,,-0.7961,-0.8726
56247,1954,-0.8166,,-0.8268,-0.7167,,-0.7425,-0.8230
56612,1955,-0.8518,,-0.8526,-0.7598,,-0.7346,-0.8779
56977,1956,-1.2082,,-1.1479,-1.0981,,-1.1184,-1.1286
57343,1957,-0.5656,,-0.6151,-0.5065,,-0.4814,-0.5646
57708,1958,-0.4215,,-0.4598,-0.3961,0.0591,-0.3962,-0.4676
58073,1959,-0.3864,,-0.4555,-0.3675,0.0572,-0.3527,-0.4171
58438,1960,-1.0135,,-1.0353,-0.9374,-0.6375,-0.9277,-0.9041
58804,1961,-0.5651,,-0.5500,-0.4730,-0.0664,-0.4749,-0.5121
59169,1962,-0.6519,,-0.6041,-0.5500,-0.2688,-0.5490,-0.6207
59534,1963,-0.7228,,-0.7581,-0.6572,-0.4330,-0.6370,-0.7311
59899,1964,-0.7344,,-0.7921,-0.6704,-0.2410,-0.6710,-0.7290
60265,1965,-0.5328,,-0.6249,-0.4895,-0.0681,-0.4672,-0.6020
60630,1966,-0.9489,,-0.9188,-0.8559,-0.6594,-0.8550,-0.8851
60995,1967,-0.7818,,-0.7578,-0.7236,-0.5109,-0.7251,-0.7929
61360,1968,-0.8411,,-0.8583,-0.8023,-0.6215,-0.8088,-0.8291
61726,1969,-0.5400,,-0.5693,-0.5134,-0.2177,-0.4968,-0.5193
62091,1970,-0.5946,,-0.5870,-0.5326,-0.2554,-0.5257,-0.5587
62456,1971,-0.7404,,-0.7656,-0.6975,-0.5807,-0.6788,-0.7327
62821,1972,-0.4907,,-0.4980,-0.4701,-0.1837,-0.4581,-0.5027
63187,1973,-0.1044,,-0.1482,-0.1077,-0.1534,-0.0949,-0.1250
63552,1974,-1.0176,,-0.8888,-0.9854,-1.1315,-1.0274,-0.9202
63917,1975,-0.6866,,-0.5961,-0.6521,-0.7291,-0.6787,-0.6154
64282,1976,-1.0943,,-0.9324,-1.0493,-1.0521,-1.0578,-0.9971
64648,1977,-0.5742,,-0.5361,-0.5873,-0.4118,-0.5850,-0.5340
65013,1978,-0.7225,,-0.6005,-0.6327,-0.5613,-0.6309,-0.5954
65378,1979,-0.2576,-0.2115,-0.2732,-0.2577,-0.1215,-0.2623,-0.2662
65743,1980,-0.0315,0.0935,-0.1030,-0.0348,0.1638,-0.0131,-0.0879
66109,1981,-0.3083,-0.2549,-0.2924,-0.2906,-0.1667,-0.2956,-0.2947
66474,1982,-0.5320,-0.4058,-0.5389,-0.5224,-0.3622,-0.5432,-0.5142
66839,1983,-0.1986,-0.1382,-0.1999,-0.1936,-0.0947,-0.2100,-0.1931
67204,1984,-0.7980,-0.7389,-0.7693,-0.7381,-0.6490,-0.7642,-0.7393
67570,1985,-0.4070,-0.3151,-0.3968,-0.3333,-0.2157,-0.3200,-0.3673
67935,1986,-0.3583,-0.2711,-0.4057,-0.3217,-0.2145,-0.2930,-0.3337
68300,1987,-0.3024,-0.2254,-0.3211,-0.3434,-0.1684,-0.3574,-0.3290
68665,1988,0.1106,0.1520,0.0867,0.0884,0.2247,0.0766,0.0783
69031,1989,-0.4902,-0.4638,-0.4554,-0.4423,-0.3425,-0.4814,-0.4355
69396,1990,-0.1165,-0.0296,-0.1794,-0.1231,0.0014,-0.1317,-0.1460
69761,1991,-0.0721,-0.0133,-0.1687,-0.1190,0.0102,-0.0820,-0.1563
70126,1992,-0.4494,-0.5085,-0.4586,-0.3940,-0.4603,-0.3972,-0.4300
70492,1993,-0.2993,-0.2657,-0.3450,-0.3267,-0.2330,-0.3366,-0.3552
70857,1994,-0.3760,-0.2156,-0.3906,-0.4184,-0.1691,-0.4233,-0.4107
71222,1995,-0.3855,-0.3787,-0.3775,-0.3362,-0.2906,-0.3359,-0.3666
71587,1996,-0.1156,-0.0440,-0.1915,-0.1071,0.0277,-0.0785,-0.1421
71953,1997,-0.2765,-0.2320,-0.2841,-0.3055,-0.2122,-0.2955,-0.2972
72318,1998,0.2894,0.3076,0.2756,0.3329,0.3210,0.3346,0.2651
72683,1999,-0.2630,-0.3565,-0.2274,-0.2071,-0.3131,-0.2136,-0.2071
73048,2000,-0.5082,-0.6821,-0.3847,-0.4527,-0.5806,-0.4924,-0.4199
73414,2001,-0.3989,-0.5339,-0.3049,-0.3364,-0.4833,-0.3692,-0.3114
73779,2002,0.0949,0.0921,0.0549,0.0412,0.1092,0.0341,0.0664
74144,2003,0.0474,0.0183,0.0176,0.0061,0.0313,0.0453,0.0631
74509,2004,-0.0976,-0.0994,-0.1260,-0.1268,-0.1144,-0.1120,-0.1201
74875,2005,0.3845,0.4099,0.2704,0.3183,0.4024,0.3466,0.3234
75240,2006,-0.0954,-0.1023,-0.1535,-0.1147,-0.1305,-0.0934,-0.1046
75605,2007,0.0557,0.0742,0.0616,0.0195,0.0778,0.0240,0.0372
75970,2008,-0.1693,-0.1553,-0.2014,-0.2175,-0.1732,-0.2078,-0.1782
76336,2009,0.2191,0.2470,0.2052,0.1575,0.2436,0.1833,0.2186
76701,2010,-0.1234,-0.2015,0.0057,-0.0736,-0.2476,-0.1189,-0.0334
77066,2011,-0.4480,-0.5848,-0.3634,-0.4207,-0.6132,-0.4403,-0.3932
77431,2012,-0.2724,-0.2975,-0.2289,-0.2194,-0.3356,-0.2797,-0.2326
77797,2013,0.5415,0.5724,0.5050,0.5285,0.5422,0.5253,0.5057
78162,2014,0.3037,0.3455,0.3262,0.3275,0.3178,0.3166,0.3080
78527,2015,0.2487,0.3047,0.2707,0.2749,0.2588,0.2824,0.2914
78892,2016,0.4013,0.3486,0.4930,0.4440,0.3021,0.4084,0.4549
79258,2017,0.3134,0.3076,0.3529,0.3632,0.2433,0.3631,0.3555
79623,2018,0.3563,0.4053,0.3618,0.3761,0.3283,0.3818,0.3415
79988,2019,0.6429,0.7949,0.5754,0.5506,0.7266,0.5760,0.5102
80353,2020,0.4517,0.4432,0.4300,0.4355,0.4143,0.4549,0.4175
80719,2021,0.0275,-0.0262,0.0943,0.0660,-0.0689,0.0438,0.0464
81084,2022,-0.0113,-0.0834,0.1067,0.0592,-0.1256,0.0277,0.0844
81449,2023,0.0823,0.2207,0.2285,0.2584,0.2365,0.2290,0.2118
end data
