Conventions,G,BADC-CSV,1
title,G,Regional mean temperature for WMO RA 5 South-West Pacific
last_revised_date,G,2022-09-12
date_valid,G,2022-09-12
feature_type,G,area average
creator,G,WMO
source,G,Produced by climind version 0.1
observation_station,G,derived data
location,G,90.,-180.,-90.,180.
activity,G,WMO
history,G,""Gridded dataset created from file ['era5_2m_tas_2022.nc'] downloaded from ['']"history,G,"Regridded to 1 degree latitude-longitude resolution"history,G,"Rebaselined to 1981-2010"history,G,"Calculated area-average"history,G,"Calculated annual average from monthly averages using arithmetic mean"history,G,"Selected year range 1900 to 2021"history,G,"Wrote to file wmo_ra_5_ERA5.csv""
history,G,"Data set created from file ['wmo_ra_5_ERA5.csv'] downloaded from [''] at ['2022-09-01 11:33:12']"
reference,G,"Hersbach H, Bell B, Berrisford P et al. 2020. The ERA5 global reanalysis. Q. J. R. Meteorol. Soc. 146: 1999– 2049. https://doi.org/10.1002/qj.3803"
rights,G,TBD
comments,G,Data produced by climind version 0.1
comments,G,Format description https://help.ceda.ac.uk/article/105-badc-csv
long_name,time,time,
type,time,int
long_name,year,year,1
type,year,int
long_name,data,wmo_ra_5,degC
type,data,float
coordinate_variable,time,t
data
time,year,data
65378,1979,-0.0339
65743,1980,0.2712
66109,1981,-0.0772
66474,1982,-0.2281
66839,1983,0.0395
67204,1984,-0.5612
67570,1985,-0.1375
67935,1986,-0.0934
68300,1987,-0.0477
68665,1988,0.3297
69031,1989,-0.2861
69396,1990,0.1481
69761,1991,0.1643
70126,1992,-0.3308
70492,1993,-0.0880
70857,1994,-0.0379
71222,1995,-0.2010
71587,1996,0.1337
71953,1997,-0.0543
72318,1998,0.4852
72683,1999,-0.1789
73048,2000,-0.5044
73414,2001,-0.3563
73779,2002,0.2698
74144,2003,0.1959
74509,2004,0.0782
74875,2005,0.5876
75240,2006,0.0754
75605,2007,0.2519
75970,2008,0.0224
76336,2009,0.4247
76701,2010,-0.0238
77066,2011,-0.4071
77431,2012,-0.1198
77797,2013,0.7501
78162,2014,0.5232
78527,2015,0.4823
78892,2016,0.5263
79258,2017,0.4853
79623,2018,0.5830
79988,2019,0.9726
80353,2020,0.6209
80719,2021,0.1515
end data
