Conventions,G,BADC-CSV,1
title,G,Regional mean temperature for WMO RA 5 South-West Pacific
last_revised_date,G,2024-01-25
date_valid,G,2024-01-25
feature_type,G,area average
creator,G,WMO
source,G,Produced by climind version 1.0
observation_station,G,derived data
location,G,90.,-180.,-90.,180.
rights,G,TBD
activity,G,WMO
comments,G,Format description https://help.ceda.ac.uk/article/105-badc-csv
history,wmo_ra_5_Berkeley_Earth,""Data set created from file ['Land_and_Ocean_LatLong1.nc'] downloaded from ['https://berkeley-earth-temperature.s3.us-west-1.amazonaws.com/Global/Gridded/Land_and_Ocean_LatLong1.nc'] at ['2024-01-17 10:19:03']""
history,wmo_ra_5_Berkeley_Earth,""Rebaselined to 1991-2020""
history,wmo_ra_5_Berkeley_Earth,""Calculated area-average""
history,wmo_ra_5_Berkeley_Earth,""Calculated annual average from monthly averages using arithmetic mean""
history,wmo_ra_5_Berkeley_Earth,""Selected years within the range 1900 to 2023.""
history,wmo_ra_5_Berkeley_Earth,""Wrote to file wmo_ra_5_Berkeley Earth.csv""
history,wmo_ra_5_Berkeley_Earth,"Data set created from file ['wmo_ra_5_Berkeley Earth.csv'] downloaded from [''] at ['2024-01-17 11:05:35']"
reference,wmo_ra_5_Berkeley_Earth,"Rohde, R. A. and Hausfather, Z.: The Berkeley Earth Land/Ocean Temperature Record, Earth Syst. Sci. Data, 12, 3469-3479, https://doi.org/10.5194/essd-12-3469-2020, 2020"
comments,wmo_ra_5_Berkeley_Earth,"Original data acknowledgement: "
history,wmo_ra_5_ERA5,""Gridded dataset created from file ['era5_2m_tas_2024.nc'] downloaded from ['']""
history,wmo_ra_5_ERA5,""Regridded to 1 degree latitude-longitude resolution""
history,wmo_ra_5_ERA5,""Rebaselined to 1991-2020""
history,wmo_ra_5_ERA5,""Calculated area-average""
history,wmo_ra_5_ERA5,""Calculated annual average from monthly averages using arithmetic mean""
history,wmo_ra_5_ERA5,""Selected years within the range 1900 to 2023.""
history,wmo_ra_5_ERA5,""Wrote to file wmo_ra_5_ERA5.csv""
history,wmo_ra_5_ERA5,"Data set created from file ['wmo_ra_5_ERA5.csv'] downloaded from [''] at ['2024-01-17 11:06:31']"
reference,wmo_ra_5_ERA5,"Hersbach H, Bell B, Berrisford P et al. 2020. The ERA5 global reanalysis. Q. J. R. Meteorol. Soc. 146: 1999-2049. https://doi.org/10.1002/qj.3803"
comments,wmo_ra_5_ERA5,"Original data acknowledgement: Contains using Copernicus Climate Change Service information [2024]. Neither the European Commission nor ECMWF is responsible for any use that may be made of the Copernicus information or data it contains."
history,wmo_ra_5_GISTEMP,""Data set created from file ['gistemp1200_GHCNv4_ERSSTv5.nc.gz'] downloaded from ['https://data.giss.nasa.gov/pub/gistemp/gistemp1200_GHCNv4_ERSSTv5.nc.gz'] at ['2024-01-15 11:20:46']""
history,wmo_ra_5_GISTEMP,""Regridded to 1 degree latitude-longitude resolution""
history,wmo_ra_5_GISTEMP,""Rebaselined to 1991-2020""
history,wmo_ra_5_GISTEMP,""Calculated area-average""
history,wmo_ra_5_GISTEMP,""Calculated annual average from monthly averages using arithmetic mean""
history,wmo_ra_5_GISTEMP,""Selected years within the range 1900 to 2023.""
history,wmo_ra_5_GISTEMP,""Wrote to file wmo_ra_5_GISTEMP.csv""
history,wmo_ra_5_GISTEMP,"Data set created from file ['wmo_ra_5_GISTEMP.csv'] downloaded from [''] at ['2024-01-17 11:06:53']"
reference,wmo_ra_5_GISTEMP,"Lenssen, N., G. Schmidt, J. Hansen, M. Menne, A. Persin, R. Ruedy, and D. Zyss, 2019: Improvements in the GISTEMP uncertainty model. J. Geophys. Res. Atmos., 124, no. 12, 6307-6326, doi:10.1029/2018JD029522"
comments,wmo_ra_5_GISTEMP,"Original data acknowledgement: "
history,wmo_ra_5_HadCRUT5,""Data set created from file ['HadCRUT.5.0.2.0.analysis.anomalies.ensemble_mean.nc'] downloaded from ['https://www.metoffice.gov.uk/hadobs/hadcrut5/data/HadCRUT.5.0.2.0/analysis/HadCRUT.5.0.2.0.analysis.anomalies.ensemble_mean.nc'] at ['2024-01-15 11:56:27']""
history,wmo_ra_5_HadCRUT5,""Regridded to 1 degree latitude-longitude resolution""
history,wmo_ra_5_HadCRUT5,""Rebaselined to 1991-2020""
history,wmo_ra_5_HadCRUT5,""Calculated area-average""
history,wmo_ra_5_HadCRUT5,""Calculated annual average from monthly averages using arithmetic mean""
history,wmo_ra_5_HadCRUT5,""Selected years within the range 1900 to 2023.""
history,wmo_ra_5_HadCRUT5,""Wrote to file wmo_ra_5_HadCRUT5.csv""
history,wmo_ra_5_HadCRUT5,"Data set created from file ['wmo_ra_5_HadCRUT5.csv'] downloaded from [''] at ['2024-01-17 11:07:38']"
reference,wmo_ra_5_HadCRUT5,"Morice, C. P., Kennedy, J. J., Rayner, N. A., Winn, J. P., Hogan, E., Killick, R. E., et al. (2021). An updated assessment of near-surface temperature change from 1850: the HadCRUT5 data set. Journal of Geophysical Research: Atmospheres, 126, e2019JD032361. https://doi.org/10.1029/2019JD032361"
comments,wmo_ra_5_HadCRUT5,"Original data acknowledgement: HadCRUT.5.0.2.0 data were obtained from http://www.metoffice.gov.uk/hadobs/hadcrut5 on 2024-01-15 11:56:27 and are © British Crown Copyright, Met Office 2024, provided under an Open Government License, http://www.nationalarchives.gov.uk/doc/open-government-licence/version/3/"
history,wmo_ra_5_JRA-55,""Data set created from file ['anl_surf125.011_tmp.202401_202412', 'anl_surf125.2024MMMM'] downloaded from ['', ''] at ['2024-01-15 11:20:51']""
history,wmo_ra_5_JRA-55,""Regridded to 1 degree latitude-longitude resolution""
history,wmo_ra_5_JRA-55,""Rebaselined to 1991-2020""
history,wmo_ra_5_JRA-55,""Calculated area-average""
history,wmo_ra_5_JRA-55,""Calculated annual average from monthly averages using arithmetic mean""
history,wmo_ra_5_JRA-55,""Selected years within the range 1900 to 2023.""
history,wmo_ra_5_JRA-55,""Wrote to file wmo_ra_5_JRA-55.csv""
history,wmo_ra_5_JRA-55,"Data set created from file ['wmo_ra_5_JRA-55.csv'] downloaded from [''] at ['2024-01-17 11:08:36']"
reference,wmo_ra_5_JRA-55,"Kobayashi, S., Ota, Y., Harada, Y., Ebita, A., Moriya, M., Onoda, H., Onogi, K., Kamahori, H., Kobayashi, C., Endo, H. and Miyaoka, K., (2015). The JRA-55 reanalysis: General specifications and basic characteristics. Journal of the Meteorological Society of Japan. Ser. II, 93(1), pp.5-48."
comments,wmo_ra_5_JRA-55,"Original data acknowledgement: "
history,wmo_ra_5_Kadow,""Data set created from file ['HadCRUT5.anomalies.Kadow_et_al_2020_20crAI-infilled.ensemble_mean_185001-*.nc'] downloaded from [''] at ['2024-01-17 10:11:02']""
history,wmo_ra_5_Kadow,""Regridded to 1 degree latitude-longitude resolution""
history,wmo_ra_5_Kadow,""Rebaselined to 1991-2020""
history,wmo_ra_5_Kadow,""Calculated area-average""
history,wmo_ra_5_Kadow,""Calculated annual average from monthly averages using arithmetic mean""
history,wmo_ra_5_Kadow,""Selected years within the range 1900 to 2023.""
history,wmo_ra_5_Kadow,""Wrote to file wmo_ra_5_Kadow.csv""
history,wmo_ra_5_Kadow,"Data set created from file ['wmo_ra_5_Kadow.csv'] downloaded from [''] at ['2024-01-17 11:09:06']"
reference,wmo_ra_5_Kadow,"Kadow, C., Hall, D.M. & Ulbrich, U. Artificial intelligence reconstructs missing climate information. Nat. Geosci. (2020). https://doi.org/10.1038/s41561-020-0582-5"
comments,wmo_ra_5_Kadow,"Original data acknowledgement: "
history,wmo_ra_5_NOAA_Interim,""Data set created from file ['NOAAGlobalTemp_v*.nc'] downloaded from ['https://www.ncei.noaa.gov/data/noaa-global-surface-temperature/v5.1/access/gridded/NOAAGlobalTemp_v.*.nc'] at ['2024-01-17 10:19:08']""
history,wmo_ra_5_NOAA_Interim,""Data set created from file ['NOAAGlobalTemp_v*.nc'] downloaded from ['https://www.ncei.noaa.gov/data/noaa-global-surface-temperature/v5.1/access/gridded/NOAAGlobalTemp_v.*.nc'] at ['2024-01-17 10:19:08']""
history,wmo_ra_5_NOAA_Interim,""Regridded to 1 degree latitude-longitude resolution""
history,wmo_ra_5_NOAA_Interim,""Rebaselined to 1991-2020""
history,wmo_ra_5_NOAA_Interim,""Calculated area-average""
history,wmo_ra_5_NOAA_Interim,""Calculated annual average from monthly averages using arithmetic mean""
history,wmo_ra_5_NOAA_Interim,""Selected years within the range 1900 to 2023.""
history,wmo_ra_5_NOAA_Interim,""Wrote to file wmo_ra_5_NOAA Interim.csv""
history,wmo_ra_5_NOAA_Interim,"Data set created from file ['wmo_ra_5_NOAA Interim.csv'] downloaded from [''] at ['2024-01-17 11:09:57']"
reference,wmo_ra_5_NOAA_Interim,"Vose, R.S., B. Huang, X. Yin., D. Arndt, D.R. Easterling, J.H. Lawrimore, M.J. Menne, A. Sanchez-Lugo, H.-M. Zhang, 2021: Implementing full spatial coverage in NOAA’s global temperature analysis. Geophysical Research Letters, 48, e2020GL090873. https://doi.org/10.1029/2020GL090873"
comments,wmo_ra_5_NOAA_Interim,"Original data acknowledgement: "
long_name,time,time,days since 1800-01-01 00:00:00.0
type,time,int
long_name,year,year,1
type,year,int
long_name,wmo_ra_5_Berkeley_Earth,wmo_ra_5,degC
type,wmo_ra_5_Berkeley_Earth,float
long_name,wmo_ra_5_ERA5,wmo_ra_5,degC
type,wmo_ra_5_ERA5,float
long_name,wmo_ra_5_GISTEMP,wmo_ra_5,degC
type,wmo_ra_5_GISTEMP,float
long_name,wmo_ra_5_HadCRUT5,wmo_ra_5,degC
type,wmo_ra_5_HadCRUT5,float
long_name,wmo_ra_5_JRA-55,wmo_ra_5,degC
type,wmo_ra_5_JRA-55,float
long_name,wmo_ra_5_Kadow,wmo_ra_5,degC
type,wmo_ra_5_Kadow,float
long_name,wmo_ra_5_NOAA_Interim,wmo_ra_5,degC
type,wmo_ra_5_NOAA_Interim,float
coordinate_variable,time,t
data
time,year,wmo_ra_5_Berkeley_Earth,wmo_ra_5_ERA5,wmo_ra_5_GISTEMP,wmo_ra_5_HadCRUT5,wmo_ra_5_JRA-55,wmo_ra_5_Kadow,wmo_ra_5_NOAA_Interim
36524,1900,-0.6117,,-0.6046,-0.6851,,-0.7192,-0.5876
36889,1901,-0.8105,,-0.8371,-0.8067,,-0.9327,-0.8876
37254,1902,-0.9106,,-0.9318,-0.9128,,-1.0338,-0.8775
37619,1903,-1.1186,,-1.0950,-1.1259,,-1.1970,-1.0690
37984,1904,-1.3693,,-1.2862,-1.2441,,-1.3897,-1.2951
38350,1905,-1.1241,,-1.1123,-1.0975,,-1.2346,-1.1446
38715,1906,-0.6130,,-0.5972,-0.5120,,-0.5375,-0.7046
39080,1907,-1.0784,,-1.0093,-0.9710,,-1.0175,-1.0472
39445,1908,-1.3487,,-1.2920,-1.2066,,-1.2612,-1.2593
39811,1909,-1.2273,,-1.1921,-1.0755,,-1.1244,-1.2465
40176,1910,-0.8694,,-0.8510,-0.8729,,-0.8907,-0.9604
40541,1911,-1.0671,,-1.0824,-1.0426,,-1.0888,-1.0813
40906,1912,-0.6765,,-0.6898,-0.6911,,-0.6878,-0.7402
41272,1913,-1.1671,,-1.1504,-1.1624,,-1.2013,-1.1749
41637,1914,-0.4368,,-0.5115,-0.4587,,-0.4955,-0.4758
42002,1915,-0.4080,,-0.4248,-0.4362,,-0.4473,-0.4867
42367,1916,-0.9252,,-0.8674,-0.9419,,-0.9448,-0.9334
42733,1917,-1.4522,,-1.3994,-1.3780,,-1.4190,-1.4388
43098,1918,-1.1047,,-1.1157,-1.0014,,-1.0386,-1.1037
43463,1919,-0.6987,,-0.7194,-0.6307,,-0.6262,-0.6650
43828,1920,-1.0188,,-0.9736,-0.9129,,-0.9182,-1.0109
44194,1921,-0.7808,,-0.6861,-0.6583,,-0.6654,-0.7402
44559,1922,-0.9268,,-0.9281,-0.8141,,-0.8242,-0.8767
44924,1923,-0.8877,,-0.9155,-0.8167,,-0.8022,-0.8895
45289,1924,-1.0408,,-1.0172,-0.9896,,-1.0203,-1.0894
45655,1925,-1.2224,,-1.2566,-1.1169,,-1.1110,-1.2321
46020,1926,-0.6678,,-0.6973,-0.6352,,-0.6147,-0.7804
46385,1927,-0.9435,,-0.9400,-0.8426,,-0.8595,-0.9310
46750,1928,-0.4901,,-0.5467,-0.4499,,-0.4307,-0.6041
47116,1929,-1.1929,,-1.2020,-1.1892,,-1.2041,-1.1721
47481,1930,-0.8022,,-0.7517,-0.7410,,-0.7852,-0.8124
47846,1931,-1.0171,,-0.8988,-0.9169,,-0.9295,-0.9641
48211,1932,-0.8985,,-0.8789,-0.8241,,-0.8874,-0.9876
48577,1933,-0.9451,,-0.8462,-0.8357,,-0.8731,-0.9695
48942,1934,-0.8567,,-0.8277,-0.7874,,-0.7999,-0.9105
49307,1935,-0.9187,,-0.8984,-0.8645,,-0.8856,-0.9660
49672,1936,-0.7077,,-0.6648,-0.6417,,-0.6782,-0.7941
50038,1937,-0.8241,,-0.7640,-0.7109,,-0.7432,-0.7912
50403,1938,-0.4123,,-0.4146,-0.3425,,-0.3327,-0.5009
50768,1939,-1.0030,,-0.9461,-0.8942,,-0.9508,-1.0057
51133,1940,-0.7679,,-0.7070,-0.6746,,-0.7150,-0.7994
51499,1941,-0.9542,,-0.8587,-0.8845,,-0.9534,-0.7826
51864,1942,-0.5343,,-0.5356,-0.4529,,-0.4199,-0.5339
52229,1943,-1.0088,,-1.0729,-0.9707,,-0.9670,-1.0185
52594,1944,-0.8492,,-0.8869,-0.7809,,-0.8137,-0.8378
52960,1945,-0.8291,,-0.8295,-0.6629,,-0.6485,-0.7515
53325,1946,-1.0515,,-1.0844,-1.0046,,-0.9945,-0.9945
53690,1947,-0.7600,,-0.8167,-0.7374,,-0.7385,-0.9093
54055,1948,-0.8907,,-0.9526,-0.8541,,-0.8861,-1.0025
54421,1949,-1.2519,,-1.2367,-1.2000,,-1.2480,-1.3083
54786,1950,-1.0140,,-0.9496,-0.9088,,-0.9458,-0.9733
55151,1951,-0.7775,,-0.8877,-0.7925,,-0.8144,-0.8828
55516,1952,-0.8320,,-0.8657,-0.7635,,-0.7936,-0.9062
55882,1953,-0.8453,,-0.9022,-0.7630,,-0.7961,-0.8837
56247,1954,-0.8257,,-0.8504,-0.7167,,-0.7425,-0.8350
56612,1955,-0.8525,,-0.8699,-0.7598,,-0.7346,-0.8872
56977,1956,-1.2061,,-1.1679,-1.0981,,-1.1184,-1.1431
57343,1957,-0.5715,,-0.6370,-0.5065,,-0.4814,-0.5795
57708,1958,-0.4308,,-0.4771,-0.3961,0.0591,-0.3962,-0.4820
58073,1959,-0.3972,,-0.4694,-0.3675,0.0572,-0.3527,-0.4267
58438,1960,-1.0168,,-1.0452,-0.9374,-0.6375,-0.9277,-0.9064
58804,1961,-0.5592,,-0.5615,-0.4730,-0.0664,-0.4749,-0.5163
59169,1962,-0.6420,,-0.6122,-0.5500,-0.2688,-0.5490,-0.6219
59534,1963,-0.7182,,-0.7670,-0.6571,-0.4330,-0.6370,-0.7318
59899,1964,-0.7152,,-0.7982,-0.6704,-0.2410,-0.6710,-0.7322
60265,1965,-0.5082,,-0.6346,-0.4895,-0.0681,-0.4672,-0.6031
60630,1966,-0.9221,,-0.9212,-0.8559,-0.6594,-0.8550,-0.8790
60995,1967,-0.7609,,-0.7591,-0.7236,-0.5109,-0.7251,-0.7838
61360,1968,-0.8262,,-0.8552,-0.8023,-0.6215,-0.8088,-0.8178
61726,1969,-0.5258,,-0.5650,-0.5134,-0.2177,-0.4968,-0.5052
62091,1970,-0.5759,,-0.5849,-0.5326,-0.2554,-0.5257,-0.5456
62456,1971,-0.7192,,-0.7650,-0.6975,-0.5807,-0.6788,-0.7194
62821,1972,-0.4724,,-0.4959,-0.4701,-0.1837,-0.4581,-0.4895
63187,1973,-0.0837,,-0.1492,-0.1077,-0.1534,-0.0949,-0.1205
63552,1974,-0.9963,,-0.8962,-0.9854,-1.1315,-1.0274,-0.9205
63917,1975,-0.6665,,-0.5995,-0.6520,-0.7291,-0.6787,-0.6147
64282,1976,-1.0753,,-0.9325,-1.0493,-1.0521,-1.0578,-0.9877
64648,1977,-0.5561,,-0.5292,-0.5873,-0.4118,-0.5850,-0.5229
65013,1978,-0.7049,,-0.5968,-0.6327,-0.5613,-0.6309,-0.5862
65378,1979,-0.2443,-0.2115,-0.2695,-0.2577,-0.1215,-0.2623,-0.2576
65743,1980,-0.0187,0.0935,-0.1008,-0.0348,0.1638,-0.0131,-0.0762
66109,1981,-0.2973,-0.2549,-0.2904,-0.2906,-0.1667,-0.2956,-0.2823
66474,1982,-0.5219,-0.4058,-0.5385,-0.5224,-0.3622,-0.5432,-0.5023
66839,1983,-0.1918,-0.1382,-0.1953,-0.1936,-0.0947,-0.2100,-0.1800
67204,1984,-0.7885,-0.7389,-0.7775,-0.7381,-0.6490,-0.7642,-0.7349
67570,1985,-0.3937,-0.3151,-0.4065,-0.3333,-0.2157,-0.3200,-0.3649
67935,1986,-0.3472,-0.2711,-0.4172,-0.3217,-0.2145,-0.2930,-0.3285
68300,1987,-0.2888,-0.2254,-0.3284,-0.3434,-0.1684,-0.3574,-0.3170
68665,1988,0.1200,0.1520,0.0788,0.0884,0.2247,0.0766,0.0923
69031,1989,-0.4764,-0.4638,-0.4591,-0.4423,-0.3425,-0.4814,-0.4204
69396,1990,-0.0912,-0.0296,-0.1788,-0.1231,0.0014,-0.1317,-0.1289
69761,1991,-0.0525,-0.0133,-0.1640,-0.1190,0.0102,-0.0820,-0.1432
70126,1992,-0.4370,-0.5085,-0.4614,-0.3940,-0.4603,-0.3972,-0.4164
70492,1993,-0.2845,-0.2657,-0.3453,-0.3267,-0.2330,-0.3366,-0.3427
70857,1994,-0.3630,-0.2156,-0.3884,-0.4184,-0.1691,-0.4233,-0.3949
71222,1995,-0.3652,-0.3787,-0.3709,-0.3362,-0.2906,-0.3359,-0.3480
71587,1996,-0.0944,-0.0440,-0.1821,-0.1071,0.0277,-0.0785,-0.1214
71953,1997,-0.2607,-0.2320,-0.2832,-0.3055,-0.2122,-0.2955,-0.2866
72318,1998,0.3021,0.3076,0.2785,0.3329,0.3210,0.3346,0.2807
72683,1999,-0.2519,-0.3565,-0.2251,-0.2071,-0.3131,-0.2136,-0.1994
73048,2000,-0.5085,-0.6821,-0.3852,-0.4527,-0.5806,-0.4924,-0.4202
73414,2001,-0.4067,-0.5339,-0.3000,-0.3364,-0.4833,-0.3692,-0.3064
73779,2002,0.0836,0.0921,0.0612,0.0412,0.1092,0.0341,0.0711
74144,2003,0.0440,0.0183,0.0213,0.0061,0.0313,0.0453,0.0633
74509,2004,-0.1008,-0.0994,-0.1228,-0.1267,-0.1144,-0.1120,-0.1184
74875,2005,0.3759,0.4099,0.2677,0.3183,0.4024,0.3466,0.3206
75240,2006,-0.1063,-0.1023,-0.1535,-0.1147,-0.1305,-0.0934,-0.1086
75605,2007,0.0470,0.0742,0.0572,0.0195,0.0778,0.0240,0.0310
75970,2008,-0.1789,-0.1553,-0.2063,-0.2175,-0.1732,-0.2078,-0.1854
76336,2009,0.2145,0.2470,0.2015,0.1576,0.2436,0.1833,0.2149
76701,2010,-0.1340,-0.2015,0.0026,-0.0736,-0.2476,-0.1189,-0.0417
77066,2011,-0.4565,-0.5848,-0.3643,-0.4207,-0.6132,-0.4403,-0.3983
77431,2012,-0.2868,-0.2975,-0.2295,-0.2194,-0.3356,-0.2797,-0.2399
77797,2013,0.5338,0.5724,0.5041,0.5286,0.5422,0.5253,0.4985
78162,2014,0.2990,0.3455,0.3211,0.3275,0.3178,0.3166,0.2942
78527,2015,0.2420,0.3047,0.2669,0.2749,0.2588,0.2824,0.2786
78892,2016,0.3981,0.3486,0.4924,0.4440,0.3021,0.4084,0.4394
79258,2017,0.3089,0.3076,0.3524,0.3632,0.2433,0.3631,0.3466
79623,2018,0.3486,0.4053,0.3574,0.3761,0.3283,0.3818,0.3266
79988,2019,0.6401,0.7949,0.5695,0.5506,0.7266,0.5760,0.4958
80353,2020,0.4502,0.4432,0.4281,0.4353,0.4143,0.4549,0.4103
80719,2021,0.0256,-0.0262,0.0940,0.0658,-0.0689,0.0438,0.0450
81084,2022,-0.0143,-0.0834,0.1057,0.0592,-0.1256,0.0277,0.0886
81449,2023,0.2782,0.3532,0.3386,0.3325,0.3467,0.3173,0.3069
end data
