Conventions,G,BADC-CSV,1
title,G,Regional mean temperature for WMO RA 5 South-West Pacific
last_revised_date,G,2022-12-16
date_valid,G,2022-12-16
feature_type,G,area average
creator,G,WMO
source,G,Produced by climind version 0.1
observation_station,G,derived data
location,G,90.,-180.,-90.,180.
activity,G,WMO
history,G,""Data set created from file ['NOAAGlobalTemp_v*.nc'] downloaded from ['https://www.ncei.noaa.gov/data/noaa-global-surface-temperature/v5/access/gridded/NOAAGlobalTemp_v.*.nc'] at ['2022-12-16 09:24:29']""
history,G,""Data set created from file ['NOAAGlobalTemp_v*.nc'] downloaded from ['https://www.ncei.noaa.gov/data/noaa-global-surface-temperature/v5/access/gridded/NOAAGlobalTemp_v.*.nc'] at ['2022-12-16 09:24:29']""
history,G,""Regridded to 1 degree latitude-longitude resolution""
history,G,""Rebaselined to 1991-2020""
history,G,""Calculated area-average""
history,G,""Calculated annual average from monthly averages using arithmetic mean""
history,G,""Selected years within the range 1900 to 2022.""
history,G,""Wrote to file wmo_ra_5_NOAAGlobalTemp.csv""
history,G,"Data set created from file ['wmo_ra_5_NOAAGlobalTemp.csv'] downloaded from [''] at ['2022-12-16 17:53:17']"
reference,G,"Huang, B., M. J. Menne, T. Boyer, E. Freeman, B. E. Gleason, J. H. Lawrimore, C. Liu, J. J. Rennie, C. Schreck, F. Sun, R. Vose, C. N. Williams, X. Yin, H.-M. Zhang, 2020: Uncertainty estimates for sea surface temperature and land surface air temperature in NOAAGlobalTemp version 5. , J. Climate, 33, 1351-1379, DOI: 10.1175/JCLI-D-19-0395.1"
reference,G,"Zhang, Huai-Min, Jay H. Lawrimore, Boyin Huang, Matthew J. Menne, Xungang Yin, Ahira Sȧnchez-Lugo, Byron E. Gleason, Russell Vose, Derek Arndt, J. Jared Rennie, and Claude N. Williams. (2019) Updated Temperature Data Give a Sharper View of Climate Trends. Eos, 100, https://doi.org/10.1029/2019EO128229"
rights,G,TBD
comments,G,Data produced by climind version 0.1
comments,G,Format description https://help.ceda.ac.uk/article/105-badc-csv
long_name,time,time,days since 1800-01-01 00:00:00.0
type,time,int
long_name,year,year,1
type,year,int
long_name,data,wmo_ra_5,degC
type,data,float
coordinate_variable,time,t
data
time,year,data
36524,1900,-0.5453
36889,1901,-0.8119
37254,1902,-0.8904
37619,1903,-1.0738
37984,1904,-1.3049
38350,1905,-1.1026
38715,1906,-0.5589
39080,1907,-0.9891
39445,1908,-1.3145
39811,1909,-1.1987
40176,1910,-0.8740
40541,1911,-1.0691
40906,1912,-0.7194
41272,1913,-1.1833
41637,1914,-0.4521
42002,1915,-0.4631
42367,1916,-0.8604
42733,1917,-1.3754
43098,1918,-1.0550
43463,1919,-0.6864
43828,1920,-1.0098
44194,1921,-0.6920
44559,1922,-0.8689
44924,1923,-0.8651
45289,1924,-1.0341
45655,1925,-1.2162
46020,1926,-0.7597
46385,1927,-0.9288
46750,1928,-0.5253
47116,1929,-1.1997
47481,1930,-0.8209
47846,1931,-0.9722
48211,1932,-0.9252
48577,1933,-0.9395
48942,1934,-0.8576
49307,1935,-0.9239
49672,1936,-0.7143
50038,1937,-0.8335
50403,1938,-0.3989
50768,1939,-0.9996
51133,1940,-0.8111
51499,1941,-0.8402
51864,1942,-0.4945
52229,1943,-0.9959
52594,1944,-0.8109
52960,1945,-0.6994
53325,1946,-1.0081
53690,1947,-0.8470
54055,1948,-0.9955
54421,1949,-1.3280
54786,1950,-0.9666
55151,1951,-0.8465
55516,1952,-0.8877
55882,1953,-0.8717
56247,1954,-0.8163
56612,1955,-0.8283
56977,1956,-1.1274
57343,1957,-0.5711
57708,1958,-0.4354
58073,1959,-0.3847
58438,1960,-0.9170
58804,1961,-0.5129
59169,1962,-0.5835
59534,1963,-0.7345
59899,1964,-0.7069
60265,1965,-0.5817
60630,1966,-0.9252
60995,1967,-0.7811
61360,1968,-0.8163
61726,1969,-0.5229
62091,1970,-0.5319
62456,1971,-0.6644
62821,1972,-0.4793
63187,1973,-0.0778
63552,1974,-0.9120
63917,1975,-0.5845
64282,1976,-1.0016
64648,1977,-0.5503
65013,1978,-0.6003
65378,1979,-0.2514
65743,1980,-0.0720
66109,1981,-0.2660
66474,1982,-0.5202
66839,1983,-0.2038
67204,1984,-0.7323
67570,1985,-0.3320
67935,1986,-0.3002
68300,1987,-0.3506
68665,1988,0.1118
69031,1989,-0.4139
69396,1990,-0.1272
69761,1991,-0.1546
70126,1992,-0.4297
70492,1993,-0.3254
70857,1994,-0.4171
71222,1995,-0.3673
71587,1996,-0.1080
71953,1997,-0.3145
72318,1998,0.2987
72683,1999,-0.1677
73048,2000,-0.4150
73414,2001,-0.2973
73779,2002,0.0600
74144,2003,0.0470
74509,2004,-0.1226
74875,2005,0.3243
75240,2006,-0.1145
75605,2007,0.0372
75970,2008,-0.1660
76336,2009,0.2107
76701,2010,-0.0508
77066,2011,-0.4134
77431,2012,-0.2525
77797,2013,0.5191
78162,2014,0.3078
78527,2015,0.2692
78892,2016,0.4496
79258,2017,0.3613
79623,2018,0.3453
79988,2019,0.4980
80353,2020,0.3883
80719,2021,0.0208
81084,2022,0.1135
end data
