Conventions,G,BADC-CSV,1
title,G,Regional mean temperature for WMO RA 5 South-West Pacific
last_revised_date,G,2022-11-29
date_valid,G,2022-11-29
feature_type,G,area average
creator,G,WMO
source,G,Produced by climind version 0.1
observation_station,G,derived data
location,G,90.,-180.,-90.,180.
activity,G,WMO
history,G,""Data set created from file ['NOAAGlobalTemp_v*.nc'] downloaded from ['https://www.ncei.noaa.gov/data/noaa-global-surface-temperature/v5/access/gridded/NOAAGlobalTemp_v.*.nc'] at ['2022-11-21 17:47:59']""
history,G,""Data set created from file ['NOAAGlobalTemp_v*.nc'] downloaded from ['https://www.ncei.noaa.gov/data/noaa-global-surface-temperature/v5/access/gridded/NOAAGlobalTemp_v.*.nc'] at ['2022-11-21 17:47:59']""
history,G,""Regridded to 1 degree latitude-longitude resolution""
history,G,""Rebaselined to 1981-2010""
history,G,""Calculated area-average""
history,G,""Calculated annual average from monthly averages using arithmetic mean""
history,G,""Selected years within the range 1900 to 2022.""
history,G,""Wrote to file wmo_ra_5_NOAAGlobalTemp.csv""
history,G,"Data set created from file ['wmo_ra_5_NOAAGlobalTemp.csv'] downloaded from [''] at ['2022-11-23 19:15:05']"
reference,G,"Huang, B., M. J. Menne, T. Boyer, E. Freeman, B. E. Gleason, J. H. Lawrimore, C. Liu, J. J. Rennie, C. Schreck, F. Sun, R. Vose, C. N. Williams, X. Yin, H.-M. Zhang, 2020: Uncertainty estimates for sea surface temperature and land surface air temperature in NOAAGlobalTemp version 5. , J. Climate, 33, 1351-1379, DOI: 10.1175/JCLI-D-19-0395.1"
reference,G,"Zhang, Huai-Min, Jay H. Lawrimore, Boyin Huang, Matthew J. Menne, Xungang Yin, Ahira Sȧnchez-Lugo, Byron E. Gleason, Russell Vose, Derek Arndt, J. Jared Rennie, and Claude N. Williams. (2019) Updated Temperature Data Give a Sharper View of Climate Trends. Eos, 100, https://doi.org/10.1029/2019EO128229"
rights,G,TBD
comments,G,Data produced by climind version 0.1
comments,G,Format description https://help.ceda.ac.uk/article/105-badc-csv
long_name,time,time,days since 1800-01-01 00:00:00.0
type,time,int
long_name,year,year,1
type,year,int
long_name,data,wmo_ra_5,degC
type,data,float
coordinate_variable,time,t
data
time,year,data
36524,1900,-0.3840
36889,1901,-0.6565
37254,1902,-0.7365
37619,1903,-0.9205
37984,1904,-1.1510
38350,1905,-0.9465
38715,1906,-0.4076
39080,1907,-0.8271
39445,1908,-1.1541
39811,1909,-1.0401
40176,1910,-0.6966
40541,1911,-0.8916
40906,1912,-0.5424
41272,1913,-1.0052
41637,1914,-0.2735
42002,1915,-0.2852
42367,1916,-0.6773
42733,1917,-1.1937
43098,1918,-0.8726
43463,1919,-0.5024
43828,1920,-0.8246
44194,1921,-0.5087
44559,1922,-0.6926
44924,1923,-0.6902
45289,1924,-0.8619
45655,1925,-1.0397
46020,1926,-0.5755
46385,1927,-0.7483
46750,1928,-0.3490
47116,1929,-1.0216
47481,1930,-0.6382
47846,1931,-0.7933
48211,1932,-0.7453
48577,1933,-0.7588
48942,1934,-0.6778
49307,1935,-0.7439
49672,1936,-0.5334
50038,1937,-0.6540
50403,1938,-0.2328
50768,1939,-0.8321
51133,1940,-0.6436
51499,1941,-0.6789
51864,1942,-0.3377
52229,1943,-0.8366
52594,1944,-0.6529
52960,1945,-0.5427
53325,1946,-0.8546
53690,1947,-0.6940
54055,1948,-0.8435
54421,1949,-1.1742
54786,1950,-0.8147
55151,1951,-0.6918
55516,1952,-0.7228
55882,1953,-0.7056
56247,1954,-0.6523
56612,1955,-0.6675
56977,1956,-0.9645
57343,1957,-0.4128
57708,1958,-0.2778
58073,1959,-0.2305
58438,1960,-0.7586
58804,1961,-0.3541
59169,1962,-0.4279
59534,1963,-0.5753
59899,1964,-0.5427
60265,1965,-0.4148
60630,1966,-0.7614
60995,1967,-0.6150
61360,1968,-0.6544
61726,1969,-0.3595
62091,1970,-0.3658
62456,1971,-0.4992
62821,1972,-0.3143
63187,1973,0.0883
63552,1974,-0.7459
63917,1975,-0.4235
64282,1976,-0.8433
64648,1977,-0.3865
65013,1978,-0.4333
65378,1979,-0.0828
65743,1980,0.1018
66109,1981,-0.0815
66474,1982,-0.3358
66839,1983,-0.0243
67204,1984,-0.5575
67570,1985,-0.1591
67935,1986,-0.1242
68300,1987,-0.1691
68665,1988,0.2944
69031,1989,-0.2351
69396,1990,0.0507
69761,1991,0.0204
70126,1992,-0.2499
70492,1993,-0.1458
70857,1994,-0.2327
71222,1995,-0.1796
71587,1996,0.0779
71953,1997,-0.1256
72318,1998,0.4838
72683,1999,0.0111
73048,2000,-0.2310
73414,2001,-0.1180
73779,2002,0.2490
74144,2003,0.2474
74509,2004,0.0756
74875,2005,0.5275
75240,2006,0.0905
75605,2007,0.2410
75970,2008,0.0379
76336,2009,0.4160
76701,2010,0.1460
77066,2011,-0.2133
77431,2012,-0.0518
77797,2013,0.7275
78162,2014,0.5124
78527,2015,0.4753
78892,2016,0.6558
79258,2017,0.5671
79623,2018,0.5552
79988,2019,0.7027
80353,2020,0.5997
80719,2021,0.2346
81084,2022,0.4237
end data
