Conventions,G,BADC-CSV,1
title,G,Regional mean temperature for WMO RA 5 South-West Pacific
last_revised_date,G,2022-09-12
date_valid,G,2022-09-12
feature_type,G,area average
creator,G,WMO
source,G,Produced by climind version 0.1
observation_station,G,derived data
location,G,90.,-180.,-90.,180.
activity,G,WMO
history,G,""Data set created from file ['NOAAGlobalTemp_v*.nc'] downloaded from ['https://www.ncei.noaa.gov/data/noaa-global-surface-temperature/v5/access/gridded/NOAAGlobalTemp_v.*.nc'] at ['2022-08-23 10:32:43']""
history,G,""Data set created from file ['NOAAGlobalTemp_v*.nc'] downloaded from ['https://www.ncei.noaa.gov/data/noaa-global-surface-temperature/v5/access/gridded/NOAAGlobalTemp_v.*.nc'] at ['2022-08-23 10:32:43']""
history,G,""Regridded to 1 degree latitude-longitude resolution""
history,G,""Rebaselined to 1981-2010""
history,G,""Calculated area-average""
history,G,""Calculated annual average from monthly averages using arithmetic mean""
history,G,""Selected year range 1900 to 2021""
history,G,""Wrote to file wmo_ra_5_NOAAGlobalTemp.csv""
history,G,"Data set created from file ['wmo_ra_5_NOAAGlobalTemp.csv'] downloaded from [''] at ['2022-09-01 17:56:56']"
reference,G,"Huang, B., M. J. Menne, T. Boyer, E. Freeman, B. E. Gleason, J. H. Lawrimore, C. Liu, J. J. Rennie, C. Schreck, F. Sun, R. Vose, C. N. Williams, X. Yin, H.-M. Zhang, 2020: Uncertainty estimates for sea surface temperature and land surface air temperature in NOAAGlobalTemp version 5. , J. Climate, 33, 1351-1379, DOI: 10.1175/JCLI-D-19-0395.1"
reference,G,"Zhang, Huai-Min, Jay H. Lawrimore, Boyin Huang, Matthew J. Menne, Xungang Yin, Ahira Sȧnchez-Lugo, Byron E. Gleason, Russell Vose, Derek Arndt, J. Jared Rennie, and Claude N. Williams. (2019) Updated Temperature Data Give a Sharper View of Climate Trends. Eos, 100, https://doi.org/10.1029/2019EO128229"
rights,G,TBD
comments,G,Data produced by climind version 0.1
comments,G,Format description https://help.ceda.ac.uk/article/105-badc-csv
long_name,time,time,
type,time,int
long_name,year,year,1
type,year,int
long_name,data,wmo_ra_5,degC
type,data,float
coordinate_variable,time,t
data
time,year,data
36524,1900,-0.3916
36889,1901,-0.6695
37254,1902,-0.7391
37619,1903,-0.9233
37984,1904,-1.1588
38350,1905,-0.9534
38715,1906,-0.4099
39080,1907,-0.8343
39445,1908,-1.1551
39811,1909,-1.0396
40176,1910,-0.7048
40541,1911,-0.8995
40906,1912,-0.5498
41272,1913,-1.0109
41637,1914,-0.2751
42002,1915,-0.2883
42367,1916,-0.6816
42733,1917,-1.1960
43098,1918,-0.8714
43463,1919,-0.5008
43828,1920,-0.8219
44194,1921,-0.5009
44559,1922,-0.6810
44924,1923,-0.6796
45289,1924,-0.8510
45655,1925,-1.0292
46020,1926,-0.5729
46385,1927,-0.7439
46750,1928,-0.3441
47116,1929,-1.0181
47481,1930,-0.6366
47846,1931,-0.7945
48211,1932,-0.7486
48577,1933,-0.7612
48942,1934,-0.6792
49307,1935,-0.7454
49672,1936,-0.5357
50038,1937,-0.6558
50403,1938,-0.2337
50768,1939,-0.8316
51133,1940,-0.6438
51499,1941,-0.6815
51864,1942,-0.3351
52229,1943,-0.8286
52594,1944,-0.6448
52960,1945,-0.5380
53325,1946,-0.8458
53690,1947,-0.6836
54055,1948,-0.8304
54421,1949,-1.1644
54786,1950,-0.8004
55151,1951,-0.6876
55516,1952,-0.7303
55882,1953,-0.7120
56247,1954,-0.6590
56612,1955,-0.6743
56977,1956,-0.9699
57343,1957,-0.4150
57708,1958,-0.2735
58073,1959,-0.2270
58438,1960,-0.7543
58804,1961,-0.3478
59169,1962,-0.4237
59534,1963,-0.5695
59899,1964,-0.5419
60265,1965,-0.4122
60630,1966,-0.7503
60995,1967,-0.6066
61360,1968,-0.6410
61726,1969,-0.3489
62091,1970,-0.3634
62456,1971,-0.4936
62821,1972,-0.3077
63187,1973,0.0974
63552,1974,-0.7334
63917,1975,-0.4070
64282,1976,-0.8305
64648,1977,-0.3756
65013,1978,-0.4245
65378,1979,-0.0774
65743,1980,0.1040
66109,1981,-0.0769
66474,1982,-0.3281
66839,1983,-0.0162
67204,1984,-0.5553
67570,1985,-0.1535
67935,1986,-0.1203
68300,1987,-0.1671
68665,1988,0.2953
69031,1989,-0.2351
69396,1990,0.0521
69761,1991,0.0253
70126,1992,-0.2420
70492,1993,-0.1422
70857,1994,-0.2330
71222,1995,-0.1778
71587,1996,0.0793
71953,1997,-0.1223
72318,1998,0.4746
72683,1999,0.0130
73048,2000,-0.2323
73414,2001,-0.1180
73779,2002,0.2532
74144,2003,0.2472
74509,2004,0.0725
74875,2005,0.5233
75240,2006,0.0821
75605,2007,0.2304
75970,2008,0.0281
76336,2009,0.4074
76701,2010,0.1365
77066,2011,-0.2241
77431,2012,-0.0684
77797,2013,0.7028
78162,2014,0.4881
78527,2015,0.4463
78892,2016,0.6233
79258,2017,0.5315
79623,2018,0.5161
79988,2019,0.6715
80353,2020,0.5687
80719,2021,0.1898
end data
