Conventions,G,BADC-CSV,1
title,G,Regional mean temperature for WMO RA 5 South-West Pacific
last_revised_date,G,2022-11-24
date_valid,G,2022-11-24
feature_type,G,area average
creator,G,WMO
source,G,Produced by climind version 0.1
observation_station,G,derived data
location,G,90.,-180.,-90.,180.
activity,G,WMO
history,G,""Data set created from file ['anl_surf125.011_tmp.202201_202212', 'anl_surf125.2022MMMM'] downloaded from ['', ''] at ['2022-11-08 14:59:36']""
history,G,""Regridded to 1 degree latitude-longitude resolution""
history,G,""Rebaselined to 1981-2010""
history,G,""Calculated area-average""
history,G,""Calculated annual average from monthly averages using arithmetic mean""
history,G,""Selected years within the range 1900 to 2022.""
history,G,""Wrote to file wmo_ra_5_JRA-55.csv""
history,G,"Data set created from file ['wmo_ra_5_JRA-55.csv'] downloaded from [''] at ['2022-11-23 19:14:48']"
reference,G,"Kobayashi, S., Ota, Y., Harada, Y., Ebita, A., Moriya, M., Onoda, H., Onogi, K., Kamahori, H., Kobayashi, C., Endo, H. and Miyaoka, K., (2015). The JRA-55 reanalysis: General specifications and basic characteristics. Journal of the Meteorological Society of Japan. Ser. II, 93(1), pp.5-48."
rights,G,TBD
comments,G,Data produced by climind version 0.1
comments,G,Format description https://help.ceda.ac.uk/article/105-badc-csv
long_name,time,time,days since 1800-01-01 00:00:00.0
type,time,int
long_name,year,year,1
type,year,int
long_name,data,wmo_ra_5,degC
type,data,float
coordinate_variable,time,t
data
time,year,data
57708,1958,0.1982
58073,1959,0.1963
58438,1960,-0.4985
58804,1961,0.0727
59169,1962,-0.1297
59534,1963,-0.2939
59899,1964,-0.1020
60265,1965,0.0709
60630,1966,-0.5203
60995,1967,-0.3718
61360,1968,-0.4824
61726,1969,-0.0786
62091,1970,-0.1164
62456,1971,-0.4417
62821,1972,-0.0447
63187,1973,-0.0143
63552,1974,-0.9925
63917,1975,-0.5901
64282,1976,-0.9130
64648,1977,-0.2727
65013,1978,-0.4222
65378,1979,0.0176
65743,1980,0.3029
66109,1981,-0.0276
66474,1982,-0.2231
66839,1983,0.0444
67204,1984,-0.5100
67570,1985,-0.0767
67935,1986,-0.0754
68300,1987,-0.0294
68665,1988,0.3638
69031,1989,-0.2034
69396,1990,0.1404
69761,1991,0.1493
70126,1992,-0.3212
70492,1993,-0.0939
70857,1994,-0.0300
71222,1995,-0.1515
71587,1996,0.1667
71953,1997,-0.0731
72318,1998,0.4601
72683,1999,-0.1740
73048,2000,-0.4415
73414,2001,-0.3442
73779,2002,0.2483
74144,2003,0.1703
74509,2004,0.0247
74875,2005,0.5415
75240,2006,0.0085
75605,2007,0.2168
75970,2008,-0.0341
76336,2009,0.3827
76701,2010,-0.1085
77066,2011,-0.4741
77431,2012,-0.1966
77797,2013,0.6813
78162,2014,0.4569
78527,2015,0.3979
78892,2016,0.4412
79258,2017,0.3824
79623,2018,0.4674
79988,2019,0.8656
80353,2020,0.5534
80719,2021,0.0702
81084,2022,0.1606
end data
