Conventions,G,BADC-CSV,1
title,G,Regional mean temperature for WMO RA 2 Asia
last_revised_date,G,2023-08-28
date_valid,G,2023-08-28
feature_type,G,area average
creator,G,WMO
source,G,Produced by climind version 0.1
observation_station,G,derived data
location,G,90.,-180.,-90.,180.
activity,G,WMO
history,G,""Data set created from file ['NOAAGlobalTemp_v*.nc'] downloaded from ['https://www.ncei.noaa.gov/data/noaa-global-surface-temperature/v5/access/gridded/NOAAGlobalTemp_v.*.nc'] at ['2023-08-07 16:18:17']""
history,G,""Data set created from file ['NOAAGlobalTemp_v*.nc'] downloaded from ['https://www.ncei.noaa.gov/data/noaa-global-surface-temperature/v5/access/gridded/NOAAGlobalTemp_v.*.nc'] at ['2023-08-07 16:18:17']""
history,G,""Regridded to 1 degree latitude-longitude resolution""
history,G,""Rebaselined to 1991-2020""
history,G,""Calculated area-average""
history,G,""Calculated annual average from monthly averages using arithmetic mean""
history,G,""Selected years within the range 1900 to 2022.""
history,G,""Wrote to file wmo_ra_2_NOAAGlobalTemp.csv""
history,G,"Data set created from file ['wmo_ra_2_NOAAGlobalTemp.csv'] downloaded from [''] at ['2023-08-09 12:23:24']"
reference,G,"Huang, B., M. J. Menne, T. Boyer, E. Freeman, B. E. Gleason, J. H. Lawrimore, C. Liu, J. J. Rennie, C. Schreck, F. Sun, R. Vose, C. N. Williams, X. Yin, H.-M. Zhang, 2020: Uncertainty estimates for sea surface temperature and land surface air temperature in NOAAGlobalTemp version 5. , J. Climate, 33, 1351-1379, DOI: 10.1175/JCLI-D-19-0395.1"
reference,G,"Zhang, Huai-Min, Jay H. Lawrimore, Boyin Huang, Matthew J. Menne, Xungang Yin, Ahira Sȧnchez-Lugo, Byron E. Gleason, Russell Vose, Derek Arndt, J. Jared Rennie, and Claude N. Williams. (2019) Updated Temperature Data Give a Sharper View of Climate Trends. Eos, 100, https://doi.org/10.1029/2019EO128229"
rights,G,TBD
comments,G,Data produced by climind version 0.1
comments,G,Format description https://help.ceda.ac.uk/article/105-badc-csv
comments,G,"Original data acknowledgement: "
long_name,time,time,days since 1800-01-01 00:00:00.0
type,time,int
long_name,year,year,1
type,year,int
long_name,data,wmo_ra_2,degC
type,data,float
coordinate_variable,time,t
data
time,year,data
36524,1900,-1.4107
36889,1901,-1.2401
37254,1902,-1.5301
37619,1903,-1.5659
37984,1904,-1.4104
38350,1905,-1.6259
38715,1906,-1.3487
39080,1907,-1.7055
39445,1908,-1.6805
39811,1909,-1.4587
40176,1910,-1.7212
40541,1911,-1.6243
40906,1912,-1.9111
41272,1913,-1.5193
41637,1914,-1.0035
42002,1915,-1.2874
42367,1916,-1.6109
42733,1917,-1.4275
43098,1918,-1.5161
43463,1919,-1.5012
43828,1920,-1.4794
44194,1921,-1.1084
44559,1922,-1.2596
44924,1923,-1.3115
45289,1924,-1.1524
45655,1925,-1.0348
46020,1926,-1.1016
46385,1927,-1.3363
46750,1928,-1.4226
47116,1929,-1.7382
47481,1930,-1.3961
47846,1931,-1.4880
48211,1932,-0.9453
48577,1933,-1.6305
48942,1934,-1.3311
49307,1935,-1.2584
49672,1936,-1.3133
50038,1937,-1.3182
50403,1938,-0.9202
50768,1939,-0.8380
51133,1940,-1.0384
51499,1941,-1.1405
51864,1942,-1.0369
52229,1943,-0.8094
52594,1944,-0.8480
52960,1945,-1.2205
53325,1946,-1.1521
53690,1947,-1.1017
54055,1948,-0.6907
54421,1949,-1.1624
54786,1950,-1.5167
55151,1951,-1.0277
55516,1952,-1.4740
55882,1953,-0.7810
56247,1954,-1.3629
56612,1955,-1.1153
56977,1956,-1.4405
57343,1957,-1.4251
57708,1958,-1.1901
58073,1959,-0.9365
58438,1960,-1.3062
58804,1961,-0.9159
59169,1962,-0.7503
59534,1963,-0.6796
59899,1964,-1.4089
60265,1965,-1.1997
60630,1966,-1.3001
60995,1967,-0.9161
61360,1968,-1.2182
61726,1969,-1.7279
62091,1970,-1.1458
62456,1971,-0.8755
62821,1972,-1.4523
63187,1973,-0.6598
63552,1974,-1.4148
63917,1975,-0.6005
64282,1976,-1.4068
64648,1977,-1.0094
65013,1978,-0.8111
65378,1979,-0.9944
65743,1980,-0.8530
66109,1981,-0.4697
66474,1982,-0.8596
66839,1983,-0.4231
67204,1984,-1.2578
67570,1985,-1.0016
67935,1986,-0.8366
68300,1987,-1.0412
68665,1988,-0.3167
69031,1989,-0.4855
69396,1990,-0.1738
69761,1991,-0.4346
70126,1992,-0.8834
70492,1993,-0.7082
70857,1994,-0.5147
71222,1995,0.1086
71587,1996,-0.7396
71953,1997,-0.2325
72318,1998,-0.2570
72683,1999,-0.2306
73048,2000,-0.3911
73414,2001,-0.1288
73779,2002,0.1341
74144,2003,-0.0081
74509,2004,-0.0646
74875,2005,0.0913
75240,2006,-0.1123
75605,2007,0.5699
75970,2008,0.2356
76336,2009,-0.1344
76701,2010,-0.0225
77066,2011,0.0494
77431,2012,-0.1646
77797,2013,0.1801
78162,2014,-0.0411
78527,2015,0.5841
78892,2016,0.5763
79258,2017,0.6353
79623,2018,0.2958
79988,2019,0.6079
80353,2020,1.0119
80719,2021,0.5124
81084,2022,0.7317
end data
