Conventions,G,BADC-CSV,1
title,G,Regional mean temperature for WMO RA 3 South America
last_revised_date,G,2023-08-28
date_valid,G,2023-08-28
feature_type,G,area average
creator,G,WMO
source,G,Produced by climind version 0.1
observation_station,G,derived data
location,G,90.,-180.,-90.,180.
activity,G,WMO
history,G,""Data set created from file ['NOAAGlobalTemp_v*.nc'] downloaded from ['https://www.ncei.noaa.gov/data/noaa-global-surface-temperature/v5/access/gridded/NOAAGlobalTemp_v.*.nc'] at ['2023-08-07 16:18:17']""
history,G,""Data set created from file ['NOAAGlobalTemp_v*.nc'] downloaded from ['https://www.ncei.noaa.gov/data/noaa-global-surface-temperature/v5/access/gridded/NOAAGlobalTemp_v.*.nc'] at ['2023-08-07 16:18:17']""
history,G,""Regridded to 1 degree latitude-longitude resolution""
history,G,""Rebaselined to 1991-2020""
history,G,""Calculated area-average""
history,G,""Calculated annual average from monthly averages using arithmetic mean""
history,G,""Selected years within the range 1900 to 2022.""
history,G,""Wrote to file wmo_ra_3_NOAAGlobalTemp.csv""
history,G,"Data set created from file ['wmo_ra_3_NOAAGlobalTemp.csv'] downloaded from [''] at ['2023-08-09 12:23:26']"
reference,G,"Huang, B., M. J. Menne, T. Boyer, E. Freeman, B. E. Gleason, J. H. Lawrimore, C. Liu, J. J. Rennie, C. Schreck, F. Sun, R. Vose, C. N. Williams, X. Yin, H.-M. Zhang, 2020: Uncertainty estimates for sea surface temperature and land surface air temperature in NOAAGlobalTemp version 5. , J. Climate, 33, 1351-1379, DOI: 10.1175/JCLI-D-19-0395.1"
reference,G,"Zhang, Huai-Min, Jay H. Lawrimore, Boyin Huang, Matthew J. Menne, Xungang Yin, Ahira Sȧnchez-Lugo, Byron E. Gleason, Russell Vose, Derek Arndt, J. Jared Rennie, and Claude N. Williams. (2019) Updated Temperature Data Give a Sharper View of Climate Trends. Eos, 100, https://doi.org/10.1029/2019EO128229"
rights,G,TBD
comments,G,Data produced by climind version 0.1
comments,G,Format description https://help.ceda.ac.uk/article/105-badc-csv
comments,G,"Original data acknowledgement: "
long_name,time,time,days since 1800-01-01 00:00:00.0
type,time,int
long_name,year,year,1
type,year,int
long_name,data,wmo_ra_3,degC
type,data,float
coordinate_variable,time,t
data
time,year,data
36524,1900,-0.6499
36889,1901,-0.7369
37254,1902,-0.6830
37619,1903,-0.9422
37984,1904,-0.9200
38350,1905,-0.8172
38715,1906,-0.7796
39080,1907,-1.0498
39445,1908,-0.9972
39811,1909,-1.0418
40176,1910,-1.1297
40541,1911,-1.2290
40906,1912,-0.9612
41272,1913,-0.8900
41637,1914,-0.9769
42002,1915,-0.8937
42367,1916,-1.3726
42733,1917,-1.6144
43098,1918,-1.3353
43463,1919,-1.0101
43828,1920,-1.1718
44194,1921,-1.3274
44559,1922,-1.3140
44924,1923,-1.3279
45289,1924,-1.4102
45655,1925,-1.1618
46020,1926,-0.9002
46385,1927,-1.0930
46750,1928,-1.1543
47116,1929,-1.1276
47481,1930,-0.9161
47846,1931,-1.0512
48211,1932,-0.8160
48577,1933,-1.1370
48942,1934,-1.1840
49307,1935,-0.9814
49672,1936,-0.8849
50038,1937,-0.8461
50403,1938,-1.0260
50768,1939,-0.7927
51133,1940,-0.6519
51499,1941,-0.6151
51864,1942,-0.8928
52229,1943,-0.9131
52594,1944,-0.6219
52960,1945,-0.6344
53325,1946,-0.7872
53690,1947,-0.8506
54055,1948,-0.7846
54421,1949,-0.9342
54786,1950,-0.9833
55151,1951,-0.7815
55516,1952,-0.7778
55882,1953,-0.6085
56247,1954,-0.9629
56612,1955,-1.1262
56977,1956,-1.2451
57343,1957,-0.7169
57708,1958,-0.5097
58073,1959,-0.7174
58438,1960,-0.7754
58804,1961,-0.5993
59169,1962,-0.8358
59534,1963,-0.5988
59899,1964,-0.9220
60265,1965,-0.6423
60630,1966,-0.7041
60995,1967,-0.7087
61360,1968,-0.8483
61726,1969,-0.3487
62091,1970,-0.5720
62456,1971,-0.9621
62821,1972,-0.5629
63187,1973,-0.5704
63552,1974,-0.9391
63917,1975,-0.8210
64282,1976,-0.8727
64648,1977,-0.4126
65013,1978,-0.5529
65378,1979,-0.5682
65743,1980,-0.3812
66109,1981,-0.5276
66474,1982,-0.4139
66839,1983,-0.2241
67204,1984,-0.6278
67570,1985,-0.5432
67935,1986,-0.4225
68300,1987,-0.1022
68665,1988,-0.4610
69031,1989,-0.5258
69396,1990,-0.3775
69761,1991,-0.3164
70126,1992,-0.4471
70492,1993,-0.3119
70857,1994,-0.1608
71222,1995,-0.1684
71587,1996,-0.3543
71953,1997,0.0164
72318,1998,0.2187
72683,1999,-0.3626
73048,2000,-0.4231
73414,2001,-0.1415
73779,2002,0.0435
74144,2003,-0.0137
74509,2004,-0.0778
74875,2005,0.0120
75240,2006,0.0019
75605,2007,-0.1954
75970,2008,-0.1168
76336,2009,0.1099
76701,2010,0.0785
77066,2011,-0.0833
77431,2012,0.1183
77797,2013,0.0045
78162,2014,0.2110
78527,2015,0.5650
78892,2016,0.3427
79258,2017,0.3654
79623,2018,0.1191
79988,2019,0.4147
80353,2020,0.5516
80719,2021,0.2676
81084,2022,0.0816
end data
