Conventions,G,BADC-CSV,1
title,G,Regional mean temperature for WMO RA 6 Europe
last_revised_date,G,2023-08-28
date_valid,G,2023-08-28
feature_type,G,area average
creator,G,WMO
source,G,Produced by climind version 0.1
observation_station,G,derived data
location,G,90.,-180.,-90.,180.
activity,G,WMO
history,G,""Data set created from file ['anl_surf125.011_tmp.202301_202312', 'anl_surf125.2023MMMM'] downloaded from ['', ''] at ['2023-08-07 16:16:00']""
history,G,""Regridded to 1 degree latitude-longitude resolution""
history,G,""Rebaselined to 1991-2020""
history,G,""Calculated area-average""
history,G,""Calculated annual average from monthly averages using arithmetic mean""
history,G,""Selected years within the range 1900 to 2022.""
history,G,""Wrote to file wmo_ra_6_JRA-55.csv""
history,G,"Data set created from file ['wmo_ra_6_JRA-55.csv'] downloaded from [''] at ['2023-08-09 11:02:22']"
reference,G,"Kobayashi, S., Ota, Y., Harada, Y., Ebita, A., Moriya, M., Onoda, H., Onogi, K., Kamahori, H., Kobayashi, C., Endo, H. and Miyaoka, K., (2015). The JRA-55 reanalysis: General specifications and basic characteristics. Journal of the Meteorological Society of Japan. Ser. II, 93(1), pp.5-48."
rights,G,TBD
comments,G,Data produced by climind version 0.1
comments,G,Format description https://help.ceda.ac.uk/article/105-badc-csv
comments,G,"Original data acknowledgement: "
long_name,time,time,days since 1800-01-01 00:00:00.0
type,time,int
long_name,year,year,1
type,year,int
long_name,data,wmo_ra_6,degC
type,data,float
coordinate_variable,time,t
data
time,year,data
57708,1958,-0.9262
58073,1959,-0.7337
58438,1960,-0.4392
58804,1961,-0.3291
59169,1962,-0.7206
59534,1963,-1.1502
59899,1964,-0.9416
60265,1965,-1.1148
60630,1966,-0.7978
60995,1967,-0.8345
61360,1968,-1.1358
61726,1969,-1.6682
62091,1970,-0.9898
62456,1971,-1.2605
62821,1972,-0.8639
63187,1973,-1.2021
63552,1974,-0.5974
63917,1975,-0.4695
64282,1976,-1.6108
64648,1977,-0.9126
65013,1978,-1.4946
65378,1979,-1.0823
65743,1980,-1.3614
66109,1981,-0.8130
66474,1982,-1.0439
66839,1983,-0.8715
67204,1984,-1.1393
67570,1985,-1.5597
67935,1986,-1.1343
68300,1987,-1.6810
68665,1988,-0.8054
69031,1989,-0.1976
69396,1990,-0.3000
69761,1991,-0.8221
70126,1992,-1.0514
70492,1993,-1.4292
70857,1994,-0.5548
71222,1995,-0.2195
71587,1996,-0.8613
71953,1997,-0.7015
72318,1998,-0.4493
72683,1999,-0.1404
73048,2000,0.1844
73414,2001,-0.1755
73779,2002,0.0578
74144,2003,0.0362
74509,2004,-0.0845
74875,2005,0.1679
75240,2006,-0.0147
75605,2007,0.3980
75970,2008,0.2864
76336,2009,0.0900
76701,2010,0.3296
77066,2011,-0.0146
77431,2012,0.1340
77797,2013,0.1521
78162,2014,0.6122
78527,2015,0.4652
78892,2016,0.7389
79258,2017,0.3922
79623,2018,0.5623
79988,2019,0.9309
80353,2020,0.9806
80719,2021,0.4043
81084,2022,0.8761
end data
