Conventions,G,BADC-CSV,1
title,G,Regional mean temperature for WMO RA 1 Eastern Africa
last_revised_date,G,2023-11-05
date_valid,G,2023-11-05
feature_type,G,area average
creator,G,WMO
source,G,Produced by climind version 1.0
observation_station,G,derived data
location,G,90.,-180.,-90.,180.
rights,G,TBD
activity,G,WMO
comments,G,Format description https://help.ceda.ac.uk/article/105-badc-csv
history,africa_subregion_4_Berkeley_Earth,""Data set created from file ['Land_and_Ocean_LatLong1.nc'] downloaded from ['https://berkeley-earth-temperature.s3.us-west-1.amazonaws.com/Global/Gridded/Land_and_Ocean_LatLong1.nc'] at ['2023-10-31 16:14:45']""
history,africa_subregion_4_Berkeley_Earth,""Rebaselined to 1991-2020""
history,africa_subregion_4_Berkeley_Earth,""Calculated area-average""
history,africa_subregion_4_Berkeley_Earth,""Calculated annual average from monthly averages using arithmetic mean""
history,africa_subregion_4_Berkeley_Earth,""Selected years within the range 1900 to 2023.""
history,africa_subregion_4_Berkeley_Earth,""Wrote to file africa_subregion_4_Berkeley Earth.csv""
history,africa_subregion_4_Berkeley_Earth,"Data set created from file ['africa_subregion_4_Berkeley Earth.csv'] downloaded from [''] at ['2023-11-01 16:35:59']"
reference,africa_subregion_4_Berkeley_Earth,"Rohde, R. A. and Hausfather, Z.: The Berkeley Earth Land/Ocean Temperature Record, Earth Syst. Sci. Data, 12, 3469-3479, https://doi.org/10.5194/essd-12-3469-2020, 2020"
comments,africa_subregion_4_Berkeley_Earth,"Original data acknowledgement: "
history,africa_subregion_4_ERA5,""Gridded dataset created from file ['era5_2m_tas_2023.nc'] downloaded from ['']""
history,africa_subregion_4_ERA5,""Regridded to 1 degree latitude-longitude resolution""
history,africa_subregion_4_ERA5,""Rebaselined to 1991-2020""
history,africa_subregion_4_ERA5,""Calculated area-average""
history,africa_subregion_4_ERA5,""Calculated annual average from monthly averages using arithmetic mean""
history,africa_subregion_4_ERA5,""Selected years within the range 1900 to 2023.""
history,africa_subregion_4_ERA5,""Wrote to file africa_subregion_4_ERA5.csv""
history,africa_subregion_4_ERA5,"Data set created from file ['africa_subregion_4_ERA5.csv'] downloaded from [''] at ['2023-11-01 16:36:39']"
reference,africa_subregion_4_ERA5,"Hersbach H, Bell B, Berrisford P et al. 2020. The ERA5 global reanalysis. Q. J. R. Meteorol. Soc. 146: 1999-2049. https://doi.org/10.1002/qj.3803"
comments,africa_subregion_4_ERA5,"Original data acknowledgement: Contains using Copernicus Climate Change Service information [2023]. Neither the European Commission nor ECMWF is responsible for any use that may be made of the Copernicus information or data it contains."
history,africa_subregion_4_GISTEMP,""Data set created from file ['gistemp1200_GHCNv4_ERSSTv5.nc.gz'] downloaded from ['https://data.giss.nasa.gov/pub/gistemp/gistemp1200_GHCNv4_ERSSTv5.nc.gz'] at ['2023-10-13 17:19:30']""
history,africa_subregion_4_GISTEMP,""Regridded to 1 degree latitude-longitude resolution""
history,africa_subregion_4_GISTEMP,""Rebaselined to 1991-2020""
history,africa_subregion_4_GISTEMP,""Calculated area-average""
history,africa_subregion_4_GISTEMP,""Calculated annual average from monthly averages using arithmetic mean""
history,africa_subregion_4_GISTEMP,""Selected years within the range 1900 to 2023.""
history,africa_subregion_4_GISTEMP,""Wrote to file africa_subregion_4_GISTEMP.csv""
history,africa_subregion_4_GISTEMP,"Data set created from file ['africa_subregion_4_GISTEMP.csv'] downloaded from [''] at ['2023-11-01 16:37:09']"
reference,africa_subregion_4_GISTEMP,"Lenssen, N., G. Schmidt, J. Hansen, M. Menne, A. Persin, R. Ruedy, and D. Zyss, 2019: Improvements in the GISTEMP uncertainty model. J. Geophys. Res. Atmos., 124, no. 12, 6307-6326, doi:10.1029/2018JD029522"
comments,africa_subregion_4_GISTEMP,"Original data acknowledgement: "
history,africa_subregion_4_HadCRUT5,""Data set created from file ['HadCRUT.5.0.1.0.analysis.anomalies.ensemble_mean.nc'] downloaded from ['https://www.metoffice.gov.uk/hadobs/hadcrut5/data/current/analysis/HadCRUT.5.0.1.0.analysis.anomalies.ensemble_mean.nc'] at ['2023-10-31 16:06:13']""
history,africa_subregion_4_HadCRUT5,""Regridded to 1 degree latitude-longitude resolution""
history,africa_subregion_4_HadCRUT5,""Rebaselined to 1991-2020""
history,africa_subregion_4_HadCRUT5,""Calculated area-average""
history,africa_subregion_4_HadCRUT5,""Calculated annual average from monthly averages using arithmetic mean""
history,africa_subregion_4_HadCRUT5,""Selected years within the range 1900 to 2023.""
history,africa_subregion_4_HadCRUT5,""Wrote to file africa_subregion_4_HadCRUT5.csv""
history,africa_subregion_4_HadCRUT5,"Data set created from file ['africa_subregion_4_HadCRUT5.csv'] downloaded from [''] at ['2023-11-01 16:38:05']"
reference,africa_subregion_4_HadCRUT5,"Morice, C. P., Kennedy, J. J., Rayner, N. A., Winn, J. P., Hogan, E., Killick, R. E., et al. (2021). An updated assessment of near-surface temperature change from 1850: the HadCRUT5 data set. Journal of Geophysical Research: Atmospheres, 126, e2019JD032361. https://doi.org/10.1029/2019JD032361"
comments,africa_subregion_4_HadCRUT5,"Original data acknowledgement: HadCRUT.5.0.1.0 data were obtained from http://www.metoffice.gov.uk/hadobs/hadcrut5 on 2023-10-31 16:06:13 and are © British Crown Copyright, Met Office 2023, provided under an Open Government License, http://www.nationalarchives.gov.uk/doc/open-government-licence/version/3/"
history,africa_subregion_4_JRA-55,""Data set created from file ['anl_surf125.011_tmp.202301_202312', 'anl_surf125.2023MMMM'] downloaded from ['', ''] at ['2023-10-06 11:01:38']""
history,africa_subregion_4_JRA-55,""Regridded to 1 degree latitude-longitude resolution""
history,africa_subregion_4_JRA-55,""Rebaselined to 1991-2020""
history,africa_subregion_4_JRA-55,""Calculated area-average""
history,africa_subregion_4_JRA-55,""Calculated annual average from monthly averages using arithmetic mean""
history,africa_subregion_4_JRA-55,""Selected years within the range 1900 to 2023.""
history,africa_subregion_4_JRA-55,""Wrote to file africa_subregion_4_JRA-55.csv""
history,africa_subregion_4_JRA-55,"Data set created from file ['africa_subregion_4_JRA-55.csv'] downloaded from [''] at ['2023-11-01 16:38:49']"
reference,africa_subregion_4_JRA-55,"Kobayashi, S., Ota, Y., Harada, Y., Ebita, A., Moriya, M., Onoda, H., Onogi, K., Kamahori, H., Kobayashi, C., Endo, H. and Miyaoka, K., (2015). The JRA-55 reanalysis: General specifications and basic characteristics. Journal of the Meteorological Society of Japan. Ser. II, 93(1), pp.5-48."
comments,africa_subregion_4_JRA-55,"Original data acknowledgement: "
history,africa_subregion_4_Kadow,""Data set created from file ['HadCRUT.5.0.1.0.anomalies.Kadow_et_al_2020_20crAI-infilled.ensemble_mean_185001-*.nc'] downloaded from [''] at ['2023-11-02 09:03:42']""
history,africa_subregion_4_Kadow,""Regridded to 1 degree latitude-longitude resolution""
history,africa_subregion_4_Kadow,""Rebaselined to 1991-2020""
history,africa_subregion_4_Kadow,""Calculated area-average""
history,africa_subregion_4_Kadow,""Calculated annual average from monthly averages using arithmetic mean""
history,africa_subregion_4_Kadow,""Selected years within the range 1900 to 2023.""
history,africa_subregion_4_Kadow,""Wrote to file africa_subregion_4_Kadow.csv""
history,africa_subregion_4_Kadow,"Data set created from file ['africa_subregion_4_Kadow.csv'] downloaded from [''] at ['2023-11-02 09:21:02']"
reference,africa_subregion_4_Kadow,"Kadow, C., Hall, D.M. & Ulbrich, U. Artificial intelligence reconstructs missing climate information. Nat. Geosci. (2020). https://doi.org/10.1038/s41561-020-0582-5"
comments,africa_subregion_4_Kadow,"Original data acknowledgement: "
history,africa_subregion_4_NOAA_Interim,""Data set created from file ['NOAAGlobalTemp_v*.nc'] downloaded from ['https://www.ncei.noaa.gov/data/noaa-global-surface-temperature/v5.1/access/gridded/NOAAGlobalTemp_v.*.nc'] at ['2023-10-14 08:45:48']""
history,africa_subregion_4_NOAA_Interim,""Data set created from file ['NOAAGlobalTemp_v*.nc'] downloaded from ['https://www.ncei.noaa.gov/data/noaa-global-surface-temperature/v5.1/access/gridded/NOAAGlobalTemp_v.*.nc'] at ['2023-10-14 08:45:48']""
history,africa_subregion_4_NOAA_Interim,""Regridded to 1 degree latitude-longitude resolution""
history,africa_subregion_4_NOAA_Interim,""Rebaselined to 1991-2020""
history,africa_subregion_4_NOAA_Interim,""Calculated area-average""
history,africa_subregion_4_NOAA_Interim,""Calculated annual average from monthly averages using arithmetic mean""
history,africa_subregion_4_NOAA_Interim,""Selected years within the range 1900 to 2023.""
history,africa_subregion_4_NOAA_Interim,""Wrote to file africa_subregion_4_NOAA Interim.csv""
history,africa_subregion_4_NOAA_Interim,"Data set created from file ['africa_subregion_4_NOAA Interim.csv'] downloaded from [''] at ['2023-11-01 16:40:27']"
reference,africa_subregion_4_NOAA_Interim,"Vose, R.S., B. Huang, X. Yin., D. Arndt, D.R. Easterling, J.H. Lawrimore, M.J. Menne, A. Sanchez-Lugo, H.-M. Zhang, 2021: Implementing full spatial coverage in NOAA’s global temperature analysis. Geophysical Research Letters, 48, e2020GL090873. https://doi.org/10.1029/2020GL090873"
comments,africa_subregion_4_NOAA_Interim,"Original data acknowledgement: "
long_name,time,time,days since 1800-01-01 00:00:00.0
type,time,int
long_name,year,year,1
type,year,int
long_name,africa_subregion_4_Berkeley_Earth,africa_subregion_4,degC
type,africa_subregion_4_Berkeley_Earth,float
long_name,africa_subregion_4_ERA5,africa_subregion_4,degC
type,africa_subregion_4_ERA5,float
long_name,africa_subregion_4_GISTEMP,africa_subregion_4,degC
type,africa_subregion_4_GISTEMP,float
long_name,africa_subregion_4_HadCRUT5,africa_subregion_4,degC
type,africa_subregion_4_HadCRUT5,float
long_name,africa_subregion_4_JRA-55,africa_subregion_4,degC
type,africa_subregion_4_JRA-55,float
long_name,africa_subregion_4_Kadow,africa_subregion_4,degC
type,africa_subregion_4_Kadow,float
long_name,africa_subregion_4_NOAA_Interim,africa_subregion_4,degC
type,africa_subregion_4_NOAA_Interim,float
coordinate_variable,time,t
data
time,year,africa_subregion_4_Berkeley_Earth,africa_subregion_4_ERA5,africa_subregion_4_GISTEMP,africa_subregion_4_HadCRUT5,africa_subregion_4_JRA-55,africa_subregion_4_Kadow,africa_subregion_4_NOAA_Interim
36524,1900,-0.7881,,-0.6628,-0.9179,,-0.8179,-0.8494
36889,1901,-0.5826,,-1.0457,-0.5302,,-0.5506,-0.8017
37254,1902,-0.9208,,-0.5619,-0.7705,,-0.7689,-1.0619
37619,1903,-1.2166,,-0.7494,-1.1326,,-1.1625,-1.1032
37984,1904,-1.4351,,-1.2025,-1.4706,,-1.3545,-1.3926
38350,1905,-1.0915,,-0.7568,-1.0458,,-0.9239,-1.0255
38715,1906,-1.2616,,-0.9586,-0.9564,,-0.9005,-0.9893
39080,1907,-1.2951,,-1.0442,-1.0346,,-1.0212,-1.1539
39445,1908,-1.1504,,-1.1402,-0.8059,,-0.9661,-1.1628
39811,1909,-1.1909,,-1.0860,-0.8499,,-0.9367,-1.1209
40176,1910,-1.1569,,-1.1723,-0.9801,,-1.1887,-1.3211
40541,1911,-1.2802,,-1.2205,-0.9715,,-1.0834,-1.3144
40906,1912,-1.3172,,-1.3265,-1.1007,,-1.1957,-1.3479
41272,1913,-1.3561,,-1.2999,-1.2290,,-1.3601,-1.4032
41637,1914,-0.7282,,-0.6683,-0.7425,,-0.8487,-0.7952
42002,1915,-0.6125,,-0.6138,-0.6094,,-0.6215,-0.8273
42367,1916,-1.2936,,-1.2405,-1.2123,,-1.2846,-1.3261
42733,1917,-1.4953,,-1.4558,-1.1459,,-1.2984,-1.4772
43098,1918,-1.2406,,-1.1582,-0.8977,,-1.0807,-1.3356
43463,1919,-0.6687,,-0.6789,-0.5423,,-0.6145,-0.8142
43828,1920,-1.2719,,-1.1796,-1.2010,,-1.2117,-1.2741
44194,1921,-1.0592,,-0.9098,-0.9652,,-1.1735,-1.0585
44559,1922,-1.1471,,-1.0763,-0.8836,,-1.1620,-1.0867
44924,1923,-1.1926,,-1.0536,-0.9393,,-1.0017,-1.0020
45289,1924,-0.7529,,-0.6554,-0.3629,,-0.6182,-0.7607
45655,1925,-0.9285,,-0.8006,-0.7804,,-0.9191,-0.9651
46020,1926,-0.8444,,-0.6631,-0.6517,,-0.6951,-0.7508
46385,1927,-0.8565,,-0.6242,-0.5399,,-0.7416,-0.7785
46750,1928,-0.7585,,-0.4164,-0.3742,,-0.6558,-0.5594
47116,1929,-0.9658,,-0.7726,-0.8012,,-0.9261,-0.8878
47481,1930,-1.0265,,-0.8953,-1.0427,,-1.0357,-0.8492
47846,1931,-0.5683,,-0.4022,-0.5075,,-0.6268,-0.4773
48211,1932,-1.0706,,-0.8240,-0.7302,,-0.9436,-0.8296
48577,1933,-0.7914,,-0.6020,-0.3388,,-0.5508,-0.6497
48942,1934,-1.0007,,-0.7325,-0.7859,,-0.9698,-0.8131
49307,1935,-0.9652,,-0.7173,-0.7484,,-0.8487,-0.7467
49672,1936,-0.8845,,-0.6418,-0.6353,,-0.6580,-0.7591
50038,1937,-1.0110,,-0.7657,-0.7856,,-0.8030,-0.8484
50403,1938,-0.9658,,-0.7652,-0.8967,,-0.9153,-0.7914
50768,1939,-0.7322,,-0.6021,-0.5814,,-0.5177,-0.6109
51133,1940,-0.5839,,-0.4365,-0.4379,,-0.4695,-0.5492
51499,1941,-0.4716,,-0.1747,-0.4257,,-0.5186,-0.3176
51864,1942,-0.7277,,-0.4328,-0.6690,,-0.7990,-0.5215
52229,1943,-1.0258,,-0.7904,-1.1446,,-1.1795,-0.8623
52594,1944,-0.8045,,-0.6183,-0.8893,,-0.9979,-0.6806
52960,1945,-0.9222,,-0.7368,-1.0251,,-1.1024,-0.8256
53325,1946,-0.9088,,-0.6823,-0.9801,,-1.0002,-0.7707
53690,1947,-0.8420,,-0.6771,-0.9088,,-0.9958,-0.7615
54055,1948,-1.1631,,-0.9120,-1.1247,,-1.2104,-0.9466
54421,1949,-1.0669,,-0.7891,-1.1260,,-1.2127,-0.8775
54786,1950,-1.1661,,-0.9675,-1.2296,,-1.3118,-1.0549
55151,1951,-1.0627,,-0.9229,-1.0718,,-1.0511,-0.9293
55516,1952,-0.7054,,-0.5618,-0.6679,,-0.6190,-0.7092
55882,1953,-0.8284,,-0.7168,-0.8550,,-0.8523,-0.7923
56247,1954,-0.9018,,-0.7699,-0.9230,,-0.9488,-0.8662
56612,1955,-1.0068,,-0.8358,-0.9369,,-0.9986,-0.9675
56977,1956,-1.2025,,-1.0409,-1.1794,,-1.2210,-1.1122
57343,1957,-0.9841,,-0.8307,-1.0096,,-1.0848,-0.8861
57708,1958,-0.5692,,-0.3494,-0.6367,-0.6871,-0.6827,-0.5070
58073,1959,-0.8469,,-0.6569,-0.9645,-0.8936,-1.0226,-0.7629
58438,1960,-0.7091,,-0.5383,-0.8176,-0.5274,-0.8659,-0.6509
58804,1961,-1.0788,,-0.8737,-1.1671,-0.9896,-1.2235,-0.9399
59169,1962,-0.9057,,-0.7755,-1.0202,-0.7552,-1.0808,-0.8118
59534,1963,-0.8318,,-0.7139,-0.8845,-0.6587,-0.8992,-0.7314
59899,1964,-1.2255,,-1.1419,-1.3248,-1.1952,-1.3583,-1.1646
60265,1965,-1.0619,,-0.9217,-1.1570,-0.9823,-1.2023,-0.9461
60630,1966,-0.7815,,-0.6390,-0.8627,-0.8688,-0.9172,-0.7178
60995,1967,-1.1716,,-1.0840,-1.3140,-1.1823,-1.3328,-1.1296
61360,1968,-1.2146,,-1.1131,-1.3415,-1.2397,-1.3881,-1.1084
61726,1969,-0.4800,,-0.3699,-0.6365,-0.5174,-0.6793,-0.4579
62091,1970,-0.7942,,-0.6654,-0.8556,-0.8586,-0.9100,-0.7804
62456,1971,-1.1416,,-1.0325,-1.2651,-1.2530,-1.2728,-1.0584
62821,1972,-0.6287,,-0.5684,-0.8245,-0.7316,-0.8215,-0.6231
63187,1973,-0.4224,,-0.2950,-0.5925,-0.4522,-0.5963,-0.3767
63552,1974,-1.0195,,-0.9205,-1.0545,-1.1135,-1.1159,-0.9530
63917,1975,-0.9682,,-0.8273,-1.0461,-1.2026,-1.1500,-0.8635
64282,1976,-0.6628,,-0.6114,-0.7042,-0.9813,-0.7558,-0.6742
64648,1977,-0.7906,,-0.7362,-0.8472,-1.1772,-0.8671,-0.8098
65013,1978,-0.6587,,-0.6595,-0.6975,-1.0207,-0.7125,-0.6991
65378,1979,-0.4460,-0.6166,-0.4398,-0.5035,-0.5329,-0.5320,-0.4581
65743,1980,-0.2544,-0.4408,-0.2108,-0.3611,-0.4010,-0.3662,-0.3100
66109,1981,-0.5943,-0.6605,-0.5283,-0.6060,-0.4706,-0.5946,-0.5989
66474,1982,-0.6087,-0.8492,-0.5686,-0.6484,-0.7289,-0.6444,-0.6150
66839,1983,-0.4602,-0.5989,-0.4268,-0.4895,-0.5377,-0.4957,-0.5323
67204,1984,-0.5233,-0.7239,-0.4235,-0.5506,-0.5559,-0.5680,-0.5559
67570,1985,-0.6328,-0.9838,-0.5719,-0.6588,-0.8655,-0.6587,-0.5946
67935,1986,-0.6073,-0.7880,-0.5514,-0.6067,-0.7341,-0.6162,-0.5548
68300,1987,-0.1144,-0.2030,-0.0654,-0.1848,-0.2266,-0.1937,-0.1435
68665,1988,-0.3436,-0.2827,-0.2736,-0.3289,-0.1172,-0.3363,-0.3309
69031,1989,-0.9636,-0.9163,-0.9514,-0.9164,-0.6816,-0.9451,-0.8992
69396,1990,-0.3886,-0.2027,-0.4103,-0.3520,-0.0202,-0.3164,-0.3514
69761,1991,-0.4341,-0.3346,-0.4199,-0.4610,-0.1646,-0.4446,-0.3673
70126,1992,-0.6727,-0.7232,-0.6977,-0.8201,-0.5367,-0.8266,-0.7885
70492,1993,-0.4947,-0.3947,-0.5354,-0.5421,-0.2712,-0.5293,-0.5081
70857,1994,-0.4622,-0.4894,-0.4715,-0.5384,-0.3051,-0.5072,-0.4690
71222,1995,-0.2952,-0.3035,-0.2901,-0.3856,0.0454,-0.3877,-0.3314
71587,1996,-0.3258,-0.5021,-0.3381,-0.3376,-0.2616,-0.3171,-0.3781
71953,1997,-0.2467,-0.4228,-0.3296,-0.1313,-0.1918,-0.1325,-0.2847
72318,1998,-0.0668,-0.0032,-0.1804,-0.0764,0.1746,-0.0859,-0.0011
72683,1999,-0.3054,-0.2169,-0.3665,-0.3550,-0.0602,-0.3207,-0.2828
73048,2000,-0.2853,-0.3872,-0.2884,-0.2444,-0.3157,-0.2579,-0.3616
73414,2001,-0.1906,-0.2968,-0.2408,-0.1599,-0.0398,-0.1592,-0.3135
73779,2002,0.1152,-0.0451,0.0670,0.1168,0.1322,0.0594,0.0193
74144,2003,0.1639,0.0598,0.1206,0.1630,0.1817,0.1446,0.0734
74509,2004,0.0766,-0.0240,0.0431,0.0781,-0.0668,0.0341,0.0028
74875,2005,0.3789,0.2520,0.3054,0.3242,0.1784,0.2023,0.2559
75240,2006,0.0464,-0.0028,-0.0072,0.0268,-0.0588,-0.0172,0.0211
75605,2007,-0.0712,-0.0111,-0.1268,0.0518,-0.1025,0.0641,-0.0435
75970,2008,-0.0490,-0.0726,-0.0689,0.0206,-0.1390,0.0093,-0.0760
76336,2009,0.4480,0.4733,0.4614,0.5042,0.3662,0.5338,0.3952
76701,2010,0.4756,0.4988,0.5338,0.6467,0.4525,0.6605,0.4728
77066,2011,0.1213,-0.0708,0.1347,0.1728,-0.0117,0.1894,0.0547
77431,2012,0.1415,0.0711,0.1348,0.0717,0.0210,0.1382,0.1464
77797,2013,0.1727,0.1720,0.2434,0.1265,0.2136,0.1905,0.2291
78162,2014,0.1599,0.2149,0.1666,0.1461,0.1108,0.1484,0.1658
78527,2015,0.4016,0.4835,0.4576,0.4075,0.2446,0.4334,0.4023
78892,2016,0.4820,0.6240,0.5335,0.4811,0.3858,0.4786,0.5289
79258,2017,0.3634,0.5725,0.5083,0.3267,0.1710,0.3606,0.4297
79623,2018,0.0238,0.2115,0.1222,0.0661,-0.0913,0.0714,0.2333
79988,2019,0.2546,0.4463,0.3537,0.2412,0.1255,0.2060,0.4412
80353,2020,0.0741,0.2213,0.1753,0.0800,-0.1864,0.0615,0.3339
80719,2021,0.2121,0.4766,0.4241,0.1219,0.1377,0.1454,0.4353
81084,2022,-0.0048,0.2820,0.1218,0.0639,0.1162,0.0641,0.2049
81449,2023,0.1790,0.7332,0.4507,0.2623,0.3949,0.0567,0.6301
end data
