Conventions,G,BADC-CSV,1
title,G,Regional mean temperature for Eastern Africa
last_revised_date,G,2022-12-16
date_valid,G,2022-12-16
feature_type,G,area average
creator,G,WMO
source,G,Produced by climind version 0.1
observation_station,G,derived data
location,G,90.,-180.,-90.,180.
activity,G,WMO
history,G,""Data set created from file ['NOAAGlobalTemp_v*.nc'] downloaded from ['https://www.ncei.noaa.gov/data/noaa-global-surface-temperature/v5/access/gridded/NOAAGlobalTemp_v.*.nc'] at ['2022-12-16 09:24:29']""
history,G,""Data set created from file ['NOAAGlobalTemp_v*.nc'] downloaded from ['https://www.ncei.noaa.gov/data/noaa-global-surface-temperature/v5/access/gridded/NOAAGlobalTemp_v.*.nc'] at ['2022-12-16 09:24:29']""
history,G,""Regridded to 1 degree latitude-longitude resolution""
history,G,""Rebaselined to 1991-2020""
history,G,""Calculated area-average""
history,G,""Calculated annual average from monthly averages using arithmetic mean""
history,G,""Selected years within the range 1900 to 2022.""
history,G,""Wrote to file africa_subregion_4_NOAAGlobalTemp.csv""
history,G,"Data set created from file ['africa_subregion_4_NOAAGlobalTemp.csv'] downloaded from [''] at ['2022-12-16 17:53:25']"
reference,G,"Huang, B., M. J. Menne, T. Boyer, E. Freeman, B. E. Gleason, J. H. Lawrimore, C. Liu, J. J. Rennie, C. Schreck, F. Sun, R. Vose, C. N. Williams, X. Yin, H.-M. Zhang, 2020: Uncertainty estimates for sea surface temperature and land surface air temperature in NOAAGlobalTemp version 5. , J. Climate, 33, 1351-1379, DOI: 10.1175/JCLI-D-19-0395.1"
reference,G,"Zhang, Huai-Min, Jay H. Lawrimore, Boyin Huang, Matthew J. Menne, Xungang Yin, Ahira Sȧnchez-Lugo, Byron E. Gleason, Russell Vose, Derek Arndt, J. Jared Rennie, and Claude N. Williams. (2019) Updated Temperature Data Give a Sharper View of Climate Trends. Eos, 100, https://doi.org/10.1029/2019EO128229"
rights,G,TBD
comments,G,Data produced by climind version 0.1
comments,G,Format description https://help.ceda.ac.uk/article/105-badc-csv
long_name,time,time,days since 1800-01-01 00:00:00.0
type,time,int
long_name,year,year,1
type,year,int
long_name,data,africa_subregion_4,degC
type,data,float
coordinate_variable,time,t
data
time,year,data
36524,1900,-0.7422
36889,1901,-0.8883
37254,1902,-0.8245
37619,1903,-1.0447
37984,1904,-1.0738
38350,1905,-0.8853
38715,1906,-0.9550
39080,1907,-1.0522
39445,1908,-1.0671
39811,1909,-1.0282
40176,1910,-1.1936
40541,1911,-1.1965
40906,1912,-1.1928
41272,1913,-1.2023
41637,1914,-0.8703
42002,1915,-0.7747
42367,1916,-1.3022
42733,1917,-1.3720
43098,1918,-1.3558
43463,1919,-0.9148
43828,1920,-1.2165
44194,1921,-1.0323
44559,1922,-1.0343
44924,1923,-1.0492
45289,1924,-0.8175
45655,1925,-0.9316
46020,1926,-0.7435
46385,1927,-0.8096
46750,1928,-0.5638
47116,1929,-0.8571
47481,1930,-0.8584
47846,1931,-0.4395
48211,1932,-0.8014
48577,1933,-0.6388
48942,1934,-0.7867
49307,1935,-0.8291
49672,1936,-0.7731
50038,1937,-0.8543
50403,1938,-0.8182
50768,1939,-0.6770
51133,1940,-0.6125
51499,1941,-0.3199
51864,1942,-0.5421
52229,1943,-0.8831
52594,1944,-0.7632
52960,1945,-0.8491
53325,1946,-0.7902
53690,1947,-0.7531
54055,1948,-1.0010
54421,1949,-0.8318
54786,1950,-1.0877
55151,1951,-0.9493
55516,1952,-0.7040
55882,1953,-0.8275
56247,1954,-0.9070
56612,1955,-0.9969
56977,1956,-1.1093
57343,1957,-0.9038
57708,1958,-0.5403
58073,1959,-0.8203
58438,1960,-0.7061
58804,1961,-1.0348
59169,1962,-0.9004
59534,1963,-0.8124
59899,1964,-1.2016
60265,1965,-1.0203
60630,1966,-0.7743
60995,1967,-1.1563
61360,1968,-1.1618
61726,1969,-0.4941
62091,1970,-0.8327
62456,1971,-1.0849
62821,1972,-0.6762
63187,1973,-0.4633
63552,1974,-0.9776
63917,1975,-0.9681
64282,1976,-0.7217
64648,1977,-0.8332
65013,1978,-0.7571
65378,1979,-0.5733
65743,1980,-0.3869
66109,1981,-0.6797
66474,1982,-0.6596
66839,1983,-0.5705
67204,1984,-0.5849
67570,1985,-0.6539
67935,1986,-0.6001
68300,1987,-0.1993
68665,1988,-0.4004
69031,1989,-0.9883
69396,1990,-0.4257
69761,1991,-0.5095
70126,1992,-0.7168
70492,1993,-0.4855
70857,1994,-0.4879
71222,1995,-0.3862
71587,1996,-0.3827
71953,1997,-0.3573
72318,1998,-0.0650
72683,1999,-0.3042
73048,2000,-0.3381
73414,2001,-0.2905
73779,2002,0.0311
74144,2003,0.1016
74509,2004,-0.0042
74875,2005,0.1712
75240,2006,0.0252
75605,2007,-0.0402
75970,2008,-0.0933
76336,2009,0.3661
76701,2010,0.4192
77066,2011,0.1195
77431,2012,0.1810
77797,2013,0.1906
78162,2014,0.2166
78527,2015,0.4365
78892,2016,0.5878
79258,2017,0.4511
79623,2018,0.3250
79988,2019,0.4685
80353,2020,0.3693
80719,2021,0.4337
81084,2022,0.2028
end data
