Conventions,G,BADC-CSV,1
title,G,Regional mean temperature for WMO RA 4 Eastern Africa
last_revised_date,G,2023-02-23
date_valid,G,2023-02-23
feature_type,G,area average
creator,G,WMO
source,G,Produced by climind version 0.1
observation_station,G,derived data
location,G,90.,-180.,-90.,180.
activity,G,WMO
history,G,""Gridded dataset created from file ['era5_2m_tas_2023.nc'] downloaded from ['extension']""
history,G,""Regridded to 1 degree latitude-longitude resolution""
history,G,""Rebaselined to 1991-2020""
history,G,""Calculated area-average""
history,G,""Calculated annual average from monthly averages using arithmetic mean""
history,G,""Selected years within the range 1900 to 2022.""
history,G,""Wrote to file africa_subregion_4_ERA5.csv""
history,G,"Data set created from file ['africa_subregion_4_ERA5.csv'] downloaded from [''] at ['2023-02-23 17:01:16']"
reference,G,"Hersbach H, Bell B, Berrisford P et al. 2020. The ERA5 global reanalysis. Q. J. R. Meteorol. Soc. 146: 1999-2049. https://doi.org/10.1002/qj.3803"
reference,G,"Bell, B., Hersbach, H., Simmons, A., Berrisford, P., Dahlgren, P., Horányi, A., et al. (2021) The ERA5 global reanalysis: Preliminary extension to 1950. Q J R Meteorol Soc, 147 741, 4186-4227. https://doi.org/10.1002/qj.4174"
rights,G,TBD
comments,G,Data produced by climind version 0.1
comments,G,Format description https://help.ceda.ac.uk/article/105-badc-csv
long_name,time,time,days since 1800-01-01 00:00:00.0
type,time,int
long_name,year,year,1
type,year,int
long_name,data,africa_subregion_4,degC
type,data,float
coordinate_variable,time,t
data
time,year,data
58073,1959,-0.9394
58438,1960,-0.8083
58804,1961,-1.1770
59169,1962,-1.0828
59534,1963,-1.0898
59899,1964,-1.2819
60265,1965,-1.0359
60630,1966,-0.6313
60995,1967,-1.1788
61360,1968,-1.1880
61726,1969,-0.4130
62091,1970,-0.8365
62456,1971,-1.2542
62821,1972,-0.8631
63187,1973,-0.5498
63552,1974,-1.1588
63917,1975,-1.1370
64282,1976,-0.8399
64648,1977,-1.0896
65013,1978,-0.9666
65378,1979,-0.6166
65743,1980,-0.4408
66109,1981,-0.6605
66474,1982,-0.8492
66839,1983,-0.5989
67204,1984,-0.7239
67570,1985,-0.9838
67935,1986,-0.7880
68300,1987,-0.2030
68665,1988,-0.2827
69031,1989,-0.9163
69396,1990,-0.2027
69761,1991,-0.3346
70126,1992,-0.7232
70492,1993,-0.3947
70857,1994,-0.4894
71222,1995,-0.3035
71587,1996,-0.5021
71953,1997,-0.4228
72318,1998,-0.0032
72683,1999,-0.2169
73048,2000,-0.3872
73414,2001,-0.2968
73779,2002,-0.0451
74144,2003,0.0598
74509,2004,-0.0240
74875,2005,0.2520
75240,2006,-0.0028
75605,2007,-0.0111
75970,2008,-0.0726
76336,2009,0.4733
76701,2010,0.4988
77066,2011,-0.0708
77431,2012,0.0711
77797,2013,0.1720
78162,2014,0.2149
78527,2015,0.4835
78892,2016,0.6240
79258,2017,0.5725
79623,2018,0.2115
79988,2019,0.4463
80353,2020,0.2213
80719,2021,0.4766
81084,2022,0.2820
end data
