Conventions,G,BADC-CSV,1
title,G,Regional mean temperature for Eastern Africa
last_revised_date,G,2023-01-17
date_valid,G,2023-01-17
feature_type,G,area average
creator,G,WMO
source,G,Produced by climind version 0.1
observation_station,G,derived data
location,G,90.,-180.,-90.,180.
activity,G,WMO
history,G,""Data set created from file ['NOAAGlobalTemp_v*.nc'] downloaded from ['https://www.ncei.noaa.gov/data/noaa-global-surface-temperature/v5/access/gridded/NOAAGlobalTemp_v.*.nc'] at ['2023-01-16 14:34:57']""
history,G,""Data set created from file ['NOAAGlobalTemp_v*.nc'] downloaded from ['https://www.ncei.noaa.gov/data/noaa-global-surface-temperature/v5/access/gridded/NOAAGlobalTemp_v.*.nc'] at ['2023-01-16 14:34:57']""
history,G,""Regridded to 1 degree latitude-longitude resolution""
history,G,""Rebaselined to 1991-2020""
history,G,""Calculated area-average""
history,G,""Calculated annual average from monthly averages using arithmetic mean""
history,G,""Selected years within the range 1900 to 2022.""
history,G,""Wrote to file africa_subregion_4_NOAAGlobalTemp.csv""
history,G,"Data set created from file ['africa_subregion_4_NOAAGlobalTemp.csv'] downloaded from [''] at ['2023-01-16 17:41:22']"
reference,G,"Huang, B., M. J. Menne, T. Boyer, E. Freeman, B. E. Gleason, J. H. Lawrimore, C. Liu, J. J. Rennie, C. Schreck, F. Sun, R. Vose, C. N. Williams, X. Yin, H.-M. Zhang, 2020: Uncertainty estimates for sea surface temperature and land surface air temperature in NOAAGlobalTemp version 5. , J. Climate, 33, 1351-1379, DOI: 10.1175/JCLI-D-19-0395.1"
reference,G,"Zhang, Huai-Min, Jay H. Lawrimore, Boyin Huang, Matthew J. Menne, Xungang Yin, Ahira Sȧnchez-Lugo, Byron E. Gleason, Russell Vose, Derek Arndt, J. Jared Rennie, and Claude N. Williams. (2019) Updated Temperature Data Give a Sharper View of Climate Trends. Eos, 100, https://doi.org/10.1029/2019EO128229"
rights,G,TBD
comments,G,Data produced by climind version 0.1
comments,G,Format description https://help.ceda.ac.uk/article/105-badc-csv
long_name,time,time,days since 1800-01-01 00:00:00.0
type,time,int
long_name,year,year,1
type,year,int
long_name,data,africa_subregion_4,degC
type,data,float
coordinate_variable,time,t
data
time,year,data
36524,1900,-0.7445
36889,1901,-0.8861
37254,1902,-0.8194
37619,1903,-1.0347
37984,1904,-1.0554
38350,1905,-0.8605
38715,1906,-0.9375
39080,1907,-1.0405
39445,1908,-1.0615
39811,1909,-1.0222
40176,1910,-1.1932
40541,1911,-1.1950
40906,1912,-1.2051
41272,1913,-1.2222
41637,1914,-0.8829
42002,1915,-0.8030
42367,1916,-1.3318
42733,1917,-1.4038
43098,1918,-1.3876
43463,1919,-0.9475
43828,1920,-1.2382
44194,1921,-1.0662
44559,1922,-1.0655
44924,1923,-1.0860
45289,1924,-0.8489
45655,1925,-0.9621
46020,1926,-0.7726
46385,1927,-0.8433
46750,1928,-0.5935
47116,1929,-0.8932
47481,1930,-0.8904
47846,1931,-0.4614
48211,1932,-0.8249
48577,1933,-0.6582
48942,1934,-0.8102
49307,1935,-0.8621
49672,1936,-0.8112
50038,1937,-0.8921
50403,1938,-0.8523
50768,1939,-0.7141
51133,1940,-0.6470
51499,1941,-0.3487
51864,1942,-0.5695
52229,1943,-0.9052
52594,1944,-0.7817
52960,1945,-0.8668
53325,1946,-0.8125
53690,1947,-0.7754
54055,1948,-1.0174
54421,1949,-0.8488
54786,1950,-1.1149
55151,1951,-0.9644
55516,1952,-0.7195
55882,1953,-0.8462
56247,1954,-0.9286
56612,1955,-1.0125
56977,1956,-1.1226
57343,1957,-0.9170
57708,1958,-0.5520
58073,1959,-0.8324
58438,1960,-0.7264
58804,1961,-1.0443
59169,1962,-0.8952
59534,1963,-0.8037
59899,1964,-1.1932
60265,1965,-1.0174
60630,1966,-0.7663
60995,1967,-1.1445
61360,1968,-1.1483
61726,1969,-0.4756
62091,1970,-0.7988
62456,1971,-1.0507
62821,1972,-0.6433
63187,1973,-0.4350
63552,1974,-0.9620
63917,1975,-0.9349
64282,1976,-0.6848
64648,1977,-0.7935
65013,1978,-0.7175
65378,1979,-0.5492
65743,1980,-0.3658
66109,1981,-0.6612
66474,1982,-0.6471
66839,1983,-0.5558
67204,1984,-0.5725
67570,1985,-0.6442
67935,1986,-0.5936
68300,1987,-0.1912
68665,1988,-0.3944
69031,1989,-0.9843
69396,1990,-0.4170
69761,1991,-0.5020
70126,1992,-0.7142
70492,1993,-0.4872
70857,1994,-0.4840
71222,1995,-0.3820
71587,1996,-0.3760
71953,1997,-0.3514
72318,1998,-0.0691
72683,1999,-0.3031
73048,2000,-0.3364
73414,2001,-0.2976
73779,2002,0.0188
74144,2003,0.0929
74509,2004,-0.0063
74875,2005,0.1742
75240,2006,0.0246
75605,2007,-0.0422
75970,2008,-0.0912
76336,2009,0.3705
76701,2010,0.4294
77066,2011,0.1282
77431,2012,0.1831
77797,2013,0.1941
78162,2014,0.2122
78527,2015,0.4295
78892,2016,0.5895
79258,2017,0.4561
79623,2018,0.3163
79988,2019,0.4605
80353,2020,0.3615
80719,2021,0.4582
81084,2022,0.2148
end data
