Conventions,G,BADC-CSV,1
title,G,Regional mean temperature for Eastern Africa
last_revised_date,G,2022-11-29
date_valid,G,2022-11-29
feature_type,G,area average
creator,G,WMO
source,G,Produced by climind version 0.1
observation_station,G,derived data
location,G,90.,-180.,-90.,180.
activity,G,WMO
history,G,""Data set created from file ['NOAAGlobalTemp_v*.nc'] downloaded from ['https://www.ncei.noaa.gov/data/noaa-global-surface-temperature/v5/access/gridded/NOAAGlobalTemp_v.*.nc'] at ['2022-11-21 17:47:59']""
history,G,""Data set created from file ['NOAAGlobalTemp_v*.nc'] downloaded from ['https://www.ncei.noaa.gov/data/noaa-global-surface-temperature/v5/access/gridded/NOAAGlobalTemp_v.*.nc'] at ['2022-11-21 17:47:59']""
history,G,""Regridded to 1 degree latitude-longitude resolution""
history,G,""Rebaselined to 1981-2010""
history,G,""Calculated area-average""
history,G,""Calculated annual average from monthly averages using arithmetic mean""
history,G,""Selected years within the range 1900 to 2022.""
history,G,""Wrote to file africa_subregion_4_NOAAGlobalTemp.csv""
history,G,"Data set created from file ['africa_subregion_4_NOAAGlobalTemp.csv'] downloaded from [''] at ['2022-11-23 19:15:13']"
reference,G,"Huang, B., M. J. Menne, T. Boyer, E. Freeman, B. E. Gleason, J. H. Lawrimore, C. Liu, J. J. Rennie, C. Schreck, F. Sun, R. Vose, C. N. Williams, X. Yin, H.-M. Zhang, 2020: Uncertainty estimates for sea surface temperature and land surface air temperature in NOAAGlobalTemp version 5. , J. Climate, 33, 1351-1379, DOI: 10.1175/JCLI-D-19-0395.1"
reference,G,"Zhang, Huai-Min, Jay H. Lawrimore, Boyin Huang, Matthew J. Menne, Xungang Yin, Ahira Sȧnchez-Lugo, Byron E. Gleason, Russell Vose, Derek Arndt, J. Jared Rennie, and Claude N. Williams. (2019) Updated Temperature Data Give a Sharper View of Climate Trends. Eos, 100, https://doi.org/10.1029/2019EO128229"
rights,G,TBD
comments,G,Data produced by climind version 0.1
comments,G,Format description https://help.ceda.ac.uk/article/105-badc-csv
long_name,time,time,days since 1800-01-01 00:00:00.0
type,time,int
long_name,year,year,1
type,year,int
long_name,data,africa_subregion_4,degC
type,data,float
coordinate_variable,time,t
data
time,year,data
36524,1900,-0.4411
36889,1901,-0.5922
37254,1902,-0.5584
37619,1903,-0.7777
37984,1904,-0.7853
38350,1905,-0.5931
38715,1906,-0.6609
39080,1907,-0.7773
39445,1908,-0.7756
39811,1909,-0.7427
40176,1910,-0.9167
40541,1911,-0.9217
40906,1912,-0.9082
41272,1913,-0.9236
41637,1914,-0.5654
42002,1915,-0.4706
42367,1916,-0.9988
42733,1917,-1.0624
43098,1918,-1.0418
43463,1919,-0.6148
43828,1920,-0.9286
44194,1921,-0.7399
44559,1922,-0.7484
44924,1923,-0.7489
45289,1924,-0.5209
45655,1925,-0.6388
46020,1926,-0.4412
46385,1927,-0.5078
46750,1928,-0.2645
47116,1929,-0.5620
47481,1930,-0.5721
47846,1931,-0.1312
48211,1932,-0.4690
48577,1933,-0.3164
48942,1934,-0.4592
49307,1935,-0.5060
49672,1936,-0.4513
50038,1937,-0.5530
50403,1938,-0.5253
50768,1939,-0.3898
51133,1940,-0.3120
51499,1941,-0.0124
51864,1942,-0.2350
52229,1943,-0.5786
52594,1944,-0.4587
52960,1945,-0.5412
53325,1946,-0.4868
53690,1947,-0.4506
54055,1948,-0.6972
54421,1949,-0.5284
54786,1950,-0.7968
55151,1951,-0.6571
55516,1952,-0.4135
55882,1953,-0.5403
56247,1954,-0.6219
56612,1955,-0.7135
56977,1956,-0.8105
57343,1957,-0.6085
57708,1958,-0.2467
58073,1959,-0.5319
58438,1960,-0.4167
58804,1961,-0.7426
59169,1962,-0.5996
59534,1963,-0.5062
59899,1964,-0.9004
60265,1965,-0.7205
60630,1966,-0.4716
60995,1967,-0.8510
61360,1968,-0.8585
61726,1969,-0.1859
62091,1970,-0.5143
62456,1971,-0.7697
62821,1972,-0.3653
63187,1973,-0.1540
63552,1974,-0.6670
63917,1975,-0.6605
64282,1976,-0.4165
64648,1977,-0.5276
65013,1978,-0.4493
65378,1979,-0.2672
65743,1980,-0.0809
66109,1981,-0.3725
66474,1982,-0.3545
66839,1983,-0.2730
67204,1984,-0.2911
67570,1985,-0.3539
67935,1986,-0.3022
68300,1987,0.0908
68665,1988,-0.1012
69031,1989,-0.6784
69396,1990,-0.1207
69761,1991,-0.2034
70126,1992,-0.3990
70492,1993,-0.1782
70857,1994,-0.1755
71222,1995,-0.0857
71587,1996,-0.0997
71953,1997,-0.0715
72318,1998,0.2236
72683,1999,-0.0065
73048,2000,-0.0445
73414,2001,0.0011
73779,2002,0.3184
74144,2003,0.3947
74509,2004,0.3012
74875,2005,0.4915
75240,2006,0.3404
75605,2007,0.2776
75970,2008,0.2295
76336,2009,0.6949
76701,2010,0.7471
77066,2011,0.4595
77431,2012,0.5247
77797,2013,0.5261
78162,2014,0.5394
78527,2015,0.7721
78892,2016,0.9109
79258,2017,0.7729
79623,2018,0.6535
79988,2019,0.7965
80353,2020,0.6975
80719,2021,0.7634
81084,2022,0.5494
end data
