Conventions,G,BADC-CSV,1
title,G,Regional mean temperature for WMO RA 1 Eastern Africa
last_revised_date,G,2024-01-18
date_valid,G,2024-01-18
feature_type,G,area average
creator,G,WMO
source,G,Produced by climind version 1.0
observation_station,G,derived data
location,G,90.,-180.,-90.,180.
rights,G,TBD
activity,G,WMO
comments,G,Format description https://help.ceda.ac.uk/article/105-badc-csv
history,africa_subregion_4_Berkeley_Earth,""Data set created from file ['Land_and_Ocean_LatLong1.nc'] downloaded from ['https://berkeley-earth-temperature.s3.us-west-1.amazonaws.com/Global/Gridded/Land_and_Ocean_LatLong1.nc'] at ['2024-01-17 10:19:03']""
history,africa_subregion_4_Berkeley_Earth,""Rebaselined to 1991-2020""
history,africa_subregion_4_Berkeley_Earth,""Calculated area-average""
history,africa_subregion_4_Berkeley_Earth,""Calculated annual average from monthly averages using arithmetic mean""
history,africa_subregion_4_Berkeley_Earth,""Selected years within the range 1900 to 2023.""
history,africa_subregion_4_Berkeley_Earth,""Wrote to file africa_subregion_4_Berkeley Earth.csv""
history,africa_subregion_4_Berkeley_Earth,"Data set created from file ['africa_subregion_4_Berkeley Earth.csv'] downloaded from [''] at ['2024-01-17 11:05:58']"
reference,africa_subregion_4_Berkeley_Earth,"Rohde, R. A. and Hausfather, Z.: The Berkeley Earth Land/Ocean Temperature Record, Earth Syst. Sci. Data, 12, 3469-3479, https://doi.org/10.5194/essd-12-3469-2020, 2020"
comments,africa_subregion_4_Berkeley_Earth,"Original data acknowledgement: "
history,africa_subregion_4_ERA5,""Gridded dataset created from file ['era5_2m_tas_2024.nc'] downloaded from ['']""
history,africa_subregion_4_ERA5,""Regridded to 1 degree latitude-longitude resolution""
history,africa_subregion_4_ERA5,""Rebaselined to 1991-2020""
history,africa_subregion_4_ERA5,""Calculated area-average""
history,africa_subregion_4_ERA5,""Calculated annual average from monthly averages using arithmetic mean""
history,africa_subregion_4_ERA5,""Selected years within the range 1900 to 2023.""
history,africa_subregion_4_ERA5,""Wrote to file africa_subregion_4_ERA5.csv""
history,africa_subregion_4_ERA5,"Data set created from file ['africa_subregion_4_ERA5.csv'] downloaded from [''] at ['2024-01-17 11:06:37']"
reference,africa_subregion_4_ERA5,"Hersbach H, Bell B, Berrisford P et al. 2020. The ERA5 global reanalysis. Q. J. R. Meteorol. Soc. 146: 1999-2049. https://doi.org/10.1002/qj.3803"
comments,africa_subregion_4_ERA5,"Original data acknowledgement: Contains using Copernicus Climate Change Service information [2024]. Neither the European Commission nor ECMWF is responsible for any use that may be made of the Copernicus information or data it contains."
history,africa_subregion_4_GISTEMP,""Data set created from file ['gistemp1200_GHCNv4_ERSSTv5.nc.gz'] downloaded from ['https://data.giss.nasa.gov/pub/gistemp/gistemp1200_GHCNv4_ERSSTv5.nc.gz'] at ['2024-01-15 11:20:46']""
history,africa_subregion_4_GISTEMP,""Regridded to 1 degree latitude-longitude resolution""
history,africa_subregion_4_GISTEMP,""Rebaselined to 1991-2020""
history,africa_subregion_4_GISTEMP,""Calculated area-average""
history,africa_subregion_4_GISTEMP,""Calculated annual average from monthly averages using arithmetic mean""
history,africa_subregion_4_GISTEMP,""Selected years within the range 1900 to 2023.""
history,africa_subregion_4_GISTEMP,""Wrote to file africa_subregion_4_GISTEMP.csv""
history,africa_subregion_4_GISTEMP,"Data set created from file ['africa_subregion_4_GISTEMP.csv'] downloaded from [''] at ['2024-01-17 11:07:07']"
reference,africa_subregion_4_GISTEMP,"Lenssen, N., G. Schmidt, J. Hansen, M. Menne, A. Persin, R. Ruedy, and D. Zyss, 2019: Improvements in the GISTEMP uncertainty model. J. Geophys. Res. Atmos., 124, no. 12, 6307-6326, doi:10.1029/2018JD029522"
comments,africa_subregion_4_GISTEMP,"Original data acknowledgement: "
history,africa_subregion_4_HadCRUT5,""Data set created from file ['HadCRUT.5.0.2.0.analysis.anomalies.ensemble_mean.nc'] downloaded from ['https://www.metoffice.gov.uk/hadobs/hadcrut5/data/HadCRUT.5.0.2.0/analysis/HadCRUT.5.0.2.0.analysis.anomalies.ensemble_mean.nc'] at ['2024-01-15 11:56:27']""
history,africa_subregion_4_HadCRUT5,""Regridded to 1 degree latitude-longitude resolution""
history,africa_subregion_4_HadCRUT5,""Rebaselined to 1991-2020""
history,africa_subregion_4_HadCRUT5,""Calculated area-average""
history,africa_subregion_4_HadCRUT5,""Calculated annual average from monthly averages using arithmetic mean""
history,africa_subregion_4_HadCRUT5,""Selected years within the range 1900 to 2023.""
history,africa_subregion_4_HadCRUT5,""Wrote to file africa_subregion_4_HadCRUT5.csv""
history,africa_subregion_4_HadCRUT5,"Data set created from file ['africa_subregion_4_HadCRUT5.csv'] downloaded from [''] at ['2024-01-17 11:08:02']"
reference,africa_subregion_4_HadCRUT5,"Morice, C. P., Kennedy, J. J., Rayner, N. A., Winn, J. P., Hogan, E., Killick, R. E., et al. (2021). An updated assessment of near-surface temperature change from 1850: the HadCRUT5 data set. Journal of Geophysical Research: Atmospheres, 126, e2019JD032361. https://doi.org/10.1029/2019JD032361"
comments,africa_subregion_4_HadCRUT5,"Original data acknowledgement: HadCRUT.5.0.2.0 data were obtained from http://www.metoffice.gov.uk/hadobs/hadcrut5 on 2024-01-15 11:56:27 and are © British Crown Copyright, Met Office 2024, provided under an Open Government License, http://www.nationalarchives.gov.uk/doc/open-government-licence/version/3/"
history,africa_subregion_4_JRA-55,""Data set created from file ['anl_surf125.011_tmp.202401_202412', 'anl_surf125.2024MMMM'] downloaded from ['', ''] at ['2024-01-15 11:20:51']""
history,africa_subregion_4_JRA-55,""Regridded to 1 degree latitude-longitude resolution""
history,africa_subregion_4_JRA-55,""Rebaselined to 1991-2020""
history,africa_subregion_4_JRA-55,""Calculated area-average""
history,africa_subregion_4_JRA-55,""Calculated annual average from monthly averages using arithmetic mean""
history,africa_subregion_4_JRA-55,""Selected years within the range 1900 to 2023.""
history,africa_subregion_4_JRA-55,""Wrote to file africa_subregion_4_JRA-55.csv""
history,africa_subregion_4_JRA-55,"Data set created from file ['africa_subregion_4_JRA-55.csv'] downloaded from [''] at ['2024-01-17 11:08:45']"
reference,africa_subregion_4_JRA-55,"Kobayashi, S., Ota, Y., Harada, Y., Ebita, A., Moriya, M., Onoda, H., Onogi, K., Kamahori, H., Kobayashi, C., Endo, H. and Miyaoka, K., (2015). The JRA-55 reanalysis: General specifications and basic characteristics. Journal of the Meteorological Society of Japan. Ser. II, 93(1), pp.5-48."
comments,africa_subregion_4_JRA-55,"Original data acknowledgement: "
history,africa_subregion_4_Kadow,""Data set created from file ['HadCRUT5.anomalies.Kadow_et_al_2020_20crAI-infilled.ensemble_mean_185001-*.nc'] downloaded from [''] at ['2024-01-17 10:11:02']""
history,africa_subregion_4_Kadow,""Regridded to 1 degree latitude-longitude resolution""
history,africa_subregion_4_Kadow,""Rebaselined to 1991-2020""
history,africa_subregion_4_Kadow,""Calculated area-average""
history,africa_subregion_4_Kadow,""Calculated annual average from monthly averages using arithmetic mean""
history,africa_subregion_4_Kadow,""Selected years within the range 1900 to 2023.""
history,africa_subregion_4_Kadow,""Wrote to file africa_subregion_4_Kadow.csv""
history,africa_subregion_4_Kadow,"Data set created from file ['africa_subregion_4_Kadow.csv'] downloaded from [''] at ['2024-01-17 11:09:23']"
reference,africa_subregion_4_Kadow,"Kadow, C., Hall, D.M. & Ulbrich, U. Artificial intelligence reconstructs missing climate information. Nat. Geosci. (2020). https://doi.org/10.1038/s41561-020-0582-5"
comments,africa_subregion_4_Kadow,"Original data acknowledgement: "
history,africa_subregion_4_NOAA_Interim,""Data set created from file ['NOAAGlobalTemp_v*.nc'] downloaded from ['https://www.ncei.noaa.gov/data/noaa-global-surface-temperature/v5.1/access/gridded/NOAAGlobalTemp_v.*.nc'] at ['2024-01-17 10:19:08']""
history,africa_subregion_4_NOAA_Interim,""Data set created from file ['NOAAGlobalTemp_v*.nc'] downloaded from ['https://www.ncei.noaa.gov/data/noaa-global-surface-temperature/v5.1/access/gridded/NOAAGlobalTemp_v.*.nc'] at ['2024-01-17 10:19:08']""
history,africa_subregion_4_NOAA_Interim,""Regridded to 1 degree latitude-longitude resolution""
history,africa_subregion_4_NOAA_Interim,""Rebaselined to 1991-2020""
history,africa_subregion_4_NOAA_Interim,""Calculated area-average""
history,africa_subregion_4_NOAA_Interim,""Calculated annual average from monthly averages using arithmetic mean""
history,africa_subregion_4_NOAA_Interim,""Selected years within the range 1900 to 2023.""
history,africa_subregion_4_NOAA_Interim,""Wrote to file africa_subregion_4_NOAA Interim.csv""
history,africa_subregion_4_NOAA_Interim,"Data set created from file ['africa_subregion_4_NOAA Interim.csv'] downloaded from [''] at ['2024-01-17 11:10:21']"
reference,africa_subregion_4_NOAA_Interim,"Vose, R.S., B. Huang, X. Yin., D. Arndt, D.R. Easterling, J.H. Lawrimore, M.J. Menne, A. Sanchez-Lugo, H.-M. Zhang, 2021: Implementing full spatial coverage in NOAA’s global temperature analysis. Geophysical Research Letters, 48, e2020GL090873. https://doi.org/10.1029/2020GL090873"
comments,africa_subregion_4_NOAA_Interim,"Original data acknowledgement: "
long_name,time,time,days since 1800-01-01 00:00:00.0
type,time,int
long_name,year,year,1
type,year,int
long_name,africa_subregion_4_Berkeley_Earth,africa_subregion_4,degC
type,africa_subregion_4_Berkeley_Earth,float
long_name,africa_subregion_4_ERA5,africa_subregion_4,degC
type,africa_subregion_4_ERA5,float
long_name,africa_subregion_4_GISTEMP,africa_subregion_4,degC
type,africa_subregion_4_GISTEMP,float
long_name,africa_subregion_4_HadCRUT5,africa_subregion_4,degC
type,africa_subregion_4_HadCRUT5,float
long_name,africa_subregion_4_JRA-55,africa_subregion_4,degC
type,africa_subregion_4_JRA-55,float
long_name,africa_subregion_4_Kadow,africa_subregion_4,degC
type,africa_subregion_4_Kadow,float
long_name,africa_subregion_4_NOAA_Interim,africa_subregion_4,degC
type,africa_subregion_4_NOAA_Interim,float
coordinate_variable,time,t
data
time,year,africa_subregion_4_Berkeley_Earth,africa_subregion_4_ERA5,africa_subregion_4_GISTEMP,africa_subregion_4_HadCRUT5,africa_subregion_4_JRA-55,africa_subregion_4_Kadow,africa_subregion_4_NOAA_Interim
36524,1900,-0.7977,,-0.6323,-0.9179,,-0.8179,-0.7064
36889,1901,-0.6474,,-1.0134,-0.5302,,-0.5506,-0.6299
37254,1902,-0.9724,,-0.5464,-0.7705,,-0.7689,-0.8468
37619,1903,-1.2359,,-0.7326,-1.1326,,-1.1625,-0.9308
37984,1904,-1.4366,,-1.1904,-1.4706,,-1.3545,-1.2616
38350,1905,-1.1004,,-0.7280,-1.0458,,-0.9239,-0.8967
38715,1906,-1.2875,,-0.9069,-0.9564,,-0.9005,-0.8624
39080,1907,-1.3492,,-1.0056,-1.0346,,-1.0212,-1.0374
39445,1908,-1.2175,,-1.1512,-0.8059,,-0.9661,-1.0699
39811,1909,-1.2669,,-1.1045,-0.8499,,-0.9367,-1.0360
40176,1910,-1.2210,,-1.1770,-0.9801,,-1.1887,-1.2306
40541,1911,-1.3514,,-1.1838,-0.9715,,-1.0834,-1.2016
40906,1912,-1.3965,,-1.2857,-1.1006,,-1.1957,-1.2597
41272,1913,-1.4318,,-1.2664,-1.2289,,-1.3601,-1.3242
41637,1914,-0.7814,,-0.6603,-0.7425,,-0.8487,-0.7286
42002,1915,-0.6745,,-0.5673,-0.6094,,-0.6215,-0.7716
42367,1916,-1.2824,,-1.1887,-1.2123,,-1.2846,-1.2783
42733,1917,-1.4567,,-1.3724,-1.1458,,-1.2984,-1.4306
43098,1918,-1.2092,,-1.1145,-0.8977,,-1.0807,-1.2953
43463,1919,-0.6835,,-0.6198,-0.5423,,-0.6145,-0.7827
43828,1920,-1.2808,,-1.1227,-1.2010,,-1.2117,-1.2372
44194,1921,-1.0665,,-0.8697,-0.9652,,-1.1735,-1.0271
44559,1922,-1.1541,,-1.0533,-0.8836,,-1.1620,-1.0616
44924,1923,-1.2019,,-1.0253,-0.9392,,-1.0017,-0.9833
45289,1924,-0.7656,,-0.6184,-0.3628,,-0.6182,-0.7378
45655,1925,-0.9432,,-0.7760,-0.7803,,-0.9191,-0.9438
46020,1926,-0.8691,,-0.6430,-0.6517,,-0.6951,-0.6889
46385,1927,-0.8827,,-0.5965,-0.5399,,-0.7416,-0.7483
46750,1928,-0.7742,,-0.4076,-0.3742,,-0.6558,-0.5250
47116,1929,-0.9922,,-0.7581,-0.8011,,-0.9261,-0.8658
47481,1930,-1.0625,,-0.8762,-1.0428,,-1.0357,-0.8238
47846,1931,-0.5737,,-0.3886,-0.5075,,-0.6268,-0.4480
48211,1932,-1.0443,,-0.8208,-0.7302,,-0.9436,-0.7911
48577,1933,-0.7502,,-0.5969,-0.3388,,-0.5508,-0.6036
48942,1934,-0.9506,,-0.7234,-0.7859,,-0.9698,-0.7826
49307,1935,-0.9156,,-0.7094,-0.7484,,-0.8487,-0.7119
49672,1936,-0.8446,,-0.6420,-0.6353,,-0.6580,-0.7249
50038,1937,-0.9747,,-0.7720,-0.7856,,-0.8030,-0.8023
50403,1938,-0.9458,,-0.7730,-0.8967,,-0.9153,-0.7451
50768,1939,-0.7099,,-0.6148,-0.5814,,-0.5177,-0.5921
51133,1940,-0.5577,,-0.4520,-0.4379,,-0.4695,-0.5327
51499,1941,-0.4334,,-0.1782,-0.4257,,-0.5186,-0.2915
51864,1942,-0.6856,,-0.4482,-0.6690,,-0.7990,-0.5015
52229,1943,-0.9864,,-0.7941,-1.1446,,-1.1795,-0.8688
52594,1944,-0.7777,,-0.6250,-0.8893,,-0.9979,-0.6928
52960,1945,-0.8868,,-0.7335,-1.0251,,-1.1024,-0.8204
53325,1946,-0.8655,,-0.6750,-0.9801,,-1.0002,-0.7542
53690,1947,-0.7905,,-0.6702,-0.9088,,-0.9958,-0.7476
54055,1948,-1.1013,,-0.8861,-1.1247,,-1.2104,-0.9159
54421,1949,-1.0207,,-0.7719,-1.1260,,-1.2127,-0.8642
54786,1950,-1.1349,,-0.9518,-1.2296,,-1.3118,-1.0282
55151,1951,-1.0531,,-0.9017,-1.0718,,-1.0511,-0.9061
55516,1952,-0.6961,,-0.5469,-0.6679,,-0.6190,-0.6814
55882,1953,-0.8149,,-0.6995,-0.8550,,-0.8523,-0.7592
56247,1954,-0.8863,,-0.7655,-0.9230,,-0.9488,-0.8428
56612,1955,-0.9997,,-0.8240,-0.9369,,-0.9986,-0.9415
56977,1956,-1.1970,,-1.0342,-1.1794,,-1.2210,-1.0918
57343,1957,-0.9654,,-0.8313,-1.0096,,-1.0848,-0.8718
57708,1958,-0.5456,,-0.3519,-0.6367,-0.6871,-0.6827,-0.4948
58073,1959,-0.8338,,-0.6575,-0.9645,-0.8936,-1.0226,-0.7550
58438,1960,-0.6986,,-0.5310,-0.8176,-0.5274,-0.8659,-0.6334
58804,1961,-1.0580,,-0.8565,-1.1671,-0.9896,-1.2235,-0.9134
59169,1962,-0.8876,,-0.7634,-1.0202,-0.7552,-1.0808,-0.7937
59534,1963,-0.8301,,-0.7081,-0.8845,-0.6587,-0.8992,-0.7137
59899,1964,-1.2117,,-1.1283,-1.3248,-1.1952,-1.3583,-1.1380
60265,1965,-1.0465,,-0.9050,-1.1571,-0.9823,-1.2023,-0.9175
60630,1966,-0.7587,,-0.6201,-0.8627,-0.8688,-0.9172,-0.6907
60995,1967,-1.1552,,-1.0677,-1.3140,-1.1823,-1.3328,-1.1029
61360,1968,-1.1905,,-1.1039,-1.3415,-1.2397,-1.3881,-1.0870
61726,1969,-0.4549,,-0.3597,-0.6365,-0.5174,-0.6793,-0.4367
62091,1970,-0.7875,,-0.6708,-0.8556,-0.8586,-0.9100,-0.7757
62456,1971,-1.1408,,-1.0441,-1.2651,-1.2530,-1.2728,-1.0510
62821,1972,-0.6149,,-0.5802,-0.8245,-0.7316,-0.8215,-0.6167
63187,1973,-0.4189,,-0.3060,-0.5925,-0.4522,-0.5963,-0.3732
63552,1974,-1.0135,,-0.9323,-1.0545,-1.1135,-1.1159,-0.9522
63917,1975,-0.9707,,-0.8410,-1.0461,-1.2026,-1.1500,-0.8642
64282,1976,-0.6739,,-0.6221,-0.7042,-0.9813,-0.7558,-0.6689
64648,1977,-0.7904,,-0.7555,-0.8472,-1.1772,-0.8671,-0.8122
65013,1978,-0.6660,,-0.6726,-0.6975,-1.0207,-0.7125,-0.7009
65378,1979,-0.4568,-0.6166,-0.4534,-0.5035,-0.5329,-0.5320,-0.4593
65743,1980,-0.2732,-0.4408,-0.2258,-0.3611,-0.4010,-0.3662,-0.3146
66109,1981,-0.6080,-0.6605,-0.5587,-0.6060,-0.4706,-0.5946,-0.6149
66474,1982,-0.6340,-0.8492,-0.5902,-0.6484,-0.7289,-0.6444,-0.6210
66839,1983,-0.4704,-0.5989,-0.4378,-0.4895,-0.5377,-0.4957,-0.5383
67204,1984,-0.5362,-0.7239,-0.4315,-0.5506,-0.5559,-0.5680,-0.5635
67570,1985,-0.6406,-0.9838,-0.5861,-0.6588,-0.8655,-0.6587,-0.6009
67935,1986,-0.6211,-0.7880,-0.5727,-0.6067,-0.7341,-0.6162,-0.5684
68300,1987,-0.1330,-0.2030,-0.0858,-0.1849,-0.2266,-0.1937,-0.1533
68665,1988,-0.3729,-0.2827,-0.2917,-0.3289,-0.1172,-0.3363,-0.3442
69031,1989,-0.9707,-0.9163,-0.9497,-0.9164,-0.6816,-0.9451,-0.9087
69396,1990,-0.4073,-0.2027,-0.3934,-0.3520,-0.0202,-0.3164,-0.3588
69761,1991,-0.4285,-0.3346,-0.4176,-0.4610,-0.1646,-0.4446,-0.3818
70126,1992,-0.6417,-0.7232,-0.6932,-0.8201,-0.5367,-0.8266,-0.8025
70492,1993,-0.4918,-0.3947,-0.5386,-0.5421,-0.2712,-0.5293,-0.5285
70857,1994,-0.4563,-0.4894,-0.4704,-0.5385,-0.3051,-0.5072,-0.4827
71222,1995,-0.2873,-0.3035,-0.2913,-0.3856,0.0454,-0.3877,-0.3405
71587,1996,-0.3207,-0.5021,-0.3418,-0.3376,-0.2616,-0.3171,-0.3855
71953,1997,-0.2366,-0.4228,-0.3287,-0.1313,-0.1918,-0.1325,-0.2981
72318,1998,-0.0682,-0.0032,-0.1654,-0.0764,0.1746,-0.0859,0.0026
72683,1999,-0.3048,-0.2169,-0.3416,-0.3550,-0.0602,-0.3207,-0.2830
73048,2000,-0.2855,-0.3872,-0.2677,-0.2444,-0.3157,-0.2579,-0.3602
73414,2001,-0.1991,-0.2968,-0.2116,-0.1599,-0.0398,-0.1592,-0.3093
73779,2002,0.1059,-0.0451,0.0973,0.1168,0.1322,0.0594,0.0288
74144,2003,0.1587,0.0598,0.1460,0.1630,0.1817,0.1446,0.0833
74509,2004,0.0709,-0.0240,0.0564,0.0781,-0.0668,0.0341,0.0136
74875,2005,0.3710,0.2520,0.3243,0.3242,0.1784,0.2023,0.2719
75240,2006,0.0343,-0.0028,0.0085,0.0268,-0.0588,-0.0172,0.0359
75605,2007,-0.0786,-0.0111,-0.1119,0.0518,-0.1025,0.0641,-0.0285
75970,2008,-0.0642,-0.0726,-0.0557,0.0206,-0.1390,0.0093,-0.0626
76336,2009,0.4435,0.4733,0.4676,0.5042,0.3662,0.5338,0.4022
76701,2010,0.4546,0.4988,0.5433,0.6467,0.4525,0.6605,0.4779
77066,2011,0.1292,-0.0708,0.1266,0.1727,-0.0117,0.1894,0.0602
77431,2012,0.1411,0.0711,0.1335,0.0717,0.0210,0.1382,0.1507
77797,2013,0.1747,0.1720,0.2434,0.1265,0.2136,0.1905,0.2301
78162,2014,0.1599,0.2149,0.1635,0.1461,0.1108,0.1484,0.1627
78527,2015,0.4180,0.4835,0.4589,0.4075,0.2446,0.4334,0.4082
78892,2016,0.4834,0.6240,0.5240,0.4811,0.3858,0.4786,0.5347
79258,2017,0.3617,0.5725,0.4731,0.3267,0.1710,0.3606,0.4250
79623,2018,0.0185,0.2115,0.0536,0.0661,-0.0913,0.0714,0.2302
79988,2019,0.2506,0.4463,0.2893,0.2412,0.1255,0.2060,0.4249
80353,2020,0.0874,0.2213,0.1262,0.0801,-0.1864,0.0615,0.3204
80719,2021,0.2492,0.4766,0.3529,0.1221,0.1377,0.1454,0.4117
81084,2022,0.0339,0.2820,0.0620,0.0640,0.1162,0.0641,0.1854
81449,2023,0.5414,0.8569,0.5522,0.3838,0.5532,0.1399,0.7672
end data
