Conventions,G,BADC-CSV,1
title,G,Regional mean temperature for Eastern Africa
last_revised_date,G,2022-08-31
date_valid,G,2022-08-31
feature_type,G,area average
creator,G,WMO
source,G,Produced by climind version 0.1
observation_station,G,derived data
location,G,90.,-180.,-90.,180.
activity,G,WMO
history,G,""Gridded dataset created from file ['NOAAGlobalTemp_v*.nc'] downloaded from ['https://www.ncei.noaa.gov/data/noaa-global-surface-temperature/v5/access/gridded/NOAAGlobalTemp_v.*.nc']""history,G,""Regridded to 1 degree latitude-longitude resolution""history,G,""Rebaselined to 1981-2010""history,G,""Calculated area-average""history,G,""Calculated annual average""history,G,""Wrote to file africa_subregion_4_NOAAGlobalTemp.csv""history,G,"Data set created from file ['africa_subregion_4_NOAAGlobalTemp.csv'] downloaded from [''] at ['2022-08-13 18:55:30']"
reference,G,"Huang, B., M. J. Menne, T. Boyer, E. Freeman, B. E. Gleason, J. H. Lawrimore, C. Liu, J. J. Rennie, C. Schreck, F. Sun, R. Vose, C. N. Williams, X. Yin, H.-M. Zhang, 2020: Uncertainty estimates for sea surface temperature and land surface air temperature in NOAAGlobalTemp version 5. , J. Climate, 33, 1351-1379, DOI: 10.1175/JCLI-D-19-0395.1"reference,G,"Zhang, Huai-Min, Jay H. Lawrimore, Boyin Huang, Matthew J. Menne, Xungang Yin, Ahira Sȧnchez-Lugo, Byron E. Gleason, Russell Vose, Derek Arndt, J. Jared Rennie, and Claude N. Williams. (2019) Updated Temperature Data Give a Sharper View of Climate Trends. Eos, 100, https://doi.org/10.1029/2019EO128229"
rights,G,TBD
comments,G,Data produced by climind version 0.1
comments,G,Format description https://help.ceda.ac.uk/article/105-badc-csv
long_name,time,time,
type,time,int
long_name,year,year,1
type,year,int
long_name,data,africa_subregion_4,degC
type,data,float
coordinate_variable,time,t
data
time,year,data
36524,1900,-0.5015
36889,1901,-0.6342
37254,1902,-0.6225
37619,1903,-0.8347
37984,1904,-0.8337
38350,1905,-0.6497
38715,1906,-0.6996
39080,1907,-0.7800
39445,1908,-0.7790
39811,1909,-0.7614
40176,1910,-0.9225
40541,1911,-0.9426
40906,1912,-0.9143
41272,1913,-0.9196
41637,1914,-0.5698
42002,1915,-0.4557
42367,1916,-0.9740
42733,1917,-1.0376
43098,1918,-1.0172
43463,1919,-0.5953
43828,1920,-0.9087
44194,1921,-0.7203
44559,1922,-0.7375
44924,1923,-0.7326
45289,1924,-0.5094
45655,1925,-0.6203
46020,1926,-0.4570
46385,1927,-0.4883
46750,1928,-0.2539
47116,1929,-0.5459
47481,1930,-0.5564
47846,1931,-0.1237
48211,1932,-0.4631
48577,1933,-0.3104
48942,1934,-0.4423
49307,1935,-0.4802
49672,1936,-0.4243
50038,1937,-0.5210
50403,1938,-0.5056
50768,1939,-0.3648
51133,1940,-0.3004
51499,1941,-0.0000
51864,1942,-0.2231
52229,1943,-0.5726
52594,1944,-0.4503
52960,1945,-0.5325
53325,1946,-0.4804
53690,1947,-0.4466
54055,1948,-0.6965
54421,1949,-0.5411
54786,1950,-0.7830
55151,1951,-0.6363
55516,1952,-0.3967
55882,1953,-0.5174
56247,1954,-0.5973
56612,1955,-0.6954
56977,1956,-0.7901
57343,1957,-0.5918
57708,1958,-0.2306
58073,1959,-0.5131
58438,1960,-0.3936
58804,1961,-0.7184
59169,1962,-0.5790
59534,1963,-0.4838
59899,1964,-0.8731
60265,1965,-0.6886
60630,1966,-0.4367
60995,1967,-0.8231
61360,1968,-0.8302
61726,1969,-0.1493
62091,1970,-0.4853
62456,1971,-0.7479
62821,1972,-0.3414
63187,1973,-0.1358
63552,1974,-0.6620
63917,1975,-0.6318
64282,1976,-0.3814
64648,1977,-0.4975
65013,1978,-0.4162
65378,1979,-0.2495
65743,1980,-0.0648
66109,1981,-0.3543
66474,1982,-0.3348
66839,1983,-0.2418
67204,1984,-0.2687
67570,1985,-0.3329
67935,1986,-0.2783
68300,1987,0.1172
68665,1988,-0.0859
69031,1989,-0.6830
69396,1990,-0.1181
69761,1991,-0.1950
70126,1992,-0.3913
70492,1993,-0.1723
70857,1994,-0.1674
71222,1995,-0.0814
71587,1996,-0.0755
71953,1997,-0.0473
72318,1998,0.2246
72683,1999,-0.0179
73048,2000,-0.0517
73414,2001,-0.0110
73779,2002,0.3113
74144,2003,0.3851
74509,2004,0.2869
74875,2005,0.4574
75240,2006,0.3017
75605,2007,0.2479
75970,2008,0.1994
76336,2009,0.6616
76701,2010,0.7148
77066,2011,0.4219
77431,2012,0.4820
77797,2013,0.4919
78162,2014,0.5049
78527,2015,0.7363
78892,2016,0.8754
79258,2017,0.7459
79623,2018,0.6340
79988,2019,0.7848
80353,2020,0.6663
80719,2021,0.7419
end data
