Conventions,G,BADC-CSV,1
title,G,Regional mean temperature for Eastern Africa
last_revised_date,G,2022-11-29
date_valid,G,2022-11-29
feature_type,G,area average
creator,G,WMO
source,G,Produced by climind version 0.1
observation_station,G,derived data
location,G,90.,-180.,-90.,180.
activity,G,WMO
history,G,""Data set created from file ['anl_surf125.011_tmp.202201_202212', 'anl_surf125.2022MMMM'] downloaded from ['', ''] at ['2022-11-08 14:59:36']""
history,G,""Regridded to 1 degree latitude-longitude resolution""
history,G,""Rebaselined to 1981-2010""
history,G,""Calculated area-average""
history,G,""Calculated annual average from monthly averages using arithmetic mean""
history,G,""Selected years within the range 1900 to 2022.""
history,G,""Wrote to file africa_subregion_4_JRA-55.csv""
history,G,"Data set created from file ['africa_subregion_4_JRA-55.csv'] downloaded from [''] at ['2022-11-23 19:14:52']"
reference,G,"Kobayashi, S., Ota, Y., Harada, Y., Ebita, A., Moriya, M., Onoda, H., Onogi, K., Kamahori, H., Kobayashi, C., Endo, H. and Miyaoka, K., (2015). The JRA-55 reanalysis: General specifications and basic characteristics. Journal of the Meteorological Society of Japan. Ser. II, 93(1), pp.5-48."
rights,G,TBD
comments,G,Data produced by climind version 0.1
comments,G,Format description https://help.ceda.ac.uk/article/105-badc-csv
long_name,time,time,days since 1800-01-01 00:00:00.0
type,time,int
long_name,year,year,1
type,year,int
long_name,data,africa_subregion_4,degC
type,data,float
coordinate_variable,time,t
data
time,year,data
57708,1958,-0.4897
58073,1959,-0.6962
58438,1960,-0.3301
58804,1961,-0.7922
59169,1962,-0.5579
59534,1963,-0.4613
59899,1964,-0.9978
60265,1965,-0.7849
60630,1966,-0.6714
60995,1967,-0.9849
61360,1968,-1.0424
61726,1969,-0.3201
62091,1970,-0.6612
62456,1971,-1.0557
62821,1972,-0.5342
63187,1973,-0.2548
63552,1974,-0.9162
63917,1975,-1.0052
64282,1976,-0.7839
64648,1977,-0.9798
65013,1978,-0.8233
65378,1979,-0.3356
65743,1980,-0.2036
66109,1981,-0.2733
66474,1982,-0.5315
66839,1983,-0.3404
67204,1984,-0.3585
67570,1985,-0.6682
67935,1986,-0.5367
68300,1987,-0.0292
68665,1988,0.0802
69031,1989,-0.4842
69396,1990,0.1772
69761,1991,0.0327
70126,1992,-0.3394
70492,1993,-0.0738
70857,1994,-0.1077
71222,1995,0.2427
71587,1996,-0.0642
71953,1997,0.0056
72318,1998,0.3720
72683,1999,0.1372
73048,2000,-0.1183
73414,2001,0.1576
73779,2002,0.3296
74144,2003,0.3791
74509,2004,0.1306
74875,2005,0.3758
75240,2006,0.1385
75605,2007,0.0949
75970,2008,0.0584
76336,2009,0.5635
76701,2010,0.6499
77066,2011,0.1856
77431,2012,0.2184
77797,2013,0.4109
78162,2014,0.3081
78527,2015,0.4419
78892,2016,0.5832
79258,2017,0.3683
79623,2018,0.1061
79988,2019,0.3229
80353,2020,0.0110
80719,2021,0.3351
81084,2022,0.3037
end data
