Conventions,G,BADC-CSV,1
title,G,Regional mean temperature for WMO RA 2 Asia
last_revised_date,G,2023-08-28
date_valid,G,2023-08-28
feature_type,G,area average
creator,G,WMO
source,G,Produced by climind version 0.1
observation_station,G,derived data
location,G,90.,-180.,-90.,180.
activity,G,WMO
history,G,""Gridded dataset created from file ['era5_2m_tas_2023.nc'] downloaded from ['']""
history,G,""Regridded to 1 degree latitude-longitude resolution""
history,G,""Rebaselined to 1991-2020""
history,G,""Calculated area-average""
history,G,""Calculated annual average from monthly averages using arithmetic mean""
history,G,""Selected years within the range 1900 to 2022.""
history,G,""Wrote to file wmo_ra_2_ERA5.csv""
history,G,"Data set created from file ['wmo_ra_2_ERA5.csv'] downloaded from [''] at ['2023-08-09 11:00:33']"
history,G,"Calculated 10-year moving average"
reference,G,"Hersbach H, Bell B, Berrisford P et al. 2020. The ERA5 global reanalysis. Q. J. R. Meteorol. Soc. 146: 1999-2049. https://doi.org/10.1002/qj.3803"
rights,G,TBD
comments,G,Data produced by climind version 0.1
comments,G,Format description https://help.ceda.ac.uk/article/105-badc-csv
comments,G,"Original data acknowledgement: "
long_name,time,time,days since 1800-01-01 00:00:00.0
type,time,int
long_name,year,year,1
type,year,int
long_name,data,wmo_ra_2,degC
type,data,float
coordinate_variable,time,t
data
time,year,data
65378,1979,
65743,1980,
66109,1981,
66474,1982,
66839,1983,
67204,1984,
67570,1985,
67935,1986,
68300,1987,
68665,1988,-0.8450
69031,1989,-0.7904
69396,1990,-0.7230
69761,1991,-0.7148
70126,1992,-0.7151
70492,1993,-0.7417
70857,1994,-0.6682
71222,1995,-0.5495
71587,1996,-0.5393
71953,1997,-0.4648
72318,1998,-0.4646
72683,1999,-0.4411
73048,2000,-0.4669
73414,2001,-0.4424
73779,2002,-0.3386
74144,2003,-0.2683
74509,2004,-0.2214
74875,2005,-0.2229
75240,2006,-0.1534
75605,2007,-0.0586
75970,2008,-0.0005
76336,2009,0.0122
76701,2010,0.0543
77066,2011,0.0784
77431,2012,0.0550
77797,2013,0.0773
78162,2014,0.0840
78527,2015,0.1353
78892,2016,0.2080
79258,2017,0.2187
79623,2018,0.2259
79988,2019,0.3047
80353,2020,0.4127
80719,2021,0.4529
81084,2022,0.5438
end data
