Conventions,G,BADC-CSV,1
title,G,Regional mean temperature for WMO RA 2 Asia
last_revised_date,G,2023-08-28
date_valid,G,2023-08-28
feature_type,G,area average
creator,G,WMO
source,G,Produced by climind version 0.1
observation_station,G,derived data
location,G,90.,-180.,-90.,180.
activity,G,WMO
history,G,""Data set created from file ['HadCRUT.5.0.1.0.analysis.anomalies.ensemble_mean.nc'] downloaded from ['https://www.metoffice.gov.uk/hadobs/hadcrut5/data/current/analysis/HadCRUT.5.0.1.0.analysis.anomalies.ensemble_mean.nc'] at ['2023-08-07 16:14:34']""
history,G,""Regridded to 1 degree latitude-longitude resolution""
history,G,""Rebaselined to 1991-2020""
history,G,""Calculated area-average""
history,G,""Calculated annual average from monthly averages using arithmetic mean""
history,G,""Selected years within the range 1900 to 2022.""
history,G,""Wrote to file wmo_ra_2_HadCRUT5.csv""
history,G,"Data set created from file ['wmo_ra_2_HadCRUT5.csv'] downloaded from [''] at ['2023-08-09 11:01:26']"
history,G,"Calculated 10-year moving average"
reference,G,"Morice, C. P., Kennedy, J. J., Rayner, N. A., Winn, J. P., Hogan, E., Killick, R. E., et al. (2021). An updated assessment of near-surface temperature change from 1850: the HadCRUT5 data set. Journal of Geophysical Research: Atmospheres, 126, e2019JD032361. https://doi.org/10.1029/2019JD032361"
rights,G,TBD
comments,G,Data produced by climind version 0.1
comments,G,Format description https://help.ceda.ac.uk/article/105-badc-csv
comments,G,"Original data acknowledgement: HadCRUT.5.0.1.0 data were obtained from http://www.metoffice.gov.uk/hadobs/hadcrut5 on 2023-08-07 16:14:34 and are © British Crown Copyright, Met Office 2023, provided under an Open Government License, http://www.nationalarchives.gov.uk/doc/open-government-licence/version/3/"
long_name,time,time,days since 1800-01-01 00:00:00.0
type,time,int
long_name,year,year,1
type,year,int
long_name,data,wmo_ra_2,degC
type,data,float
coordinate_variable,time,t
data
time,year,data
36524,1900,
36889,1901,
37254,1902,
37619,1903,
37984,1904,
38350,1905,
38715,1906,
39080,1907,
39445,1908,
39811,1909,-1.3960
40176,1910,-1.4174
40541,1911,-1.4536
40906,1912,-1.4860
41272,1913,-1.4857
41637,1914,-1.4425
42002,1915,-1.4081
42367,1916,-1.4437
42733,1917,-1.4191
43098,1918,-1.4115
43463,1919,-1.4123
43828,1920,-1.3795
44194,1921,-1.3270
44559,1922,-1.2591
44924,1923,-1.2314
45289,1924,-1.2409
45655,1925,-1.2163
46020,1926,-1.1615
46385,1927,-1.1490
46750,1928,-1.1282
47116,1929,-1.1584
47481,1930,-1.1599
47846,1931,-1.1949
48211,1932,-1.1586
48577,1933,-1.1859
48942,1934,-1.2002
49307,1935,-1.2101
49672,1936,-1.2409
50038,1937,-1.2534
50403,1938,-1.2154
50768,1939,-1.1278
51133,1940,-1.1014
51499,1941,-1.0783
51864,1942,-1.1002
52229,1943,-1.0272
52594,1944,-0.9884
52960,1945,-0.9956
53325,1946,-0.9832
53690,1947,-0.9584
54055,1948,-0.9410
54421,1949,-0.9778
54786,1950,-1.0271
55151,1951,-1.0144
55516,1952,-1.0564
55882,1953,-1.0520
56247,1954,-1.0998
56612,1955,-1.0933
56977,1956,-1.1233
57343,1957,-1.1594
57708,1958,-1.2103
58073,1959,-1.1896
58438,1960,-1.1741
58804,1961,-1.1694
59169,1962,-1.0959
59534,1963,-1.0964
59899,1964,-1.1119
60265,1965,-1.1189
60630,1966,-1.1050
60995,1967,-1.0564
61360,1968,-1.0631
61726,1969,-1.1448
62091,1970,-1.1321
62456,1971,-1.1389
62821,1972,-1.2158
63187,1973,-1.2172
63552,1974,-1.2181
63917,1975,-1.1621
64282,1976,-1.1782
64648,1977,-1.1927
65013,1978,-1.1537
65378,1979,-1.0843
65743,1980,-1.0544
66109,1981,-1.0087
66474,1982,-0.9526
66839,1983,-0.9264
67204,1984,-0.9116
67570,1985,-0.9557
67935,1986,-0.8984
68300,1987,-0.9001
68665,1988,-0.8512
69031,1989,-0.7966
69396,1990,-0.7283
69761,1991,-0.7213
70126,1992,-0.7219
70492,1993,-0.7477
70857,1994,-0.6722
71222,1995,-0.5550
71587,1996,-0.5409
71953,1997,-0.4588
72318,1998,-0.4499
72683,1999,-0.4249
73048,2000,-0.4436
73414,2001,-0.4127
73779,2002,-0.3079
74144,2003,-0.2365
74509,2004,-0.1914
74875,2005,-0.1946
75240,2006,-0.1331
75605,2007,-0.0483
75970,2008,0.0032
76336,2009,0.0136
76701,2010,0.0501
77066,2011,0.0711
77431,2012,0.0430
77797,2013,0.0642
78162,2014,0.0804
78527,2015,0.1363
78892,2016,0.2096
79258,2017,0.2212
79623,2018,0.2239
79988,2019,0.2983
80353,2020,0.3935
80719,2021,0.4259
81084,2022,0.5044
end data
