Conventions,G,BADC-CSV,1
title,G,Regional mean temperature for WMO RA 2 Asia
last_revised_date,G,2023-08-28
date_valid,G,2023-08-28
feature_type,G,area average
creator,G,WMO
source,G,Produced by climind version 0.1
observation_station,G,derived data
location,G,90.,-180.,-90.,180.
rights,G,TBD
activity,G,WMO
comments,G,Format description https://help.ceda.ac.uk/article/105-badc-csv
history,wmo_ra_2_Berkeley_Earth,""Data set created from file ['Land_and_Ocean_LatLong1.nc'] downloaded from ['https://berkeley-earth-temperature.s3.us-west-1.amazonaws.com/Global/Gridded/Land_and_Ocean_LatLong1.nc'] at ['2023-08-07 17:34:59']""
history,wmo_ra_2_Berkeley_Earth,""Rebaselined to 1991-2020""
history,wmo_ra_2_Berkeley_Earth,""Calculated area-average""
history,wmo_ra_2_Berkeley_Earth,""Calculated annual average from monthly averages using arithmetic mean""
history,wmo_ra_2_Berkeley_Earth,""Selected years within the range 1900 to 2022.""
history,wmo_ra_2_Berkeley_Earth,""Wrote to file wmo_ra_2_Berkeley Earth.csv""
history,wmo_ra_2_Berkeley_Earth,"Data set created from file ['wmo_ra_2_Berkeley Earth.csv'] downloaded from [''] at ['2023-08-09 10:59:41']"
history,wmo_ra_2_Berkeley_Earth,"Calculated 10-year moving average"
reference,wmo_ra_2_Berkeley_Earth,"Rohde, R. A. and Hausfather, Z.: The Berkeley Earth Land/Ocean Temperature Record, Earth Syst. Sci. Data, 12, 3469-3479, https://doi.org/10.5194/essd-12-3469-2020, 2020"
comments,wmo_ra_2_Berkeley_Earth,"Original data acknowledgement: "
history,wmo_ra_2_ERA5,""Gridded dataset created from file ['era5_2m_tas_2023.nc'] downloaded from ['']""
history,wmo_ra_2_ERA5,""Regridded to 1 degree latitude-longitude resolution""
history,wmo_ra_2_ERA5,""Rebaselined to 1991-2020""
history,wmo_ra_2_ERA5,""Calculated area-average""
history,wmo_ra_2_ERA5,""Calculated annual average from monthly averages using arithmetic mean""
history,wmo_ra_2_ERA5,""Selected years within the range 1900 to 2022.""
history,wmo_ra_2_ERA5,""Wrote to file wmo_ra_2_ERA5.csv""
history,wmo_ra_2_ERA5,"Data set created from file ['wmo_ra_2_ERA5.csv'] downloaded from [''] at ['2023-08-09 11:00:33']"
history,wmo_ra_2_ERA5,"Calculated 10-year moving average"
reference,wmo_ra_2_ERA5,"Hersbach H, Bell B, Berrisford P et al. 2020. The ERA5 global reanalysis. Q. J. R. Meteorol. Soc. 146: 1999-2049. https://doi.org/10.1002/qj.3803"
comments,wmo_ra_2_ERA5,"Original data acknowledgement: "
history,wmo_ra_2_GISTEMP,""Data set created from file ['gistemp1200_GHCNv4_ERSSTv5.nc.gz'] downloaded from ['https://data.giss.nasa.gov/pub/gistemp/gistemp1200_GHCNv4_ERSSTv5.nc.gz'] at ['2023-08-07 16:14:33']""
history,wmo_ra_2_GISTEMP,""Regridded to 1 degree latitude-longitude resolution""
history,wmo_ra_2_GISTEMP,""Rebaselined to 1991-2020""
history,wmo_ra_2_GISTEMP,""Calculated area-average""
history,wmo_ra_2_GISTEMP,""Calculated annual average from monthly averages using arithmetic mean""
history,wmo_ra_2_GISTEMP,""Selected years within the range 1900 to 2022.""
history,wmo_ra_2_GISTEMP,""Wrote to file wmo_ra_2_GISTEMP.csv""
history,wmo_ra_2_GISTEMP,"Data set created from file ['wmo_ra_2_GISTEMP.csv'] downloaded from [''] at ['2023-08-09 11:00:50']"
history,wmo_ra_2_GISTEMP,"Calculated 10-year moving average"
reference,wmo_ra_2_GISTEMP,"Lenssen, N., G. Schmidt, J. Hansen, M. Menne, A. Persin, R. Ruedy, and D. Zyss, 2019: Improvements in the GISTEMP uncertainty model. J. Geophys. Res. Atmos., 124, no. 12, 6307-6326, doi:10.1029/2018JD029522"
comments,wmo_ra_2_GISTEMP,"Original data acknowledgement: "
history,wmo_ra_2_HadCRUT5,""Data set created from file ['HadCRUT.5.0.1.0.analysis.anomalies.ensemble_mean.nc'] downloaded from ['https://www.metoffice.gov.uk/hadobs/hadcrut5/data/current/analysis/HadCRUT.5.0.1.0.analysis.anomalies.ensemble_mean.nc'] at ['2023-08-07 16:14:34']""
history,wmo_ra_2_HadCRUT5,""Regridded to 1 degree latitude-longitude resolution""
history,wmo_ra_2_HadCRUT5,""Rebaselined to 1991-2020""
history,wmo_ra_2_HadCRUT5,""Calculated area-average""
history,wmo_ra_2_HadCRUT5,""Calculated annual average from monthly averages using arithmetic mean""
history,wmo_ra_2_HadCRUT5,""Selected years within the range 1900 to 2022.""
history,wmo_ra_2_HadCRUT5,""Wrote to file wmo_ra_2_HadCRUT5.csv""
history,wmo_ra_2_HadCRUT5,"Data set created from file ['wmo_ra_2_HadCRUT5.csv'] downloaded from [''] at ['2023-08-09 11:01:26']"
history,wmo_ra_2_HadCRUT5,"Calculated 10-year moving average"
reference,wmo_ra_2_HadCRUT5,"Morice, C. P., Kennedy, J. J., Rayner, N. A., Winn, J. P., Hogan, E., Killick, R. E., et al. (2021). An updated assessment of near-surface temperature change from 1850: the HadCRUT5 data set. Journal of Geophysical Research: Atmospheres, 126, e2019JD032361. https://doi.org/10.1029/2019JD032361"
comments,wmo_ra_2_HadCRUT5,"Original data acknowledgement: HadCRUT.5.0.1.0 data were obtained from http://www.metoffice.gov.uk/hadobs/hadcrut5 on 2023-08-07 16:14:34 and are © British Crown Copyright, Met Office 2023, provided under an Open Government License, http://www.nationalarchives.gov.uk/doc/open-government-licence/version/3/"
history,wmo_ra_2_JRA-55,""Data set created from file ['anl_surf125.011_tmp.202301_202312', 'anl_surf125.2023MMMM'] downloaded from ['', ''] at ['2023-08-07 16:16:00']""
history,wmo_ra_2_JRA-55,""Regridded to 1 degree latitude-longitude resolution""
history,wmo_ra_2_JRA-55,""Rebaselined to 1991-2020""
history,wmo_ra_2_JRA-55,""Calculated area-average""
history,wmo_ra_2_JRA-55,""Calculated annual average from monthly averages using arithmetic mean""
history,wmo_ra_2_JRA-55,""Selected years within the range 1900 to 2022.""
history,wmo_ra_2_JRA-55,""Wrote to file wmo_ra_2_JRA-55.csv""
history,wmo_ra_2_JRA-55,"Data set created from file ['wmo_ra_2_JRA-55.csv'] downloaded from [''] at ['2023-08-09 11:02:19']"
history,wmo_ra_2_JRA-55,"Calculated 10-year moving average"
reference,wmo_ra_2_JRA-55,"Kobayashi, S., Ota, Y., Harada, Y., Ebita, A., Moriya, M., Onoda, H., Onogi, K., Kamahori, H., Kobayashi, C., Endo, H. and Miyaoka, K., (2015). The JRA-55 reanalysis: General specifications and basic characteristics. Journal of the Meteorological Society of Japan. Ser. II, 93(1), pp.5-48."
comments,wmo_ra_2_JRA-55,"Original data acknowledgement: "
history,wmo_ra_2_NOAAGlobalTemp,""Data set created from file ['NOAAGlobalTemp_v*.nc'] downloaded from ['https://www.ncei.noaa.gov/data/noaa-global-surface-temperature/v5/access/gridded/NOAAGlobalTemp_v.*.nc'] at ['2023-08-07 16:18:17']""
history,wmo_ra_2_NOAAGlobalTemp,""Data set created from file ['NOAAGlobalTemp_v*.nc'] downloaded from ['https://www.ncei.noaa.gov/data/noaa-global-surface-temperature/v5/access/gridded/NOAAGlobalTemp_v.*.nc'] at ['2023-08-07 16:18:17']""
history,wmo_ra_2_NOAAGlobalTemp,""Regridded to 1 degree latitude-longitude resolution""
history,wmo_ra_2_NOAAGlobalTemp,""Rebaselined to 1991-2020""
history,wmo_ra_2_NOAAGlobalTemp,""Calculated area-average""
history,wmo_ra_2_NOAAGlobalTemp,""Calculated annual average from monthly averages using arithmetic mean""
history,wmo_ra_2_NOAAGlobalTemp,""Selected years within the range 1900 to 2022.""
history,wmo_ra_2_NOAAGlobalTemp,""Wrote to file wmo_ra_2_NOAAGlobalTemp.csv""
history,wmo_ra_2_NOAAGlobalTemp,"Data set created from file ['wmo_ra_2_NOAAGlobalTemp.csv'] downloaded from [''] at ['2023-08-09 12:23:24']"
history,wmo_ra_2_NOAAGlobalTemp,"Calculated 10-year moving average"
reference,wmo_ra_2_NOAAGlobalTemp,"Huang, B., M. J. Menne, T. Boyer, E. Freeman, B. E. Gleason, J. H. Lawrimore, C. Liu, J. J. Rennie, C. Schreck, F. Sun, R. Vose, C. N. Williams, X. Yin, H.-M. Zhang, 2020: Uncertainty estimates for sea surface temperature and land surface air temperature in NOAAGlobalTemp version 5. , J. Climate, 33, 1351-1379, DOI: 10.1175/JCLI-D-19-0395.1"
reference,wmo_ra_2_NOAAGlobalTemp,"Zhang, Huai-Min, Jay H. Lawrimore, Boyin Huang, Matthew J. Menne, Xungang Yin, Ahira Sȧnchez-Lugo, Byron E. Gleason, Russell Vose, Derek Arndt, J. Jared Rennie, and Claude N. Williams. (2019) Updated Temperature Data Give a Sharper View of Climate Trends. Eos, 100, https://doi.org/10.1029/2019EO128229"
comments,wmo_ra_2_NOAAGlobalTemp,"Original data acknowledgement: "
long_name,time,time,days since 1800-01-01 00:00:00.0
type,time,int
long_name,year,year,1
type,year,int
long_name,wmo_ra_2_Berkeley_Earth,wmo_ra_2,degC
type,wmo_ra_2_Berkeley_Earth,float
long_name,wmo_ra_2_ERA5,wmo_ra_2,degC
type,wmo_ra_2_ERA5,float
long_name,wmo_ra_2_GISTEMP,wmo_ra_2,degC
type,wmo_ra_2_GISTEMP,float
long_name,wmo_ra_2_HadCRUT5,wmo_ra_2,degC
type,wmo_ra_2_HadCRUT5,float
long_name,wmo_ra_2_JRA-55,wmo_ra_2,degC
type,wmo_ra_2_JRA-55,float
long_name,wmo_ra_2_NOAAGlobalTemp,wmo_ra_2,degC
type,wmo_ra_2_NOAAGlobalTemp,float
coordinate_variable,time,t
data
time,year,wmo_ra_2_Berkeley_Earth,wmo_ra_2_ERA5,wmo_ra_2_GISTEMP,wmo_ra_2_HadCRUT5,wmo_ra_2_JRA-55,wmo_ra_2_NOAAGlobalTemp
36524,1900,,,,,,
36889,1901,,,,,,
37254,1902,,,,,,
37619,1903,,,,,,
37984,1904,,,,,,
38350,1905,,,,,,
38715,1906,,,,,,
39080,1907,,,,,,
39445,1908,,,,,,
39811,1909,-1.3179,,-1.4518,-1.3960,,-1.4976
40176,1910,-1.3497,,-1.4772,-1.4174,,-1.5287
40541,1911,-1.3883,,-1.5106,-1.4536,,-1.5671
40906,1912,-1.4237,,-1.5408,-1.4860,,-1.6052
41272,1913,-1.4286,,-1.5462,-1.4857,,-1.6006
41637,1914,-1.3978,,-1.5080,-1.4425,,-1.5599
42002,1915,-1.3705,,-1.4811,-1.4081,,-1.5260
42367,1916,-1.4171,,-1.5241,-1.4437,,-1.5522
42733,1917,-1.4041,,-1.5016,-1.4191,,-1.5244
43098,1918,-1.4084,,-1.4940,-1.4115,,-1.5080
43463,1919,-1.4157,,-1.5077,-1.4123,,-1.5123
43828,1920,-1.3862,,-1.4786,-1.3795,,-1.4881
44194,1921,-1.3398,,-1.4296,-1.3270,,-1.4365
44559,1922,-1.2753,,-1.3646,-1.2591,,-1.3713
44924,1923,-1.2511,,-1.3403,-1.2314,,-1.3505
45289,1924,-1.2597,,-1.3538,-1.2409,,-1.3654
45655,1925,-1.2345,,-1.3258,-1.2163,,-1.3402
46020,1926,-1.1755,,-1.2681,-1.1615,,-1.2893
46385,1927,-1.1664,,-1.2602,-1.1490,,-1.2801
46750,1928,-1.1472,,-1.2468,-1.1282,,-1.2708
47116,1929,-1.1808,,-1.2701,-1.1584,,-1.2945
47481,1930,-1.1919,,-1.2713,-1.1599,,-1.2862
47846,1931,-1.2328,,-1.3085,-1.1949,,-1.3241
48211,1932,-1.2067,,-1.2749,-1.1586,,-1.2927
48577,1933,-1.2450,,-1.3106,-1.1859,,-1.3246
48942,1934,-1.2747,,-1.3296,-1.2002,,-1.3424
49307,1935,-1.2906,,-1.3438,-1.2101,,-1.3648
49672,1936,-1.3227,,-1.3638,-1.2409,,-1.3860
50038,1937,-1.3280,,-1.3594,-1.2534,,-1.3842
50403,1938,-1.2873,,-1.3028,-1.2154,,-1.3339
50768,1939,-1.1977,,-1.2006,-1.1278,,-1.2439
51133,1940,-1.1626,,-1.1614,-1.1014,,-1.2081
51499,1941,-1.1336,,-1.1247,-1.0783,,-1.1734
51864,1942,-1.1421,,-1.1343,-1.1002,,-1.1825
52229,1943,-1.0574,,-1.0429,-1.0272,,-1.1004
52594,1944,-1.0097,,-0.9961,-0.9884,,-1.0521
52960,1945,-1.0081,,-1.0039,-0.9956,,-1.0483
53325,1946,-0.9929,,-0.9877,-0.9832,,-1.0322
53690,1947,-0.9686,,-0.9646,-0.9584,,-1.0106
54055,1948,-0.9434,,-0.9467,-0.9410,,-0.9876
54421,1949,-0.9758,,-0.9884,-0.9778,,-1.0201
54786,1950,-1.0229,,-1.0356,-1.0271,,-1.0679
55151,1951,-1.0069,,-1.0276,-1.0144,,-1.0566
55516,1952,-1.0529,,-1.0704,-1.0564,,-1.1003
55882,1953,-1.0491,,-1.0755,-1.0520,,-1.0975
56247,1954,-1.0949,,-1.1280,-1.0998,,-1.1490
56612,1955,-1.0852,,-1.1095,-1.0933,,-1.1384
56977,1956,-1.1077,,-1.1426,-1.1233,,-1.1673
57343,1957,-1.1426,,-1.1804,-1.1594,,-1.1996
57708,1958,-1.1938,,-1.2321,-1.2103,,-1.2496
58073,1959,-1.1677,,-1.2068,-1.1896,,-1.2270
58438,1960,-1.1471,,-1.1905,-1.1741,,-1.2059
58804,1961,-1.1382,,-1.1778,-1.1694,,-1.1948
59169,1962,-1.0600,,-1.1047,-1.0959,,-1.1224
59534,1963,-1.0535,,-1.0957,-1.0964,,-1.1122
59899,1964,-1.0669,,-1.1074,-1.1119,,-1.1168
60265,1965,-1.0758,,-1.1212,-1.1189,,-1.1253
60630,1966,-1.0633,,-1.1020,-1.1050,,-1.1112
60995,1967,-1.0104,,-1.0532,-1.0564,-1.0230,-1.0603
61360,1968,-1.0153,,-1.0580,-1.0631,-1.0350,-1.0631
61726,1969,-1.0985,,-1.1452,-1.1448,-1.1192,-1.1423
62091,1970,-1.0836,,-1.1291,-1.1321,-1.1042,-1.1262
62456,1971,-1.0894,,-1.1327,-1.1389,-1.1069,-1.1222
62821,1972,-1.1689,,-1.2083,-1.2158,-1.1768,-1.1924
63187,1973,-1.1693,,-1.2093,-1.2172,-1.1708,-1.1904
63552,1974,-1.1717,,-1.2079,-1.2181,-1.1761,-1.1910
63917,1975,-1.1141,,-1.1474,-1.1621,-1.1270,-1.1311
64282,1976,-1.1302,,-1.1665,-1.1782,-1.1503,-1.1418
64648,1977,-1.1415,,-1.1724,-1.1927,-1.1641,-1.1511
65013,1978,-1.0992,,-1.1309,-1.1537,-1.1256,-1.1104
65378,1979,-1.0281,,-1.0461,-1.0843,-1.0545,-1.0370
65743,1980,-0.9989,,-1.0184,-1.0544,-1.0252,-1.0078
66109,1981,-0.9552,,-0.9757,-1.0087,-0.9844,-0.9672
66474,1982,-0.8992,,-0.9185,-0.9526,-0.9333,-0.9079
66839,1983,-0.8771,,-0.8921,-0.9264,-0.9204,-0.8842
67204,1984,-0.8642,,-0.8783,-0.9116,-0.9091,-0.8685
67570,1985,-0.9071,,-0.9202,-0.9557,-0.9572,-0.9087
67935,1986,-0.8476,,-0.8580,-0.8984,-0.9018,-0.8516
68300,1987,-0.8563,,-0.8633,-0.9001,-0.9083,-0.8548
68665,1988,-0.8112,-0.8450,-0.8176,-0.8512,-0.8648,-0.8054
69031,1989,-0.7588,-0.7904,-0.7685,-0.7966,-0.8065,-0.7545
69396,1990,-0.6944,-0.7230,-0.6958,-0.7283,-0.7390,-0.6866
69761,1991,-0.6909,-0.7148,-0.6907,-0.7213,-0.7329,-0.6831
70126,1992,-0.6957,-0.7151,-0.6913,-0.7219,-0.7351,-0.6854
70492,1993,-0.7268,-0.7417,-0.7248,-0.7477,-0.7590,-0.7139
70857,1994,-0.6512,-0.6682,-0.6474,-0.6722,-0.6821,-0.6396
71222,1995,-0.5366,-0.5495,-0.5317,-0.5550,-0.5616,-0.5286
71587,1996,-0.5258,-0.5393,-0.5240,-0.5409,-0.5457,-0.5189
71953,1997,-0.4452,-0.4648,-0.4421,-0.4588,-0.4622,-0.4380
72318,1998,-0.4431,-0.4646,-0.4329,-0.4499,-0.4482,-0.4321
72683,1999,-0.4208,-0.4411,-0.4115,-0.4249,-0.4213,-0.4066
73048,2000,-0.4410,-0.4669,-0.4365,-0.4436,-0.4363,-0.4283
73414,2001,-0.4143,-0.4424,-0.4081,-0.4127,-0.4036,-0.3977
73779,2002,-0.3102,-0.3386,-0.3041,-0.3079,-0.2931,-0.2960
74144,2003,-0.2388,-0.2683,-0.2288,-0.2365,-0.2182,-0.2260
74509,2004,-0.1957,-0.2214,-0.1827,-0.1914,-0.1689,-0.1810
74875,2005,-0.1975,-0.2229,-0.1850,-0.1946,-0.1703,-0.1827
75240,2006,-0.1384,-0.1534,-0.1227,-0.1331,-0.1072,-0.1200
75605,2007,-0.0557,-0.0586,-0.0388,-0.0483,-0.0246,-0.0397
75970,2008,-0.0038,-0.0005,0.0101,0.0032,0.0198,0.0095
76336,2009,0.0068,0.0122,0.0193,0.0136,0.0251,0.0192
76701,2010,0.0419,0.0543,0.0530,0.0501,0.0553,0.0560
77066,2011,0.0629,0.0784,0.0688,0.0711,0.0755,0.0738
77431,2012,0.0362,0.0550,0.0370,0.0430,0.0461,0.0440
77797,2013,0.0561,0.0773,0.0573,0.0642,0.0664,0.0628
78162,2014,0.0657,0.0840,0.0600,0.0804,0.0720,0.0651
78527,2015,0.1179,0.1353,0.1124,0.1363,0.1210,0.1144
78892,2016,0.1916,0.2080,0.1809,0.2096,0.1902,0.1833
79258,2017,0.2031,0.2187,0.1879,0.2212,0.2006,0.1898
79623,2018,0.2128,0.2259,0.1958,0.2239,0.2078,0.1958
79988,2019,0.2902,0.3047,0.2751,0.2983,0.2812,0.2701
80353,2020,0.3991,0.4127,0.3835,0.3935,0.3810,0.3735
80719,2021,0.4425,0.4529,0.4350,0.4259,0.4124,0.4198
81084,2022,0.5370,0.5438,0.5273,0.5044,0.4975,0.5094
end data
