Conventions,G,BADC-CSV,1
title,G,Regional mean land and ocean temperature for WMO RA 5 South-West Pacific
last_revised_date,G,2023-08-28
date_valid,G,2023-08-28
feature_type,G,area average
creator,G,WMO
source,G,Produced by climind version 0.1
observation_station,G,derived data
location,G,90.,-180.,-90.,180.
rights,G,TBD
activity,G,WMO
comments,G,Format description https://help.ceda.ac.uk/article/105-badc-csv
history,wmo_ra_land_ocean_5_Berkeley_Earth,""Data set created from file ['Land_and_Ocean_LatLong1.nc'] downloaded from ['https://berkeley-earth-temperature.s3.us-west-1.amazonaws.com/Global/Gridded/Land_and_Ocean_LatLong1.nc'] at ['2023-08-07 17:34:59']""
history,wmo_ra_land_ocean_5_Berkeley_Earth,""Rebaselined to 1991-2020""
history,wmo_ra_land_ocean_5_Berkeley_Earth,""Calculated area-average""
history,wmo_ra_land_ocean_5_Berkeley_Earth,""Calculated annual average from monthly averages using arithmetic mean""
history,wmo_ra_land_ocean_5_Berkeley_Earth,""Selected years within the range 1900 to 2022.""
history,wmo_ra_land_ocean_5_Berkeley_Earth,""Wrote to file wmo_ra_land_ocean_5_Berkeley Earth.csv""
history,wmo_ra_land_ocean_5_Berkeley_Earth,"Data set created from file ['wmo_ra_land_ocean_5_Berkeley Earth.csv'] downloaded from [''] at ['2023-08-09 11:00:00']"
history,wmo_ra_land_ocean_5_Berkeley_Earth,"Calculated 10-year moving average"
reference,wmo_ra_land_ocean_5_Berkeley_Earth,"Rohde, R. A. and Hausfather, Z.: The Berkeley Earth Land/Ocean Temperature Record, Earth Syst. Sci. Data, 12, 3469-3479, https://doi.org/10.5194/essd-12-3469-2020, 2020"
comments,wmo_ra_land_ocean_5_Berkeley_Earth,"Original data acknowledgement: "
history,wmo_ra_land_ocean_5_ERA5,""Gridded dataset created from file ['era5_2m_tas_2023.nc'] downloaded from ['']""
history,wmo_ra_land_ocean_5_ERA5,""Regridded to 1 degree latitude-longitude resolution""
history,wmo_ra_land_ocean_5_ERA5,""Rebaselined to 1991-2020""
history,wmo_ra_land_ocean_5_ERA5,""Calculated area-average""
history,wmo_ra_land_ocean_5_ERA5,""Calculated annual average from monthly averages using arithmetic mean""
history,wmo_ra_land_ocean_5_ERA5,""Selected years within the range 1900 to 2022.""
history,wmo_ra_land_ocean_5_ERA5,""Wrote to file wmo_ra_land_ocean_5_ERA5.csv""
history,wmo_ra_land_ocean_5_ERA5,"Data set created from file ['wmo_ra_land_ocean_5_ERA5.csv'] downloaded from [''] at ['2023-08-09 11:00:38']"
history,wmo_ra_land_ocean_5_ERA5,"Calculated 10-year moving average"
reference,wmo_ra_land_ocean_5_ERA5,"Hersbach H, Bell B, Berrisford P et al. 2020. The ERA5 global reanalysis. Q. J. R. Meteorol. Soc. 146: 1999-2049. https://doi.org/10.1002/qj.3803"
comments,wmo_ra_land_ocean_5_ERA5,"Original data acknowledgement: "
history,wmo_ra_land_ocean_5_GISTEMP,""Data set created from file ['gistemp1200_GHCNv4_ERSSTv5.nc.gz'] downloaded from ['https://data.giss.nasa.gov/pub/gistemp/gistemp1200_GHCNv4_ERSSTv5.nc.gz'] at ['2023-08-07 16:14:33']""
history,wmo_ra_land_ocean_5_GISTEMP,""Regridded to 1 degree latitude-longitude resolution""
history,wmo_ra_land_ocean_5_GISTEMP,""Rebaselined to 1991-2020""
history,wmo_ra_land_ocean_5_GISTEMP,""Calculated area-average""
history,wmo_ra_land_ocean_5_GISTEMP,""Calculated annual average from monthly averages using arithmetic mean""
history,wmo_ra_land_ocean_5_GISTEMP,""Selected years within the range 1900 to 2022.""
history,wmo_ra_land_ocean_5_GISTEMP,""Wrote to file wmo_ra_land_ocean_5_GISTEMP.csv""
history,wmo_ra_land_ocean_5_GISTEMP,"Data set created from file ['wmo_ra_land_ocean_5_GISTEMP.csv'] downloaded from [''] at ['2023-08-09 11:01:02']"
history,wmo_ra_land_ocean_5_GISTEMP,"Calculated 10-year moving average"
reference,wmo_ra_land_ocean_5_GISTEMP,"Lenssen, N., G. Schmidt, J. Hansen, M. Menne, A. Persin, R. Ruedy, and D. Zyss, 2019: Improvements in the GISTEMP uncertainty model. J. Geophys. Res. Atmos., 124, no. 12, 6307-6326, doi:10.1029/2018JD029522"
comments,wmo_ra_land_ocean_5_GISTEMP,"Original data acknowledgement: "
history,wmo_ra_land_ocean_5_HadCRUT5,""Data set created from file ['HadCRUT.5.0.1.0.analysis.anomalies.ensemble_mean.nc'] downloaded from ['https://www.metoffice.gov.uk/hadobs/hadcrut5/data/current/analysis/HadCRUT.5.0.1.0.analysis.anomalies.ensemble_mean.nc'] at ['2023-08-07 16:14:34']""
history,wmo_ra_land_ocean_5_HadCRUT5,""Regridded to 1 degree latitude-longitude resolution""
history,wmo_ra_land_ocean_5_HadCRUT5,""Rebaselined to 1991-2020""
history,wmo_ra_land_ocean_5_HadCRUT5,""Calculated area-average""
history,wmo_ra_land_ocean_5_HadCRUT5,""Calculated annual average from monthly averages using arithmetic mean""
history,wmo_ra_land_ocean_5_HadCRUT5,""Selected years within the range 1900 to 2022.""
history,wmo_ra_land_ocean_5_HadCRUT5,""Wrote to file wmo_ra_land_ocean_5_HadCRUT5.csv""
history,wmo_ra_land_ocean_5_HadCRUT5,"Data set created from file ['wmo_ra_land_ocean_5_HadCRUT5.csv'] downloaded from [''] at ['2023-08-09 11:01:45']"
history,wmo_ra_land_ocean_5_HadCRUT5,"Calculated 10-year moving average"
reference,wmo_ra_land_ocean_5_HadCRUT5,"Morice, C. P., Kennedy, J. J., Rayner, N. A., Winn, J. P., Hogan, E., Killick, R. E., et al. (2021). An updated assessment of near-surface temperature change from 1850: the HadCRUT5 data set. Journal of Geophysical Research: Atmospheres, 126, e2019JD032361. https://doi.org/10.1029/2019JD032361"
comments,wmo_ra_land_ocean_5_HadCRUT5,"Original data acknowledgement: HadCRUT.5.0.1.0 data were obtained from http://www.metoffice.gov.uk/hadobs/hadcrut5 on 2023-08-07 16:14:34 and are © British Crown Copyright, Met Office 2023, provided under an Open Government License, http://www.nationalarchives.gov.uk/doc/open-government-licence/version/3/"
history,wmo_ra_land_ocean_5_JRA-55,""Data set created from file ['anl_surf125.011_tmp.202301_202312', 'anl_surf125.2023MMMM'] downloaded from ['', ''] at ['2023-08-07 16:16:00']""
history,wmo_ra_land_ocean_5_JRA-55,""Regridded to 1 degree latitude-longitude resolution""
history,wmo_ra_land_ocean_5_JRA-55,""Rebaselined to 1991-2020""
history,wmo_ra_land_ocean_5_JRA-55,""Calculated area-average""
history,wmo_ra_land_ocean_5_JRA-55,""Calculated annual average from monthly averages using arithmetic mean""
history,wmo_ra_land_ocean_5_JRA-55,""Selected years within the range 1900 to 2022.""
history,wmo_ra_land_ocean_5_JRA-55,""Wrote to file wmo_ra_land_ocean_5_JRA-55.csv""
history,wmo_ra_land_ocean_5_JRA-55,"Data set created from file ['wmo_ra_land_ocean_5_JRA-55.csv'] downloaded from [''] at ['2023-08-09 11:02:26']"
history,wmo_ra_land_ocean_5_JRA-55,"Calculated 10-year moving average"
reference,wmo_ra_land_ocean_5_JRA-55,"Kobayashi, S., Ota, Y., Harada, Y., Ebita, A., Moriya, M., Onoda, H., Onogi, K., Kamahori, H., Kobayashi, C., Endo, H. and Miyaoka, K., (2015). The JRA-55 reanalysis: General specifications and basic characteristics. Journal of the Meteorological Society of Japan. Ser. II, 93(1), pp.5-48."
comments,wmo_ra_land_ocean_5_JRA-55,"Original data acknowledgement: "
history,wmo_ra_land_ocean_5_NOAAGlobalTemp,""Data set created from file ['NOAAGlobalTemp_v*.nc'] downloaded from ['https://www.ncei.noaa.gov/data/noaa-global-surface-temperature/v5/access/gridded/NOAAGlobalTemp_v.*.nc'] at ['2023-08-07 16:18:17']""
history,wmo_ra_land_ocean_5_NOAAGlobalTemp,""Data set created from file ['NOAAGlobalTemp_v*.nc'] downloaded from ['https://www.ncei.noaa.gov/data/noaa-global-surface-temperature/v5/access/gridded/NOAAGlobalTemp_v.*.nc'] at ['2023-08-07 16:18:17']""
history,wmo_ra_land_ocean_5_NOAAGlobalTemp,""Regridded to 1 degree latitude-longitude resolution""
history,wmo_ra_land_ocean_5_NOAAGlobalTemp,""Rebaselined to 1991-2020""
history,wmo_ra_land_ocean_5_NOAAGlobalTemp,""Calculated area-average""
history,wmo_ra_land_ocean_5_NOAAGlobalTemp,""Calculated annual average from monthly averages using arithmetic mean""
history,wmo_ra_land_ocean_5_NOAAGlobalTemp,""Selected years within the range 1900 to 2022.""
history,wmo_ra_land_ocean_5_NOAAGlobalTemp,""Wrote to file wmo_ra_land_ocean_5_NOAAGlobalTemp.csv""
history,wmo_ra_land_ocean_5_NOAAGlobalTemp,"Data set created from file ['wmo_ra_land_ocean_5_NOAAGlobalTemp.csv'] downloaded from [''] at ['2023-08-09 12:23:42']"
history,wmo_ra_land_ocean_5_NOAAGlobalTemp,"Calculated 10-year moving average"
reference,wmo_ra_land_ocean_5_NOAAGlobalTemp,"Huang, B., M. J. Menne, T. Boyer, E. Freeman, B. E. Gleason, J. H. Lawrimore, C. Liu, J. J. Rennie, C. Schreck, F. Sun, R. Vose, C. N. Williams, X. Yin, H.-M. Zhang, 2020: Uncertainty estimates for sea surface temperature and land surface air temperature in NOAAGlobalTemp version 5. , J. Climate, 33, 1351-1379, DOI: 10.1175/JCLI-D-19-0395.1"
reference,wmo_ra_land_ocean_5_NOAAGlobalTemp,"Zhang, Huai-Min, Jay H. Lawrimore, Boyin Huang, Matthew J. Menne, Xungang Yin, Ahira Sȧnchez-Lugo, Byron E. Gleason, Russell Vose, Derek Arndt, J. Jared Rennie, and Claude N. Williams. (2019) Updated Temperature Data Give a Sharper View of Climate Trends. Eos, 100, https://doi.org/10.1029/2019EO128229"
comments,wmo_ra_land_ocean_5_NOAAGlobalTemp,"Original data acknowledgement: "
long_name,time,time,days since 1800-01-01 00:00:00.0
type,time,int
long_name,year,year,1
type,year,int
long_name,wmo_ra_land_ocean_5_Berkeley_Earth,wmo_ra_land_ocean_5,degC
type,wmo_ra_land_ocean_5_Berkeley_Earth,float
long_name,wmo_ra_land_ocean_5_ERA5,wmo_ra_land_ocean_5,degC
type,wmo_ra_land_ocean_5_ERA5,float
long_name,wmo_ra_land_ocean_5_GISTEMP,wmo_ra_land_ocean_5,degC
type,wmo_ra_land_ocean_5_GISTEMP,float
long_name,wmo_ra_land_ocean_5_HadCRUT5,wmo_ra_land_ocean_5,degC
type,wmo_ra_land_ocean_5_HadCRUT5,float
long_name,wmo_ra_land_ocean_5_JRA-55,wmo_ra_land_ocean_5,degC
type,wmo_ra_land_ocean_5_JRA-55,float
long_name,wmo_ra_land_ocean_5_NOAAGlobalTemp,wmo_ra_land_ocean_5,degC
type,wmo_ra_land_ocean_5_NOAAGlobalTemp,float
coordinate_variable,time,t
data
time,year,wmo_ra_land_ocean_5_Berkeley_Earth,wmo_ra_land_ocean_5_ERA5,wmo_ra_land_ocean_5_GISTEMP,wmo_ra_land_ocean_5_HadCRUT5,wmo_ra_land_ocean_5_JRA-55,wmo_ra_land_ocean_5_NOAAGlobalTemp
36524,1900,,,,,,
36889,1901,,,,,,
37254,1902,,,,,,
37619,1903,,,,,,
37984,1904,,,,,,
38350,1905,,,,,,
38715,1906,,,,,,
39080,1907,,,,,,
39445,1908,,,,,,
39811,1909,-0.7796,,-0.7076,-0.8079,,-0.7262
40176,1910,-0.8206,,-0.7529,-0.8473,,-0.7662
40541,1911,-0.8530,,-0.7886,-0.8744,,-0.7964
40906,1912,-0.8492,,-0.7918,-0.8702,,-0.7963
41272,1913,-0.8500,,-0.7945,-0.8721,,-0.8018
41637,1914,-0.8199,,-0.7613,-0.8480,,-0.7709
42002,1915,-0.7955,,-0.7401,-0.8257,,-0.7499
42367,1916,-0.7989,,-0.7505,-0.8320,,-0.7579
42733,1917,-0.8249,,-0.7743,-0.8436,,-0.7724
43098,1918,-0.8024,,-0.7497,-0.8322,,-0.7560
43463,1919,-0.7875,,-0.7326,-0.8194,,-0.7479
43828,1920,-0.7626,,-0.7095,-0.7979,,-0.7339
44194,1921,-0.7288,,-0.6824,-0.7661,,-0.7039
44559,1922,-0.7163,,-0.6817,-0.7580,,-0.7012
44924,1923,-0.6999,,-0.6725,-0.7396,,-0.6909
45289,1924,-0.6996,,-0.6831,-0.7385,,-0.6996
45655,1925,-0.7162,,-0.7063,-0.7554,,-0.7202
46020,1926,-0.7026,,-0.6967,-0.7385,,-0.7154
46385,1927,-0.6675,,-0.6701,-0.7106,,-0.6982
46750,1928,-0.6578,,-0.6688,-0.6862,,-0.6875
47116,1929,-0.6520,,-0.6734,-0.6820,,-0.6869
47481,1930,-0.6521,,-0.6771,-0.6773,,-0.6869
47846,1931,-0.6500,,-0.6774,-0.6716,,-0.6888
48211,1932,-0.6585,,-0.6868,-0.6691,,-0.6992
48577,1933,-0.6740,,-0.7006,-0.6739,,-0.7143
48942,1934,-0.6776,,-0.7052,-0.6730,,-0.7186
49307,1935,-0.6745,,-0.7006,-0.6599,,-0.7143
49672,1936,-0.6803,,-0.7038,-0.6628,,-0.7174
50038,1937,-0.6718,,-0.6960,-0.6507,,-0.7110
50403,1938,-0.6632,,-0.6903,-0.6391,,-0.7058
50768,1939,-0.6512,,-0.6779,-0.6258,,-0.6966
51133,1940,-0.6356,,-0.6462,-0.6041,,-0.6705
51499,1941,-0.6261,,-0.6083,-0.5908,,-0.6317
51864,1942,-0.5959,,-0.5700,-0.5668,,-0.5941
52229,1943,-0.5461,,-0.5297,-0.5352,,-0.5513
52594,1944,-0.5096,,-0.4898,-0.5020,,-0.5099
52960,1945,-0.4787,,-0.4509,-0.4710,,-0.4703
53325,1946,-0.4805,,-0.4409,-0.4709,,-0.4572
53690,1947,-0.4815,,-0.4325,-0.4786,,-0.4515
54055,1948,-0.4958,,-0.4414,-0.4935,,-0.4604
54421,1949,-0.5035,,-0.4458,-0.4993,,-0.4643
54786,1950,-0.5158,,-0.4712,-0.5144,,-0.4832
55151,1951,-0.5143,,-0.5037,-0.5215,,-0.5148
55516,1952,-0.5155,,-0.5158,-0.5200,,-0.5279
55882,1953,-0.5255,,-0.5259,-0.5200,,-0.5379
56247,1954,-0.5409,,-0.5547,-0.5337,,-0.5670
56612,1955,-0.5712,,-0.5967,-0.5682,,-0.6091
56977,1956,-0.5717,,-0.6070,-0.5725,,-0.6207
57343,1957,-0.5532,,-0.5923,-0.5535,,-0.6016
57708,1958,-0.5266,,-0.5607,-0.5321,,-0.5694
58073,1959,-0.4963,,-0.5306,-0.5054,,-0.5351
58438,1960,-0.4817,,-0.5162,-0.4990,,-0.5195
58804,1961,-0.4761,,-0.5048,-0.4917,,-0.5083
59169,1962,-0.4863,,-0.5021,-0.5026,,-0.5024
59534,1963,-0.4899,,-0.4925,-0.5047,,-0.4941
59899,1964,-0.4978,,-0.4836,-0.5134,,-0.4855
60265,1965,-0.4905,,-0.4681,-0.5092,,-0.4696
60630,1966,-0.4805,,-0.4539,-0.4995,,-0.4556
60995,1967,-0.4929,,-0.4648,-0.5131,-0.3411,-0.4671
61360,1968,-0.5042,,-0.4766,-0.5245,-0.3508,-0.4774
61726,1969,-0.4941,,-0.4619,-0.5155,-0.3415,-0.4633
62091,1970,-0.4885,,-0.4523,-0.5060,-0.3242,-0.4545
62456,1971,-0.5052,,-0.4642,-0.5218,-0.3335,-0.4660
62821,1972,-0.4984,,-0.4578,-0.5153,-0.3178,-0.4608
63187,1973,-0.4893,,-0.4473,-0.5020,-0.2999,-0.4497
63552,1974,-0.4848,,-0.4467,-0.4955,-0.3016,-0.4486
63917,1975,-0.4822,,-0.4445,-0.4871,-0.2953,-0.4464
64282,1976,-0.4842,,-0.4448,-0.4872,-0.2976,-0.4486
64648,1977,-0.4591,,-0.4253,-0.4616,-0.2781,-0.4293
65013,1978,-0.4449,,-0.4150,-0.4433,-0.2676,-0.4191
65378,1979,-0.4372,,-0.4146,-0.4324,-0.2597,-0.4184
65743,1980,-0.4143,,-0.3980,-0.4089,-0.2467,-0.4029
66109,1981,-0.3793,,-0.3656,-0.3712,-0.2184,-0.3711
66474,1982,-0.3659,,-0.3545,-0.3598,-0.2208,-0.3597
66839,1983,-0.3564,,-0.3440,-0.3507,-0.2110,-0.3500
67204,1984,-0.3369,,-0.3190,-0.3298,-0.1888,-0.3247
67570,1985,-0.3115,,-0.2928,-0.3040,-0.1664,-0.2971
67935,1986,-0.2822,,-0.2674,-0.2725,-0.1420,-0.2680
68300,1987,-0.2720,,-0.2507,-0.2554,-0.1287,-0.2497
68665,1988,-0.2460,-0.2187,-0.2206,-0.2294,-0.1033,-0.2192
69031,1989,-0.2456,-0.2264,-0.2184,-0.2286,-0.1104,-0.2173
69396,1990,-0.2362,-0.2182,-0.2076,-0.2199,-0.1091,-0.2065
69761,1991,-0.2199,-0.2021,-0.1952,-0.2063,-0.1023,-0.1951
70126,1992,-0.2076,-0.1956,-0.1863,-0.1940,-0.1053,-0.1868
70492,1993,-0.2037,-0.2046,-0.1920,-0.1963,-0.1165,-0.1923
70857,1994,-0.1897,-0.1947,-0.1850,-0.1852,-0.1063,-0.1864
71222,1995,-0.1738,-0.1815,-0.1716,-0.1746,-0.0934,-0.1735
71587,1996,-0.1584,-0.1688,-0.1575,-0.1612,-0.0793,-0.1596
71953,1997,-0.1467,-0.1638,-0.1524,-0.1557,-0.0775,-0.1535
72318,1998,-0.1406,-0.1562,-0.1524,-0.1494,-0.0802,-0.1523
72683,1999,-0.1415,-0.1559,-0.1562,-0.1517,-0.0862,-0.1532
73048,2000,-0.1541,-0.1672,-0.1708,-0.1637,-0.0970,-0.1654
73414,2001,-0.1478,-0.1650,-0.1615,-0.1553,-0.0955,-0.1531
73779,2002,-0.1186,-0.1316,-0.1306,-0.1258,-0.0608,-0.1214
74144,2003,-0.0904,-0.1024,-0.0979,-0.0972,-0.0413,-0.0874
74509,2004,-0.0697,-0.0803,-0.0750,-0.0771,-0.0389,-0.0639
74875,2005,-0.0495,-0.0596,-0.0553,-0.0566,-0.0320,-0.0449
75240,2006,-0.0473,-0.0538,-0.0509,-0.0522,-0.0356,-0.0418
75605,2007,-0.0493,-0.0485,-0.0484,-0.0516,-0.0391,-0.0414
75970,2008,-0.0660,-0.0687,-0.0618,-0.0703,-0.0578,-0.0559
76336,2009,-0.0355,-0.0385,-0.0285,-0.0407,-0.0323,-0.0259
76701,2010,-0.0071,-0.0095,0.0019,-0.0126,-0.0134,0.0023
77066,2011,-0.0158,-0.0158,-0.0083,-0.0239,-0.0256,-0.0097
77431,2012,-0.0273,-0.0279,-0.0219,-0.0319,-0.0434,-0.0237
77797,2013,-0.0174,-0.0166,-0.0136,-0.0164,-0.0374,-0.0161
78162,2014,-0.0028,0.0005,0.0014,0.0014,-0.0251,-0.0011
78527,2015,0.0159,0.0158,0.0212,0.0226,-0.0137,0.0182
78892,2016,0.0506,0.0516,0.0579,0.0588,0.0125,0.0536
79258,2017,0.0800,0.0829,0.0857,0.0907,0.0337,0.0817
79623,2018,0.1201,0.1255,0.1255,0.1335,0.0681,0.1209
79988,2019,0.1411,0.1545,0.1477,0.1555,0.0904,0.1416
80353,2020,0.1613,0.1767,0.1689,0.1761,0.1104,0.1616
80719,2021,0.1841,0.2060,0.1921,0.2007,0.1304,0.1837
81084,2022,0.1998,0.2246,0.2095,0.2152,0.1434,0.2008
end data
