Conventions,G,BADC-CSV,1
title,G,Regional mean land and ocean temperature for WMO RA 5 South-West Pacific
last_revised_date,G,2023-08-28
date_valid,G,2023-08-28
feature_type,G,area average
creator,G,WMO
source,G,Produced by climind version 0.1
observation_station,G,derived data
location,G,90.,-180.,-90.,180.
activity,G,WMO
history,G,""Data set created from file ['anl_surf125.011_tmp.202301_202312', 'anl_surf125.2023MMMM'] downloaded from ['', ''] at ['2023-08-07 16:16:00']""
history,G,""Regridded to 1 degree latitude-longitude resolution""
history,G,""Rebaselined to 1991-2020""
history,G,""Calculated area-average""
history,G,""Calculated annual average from monthly averages using arithmetic mean""
history,G,""Selected years within the range 1900 to 2022.""
history,G,""Wrote to file wmo_ra_land_ocean_5_JRA-55.csv""
history,G,"Data set created from file ['wmo_ra_land_ocean_5_JRA-55.csv'] downloaded from [''] at ['2023-08-09 11:02:26']"
history,G,"Calculated 10-year moving average"
reference,G,"Kobayashi, S., Ota, Y., Harada, Y., Ebita, A., Moriya, M., Onoda, H., Onogi, K., Kamahori, H., Kobayashi, C., Endo, H. and Miyaoka, K., (2015). The JRA-55 reanalysis: General specifications and basic characteristics. Journal of the Meteorological Society of Japan. Ser. II, 93(1), pp.5-48."
rights,G,TBD
comments,G,Data produced by climind version 0.1
comments,G,Format description https://help.ceda.ac.uk/article/105-badc-csv
comments,G,"Original data acknowledgement: "
long_name,time,time,days since 1800-01-01 00:00:00.0
type,time,int
long_name,year,year,1
type,year,int
long_name,data,wmo_ra_land_ocean_5,degC
type,data,float
coordinate_variable,time,t
data
time,year,data
57708,1958,
58073,1959,
58438,1960,
58804,1961,
59169,1962,
59534,1963,
59899,1964,
60265,1965,
60630,1966,
60995,1967,-0.3411
61360,1968,-0.3508
61726,1969,-0.3415
62091,1970,-0.3242
62456,1971,-0.3335
62821,1972,-0.3178
63187,1973,-0.2999
63552,1974,-0.3016
63917,1975,-0.2953
64282,1976,-0.2976
64648,1977,-0.2781
65013,1978,-0.2676
65378,1979,-0.2597
65743,1980,-0.2467
66109,1981,-0.2184
66474,1982,-0.2208
66839,1983,-0.2110
67204,1984,-0.1888
67570,1985,-0.1664
67935,1986,-0.1420
68300,1987,-0.1287
68665,1988,-0.1033
69031,1989,-0.1104
69396,1990,-0.1091
69761,1991,-0.1023
70126,1992,-0.1053
70492,1993,-0.1165
70857,1994,-0.1063
71222,1995,-0.0934
71587,1996,-0.0793
71953,1997,-0.0775
72318,1998,-0.0802
72683,1999,-0.0862
73048,2000,-0.0970
73414,2001,-0.0955
73779,2002,-0.0608
74144,2003,-0.0413
74509,2004,-0.0389
74875,2005,-0.0320
75240,2006,-0.0356
75605,2007,-0.0391
75970,2008,-0.0578
76336,2009,-0.0323
76701,2010,-0.0134
77066,2011,-0.0256
77431,2012,-0.0434
77797,2013,-0.0374
78162,2014,-0.0251
78527,2015,-0.0137
78892,2016,0.0125
79258,2017,0.0337
79623,2018,0.0681
79988,2019,0.0904
80353,2020,0.1104
80719,2021,0.1304
81084,2022,0.1434
end data
