Conventions,G,BADC-CSV,1
title,G,Regional mean land and ocean temperature for WMO RA 5 South-West Pacific
last_revised_date,G,2023-08-28
date_valid,G,2023-08-28
feature_type,G,area average
creator,G,WMO
source,G,Produced by climind version 0.1
observation_station,G,derived data
location,G,90.,-180.,-90.,180.
activity,G,WMO
history,G,""Data set created from file ['NOAAGlobalTemp_v*.nc'] downloaded from ['https://www.ncei.noaa.gov/data/noaa-global-surface-temperature/v5/access/gridded/NOAAGlobalTemp_v.*.nc'] at ['2023-08-07 16:18:17']""
history,G,""Data set created from file ['NOAAGlobalTemp_v*.nc'] downloaded from ['https://www.ncei.noaa.gov/data/noaa-global-surface-temperature/v5/access/gridded/NOAAGlobalTemp_v.*.nc'] at ['2023-08-07 16:18:17']""
history,G,""Regridded to 1 degree latitude-longitude resolution""
history,G,""Rebaselined to 1991-2020""
history,G,""Calculated area-average""
history,G,""Calculated annual average from monthly averages using arithmetic mean""
history,G,""Selected years within the range 1900 to 2022.""
history,G,""Wrote to file wmo_ra_land_ocean_5_NOAAGlobalTemp.csv""
history,G,"Data set created from file ['wmo_ra_land_ocean_5_NOAAGlobalTemp.csv'] downloaded from [''] at ['2023-08-09 12:23:42']"
history,G,"Calculated 10-year moving average"
reference,G,"Huang, B., M. J. Menne, T. Boyer, E. Freeman, B. E. Gleason, J. H. Lawrimore, C. Liu, J. J. Rennie, C. Schreck, F. Sun, R. Vose, C. N. Williams, X. Yin, H.-M. Zhang, 2020: Uncertainty estimates for sea surface temperature and land surface air temperature in NOAAGlobalTemp version 5. , J. Climate, 33, 1351-1379, DOI: 10.1175/JCLI-D-19-0395.1"
reference,G,"Zhang, Huai-Min, Jay H. Lawrimore, Boyin Huang, Matthew J. Menne, Xungang Yin, Ahira Sȧnchez-Lugo, Byron E. Gleason, Russell Vose, Derek Arndt, J. Jared Rennie, and Claude N. Williams. (2019) Updated Temperature Data Give a Sharper View of Climate Trends. Eos, 100, https://doi.org/10.1029/2019EO128229"
rights,G,TBD
comments,G,Data produced by climind version 0.1
comments,G,Format description https://help.ceda.ac.uk/article/105-badc-csv
comments,G,"Original data acknowledgement: "
long_name,time,time,days since 1800-01-01 00:00:00.0
type,time,int
long_name,year,year,1
type,year,int
long_name,data,wmo_ra_land_ocean_5,degC
type,data,float
coordinate_variable,time,t
data
time,year,data
36524,1900,
36889,1901,
37254,1902,
37619,1903,
37984,1904,
38350,1905,
38715,1906,
39080,1907,
39445,1908,
39811,1909,-0.7262
40176,1910,-0.7662
40541,1911,-0.7964
40906,1912,-0.7963
41272,1913,-0.8018
41637,1914,-0.7709
42002,1915,-0.7499
42367,1916,-0.7579
42733,1917,-0.7724
43098,1918,-0.7560
43463,1919,-0.7479
43828,1920,-0.7339
44194,1921,-0.7039
44559,1922,-0.7012
44924,1923,-0.6909
45289,1924,-0.6996
45655,1925,-0.7202
46020,1926,-0.7154
46385,1927,-0.6982
46750,1928,-0.6875
47116,1929,-0.6869
47481,1930,-0.6869
47846,1931,-0.6888
48211,1932,-0.6992
48577,1933,-0.7143
48942,1934,-0.7186
49307,1935,-0.7143
49672,1936,-0.7174
50038,1937,-0.7110
50403,1938,-0.7058
50768,1939,-0.6966
51133,1940,-0.6705
51499,1941,-0.6317
51864,1942,-0.5941
52229,1943,-0.5513
52594,1944,-0.5099
52960,1945,-0.4703
53325,1946,-0.4572
53690,1947,-0.4515
54055,1948,-0.4604
54421,1949,-0.4643
54786,1950,-0.4832
55151,1951,-0.5148
55516,1952,-0.5279
55882,1953,-0.5379
56247,1954,-0.5670
56612,1955,-0.6091
56977,1956,-0.6207
57343,1957,-0.6016
57708,1958,-0.5694
58073,1959,-0.5351
58438,1960,-0.5195
58804,1961,-0.5083
59169,1962,-0.5024
59534,1963,-0.4941
59899,1964,-0.4855
60265,1965,-0.4696
60630,1966,-0.4556
60995,1967,-0.4671
61360,1968,-0.4774
61726,1969,-0.4633
62091,1970,-0.4545
62456,1971,-0.4660
62821,1972,-0.4608
63187,1973,-0.4497
63552,1974,-0.4486
63917,1975,-0.4464
64282,1976,-0.4486
64648,1977,-0.4293
65013,1978,-0.4191
65378,1979,-0.4184
65743,1980,-0.4029
66109,1981,-0.3711
66474,1982,-0.3597
66839,1983,-0.3500
67204,1984,-0.3247
67570,1985,-0.2971
67935,1986,-0.2680
68300,1987,-0.2497
68665,1988,-0.2192
69031,1989,-0.2173
69396,1990,-0.2065
69761,1991,-0.1951
70126,1992,-0.1868
70492,1993,-0.1923
70857,1994,-0.1864
71222,1995,-0.1735
71587,1996,-0.1596
71953,1997,-0.1535
72318,1998,-0.1523
72683,1999,-0.1532
73048,2000,-0.1654
73414,2001,-0.1531
73779,2002,-0.1214
74144,2003,-0.0874
74509,2004,-0.0639
74875,2005,-0.0449
75240,2006,-0.0418
75605,2007,-0.0414
75970,2008,-0.0559
76336,2009,-0.0259
76701,2010,0.0023
77066,2011,-0.0097
77431,2012,-0.0237
77797,2013,-0.0161
78162,2014,-0.0011
78527,2015,0.0182
78892,2016,0.0536
79258,2017,0.0817
79623,2018,0.1209
79988,2019,0.1416
80353,2020,0.1616
80719,2021,0.1837
81084,2022,0.2008
end data
