Conventions,G,BADC-CSV,1
title,G,Regional mean temperature for WMO RA 3 South America
last_revised_date,G,2024-01-18
date_valid,G,2024-01-18
feature_type,G,area average
creator,G,WMO
source,G,Produced by climind version 1.0
observation_station,G,derived data
location,G,90.,-180.,-90.,180.
activity,G,WMO
history,G,""Data set created from file ['HadCRUT.5.0.2.0.analysis.anomalies.ensemble_mean.nc'] downloaded from ['https://www.metoffice.gov.uk/hadobs/hadcrut5/data/HadCRUT.5.0.2.0/analysis/HadCRUT.5.0.2.0.analysis.anomalies.ensemble_mean.nc'] at ['2024-01-15 11:56:27']""
history,G,""Regridded to 1 degree latitude-longitude resolution""
history,G,""Rebaselined to 1991-2020""
history,G,""Calculated area-average""
history,G,""Calculated annual average from monthly averages using arithmetic mean""
history,G,""Selected years within the range 1900 to 2023.""
history,G,""Wrote to file wmo_ra_3_HadCRUT5.csv""
history,G,"Data set created from file ['wmo_ra_3_HadCRUT5.csv'] downloaded from [''] at ['2024-01-17 11:07:34']"
reference,G,"Morice, C. P., Kennedy, J. J., Rayner, N. A., Winn, J. P., Hogan, E., Killick, R. E., et al. (2021). An updated assessment of near-surface temperature change from 1850: the HadCRUT5 data set. Journal of Geophysical Research: Atmospheres, 126, e2019JD032361. https://doi.org/10.1029/2019JD032361"
rights,G,TBD
comments,G,Data produced by climind version 1.0
comments,G,Format description https://help.ceda.ac.uk/article/105-badc-csv
comments,G,"Original data acknowledgement: HadCRUT.5.0.2.0 data were obtained from http://www.metoffice.gov.uk/hadobs/hadcrut5 on 2024-01-15 11:56:27 and are © British Crown Copyright, Met Office 2024, provided under an Open Government License, http://www.nationalarchives.gov.uk/doc/open-government-licence/version/3/"
long_name,time,time,days since 1800-01-01 00:00:00.0
type,time,int
long_name,year,year,1
type,year,int
long_name,data,wmo_ra_3,degC
type,data,float
coordinate_variable,time,t
data
time,year,data
36524,1900,-0.4803
36889,1901,-0.3938
37254,1902,-0.4504
37619,1903,-0.6671
37984,1904,-0.8548
38350,1905,-0.6322
38715,1906,-0.6625
39080,1907,-0.9544
39445,1908,-0.8505
39811,1909,-0.8037
40176,1910,-0.9057
40541,1911,-0.9999
40906,1912,-0.6532
41272,1913,-0.5448
41637,1914,-0.3590
42002,1915,-0.2294
42367,1916,-0.8141
42733,1917,-1.1665
43098,1918,-0.9381
43463,1919,-0.5257
43828,1920,-0.8402
44194,1921,-1.0729
44559,1922,-1.0393
44924,1923,-1.0942
45289,1924,-1.0056
45655,1925,-0.8156
46020,1926,-0.5011
46385,1927,-0.7869
46750,1928,-0.7628
47116,1929,-0.8788
47481,1930,-0.6485
47846,1931,-0.7573
48211,1932,-0.5621
48577,1933,-0.9136
48942,1934,-0.9899
49307,1935,-0.8071
49672,1936,-0.6267
50038,1937,-0.6266
50403,1938,-0.7810
50768,1939,-0.6536
51133,1940,-0.4600
51499,1941,-0.4364
51864,1942,-0.7254
52229,1943,-0.8128
52594,1944,-0.4681
52960,1945,-0.5818
53325,1946,-0.7002
53690,1947,-0.7597
54055,1948,-0.7430
54421,1949,-0.8638
54786,1950,-0.8816
55151,1951,-0.7123
55516,1952,-0.6258
55882,1953,-0.4612
56247,1954,-0.6810
56612,1955,-0.8459
56977,1956,-1.0985
57343,1957,-0.6567
57708,1958,-0.2772
58073,1959,-0.5245
58438,1960,-0.6001
58804,1961,-0.3364
59169,1962,-0.5502
59534,1963,-0.3037
59899,1964,-0.6741
60265,1965,-0.4045
60630,1966,-0.4494
60995,1967,-0.4625
61360,1968,-0.6663
61726,1969,-0.1442
62091,1970,-0.3650
62456,1971,-0.8944
62821,1972,-0.4852
63187,1973,-0.4785
63552,1974,-0.9200
63917,1975,-0.7830
64282,1976,-0.8815
64648,1977,-0.3674
65013,1978,-0.5097
65378,1979,-0.5031
65743,1980,-0.3533
66109,1981,-0.4872
66474,1982,-0.3393
66839,1983,-0.1886
67204,1984,-0.6074
67570,1985,-0.5129
67935,1986,-0.4376
68300,1987,-0.0785
68665,1988,-0.4575
69031,1989,-0.5357
69396,1990,-0.3511
69761,1991,-0.3641
70126,1992,-0.5166
70492,1993,-0.3957
70857,1994,-0.1903
71222,1995,-0.1127
71587,1996,-0.3662
71953,1997,0.0547
72318,1998,0.2332
72683,1999,-0.3634
73048,2000,-0.4027
73414,2001,-0.0583
73779,2002,0.1169
74144,2003,0.0734
74509,2004,0.0047
74875,2005,0.1009
75240,2006,0.0805
75605,2007,-0.0810
75970,2008,-0.0687
76336,2009,0.1540
76701,2010,0.1883
77066,2011,-0.0306
77431,2012,0.1267
77797,2013,0.0058
78162,2014,0.1129
78527,2015,0.5073
78892,2016,0.2883
79258,2017,0.2652
79623,2018,-0.0234
79988,2019,0.2769
80353,2020,0.3866
80719,2021,0.0227
81084,2022,-0.0986
81449,2023,0.7589
end data
