Conventions,G,BADC-CSV,1
title,G,Regional mean temperature for WMO RA 3 South America
last_revised_date,G,2024-02-08
date_valid,G,2024-02-08
feature_type,G,area average
creator,G,WMO
source,G,Produced by climind version 1.0
observation_station,G,derived data
location,G,90.,-180.,-90.,180.
rights,G,TBD
activity,G,WMO
comments,G,Format description https://help.ceda.ac.uk/article/105-badc-csv
history,wmo_ra_3_Berkeley_Earth,""Data set created from file ['Land_and_Ocean_LatLong1.nc'] downloaded from ['https://berkeley-earth-temperature.s3.us-west-1.amazonaws.com/Global/Gridded/Land_and_Ocean_LatLong1.nc'] at ['2024-01-17 10:19:03']""
history,wmo_ra_3_Berkeley_Earth,""Rebaselined to 1991-2020""
history,wmo_ra_3_Berkeley_Earth,""Calculated area-average""
history,wmo_ra_3_Berkeley_Earth,""Calculated annual average from monthly averages using arithmetic mean""
history,wmo_ra_3_Berkeley_Earth,""Selected years within the range 1900 to 2023.""
history,wmo_ra_3_Berkeley_Earth,""Wrote to file wmo_ra_3_Berkeley Earth.csv""
history,wmo_ra_3_Berkeley_Earth,"Data set created from file ['wmo_ra_3_Berkeley Earth.csv'] downloaded from [''] at ['2024-01-17 11:05:30']"
reference,wmo_ra_3_Berkeley_Earth,"Rohde, R. A. and Hausfather, Z.: The Berkeley Earth Land/Ocean Temperature Record, Earth Syst. Sci. Data, 12, 3469-3479, https://doi.org/10.5194/essd-12-3469-2020, 2020"
comments,wmo_ra_3_Berkeley_Earth,"Original data acknowledgement: "
history,wmo_ra_3_ERA5,""Gridded dataset created from file ['era5_2m_tas_2024.nc'] downloaded from ['']""
history,wmo_ra_3_ERA5,""Regridded to 1 degree latitude-longitude resolution""
history,wmo_ra_3_ERA5,""Rebaselined to 1991-2020""
history,wmo_ra_3_ERA5,""Calculated area-average""
history,wmo_ra_3_ERA5,""Calculated annual average from monthly averages using arithmetic mean""
history,wmo_ra_3_ERA5,""Selected years within the range 1900 to 2023.""
history,wmo_ra_3_ERA5,""Wrote to file wmo_ra_3_ERA5.csv""
history,wmo_ra_3_ERA5,"Data set created from file ['wmo_ra_3_ERA5.csv'] downloaded from [''] at ['2024-01-17 11:06:30']"
reference,wmo_ra_3_ERA5,"Hersbach H, Bell B, Berrisford P et al. 2020. The ERA5 global reanalysis. Q. J. R. Meteorol. Soc. 146: 1999-2049. https://doi.org/10.1002/qj.3803"
comments,wmo_ra_3_ERA5,"Original data acknowledgement: Contains using Copernicus Climate Change Service information [2024]. Neither the European Commission nor ECMWF is responsible for any use that may be made of the Copernicus information or data it contains."
history,wmo_ra_3_GISTEMP,""Data set created from file ['gistemp1200_GHCNv4_ERSSTv5.nc.gz'] downloaded from ['https://data.giss.nasa.gov/pub/gistemp/gistemp1200_GHCNv4_ERSSTv5.nc.gz'] at ['2024-01-15 11:20:46']""
history,wmo_ra_3_GISTEMP,""Regridded to 1 degree latitude-longitude resolution""
history,wmo_ra_3_GISTEMP,""Rebaselined to 1991-2020""
history,wmo_ra_3_GISTEMP,""Calculated area-average""
history,wmo_ra_3_GISTEMP,""Calculated annual average from monthly averages using arithmetic mean""
history,wmo_ra_3_GISTEMP,""Selected years within the range 1900 to 2023.""
history,wmo_ra_3_GISTEMP,""Wrote to file wmo_ra_3_GISTEMP.csv""
history,wmo_ra_3_GISTEMP,"Data set created from file ['wmo_ra_3_GISTEMP.csv'] downloaded from [''] at ['2024-01-17 11:06:51']"
reference,wmo_ra_3_GISTEMP,"Lenssen, N., G. Schmidt, J. Hansen, M. Menne, A. Persin, R. Ruedy, and D. Zyss, 2019: Improvements in the GISTEMP uncertainty model. J. Geophys. Res. Atmos., 124, no. 12, 6307-6326, doi:10.1029/2018JD029522"
comments,wmo_ra_3_GISTEMP,"Original data acknowledgement: "
history,wmo_ra_3_HadCRUT5,""Data set created from file ['HadCRUT.5.0.2.0.analysis.anomalies.ensemble_mean.nc'] downloaded from ['https://www.metoffice.gov.uk/hadobs/hadcrut5/data/HadCRUT.5.0.2.0/analysis/HadCRUT.5.0.2.0.analysis.anomalies.ensemble_mean.nc'] at ['2024-01-15 11:56:27']""
history,wmo_ra_3_HadCRUT5,""Regridded to 1 degree latitude-longitude resolution""
history,wmo_ra_3_HadCRUT5,""Rebaselined to 1991-2020""
history,wmo_ra_3_HadCRUT5,""Calculated area-average""
history,wmo_ra_3_HadCRUT5,""Calculated annual average from monthly averages using arithmetic mean""
history,wmo_ra_3_HadCRUT5,""Selected years within the range 1900 to 2023.""
history,wmo_ra_3_HadCRUT5,""Wrote to file wmo_ra_3_HadCRUT5.csv""
history,wmo_ra_3_HadCRUT5,"Data set created from file ['wmo_ra_3_HadCRUT5.csv'] downloaded from [''] at ['2024-01-17 11:07:34']"
reference,wmo_ra_3_HadCRUT5,"Morice, C. P., Kennedy, J. J., Rayner, N. A., Winn, J. P., Hogan, E., Killick, R. E., et al. (2021). An updated assessment of near-surface temperature change from 1850: the HadCRUT5 data set. Journal of Geophysical Research: Atmospheres, 126, e2019JD032361. https://doi.org/10.1029/2019JD032361"
comments,wmo_ra_3_HadCRUT5,"Original data acknowledgement: HadCRUT.5.0.2.0 data were obtained from http://www.metoffice.gov.uk/hadobs/hadcrut5 on 2024-01-15 11:56:27 and are © British Crown Copyright, Met Office 2024, provided under an Open Government License, http://www.nationalarchives.gov.uk/doc/open-government-licence/version/3/"
history,wmo_ra_3_JRA-55,""Data set created from file ['anl_surf125.011_tmp.202401_202412', 'anl_surf125.2024MMMM'] downloaded from ['', ''] at ['2024-01-15 11:20:51']""
history,wmo_ra_3_JRA-55,""Regridded to 1 degree latitude-longitude resolution""
history,wmo_ra_3_JRA-55,""Rebaselined to 1991-2020""
history,wmo_ra_3_JRA-55,""Calculated area-average""
history,wmo_ra_3_JRA-55,""Calculated annual average from monthly averages using arithmetic mean""
history,wmo_ra_3_JRA-55,""Selected years within the range 1900 to 2023.""
history,wmo_ra_3_JRA-55,""Wrote to file wmo_ra_3_JRA-55.csv""
history,wmo_ra_3_JRA-55,"Data set created from file ['wmo_ra_3_JRA-55.csv'] downloaded from [''] at ['2024-01-17 11:08:35']"
reference,wmo_ra_3_JRA-55,"Kobayashi, S., Ota, Y., Harada, Y., Ebita, A., Moriya, M., Onoda, H., Onogi, K., Kamahori, H., Kobayashi, C., Endo, H. and Miyaoka, K., (2015). The JRA-55 reanalysis: General specifications and basic characteristics. Journal of the Meteorological Society of Japan. Ser. II, 93(1), pp.5-48."
comments,wmo_ra_3_JRA-55,"Original data acknowledgement: "
history,wmo_ra_3_NOAA_Interim,""Data set created from file ['NOAAGlobalTemp_v*.nc'] downloaded from ['https://www.ncei.noaa.gov/data/noaa-global-surface-temperature/v5.1/access/gridded/NOAAGlobalTemp_v.*.nc'] at ['2024-01-17 10:19:08']""
history,wmo_ra_3_NOAA_Interim,""Data set created from file ['NOAAGlobalTemp_v*.nc'] downloaded from ['https://www.ncei.noaa.gov/data/noaa-global-surface-temperature/v5.1/access/gridded/NOAAGlobalTemp_v.*.nc'] at ['2024-01-17 10:19:08']""
history,wmo_ra_3_NOAA_Interim,""Regridded to 1 degree latitude-longitude resolution""
history,wmo_ra_3_NOAA_Interim,""Rebaselined to 1991-2020""
history,wmo_ra_3_NOAA_Interim,""Calculated area-average""
history,wmo_ra_3_NOAA_Interim,""Calculated annual average from monthly averages using arithmetic mean""
history,wmo_ra_3_NOAA_Interim,""Selected years within the range 1900 to 2023.""
history,wmo_ra_3_NOAA_Interim,""Wrote to file wmo_ra_3_NOAA Interim.csv""
history,wmo_ra_3_NOAA_Interim,"Data set created from file ['wmo_ra_3_NOAA Interim.csv'] downloaded from [''] at ['2024-01-17 11:09:53']"
reference,wmo_ra_3_NOAA_Interim,"Vose, R.S., B. Huang, X. Yin., D. Arndt, D.R. Easterling, J.H. Lawrimore, M.J. Menne, A. Sanchez-Lugo, H.-M. Zhang, 2021: Implementing full spatial coverage in NOAA’s global temperature analysis. Geophysical Research Letters, 48, e2020GL090873. https://doi.org/10.1029/2020GL090873"
comments,wmo_ra_3_NOAA_Interim,"Original data acknowledgement: "
long_name,time,time,days since 1800-01-01 00:00:00.0
type,time,int
long_name,year,year,1
type,year,int
long_name,wmo_ra_3_Berkeley_Earth,wmo_ra_3,degC
type,wmo_ra_3_Berkeley_Earth,float
long_name,wmo_ra_3_ERA5,wmo_ra_3,degC
type,wmo_ra_3_ERA5,float
long_name,wmo_ra_3_GISTEMP,wmo_ra_3,degC
type,wmo_ra_3_GISTEMP,float
long_name,wmo_ra_3_HadCRUT5,wmo_ra_3,degC
type,wmo_ra_3_HadCRUT5,float
long_name,wmo_ra_3_JRA-55,wmo_ra_3,degC
type,wmo_ra_3_JRA-55,float
long_name,wmo_ra_3_NOAA_Interim,wmo_ra_3,degC
type,wmo_ra_3_NOAA_Interim,float
coordinate_variable,time,t
data
time,year,wmo_ra_3_Berkeley_Earth,wmo_ra_3_ERA5,wmo_ra_3_GISTEMP,wmo_ra_3_HadCRUT5,wmo_ra_3_JRA-55,wmo_ra_3_NOAA_Interim
36524,1900,-0.6288,,-0.2763,-0.4803,,-0.9836
36889,1901,-0.7856,,-0.5778,-0.3938,,-0.8407
37254,1902,-0.8731,,-0.5442,-0.4504,,-0.7239
37619,1903,-1.1009,,-0.7890,-0.6671,,-0.9142
37984,1904,-1.4070,,-1.0357,-0.8548,,-1.2453
38350,1905,-0.9756,,-0.6936,-0.6322,,-0.8875
38715,1906,-1.0054,,-0.8319,-0.6625,,-0.9663
39080,1907,-1.3250,,-1.1253,-0.9544,,-1.2056
39445,1908,-1.1871,,-1.0065,-0.8505,,-1.1518
39811,1909,-1.2415,,-1.1049,-0.8037,,-1.1352
40176,1910,-1.3041,,-1.2014,-0.9057,,-1.2447
40541,1911,-1.3138,,-1.4710,-0.9999,,-1.3511
40906,1912,-1.0064,,-1.2266,-0.6532,,-1.0285
41272,1913,-0.8594,,-0.9046,-0.5448,,-0.9886
41637,1914,-0.7435,,-0.8852,-0.3590,,-0.8724
42002,1915,-0.6041,,-0.8818,-0.2294,,-0.8217
42367,1916,-1.2167,,-1.4637,-0.8141,,-1.3983
42733,1917,-1.5940,,-1.7168,-1.1665,,-1.9147
43098,1918,-1.2804,,-1.3984,-0.9381,,-1.4816
43463,1919,-0.8304,,-0.9430,-0.5257,,-1.0155
43828,1920,-1.1969,,-1.1847,-0.8402,,-1.3682
44194,1921,-1.3293,,-1.4469,-1.0729,,-1.4906
44559,1922,-1.2357,,-1.3627,-1.0393,,-1.4879
44924,1923,-1.3192,,-1.4147,-1.0942,,-1.4709
45289,1924,-1.2683,,-1.5335,-1.0056,,-1.6281
45655,1925,-1.0780,,-1.1679,-0.8156,,-1.3434
46020,1926,-0.7363,,-0.9806,-0.5011,,-1.0247
46385,1927,-1.0048,,-1.2003,-0.7869,,-1.3857
46750,1928,-0.9602,,-1.1997,-0.7628,,-1.2609
47116,1929,-1.0658,,-1.1998,-0.8788,,-1.3308
47481,1930,-0.8555,,-0.9545,-0.6485,,-1.0247
47846,1931,-1.0119,,-1.0208,-0.7573,,-1.1350
48211,1932,-0.7942,,-0.7663,-0.5621,,-0.9064
48577,1933,-1.1150,,-1.1768,-0.9136,,-1.1666
48942,1934,-1.1751,,-1.2804,-0.9899,,-1.1969
49307,1935,-0.9873,,-1.0508,-0.8071,,-1.0687
49672,1936,-0.8443,,-0.9449,-0.6267,,-0.9469
50038,1937,-0.8563,,-0.9588,-0.6266,,-1.0054
50403,1938,-0.9592,,-1.0950,-0.7810,,-1.0588
50768,1939,-0.8195,,-0.9187,-0.6536,,-0.9160
51133,1940,-0.6139,,-0.7471,-0.4600,,-0.7368
51499,1941,-0.5780,,-0.6571,-0.4364,,-0.6890
51864,1942,-0.8501,,-0.9422,-0.7254,,-0.9992
52229,1943,-0.9327,,-0.9968,-0.8128,,-1.0554
52594,1944,-0.6468,,-0.6776,-0.4681,,-0.6899
52960,1945,-0.7493,,-0.7441,-0.5818,,-0.7657
53325,1946,-0.8179,,-0.8865,-0.7002,,-0.8520
53690,1947,-0.9135,,-0.9417,-0.7597,,-0.9729
54055,1948,-0.8172,,-0.8373,-0.7430,,-0.8629
54421,1949,-0.9096,,-0.9877,-0.8638,,-0.9572
54786,1950,-0.9476,,-1.0018,-0.8816,,-1.0631
55151,1951,-0.8309,,-0.8298,-0.7123,,-0.9374
55516,1952,-0.7272,,-0.7716,-0.6258,,-0.8171
55882,1953,-0.5911,,-0.6183,-0.4612,,-0.6125
56247,1954,-0.8414,,-0.9831,-0.6810,,-0.9404
56612,1955,-1.0127,,-1.1462,-0.8459,,-1.1287
56977,1956,-1.2207,,-1.3463,-1.0985,,-1.2874
57343,1957,-0.7396,,-0.7986,-0.6567,,-0.7986
57708,1958,-0.3935,,-0.4911,-0.2772,-0.0659,-0.5104
58073,1959,-0.6341,,-0.7613,-0.5245,0.0161,-0.7581
58438,1960,-0.7594,,-0.8812,-0.6001,-0.0526,-0.8668
58804,1961,-0.5175,,-0.6821,-0.3364,-0.1461,-0.6297
59169,1962,-0.7451,,-0.9157,-0.5502,-0.5501,-0.8629
59534,1963,-0.4971,,-0.6437,-0.3037,-0.3016,-0.5716
59899,1964,-0.8838,,-1.0709,-0.6741,-0.7090,-0.9520
60265,1965,-0.6081,,-0.7290,-0.4045,-0.5056,-0.6672
60630,1966,-0.6066,,-0.7993,-0.4494,-0.4338,-0.7106
60995,1967,-0.6221,,-0.7893,-0.4625,-0.5727,-0.7155
61360,1968,-0.8248,,-0.9468,-0.6663,-0.6562,-0.8960
61726,1969,-0.2817,,-0.3864,-0.1442,-0.0712,-0.3472
62091,1970,-0.5030,,-0.6270,-0.3650,-0.2241,-0.5575
62456,1971,-0.9945,,-1.0677,-0.8944,-0.7356,-0.9908
62821,1972,-0.5666,,-0.6486,-0.4852,-0.2760,-0.6084
63187,1973,-0.4767,,-0.6376,-0.4785,-0.3729,-0.5320
63552,1974,-0.8975,,-1.0188,-0.9200,-0.8536,-0.9606
63917,1975,-0.7641,,-0.9145,-0.7830,-0.7503,-0.8294
64282,1976,-0.8442,,-0.9754,-0.8815,-0.8530,-0.8906
64648,1977,-0.3305,,-0.4755,-0.3674,-0.3877,-0.4485
65013,1978,-0.4751,,-0.6419,-0.5097,-0.4887,-0.5994
65378,1979,-0.5294,-0.5337,-0.6183,-0.5031,-0.5884,-0.5862
65743,1980,-0.3348,-0.3571,-0.4036,-0.3533,-0.2885,-0.3806
66109,1981,-0.4690,-0.4888,-0.5585,-0.4872,-0.4297,-0.5220
66474,1982,-0.3382,-0.4026,-0.4423,-0.3393,-0.2547,-0.4550
66839,1983,-0.1518,-0.2132,-0.2428,-0.1886,-0.1051,-0.2212
67204,1984,-0.5907,-0.7305,-0.6899,-0.6074,-0.6055,-0.6411
67570,1985,-0.5245,-0.6562,-0.6024,-0.5129,-0.5396,-0.5851
67935,1986,-0.4385,-0.5475,-0.4777,-0.4376,-0.4566,-0.4587
68300,1987,-0.0497,-0.1022,-0.1232,-0.0785,-0.0271,-0.0933
68665,1988,-0.4333,-0.4170,-0.5121,-0.4575,-0.3637,-0.4375
69031,1989,-0.5456,-0.5619,-0.5906,-0.5357,-0.4642,-0.5636
69396,1990,-0.3127,-0.3610,-0.3880,-0.3511,-0.2934,-0.3807
69761,1991,-0.2999,-0.4012,-0.3478,-0.3641,-0.3228,-0.3400
70126,1992,-0.4115,-0.5438,-0.4782,-0.5166,-0.4462,-0.4724
70492,1993,-0.3078,-0.3659,-0.3530,-0.3957,-0.2713,-0.3559
70857,1994,-0.1245,-0.1849,-0.1896,-0.1903,-0.0807,-0.2078
71222,1995,-0.0707,-0.1736,-0.1806,-0.1127,-0.1066,-0.1816
71587,1996,-0.3049,-0.4176,-0.3904,-0.3662,-0.3186,-0.3832
71953,1997,0.0803,-0.0344,0.0147,0.0547,0.0179,-0.0145
72318,1998,0.2478,0.2278,0.1951,0.2332,0.2650,0.2198
72683,1999,-0.3734,-0.4489,-0.4347,-0.3634,-0.3529,-0.4051
73048,2000,-0.4724,-0.5829,-0.4783,-0.4027,-0.4746,-0.4369
73414,2001,-0.1628,-0.2286,-0.1282,-0.0583,-0.1437,-0.1378
73779,2002,0.0617,0.0169,0.0455,0.1169,0.0680,0.0774
74144,2003,0.0472,-0.0005,0.0033,0.0734,-0.0058,0.0067
74509,2004,-0.0690,-0.0681,-0.0803,0.0047,-0.1268,-0.0651
74875,2005,0.0240,0.0772,0.0172,0.1009,-0.0287,0.0299
75240,2006,-0.0100,0.0604,0.0189,0.0805,-0.0151,0.0051
75605,2007,-0.2134,-0.0600,-0.2082,-0.0810,-0.2141,-0.1656
75970,2008,-0.1793,-0.0941,-0.1479,-0.0687,-0.2283,-0.1643
76336,2009,0.0692,0.1237,0.0941,0.1540,0.0513,0.0512
76701,2010,0.0771,0.2214,0.0726,0.1883,0.1391,0.0856
77066,2011,-0.0981,-0.0411,-0.0853,-0.0306,-0.0404,-0.1047
77431,2012,0.1282,0.2018,0.1573,0.1267,0.1944,0.1501
77797,2013,-0.0173,0.1159,0.0057,0.0058,0.0816,0.0397
78162,2014,0.1571,0.2136,0.2469,0.1129,0.1706,0.2515
78527,2015,0.5518,0.6026,0.6581,0.5073,0.5287,0.6051
78892,2016,0.3693,0.4462,0.3738,0.2883,0.3789,0.3868
79258,2017,0.3463,0.3772,0.4159,0.2652,0.3054,0.3927
79623,2018,0.0565,0.1057,0.1455,-0.0234,0.0526,0.1173
79988,2019,0.3806,0.4550,0.4785,0.2769,0.4509,0.4603
80353,2020,0.5179,0.4004,0.5595,0.3866,0.4721,0.5556
80719,2021,0.1825,0.1361,0.2416,0.0227,0.1680,0.2705
81084,2022,-0.0232,-0.0866,0.0133,-0.0986,-0.0583,0.0625
81449,2023,0.8044,0.7280,0.9660,0.7589,0.7230,0.8580
end data
