Conventions,G,BADC-CSV,1
title,G,Regional mean temperature for WMO RA 3 South America
last_revised_date,G,2024-01-25
date_valid,G,2024-01-25
feature_type,G,area average
creator,G,WMO
source,G,Produced by climind version 1.0
observation_station,G,derived data
location,G,90.,-180.,-90.,180.
activity,G,WMO
history,G,""Gridded dataset created from file ['era5_2m_tas_2024.nc'] downloaded from ['']""
history,G,""Regridded to 1 degree latitude-longitude resolution""
history,G,""Rebaselined to 1991-2020""
history,G,""Calculated area-average""
history,G,""Calculated annual average from monthly averages using arithmetic mean""
history,G,""Selected years within the range 1900 to 2023.""
history,G,""Wrote to file wmo_ra_3_ERA5.csv""
history,G,"Data set created from file ['wmo_ra_3_ERA5.csv'] downloaded from [''] at ['2024-01-17 11:06:30']"
reference,G,"Hersbach H, Bell B, Berrisford P et al. 2020. The ERA5 global reanalysis. Q. J. R. Meteorol. Soc. 146: 1999-2049. https://doi.org/10.1002/qj.3803"
rights,G,TBD
comments,G,Data produced by climind version 1.0
comments,G,Format description https://help.ceda.ac.uk/article/105-badc-csv
comments,G,"Original data acknowledgement: Contains using Copernicus Climate Change Service information [2024]. Neither the European Commission nor ECMWF is responsible for any use that may be made of the Copernicus information or data it contains."
long_name,time,time,days since 1800-01-01 00:00:00.0
type,time,int
long_name,year,year,1
type,year,int
long_name,data,wmo_ra_3,degC
type,data,float
coordinate_variable,time,t
data
time,year,data
65378,1979,-0.5337
65743,1980,-0.3571
66109,1981,-0.4888
66474,1982,-0.4026
66839,1983,-0.2132
67204,1984,-0.7305
67570,1985,-0.6562
67935,1986,-0.5475
68300,1987,-0.1022
68665,1988,-0.4170
69031,1989,-0.5619
69396,1990,-0.3610
69761,1991,-0.4012
70126,1992,-0.5438
70492,1993,-0.3659
70857,1994,-0.1849
71222,1995,-0.1736
71587,1996,-0.4176
71953,1997,-0.0344
72318,1998,0.2278
72683,1999,-0.4489
73048,2000,-0.5829
73414,2001,-0.2286
73779,2002,0.0169
74144,2003,-0.0005
74509,2004,-0.0681
74875,2005,0.0772
75240,2006,0.0604
75605,2007,-0.0600
75970,2008,-0.0941
76336,2009,0.1237
76701,2010,0.2214
77066,2011,-0.0411
77431,2012,0.2018
77797,2013,0.1159
78162,2014,0.2136
78527,2015,0.6026
78892,2016,0.4462
79258,2017,0.3772
79623,2018,0.1057
79988,2019,0.4550
80353,2020,0.4004
80719,2021,0.1361
81084,2022,-0.0866
81449,2023,0.7280
end data
