Conventions,G,BADC-CSV,1
title,G,Global mean land temperature
last_revised_date,G,2024-01-22
date_valid,G,2024-01-22
feature_type,G,area average
creator,G,WMO
source,G,Produced by climind version 1.0
observation_station,G,derived data
location,G,90.,-180.,-90.,180.
rights,G,TBD
activity,G,WMO
comments,G,Format description https://help.ceda.ac.uk/article/105-badc-csv
history,Berkeley_Earth_LSAT,"Data set created from file ['Complete_TAVG_complete.txt'] downloaded from ['https://berkeley-earth-temperature.s3.us-west-1.amazonaws.com/Global/Complete_TAVG_complete.txt'] at ['2024-01-16 13:53:11']"
history,Berkeley_Earth_LSAT,"Calculated annual average from monthly averages using arithmetic mean"
history,Berkeley_Earth_LSAT,"Rebaselined to 1991-2020 by subtracting the arithemtic mean for that period from all data values."
history,Berkeley_Earth_LSAT,"Selected years within the range 1850 to 2023."
reference,Berkeley_Earth_LSAT,"Rohde, R. A. and Hausfather, Z.: The Berkeley Earth Land/Ocean Temperature Record, Earth Syst. Sci. Data, 12, 3469–3479, https://doi.org/10.5194/essd-12-3469-2020, 2020"
comments,Berkeley_Earth_LSAT,"Original data acknowledgement: "
history,CRUTEM5,"Data set created from file ['CRUTEM.5.0.2.0.summary_series.global.monthly.csv', 'CRUTEM.5.0.2.0.summary_series.global.annual.csv'] downloaded from ['https://www.metoffice.gov.uk/hadobs/crutem5/data/CRUTEM.5.0.1.0/diagnostics/CRUTEM.5.0.2.0.summary_series.global.monthly.csv', 'https://www.metoffice.gov.uk/hadobs/crutem5/data/CRUTEM.5.0.1.0/diagnostics/CRUTEM.5.0.2.0.summary_series.global.annual.csv'] at ['2024-01-16 13:56:13', '2024-01-16 13:56:15']"
history,CRUTEM5,"Calculated annual average from monthly averages using arithmetic mean"
history,CRUTEM5,"Rebaselined to 1991-2020 by subtracting the arithemtic mean for that period from all data values."
history,CRUTEM5,"Selected years within the range 1850 to 2023."
reference,CRUTEM5,"Osborn, T. J., P. D. Jones, D. H. Lister, C. P. Morice, I. R. Simpson and I. C. Harris (2020), Land surface air temperature variations across the globe updated to 2019: the CRUTEM5 dataset, J. Geophys. Res. doi: 10.1029/2019JD032352"
comments,CRUTEM5,"Original data acknowledgement: CRUTEM.5.0.2.0 data were obtained from http://www.metoffice.gov.uk/hadobs/crutem5 on 2024-01-16 13:56:13 and are © British Crown Copyright, Met Office 2024, provided under an Open Government License, http://www.nationalarchives.gov.uk/doc/open-government-licence/version/3/"
history,NOAA_LSAT,"Data set created from file ['aravg.mon.land.90S.90N.v5.1.0.2024MMMM.asc', 'aravg.ann.land.90S.90N.v5.1.0.2024MMMM.asc'] downloaded from ['https://www.ncei.noaa.gov/data/noaa-global-surface-temperature/v5.1/access/timeseries/aravg.mon.land.90S.90N.v5.1.0.2024MMMM.asc', 'https://www.ncei.noaa.gov/data/noaa-global-surface-temperature/v5.1/access/timeseries/aravg.ann.land.90S.90N.v5.1.0.2024MMMM.asc'] at ['2024-01-17 11:50:13']"
history,NOAA_LSAT,"Calculated annual average from monthly averages using arithmetic mean"
history,NOAA_LSAT,"Rebaselined to 1991-2020 by subtracting the arithemtic mean for that period from all data values."
history,NOAA_LSAT,"Selected years within the range 1850 to 2023."
reference,NOAA_LSAT,"Menne, M. J., C. N. Williams, B.E. Gleason, J. J Rennie, and J. H. Lawrimore, 2018: The Global Historical Climatology Network Monthly Temperature Dataset, Version 4. J. Climate, in press. https://doi.org/10.1175/JCLI-D-18-0094.1"
comments,NOAA_LSAT,"Original data acknowledgement: "
long_name,time,time,days since 1800-01-01 00:00:00.0
type,time,int
long_name,year,year,1
type,year,int
long_name,Berkeley_Earth_LSAT,lsat,degC
type,Berkeley_Earth_LSAT,float
long_name,CRUTEM5,lsat,degC
type,CRUTEM5,float
long_name,NOAA_LSAT,lsat,degC
type,NOAA_LSAT,float
coordinate_variable,time,t
data
time,year,Berkeley_Earth_LSAT,CRUTEM5,NOAA_LSAT
18262,1850,-1.6841,,-1.3246
18627,1851,-1.4055,,-1.2539
18992,1852,-1.5198,,-1.3460
19358,1853,-1.5151,,-1.3550
19723,1854,-1.3251,,-1.2789
20088,1855,-1.3933,,-1.3534
20453,1856,-1.4820,,-1.5367
20819,1857,-1.7362,-1.3052,-1.5104
21184,1858,-1.3381,-1.2528,-1.4257
21549,1859,-1.1578,-0.9732,-1.2840
21914,1860,-1.5535,-1.4289,-1.5779
22280,1861,-1.5957,-1.1651,-1.4794
22645,1862,-1.9642,-1.3848,-1.5982
23010,1863,-1.3135,-0.9904,-1.3146
23375,1864,-1.5181,-1.5099,-1.5199
23741,1865,-1.3164,-1.1288,-1.4684
24106,1866,-1.2337,-1.1233,-1.4080
24471,1867,-1.0903,-1.3315,-1.4683
24836,1868,-1.3738,-1.1501,-1.3937
25202,1869,-1.1394,-1.1161,-1.3281
25567,1870,-1.4025,-1.2836,-1.4724
25932,1871,-1.4957,-1.4003,-1.4989
26297,1872,-1.4119,-1.0895,-1.4444
26663,1873,-1.2453,-1.1342,-1.4107
27028,1874,-1.1174,-1.2052,-1.3387
27393,1875,-1.6152,-1.5472,-1.5681
27758,1876,-1.3969,-1.2434,-1.4882
28124,1877,-0.9709,-0.9854,-1.3196
28489,1878,-0.6115,-0.7772,-1.1932
28854,1879,-1.3199,-1.3074,-1.4036
29219,1880,-1.4497,-1.1377,-1.4501
29585,1881,-1.2047,-1.1810,-1.4621
29950,1882,-1.3617,-1.0667,-1.4384
30315,1883,-1.4636,-1.3380,-1.5867
30680,1884,-1.6787,-1.4643,-1.6996
31046,1885,-1.5170,-1.4461,-1.6285
31411,1886,-1.5280,-1.2922,-1.4144
31776,1887,-1.5583,-1.3518,-1.5108
32141,1888,-1.3496,-1.3466,-1.4799
32507,1889,-1.1570,-1.0175,-1.2100
32872,1890,-1.5253,-1.1941,-1.3158
33237,1891,-1.4668,-1.2821,-1.3593
33602,1892,-1.4342,-1.3444,-1.4797
33968,1893,-1.4342,-1.4186,-1.5644
34333,1894,-1.2925,-1.2091,-1.2401
34698,1895,-1.3021,-1.3119,-1.3564
35063,1896,-1.2479,-1.1293,-1.2228
35429,1897,-1.1642,-1.0554,-1.1759
35794,1898,-1.3054,-1.1380,-1.3098
36159,1899,-1.0564,-1.0809,-1.2414
36524,1900,-0.9444,-0.9448,-1.1804
36889,1901,-0.9488,-0.9125,-1.1189
37254,1902,-1.1983,-1.1450,-1.2815
37619,1903,-1.2735,-1.1773,-1.2365
37984,1904,-1.4122,-1.2847,-1.3847
38350,1905,-1.2591,-1.1468,-1.2611
38715,1906,-1.0999,-0.9384,-1.1933
39080,1907,-1.5159,-1.3459,-1.4437
39445,1908,-1.3037,-1.1927,-1.3621
39811,1909,-1.3146,-1.1598,-1.3885
40176,1910,-1.2672,-1.0897,-1.3205
40541,1911,-1.3267,-1.1726,-1.4007
40906,1912,-1.3456,-1.1888,-1.4621
41272,1913,-1.2182,-1.0624,-1.3324
41637,1914,-0.9042,-0.8157,-1.0844
42002,1915,-0.9360,-0.8173,-1.1013
42367,1916,-1.2897,-1.1025,-1.3831
42733,1917,-1.5047,-1.4043,-1.6415
43098,1918,-1.3877,-1.1701,-1.4885
43463,1919,-1.1467,-1.0327,-1.2820
43828,1920,-1.1819,-1.0023,-1.3020
44194,1921,-0.9690,-0.8460,-1.1066
44559,1922,-1.1298,-0.9941,-1.2277
44924,1923,-1.1162,-1.0024,-1.2178
45289,1924,-1.0482,-1.0614,-1.1552
45655,1925,-1.0274,-0.9569,-1.1444
46020,1926,-0.8456,-0.8084,-0.9922
46385,1927,-1.0674,-0.9626,-1.1690
46750,1928,-0.9574,-0.8909,-1.0392
47116,1929,-1.3692,-1.2220,-1.3587
47481,1930,-0.9884,-0.8630,-1.0170
47846,1931,-0.8887,-0.8328,-0.9350
48211,1932,-0.9053,-0.8318,-0.9452
48577,1933,-1.2579,-1.0686,-1.2643
48942,1934,-0.9748,-0.7833,-0.9299
49307,1935,-1.0951,-0.9218,-1.0755
49672,1936,-1.0540,-0.8755,-1.0442
50038,1937,-0.9067,-0.7994,-0.8521
50403,1938,-0.7282,-0.6039,-0.6728
50768,1939,-0.8191,-0.7595,-0.8469
51133,1940,-0.8253,-0.8003,-0.8098
51499,1941,-0.8370,-0.7825,-0.8702
51864,1942,-0.8710,-0.7997,-0.9020
52229,1943,-0.8378,-0.7447,-0.8115
52594,1944,-0.7455,-0.6548,-0.7293
52960,1945,-1.0122,-0.8820,-0.9966
53325,1946,-0.9128,-0.8470,-0.9810
53690,1947,-0.7907,-0.7700,-0.8455
54055,1948,-0.8489,-0.7593,-0.9290
54421,1949,-1.0086,-0.8685,-0.9885
54786,1950,-1.2151,-1.0575,-1.1625
55151,1951,-0.9503,-0.8590,-0.9820
55516,1952,-0.9300,-0.8096,-0.9458
55882,1953,-0.6997,-0.6195,-0.6684
56247,1954,-1.0097,-0.8936,-0.9337
56612,1955,-0.9407,-0.9393,-1.0978
56977,1956,-1.2787,-1.1752,-1.2925
57343,1957,-0.8962,-0.8209,-0.9803
57708,1958,-0.8042,-0.7009,-0.9442
58073,1959,-0.8092,-0.7250,-0.8624
58438,1960,-0.9859,-0.8088,-0.9979
58804,1961,-0.7651,-0.6995,-0.9184
59169,1962,-0.8247,-0.7129,-0.9270
59534,1963,-0.7066,-0.7192,-0.8653
59899,1964,-1.1672,-1.0243,-1.2521
60265,1965,-1.0346,-0.9719,-1.0747
60630,1966,-0.9495,-0.8689,-1.0748
60995,1967,-0.8467,-0.8277,-0.9044
61360,1968,-1.0463,-0.9452,-1.1820
61726,1969,-0.9573,-0.8528,-1.0642
62091,1970,-0.8345,-0.7895,-0.9442
62456,1971,-0.9410,-0.9435,-0.9899
62821,1972,-1.0482,-0.9691,-1.1298
63187,1973,-0.5721,-0.6009,-0.6480
63552,1974,-1.0634,-1.0179,-1.0824
63917,1975,-0.7767,-0.8031,-0.8659
64282,1976,-1.1617,-1.0918,-1.1118
64648,1977,-0.6448,-0.6533,-0.7356
65013,1978,-0.8092,-0.7857,-0.8916
65378,1979,-0.7962,-0.6980,-0.8347
65743,1980,-0.5310,-0.6114,-0.6465
66109,1981,-0.3517,-0.4349,-0.3791
66474,1982,-0.8515,-0.7529,-0.8794
66839,1983,-0.4685,-0.4210,-0.5409
67204,1984,-0.8161,-0.7813,-0.7937
67570,1985,-0.8401,-0.7731,-0.8205
67935,1986,-0.6456,-0.6349,-0.7614
68300,1987,-0.4892,-0.4769,-0.7063
68665,1988,-0.2877,-0.3748,-0.3494
69031,1989,-0.5633,-0.5035,-0.6158
69396,1990,-0.2557,-0.2500,-0.3352
69761,1991,-0.2934,-0.3645,-0.3500
70126,1992,-0.6599,-0.6524,-0.7574
70492,1993,-0.6173,-0.5679,-0.6652
70857,1994,-0.4409,-0.4162,-0.5688
71222,1995,-0.1382,-0.1744,-0.1683
71587,1996,-0.4472,-0.5111,-0.4931
71953,1997,-0.2982,-0.2528,-0.3806
72318,1998,0.0416,0.1020,-0.0775
72683,1999,-0.2097,-0.1856,-0.2837
73048,2000,-0.2926,-0.2710,-0.3022
73414,2001,-0.0861,-0.0730,-0.1677
73779,2002,0.0843,0.0268,-0.0111
74144,2003,0.0323,0.0201,-0.0331
74509,2004,-0.1634,-0.0857,-0.2779
74875,2005,0.2150,0.1267,0.2261
75240,2006,0.0395,0.0679,0.1006
75605,2007,0.2413,0.1633,0.2618
75970,2008,-0.0536,-0.0590,-0.0573
76336,2009,0.0337,-0.0015,0.0067
76701,2010,0.2043,0.1926,0.2193
77066,2011,0.0308,-0.0177,0.1478
77431,2012,-0.0121,0.0357,0.1140
77797,2013,0.1040,0.1049,0.1018
78162,2014,0.0760,0.1385,0.1645
78527,2015,0.3453,0.4289,0.3893
78892,2016,0.5432,0.5648,0.6926
79258,2017,0.4145,0.4236,0.5573
79623,2018,0.2499,0.2343,0.3617
79988,2019,0.4494,0.4294,0.5551
80353,2020,0.6076,0.5733,0.6953
80719,2021,0.3460,0.3245,0.4160
81084,2022,0.3442,0.3031,0.4787
81449,2023,0.7326,0.7291,0.8349
end data
