Conventions,G,BADC-CSV,1
title,G,Global mean land temperature
last_revised_date,G,2023-11-02
date_valid,G,2023-11-02
feature_type,G,area average
creator,G,WMO
source,G,Produced by climind version 1.0
observation_station,G,derived data
location,G,90.,-180.,-90.,180.
rights,G,TBD
activity,G,WMO
comments,G,Format description https://help.ceda.ac.uk/article/105-badc-csv
history,Berkeley_Earth_LSAT,"Data set created from file ['Complete_TAVG_complete.txt'] downloaded from ['https://berkeley-earth-temperature.s3.us-west-1.amazonaws.com/Global/Complete_TAVG_complete.txt'] at ['2023-10-14 09:06:05']"
history,Berkeley_Earth_LSAT,"Calculated annual average from monthly averages using arithmetic mean"
history,Berkeley_Earth_LSAT,"Rebaselined to 1991-2020 by subtracting the arithemtic mean for that period from all data values."
history,Berkeley_Earth_LSAT,"Selected years within the range 1850 to 2023."
reference,Berkeley_Earth_LSAT,"Rohde, R. A. and Hausfather, Z.: The Berkeley Earth Land/Ocean Temperature Record, Earth Syst. Sci. Data, 12, 3469–3479, https://doi.org/10.5194/essd-12-3469-2020, 2020"
comments,Berkeley_Earth_LSAT,"Original data acknowledgement: "
history,CRUTEM5,"Data set created from file ['CRUTEM.5.0.1.0.summary_series.global.monthly.csv', 'CRUTEM.5.0.1.0.summary_series.global.annual.csv'] downloaded from ['https://www.metoffice.gov.uk/hadobs/crutem5/data/CRUTEM.5.0.1.0/diagnostics/CRUTEM.5.0.1.0.summary_series.global.monthly.csv', 'https://www.metoffice.gov.uk/hadobs/crutem5/data/CRUTEM.5.0.1.0/diagnostics/CRUTEM.5.0.1.0.summary_series.global.annual.csv'] at ['2023-10-31 16:06:04', '2023-10-31 16:06:04']"
history,CRUTEM5,"Calculated annual average from monthly averages using arithmetic mean"
history,CRUTEM5,"Rebaselined to 1991-2020 by subtracting the arithemtic mean for that period from all data values."
history,CRUTEM5,"Selected years within the range 1850 to 2023."
reference,CRUTEM5,"Osborn, T. J., P. D. Jones, D. H. Lister, C. P. Morice, I. R. Simpson and I. C. Harris (2020), Land surface air temperature variations across the globe updated to 2019: the CRUTEM5 dataset, J. Geophys. Res. doi: 10.1029/2019JD032352"
comments,CRUTEM5,"Original data acknowledgement: CRUTEM.5.0.1.0 data were obtained from http://www.metoffice.gov.uk/hadobs/crutem5 on 2023-10-31 16:06:04 and are © British Crown Copyright, Met Office 2023, provided under an Open Government License, http://www.nationalarchives.gov.uk/doc/open-government-licence/version/3/"
history,NOAA_LSAT,"Data set created from file ['aravg.mon.land.90S.90N.v5.1.0.2023MMMM.asc', 'aravg.ann.land.90S.90N.v5.1.0.2023MMMM.asc'] downloaded from ['https://www.ncei.noaa.gov/data/noaa-global-surface-temperature/v5.1/access/timeseries/aravg.mon.land.90S.90N.v5.1.0.2023MMMM.asc', 'https://www.ncei.noaa.gov/data/noaa-global-surface-temperature/v5.1/access/timeseries/aravg.ann.land.90S.90N.v5.1.0.2023MMMM.asc'] at ['2023-10-14 09:07:03']"
history,NOAA_LSAT,"Calculated annual average from monthly averages using arithmetic mean"
history,NOAA_LSAT,"Rebaselined to 1991-2020 by subtracting the arithemtic mean for that period from all data values."
history,NOAA_LSAT,"Selected years within the range 1850 to 2023."
reference,NOAA_LSAT,"Menne, M. J., C. N. Williams, B.E. Gleason, J. J Rennie, and J. H. Lawrimore, 2018: The Global Historical Climatology Network Monthly Temperature Dataset, Version 4. J. Climate, in press. https://doi.org/10.1175/JCLI-D-18-0094.1"
comments,NOAA_LSAT,"Original data acknowledgement: "
history,NOAA_LSAT_5.0,"Data set created from file ['aravg.mon.land.90S.90N.v5.0.0.2023MMMM.asc', 'aravg.ann.land.90S.90N.v5.0.0.2023MMMM.asc'] downloaded from ['https://www.ncei.noaa.gov/data/noaa-global-surface-temperature/v5/access/timeseries/aravg.mon.land.90S.90N.v5.0.0.2023MMMM.asc', 'https://www.ncei.noaa.gov/data/noaa-global-surface-temperature/v5/access/timeseries/aravg.ann.land.90S.90N.v5.0.0.2023MMMM.asc'] at ['2023-10-15 12:46:28']"
history,NOAA_LSAT_5.0,"Calculated annual average from monthly averages using arithmetic mean"
history,NOAA_LSAT_5.0,"Rebaselined to 1991-2020 by subtracting the arithemtic mean for that period from all data values."
history,NOAA_LSAT_5.0,"Selected years within the range 1850 to 2023."
reference,NOAA_LSAT_5.0,"Menne, M. J., C. N. Williams, B.E. Gleason, J. J Rennie, and J. H. Lawrimore, 2018: The Global Historical Climatology Network Monthly Temperature Dataset, Version 4. J. Climate, in press. https://doi.org/10.1175/JCLI-D-18-0094.1"
comments,NOAA_LSAT_5.0,"Original data acknowledgement: "
long_name,time,time,days since 1800-01-01 00:00:00.0
type,time,int
long_name,year,year,1
type,year,int
long_name,Berkeley_Earth_LSAT,lsat,degC
type,Berkeley_Earth_LSAT,float
long_name,CRUTEM5,lsat,degC
type,CRUTEM5,float
long_name,NOAA_LSAT,lsat,degC
type,NOAA_LSAT,float
long_name,NOAA_LSAT_5.0,lsat,degC
type,NOAA_LSAT_5.0,float
coordinate_variable,time,t
data
time,year,Berkeley_Earth_LSAT,CRUTEM5,NOAA_LSAT,NOAA_LSAT_5.0
18262,1850,-1.7249,,-1.2715,
18627,1851,-1.4447,,-1.2005,
18992,1852,-1.5585,,-1.2987,
19358,1853,-1.5542,,-1.2910,
19723,1854,-1.3697,,-1.2197,
20088,1855,-1.4329,,-1.3036,
20453,1856,-1.5149,,-1.4948,
20819,1857,-1.7766,-1.3052,-1.4401,
21184,1858,-1.3750,-1.2528,-1.3576,
21549,1859,-1.1920,-0.9732,-1.2199,
21914,1860,-1.5871,-1.4289,-1.5150,
22280,1861,-1.6481,-1.1651,-1.4220,
22645,1862,-2.0172,-1.3848,-1.5518,
23010,1863,-1.3404,-0.9904,-1.2822,
23375,1864,-1.5459,-1.5099,-1.5032,
23741,1865,-1.3642,-1.1288,-1.4639,
24106,1866,-1.2844,-1.1233,-1.4105,
24471,1867,-1.1332,-1.3315,-1.4711,
24836,1868,-1.3913,-1.1501,-1.3933,
25202,1869,-1.1309,-1.1161,-1.3244,
25567,1870,-1.4116,-1.2836,-1.4646,
25932,1871,-1.5165,-1.4003,-1.4891,
26297,1872,-1.4387,-1.0895,-1.4334,
26663,1873,-1.2611,-1.1342,-1.4001,
27028,1874,-1.1262,-1.2052,-1.3273,
27393,1875,-1.6365,-1.5472,-1.5358,
27758,1876,-1.4230,-1.2434,-1.4790,
28124,1877,-0.9948,-0.9854,-1.3203,
28489,1878,-0.6477,-0.7772,-1.1726,
28854,1879,-1.3283,-1.3074,-1.4017,
29219,1880,-1.4963,-1.1377,-1.4392,-1.4305
29585,1881,-1.2545,-1.1810,-1.4429,-1.3436
29950,1882,-1.3738,-1.0667,-1.4332,-1.3703
30315,1883,-1.4812,-1.3380,-1.5724,-1.5807
30680,1884,-1.7061,-1.4643,-1.6837,-1.6243
31046,1885,-1.5326,-1.4461,-1.6308,-1.4812
31411,1886,-1.5385,-1.2922,-1.4121,-1.4138
31776,1887,-1.5650,-1.3518,-1.5156,-1.3952
32141,1888,-1.3556,-1.3466,-1.4879,-1.3273
32507,1889,-1.1548,-1.0175,-1.2190,-1.1829
32872,1890,-1.5399,-1.1941,-1.3264,-1.4050
33237,1891,-1.4659,-1.2821,-1.3660,-1.4423
33602,1892,-1.4390,-1.3444,-1.4729,-1.4107
33968,1893,-1.4438,-1.4186,-1.5795,-1.4710
34333,1894,-1.3009,-1.2091,-1.2669,-1.3344
34698,1895,-1.2904,-1.3119,-1.3786,-1.3331
35063,1896,-1.2433,-1.1293,-1.2313,-1.2654
35429,1897,-1.1646,-1.0554,-1.1783,-1.1959
35794,1898,-1.2935,-1.1380,-1.3314,-1.3261
36159,1899,-1.0498,-1.0809,-1.2661,-1.1493
36524,1900,-0.9477,-0.9448,-1.1898,-1.0734
36889,1901,-0.9487,-0.9125,-1.1425,-1.0471
37254,1902,-1.1972,-1.1450,-1.3169,-1.2272
37619,1903,-1.2725,-1.1773,-1.2520,-1.3034
37984,1904,-1.4094,-1.2847,-1.3940,-1.3423
38350,1905,-1.2588,-1.1468,-1.2747,-1.2456
38715,1906,-1.0985,-0.9384,-1.2051,-1.0830
39080,1907,-1.5075,-1.3459,-1.4496,-1.5199
39445,1908,-1.2859,-1.1927,-1.3673,-1.3497
39811,1909,-1.3000,-1.1598,-1.3919,-1.3342
40176,1910,-1.2547,-1.0897,-1.3219,-1.2711
40541,1911,-1.3181,-1.1726,-1.4047,-1.4087
40906,1912,-1.3405,-1.1888,-1.4661,-1.4107
41272,1913,-1.2079,-1.0624,-1.3340,-1.2394
41637,1914,-0.8942,-0.8157,-1.0808,-0.9848
42002,1915,-0.9297,-0.8173,-1.0940,-1.0157
42367,1916,-1.2900,-1.1025,-1.3701,-1.3978
42733,1917,-1.5112,-1.4043,-1.6268,-1.5627
43098,1918,-1.3883,-1.1701,-1.4729,-1.4331
43463,1919,-1.1340,-1.0327,-1.2736,-1.2580
43828,1920,-1.1612,-1.0023,-1.2913,-1.2853
44194,1921,-0.9633,-0.8460,-1.0911,-1.0731
44559,1922,-1.1335,-0.9941,-1.2163,-1.1944
44924,1923,-1.1180,-1.0024,-1.2037,-1.2208
45289,1924,-1.0486,-1.0614,-1.1364,-1.1784
45655,1925,-1.0313,-0.9569,-1.1270,-1.0801
46020,1926,-0.8507,-0.8084,-0.9777,-0.9440
46385,1927,-1.0733,-0.9626,-1.1559,-1.1449
46750,1928,-0.9661,-0.8909,-1.0290,-1.0655
47116,1929,-1.3752,-1.2220,-1.3470,-1.4120
47481,1930,-0.9905,-0.8630,-1.0068,-1.0425
47846,1931,-0.8948,-0.8328,-0.9312,-0.9448
48211,1932,-0.9138,-0.8318,-0.9490,-0.9618
48577,1933,-1.2712,-1.0686,-1.2608,-1.2827
48942,1934,-0.9945,-0.7833,-0.9258,-0.9902
49307,1935,-1.1151,-0.9218,-1.0729,-1.1034
49672,1936,-1.0689,-0.8755,-1.0401,-1.0546
50038,1937,-0.9207,-0.7994,-0.8474,-0.9499
50403,1938,-0.7383,-0.6039,-0.6687,-0.7595
50768,1939,-0.8320,-0.7595,-0.8371,-0.8351
51133,1940,-0.8398,-0.8003,-0.7998,-0.8571
51499,1941,-0.8492,-0.7825,-0.8650,-0.8287
51864,1942,-0.8810,-0.7997,-0.8965,-0.8695
52229,1943,-0.8465,-0.7447,-0.8019,-0.8591
52594,1944,-0.7502,-0.6548,-0.7175,-0.7323
52960,1945,-1.0158,-0.8820,-0.9903,-0.9956
53325,1946,-0.9169,-0.8470,-0.9744,-0.9298
53690,1947,-0.7955,-0.7700,-0.8410,-0.8805
54055,1948,-0.8510,-0.7593,-0.9283,-0.8665
54421,1949,-1.0130,-0.8685,-0.9854,-0.9860
54786,1950,-1.2176,-1.0575,-1.1580,-1.2438
55151,1951,-0.9542,-0.8590,-0.9779,-0.9871
55516,1952,-0.9335,-0.8096,-0.9429,-0.9822
55882,1953,-0.7046,-0.6195,-0.6634,-0.7290
56247,1954,-1.0137,-0.8936,-0.9272,-1.0562
56612,1955,-0.9432,-0.9393,-1.0941,-1.0427
56977,1956,-1.2815,-1.1752,-1.2882,-1.3288
57343,1957,-0.8991,-0.8209,-0.9753,-0.9683
57708,1958,-0.8075,-0.7009,-0.9378,-0.7850
58073,1959,-0.8100,-0.7250,-0.8580,-0.8514
58438,1960,-0.9880,-0.8088,-0.9964,-0.9405
58804,1961,-0.7684,-0.6995,-0.9175,-0.8134
59169,1962,-0.8273,-0.7129,-0.9257,-0.7752
59534,1963,-0.7076,-0.7192,-0.8631,-0.7190
59899,1964,-1.1685,-1.0243,-1.2521,-1.1494
60265,1965,-1.0334,-0.9719,-1.0759,-1.0566
60630,1966,-0.9546,-0.8689,-1.0765,-0.9858
60995,1967,-0.8495,-0.8277,-0.9077,-0.9207
61360,1968,-1.0481,-0.9452,-1.1844,-1.0468
61726,1969,-0.9605,-0.8528,-1.0676,-1.0147
62091,1970,-0.8364,-0.7895,-0.9469,-0.8885
62456,1971,-0.9412,-0.9435,-0.9926,-0.9546
62821,1972,-1.0493,-0.9691,-1.1324,-1.0949
63187,1973,-0.5755,-0.6009,-0.6516,-0.5922
63552,1974,-1.0680,-1.0179,-1.0839,-1.1139
63917,1975,-0.7818,-0.8031,-0.8675,-0.7912
64282,1976,-1.1690,-1.0918,-1.1156,-1.1639
64648,1977,-0.6500,-0.6533,-0.7393,-0.6813
65013,1978,-0.8169,-0.7857,-0.8944,-0.8244
65378,1979,-0.8008,-0.6980,-0.8372,-0.7576
65743,1980,-0.5370,-0.6114,-0.6487,-0.6166
66109,1981,-0.3589,-0.4349,-0.3822,-0.4051
66474,1982,-0.8585,-0.7529,-0.8825,-0.8156
66839,1983,-0.4720,-0.4210,-0.5435,-0.4273
67204,1984,-0.8225,-0.7813,-0.7933,-0.8643
67570,1985,-0.8460,-0.7731,-0.8217,-0.8301
67935,1986,-0.6530,-0.6349,-0.7623,-0.6269
68300,1987,-0.4949,-0.4769,-0.7076,-0.4830
68665,1988,-0.2944,-0.3748,-0.3524,-0.3482
69031,1989,-0.5686,-0.5035,-0.6191,-0.5662
69396,1990,-0.2637,-0.2500,-0.3389,-0.2736
69761,1991,-0.3020,-0.3645,-0.3511,-0.4006
70126,1992,-0.6672,-0.6524,-0.7607,-0.6891
70492,1993,-0.6216,-0.5679,-0.6685,-0.5826
70857,1994,-0.4437,-0.4162,-0.5762,-0.4480
71222,1995,-0.1420,-0.1744,-0.1720,-0.1543
71587,1996,-0.4527,-0.5111,-0.5052,-0.5835
71953,1997,-0.3035,-0.2528,-0.3807,-0.2917
72318,1998,0.0379,0.1020,-0.0800,0.0515
72683,1999,-0.2130,-0.1856,-0.2834,-0.1483
73048,2000,-0.2949,-0.2710,-0.3015,-0.3008
73414,2001,-0.0865,-0.0730,-0.1692,-0.0775
73779,2002,0.0840,0.0268,-0.0121,0.0315
74144,2003,0.0330,0.0201,-0.0333,0.0200
74509,2004,-0.1622,-0.0857,-0.2780,-0.1122
74875,2005,0.2177,0.1267,0.2273,0.1621
75240,2006,0.0449,0.0679,0.1031,0.0469
75605,2007,0.2473,0.1633,0.2645,0.1952
75970,2008,-0.0430,-0.0590,-0.0540,-0.0348
76336,2009,0.0455,-0.0015,0.0108,-0.0229
76701,2010,0.2191,0.1926,0.2228,0.2202
77066,2011,0.0397,-0.0177,0.1527,-0.0120
77431,2012,-0.0057,0.0357,0.1207,0.0318
77797,2013,0.1096,0.1049,0.1059,0.0992
78162,2014,0.0795,0.1385,0.1683,0.0859
78527,2015,0.3387,0.4289,0.3905,0.4742
78892,2016,0.5365,0.5648,0.6918,0.5942
79258,2017,0.4108,0.4236,0.5581,0.4645
79623,2018,0.2457,0.2343,0.3609,0.2625
79988,2019,0.4460,0.4294,0.5544,0.4746
80353,2020,0.6020,0.5733,0.6944,0.6442
80719,2021,0.3421,0.3245,0.4162,0.4169
81084,2022,0.3384,0.3031,0.4760,0.3617
81449,2023,0.6013,0.6303,0.6289,
end data
