Conventions,G,BADC-CSV,1
title,G,Regional mean temperature for West Africa
last_revised_date,G,2022-09-12
date_valid,G,2022-09-12
feature_type,G,area average
creator,G,WMO
source,G,Produced by climind version 0.1
observation_station,G,derived data
location,G,90.,-180.,-90.,180.
activity,G,WMO
history,G,""Data set created from file ['NOAAGlobalTemp_v*.nc'] downloaded from ['https://www.ncei.noaa.gov/data/noaa-global-surface-temperature/v5/access/gridded/NOAAGlobalTemp_v.*.nc'] at ['2022-08-23 10:32:43']""
history,G,""Data set created from file ['NOAAGlobalTemp_v*.nc'] downloaded from ['https://www.ncei.noaa.gov/data/noaa-global-surface-temperature/v5/access/gridded/NOAAGlobalTemp_v.*.nc'] at ['2022-08-23 10:32:43']""
history,G,""Regridded to 1 degree latitude-longitude resolution""
history,G,""Rebaselined to 1981-2010""
history,G,""Calculated area-average""
history,G,""Calculated annual average from monthly averages using arithmetic mean""
history,G,""Selected year range 1900 to 2021""
history,G,""Wrote to file africa_subregion_2_NOAAGlobalTemp.csv""
history,G,"Data set created from file ['africa_subregion_2_NOAAGlobalTemp.csv'] downloaded from [''] at ['2022-09-01 17:57:01']"
reference,G,"Huang, B., M. J. Menne, T. Boyer, E. Freeman, B. E. Gleason, J. H. Lawrimore, C. Liu, J. J. Rennie, C. Schreck, F. Sun, R. Vose, C. N. Williams, X. Yin, H.-M. Zhang, 2020: Uncertainty estimates for sea surface temperature and land surface air temperature in NOAAGlobalTemp version 5. , J. Climate, 33, 1351-1379, DOI: 10.1175/JCLI-D-19-0395.1"
reference,G,"Zhang, Huai-Min, Jay H. Lawrimore, Boyin Huang, Matthew J. Menne, Xungang Yin, Ahira Sȧnchez-Lugo, Byron E. Gleason, Russell Vose, Derek Arndt, J. Jared Rennie, and Claude N. Williams. (2019) Updated Temperature Data Give a Sharper View of Climate Trends. Eos, 100, https://doi.org/10.1029/2019EO128229"
rights,G,TBD
comments,G,Data produced by climind version 0.1
comments,G,Format description https://help.ceda.ac.uk/article/105-badc-csv
long_name,time,time,
type,time,int
long_name,year,year,1
type,year,int
long_name,data,africa_subregion_2,degC
type,data,float
coordinate_variable,time,t
data
time,year,data
36524,1900,-0.8803
36889,1901,-0.8485
37254,1902,-0.6107
37619,1903,-1.0369
37984,1904,-1.0360
38350,1905,-0.8616
38715,1906,-0.8638
39080,1907,-1.1914
39445,1908,-0.7463
39811,1909,-0.8185
40176,1910,-0.6329
40541,1911,-1.1202
40906,1912,-0.7083
41272,1913,-0.4456
41637,1914,-0.6033
42002,1915,-0.6725
42367,1916,-1.1619
42733,1917,-0.9876
43098,1918,-1.5170
43463,1919,-0.8140
43828,1920,-1.1535
44194,1921,-1.1909
44559,1922,-0.9943
44924,1923,-1.3478
45289,1924,-0.6935
45655,1925,-0.9728
46020,1926,-0.5870
46385,1927,-0.8999
46750,1928,-0.9105
47116,1929,-1.1771
47481,1930,-0.7882
47846,1931,-0.2736
48211,1932,-0.8672
48577,1933,-0.7321
48942,1934,-0.8685
49307,1935,-0.8284
49672,1936,-0.8048
50038,1937,-0.6820
50403,1938,-0.7332
50768,1939,-0.8103
51133,1940,-0.5433
51499,1941,-0.3004
51864,1942,-0.4263
52229,1943,-1.0193
52594,1944,-0.7525
52960,1945,-0.7797
53325,1946,-0.9336
53690,1947,-0.6397
54055,1948,-1.1037
54421,1949,-0.7356
54786,1950,-1.1685
55151,1951,-0.7862
55516,1952,-0.9690
55882,1953,-0.9045
56247,1954,-1.0867
56612,1955,-0.8197
56977,1956,-1.0465
57343,1957,-1.0049
57708,1958,-0.5222
58073,1959,-0.7763
58438,1960,-0.7307
58804,1961,-1.0231
59169,1962,-0.7832
59534,1963,-0.5061
59899,1964,-0.8887
60265,1965,-1.0390
60630,1966,-0.5895
60995,1967,-0.9877
61360,1968,-0.8239
61726,1969,-0.1833
62091,1970,-0.4851
62456,1971,-0.8587
62821,1972,-0.6159
63187,1973,-0.2307
63552,1974,-1.0326
63917,1975,-0.9448
64282,1976,-0.9667
64648,1977,-0.4907
65013,1978,-0.4205
65378,1979,-0.1256
65743,1980,-0.1316
66109,1981,-0.3029
66474,1982,-0.5371
66839,1983,-0.0221
67204,1984,-0.2996
67570,1985,-0.3995
67935,1986,-0.4679
68300,1987,0.3649
68665,1988,-0.1786
69031,1989,-0.4939
69396,1990,0.0620
69761,1991,-0.3001
70126,1992,-0.5828
70492,1993,-0.0844
70857,1994,-0.3947
71222,1995,0.0193
71587,1996,0.2228
71953,1997,0.0420
72318,1998,0.4604
72683,1999,-0.0475
73048,2000,-0.0661
73414,2001,0.1195
73779,2002,0.2387
74144,2003,0.2221
74509,2004,0.2503
74875,2005,0.4912
75240,2006,0.2934
75605,2007,0.2106
75970,2008,0.0337
76336,2009,0.3436
76701,2010,0.8026
77066,2011,0.2774
77431,2012,0.0778
77797,2013,0.3144
78162,2014,0.2899
78527,2015,0.3354
78892,2016,0.7072
79258,2017,0.4920
79623,2018,0.3137
79988,2019,0.4232
80353,2020,0.5743
80719,2021,0.8914
end data
