Conventions,G,BADC-CSV,1
title,G,Regional mean temperature for WMO RA 1 West Africa
last_revised_date,G,2023-11-01
date_valid,G,2023-11-01
feature_type,G,area average
creator,G,WMO
source,G,Produced by climind version 1.0
observation_station,G,derived data
location,G,90.,-180.,-90.,180.
rights,G,TBD
activity,G,WMO
comments,G,Format description https://help.ceda.ac.uk/article/105-badc-csv
history,africa_subregion_2_Berkeley_Earth,""Data set created from file ['Land_and_Ocean_LatLong1.nc'] downloaded from ['https://berkeley-earth-temperature.s3.us-west-1.amazonaws.com/Global/Gridded/Land_and_Ocean_LatLong1.nc'] at ['2023-10-31 16:14:45']""
history,africa_subregion_2_Berkeley_Earth,""Rebaselined to 1991-2020""
history,africa_subregion_2_Berkeley_Earth,""Calculated area-average""
history,africa_subregion_2_Berkeley_Earth,""Calculated annual average from monthly averages using arithmetic mean""
history,africa_subregion_2_Berkeley_Earth,""Selected years within the range 1900 to 2023.""
history,africa_subregion_2_Berkeley_Earth,""Wrote to file africa_subregion_2_Berkeley Earth.csv""
history,africa_subregion_2_Berkeley_Earth,"Data set created from file ['africa_subregion_2_Berkeley Earth.csv'] downloaded from [''] at ['2023-11-01 16:35:54']"
reference,africa_subregion_2_Berkeley_Earth,"Rohde, R. A. and Hausfather, Z.: The Berkeley Earth Land/Ocean Temperature Record, Earth Syst. Sci. Data, 12, 3469-3479, https://doi.org/10.5194/essd-12-3469-2020, 2020"
comments,africa_subregion_2_Berkeley_Earth,"Original data acknowledgement: "
history,africa_subregion_2_ERA5,""Gridded dataset created from file ['era5_2m_tas_2023.nc'] downloaded from ['']""
history,africa_subregion_2_ERA5,""Regridded to 1 degree latitude-longitude resolution""
history,africa_subregion_2_ERA5,""Rebaselined to 1991-2020""
history,africa_subregion_2_ERA5,""Calculated area-average""
history,africa_subregion_2_ERA5,""Calculated annual average from monthly averages using arithmetic mean""
history,africa_subregion_2_ERA5,""Selected years within the range 1900 to 2023.""
history,africa_subregion_2_ERA5,""Wrote to file africa_subregion_2_ERA5.csv""
history,africa_subregion_2_ERA5,"Data set created from file ['africa_subregion_2_ERA5.csv'] downloaded from [''] at ['2023-11-01 16:36:37']"
reference,africa_subregion_2_ERA5,"Hersbach H, Bell B, Berrisford P et al. 2020. The ERA5 global reanalysis. Q. J. R. Meteorol. Soc. 146: 1999-2049. https://doi.org/10.1002/qj.3803"
comments,africa_subregion_2_ERA5,"Original data acknowledgement: Contains using Copernicus Climate Change Service information [2023]. Neither the European Commission nor ECMWF is responsible for any use that may be made of the Copernicus information or data it contains."
history,africa_subregion_2_GISTEMP,""Data set created from file ['gistemp1200_GHCNv4_ERSSTv5.nc.gz'] downloaded from ['https://data.giss.nasa.gov/pub/gistemp/gistemp1200_GHCNv4_ERSSTv5.nc.gz'] at ['2023-10-13 17:19:30']""
history,africa_subregion_2_GISTEMP,""Regridded to 1 degree latitude-longitude resolution""
history,africa_subregion_2_GISTEMP,""Rebaselined to 1991-2020""
history,africa_subregion_2_GISTEMP,""Calculated area-average""
history,africa_subregion_2_GISTEMP,""Calculated annual average from monthly averages using arithmetic mean""
history,africa_subregion_2_GISTEMP,""Selected years within the range 1900 to 2023.""
history,africa_subregion_2_GISTEMP,""Wrote to file africa_subregion_2_GISTEMP.csv""
history,africa_subregion_2_GISTEMP,"Data set created from file ['africa_subregion_2_GISTEMP.csv'] downloaded from [''] at ['2023-11-01 16:37:06']"
reference,africa_subregion_2_GISTEMP,"Lenssen, N., G. Schmidt, J. Hansen, M. Menne, A. Persin, R. Ruedy, and D. Zyss, 2019: Improvements in the GISTEMP uncertainty model. J. Geophys. Res. Atmos., 124, no. 12, 6307-6326, doi:10.1029/2018JD029522"
comments,africa_subregion_2_GISTEMP,"Original data acknowledgement: "
history,africa_subregion_2_HadCRUT5,""Data set created from file ['HadCRUT.5.0.1.0.analysis.anomalies.ensemble_mean.nc'] downloaded from ['https://www.metoffice.gov.uk/hadobs/hadcrut5/data/current/analysis/HadCRUT.5.0.1.0.analysis.anomalies.ensemble_mean.nc'] at ['2023-10-31 16:06:13']""
history,africa_subregion_2_HadCRUT5,""Regridded to 1 degree latitude-longitude resolution""
history,africa_subregion_2_HadCRUT5,""Rebaselined to 1991-2020""
history,africa_subregion_2_HadCRUT5,""Calculated area-average""
history,africa_subregion_2_HadCRUT5,""Calculated annual average from monthly averages using arithmetic mean""
history,africa_subregion_2_HadCRUT5,""Selected years within the range 1900 to 2023.""
history,africa_subregion_2_HadCRUT5,""Wrote to file africa_subregion_2_HadCRUT5.csv""
history,africa_subregion_2_HadCRUT5,"Data set created from file ['africa_subregion_2_HadCRUT5.csv'] downloaded from [''] at ['2023-11-01 16:38:00']"
reference,africa_subregion_2_HadCRUT5,"Morice, C. P., Kennedy, J. J., Rayner, N. A., Winn, J. P., Hogan, E., Killick, R. E., et al. (2021). An updated assessment of near-surface temperature change from 1850: the HadCRUT5 data set. Journal of Geophysical Research: Atmospheres, 126, e2019JD032361. https://doi.org/10.1029/2019JD032361"
comments,africa_subregion_2_HadCRUT5,"Original data acknowledgement: HadCRUT.5.0.1.0 data were obtained from http://www.metoffice.gov.uk/hadobs/hadcrut5 on 2023-10-31 16:06:13 and are © British Crown Copyright, Met Office 2023, provided under an Open Government License, http://www.nationalarchives.gov.uk/doc/open-government-licence/version/3/"
history,africa_subregion_2_JRA-55,""Data set created from file ['anl_surf125.011_tmp.202301_202312', 'anl_surf125.2023MMMM'] downloaded from ['', ''] at ['2023-10-06 11:01:38']""
history,africa_subregion_2_JRA-55,""Regridded to 1 degree latitude-longitude resolution""
history,africa_subregion_2_JRA-55,""Rebaselined to 1991-2020""
history,africa_subregion_2_JRA-55,""Calculated area-average""
history,africa_subregion_2_JRA-55,""Calculated annual average from monthly averages using arithmetic mean""
history,africa_subregion_2_JRA-55,""Selected years within the range 1900 to 2023.""
history,africa_subregion_2_JRA-55,""Wrote to file africa_subregion_2_JRA-55.csv""
history,africa_subregion_2_JRA-55,"Data set created from file ['africa_subregion_2_JRA-55.csv'] downloaded from [''] at ['2023-11-01 16:38:47']"
reference,africa_subregion_2_JRA-55,"Kobayashi, S., Ota, Y., Harada, Y., Ebita, A., Moriya, M., Onoda, H., Onogi, K., Kamahori, H., Kobayashi, C., Endo, H. and Miyaoka, K., (2015). The JRA-55 reanalysis: General specifications and basic characteristics. Journal of the Meteorological Society of Japan. Ser. II, 93(1), pp.5-48."
comments,africa_subregion_2_JRA-55,"Original data acknowledgement: "
history,africa_subregion_2_Kadow,""Data set created from file ['HadCRUT.5.0.1.0.anomalies.Kadow_et_al_2020_20crAI-infilled.ensemble_mean_185001-*.nc'] downloaded from [''] at ['2023-10-23 09:13:55']""
history,africa_subregion_2_Kadow,""Regridded to 1 degree latitude-longitude resolution""
history,africa_subregion_2_Kadow,""Rebaselined to 1991-2020""
history,africa_subregion_2_Kadow,""Calculated area-average""
history,africa_subregion_2_Kadow,""Calculated annual average from monthly averages using arithmetic mean""
history,africa_subregion_2_Kadow,""Selected years within the range 1900 to 2023.""
history,africa_subregion_2_Kadow,""Wrote to file africa_subregion_2_Kadow.csv""
history,africa_subregion_2_Kadow,"Data set created from file ['africa_subregion_2_Kadow.csv'] downloaded from [''] at ['2023-11-01 16:39:25']"
reference,africa_subregion_2_Kadow,"Kadow, C., Hall, D.M. & Ulbrich, U. Artificial intelligence reconstructs missing climate information. Nat. Geosci. (2020). https://doi.org/10.1038/s41561-020-0582-5"
comments,africa_subregion_2_Kadow,"Original data acknowledgement: "
history,africa_subregion_2_NOAA_Interim,""Data set created from file ['NOAAGlobalTemp_v*.nc'] downloaded from ['https://www.ncei.noaa.gov/data/noaa-global-surface-temperature/v5.1/access/gridded/NOAAGlobalTemp_v.*.nc'] at ['2023-10-14 08:45:48']""
history,africa_subregion_2_NOAA_Interim,""Data set created from file ['NOAAGlobalTemp_v*.nc'] downloaded from ['https://www.ncei.noaa.gov/data/noaa-global-surface-temperature/v5.1/access/gridded/NOAAGlobalTemp_v.*.nc'] at ['2023-10-14 08:45:48']""
history,africa_subregion_2_NOAA_Interim,""Regridded to 1 degree latitude-longitude resolution""
history,africa_subregion_2_NOAA_Interim,""Rebaselined to 1991-2020""
history,africa_subregion_2_NOAA_Interim,""Calculated area-average""
history,africa_subregion_2_NOAA_Interim,""Calculated annual average from monthly averages using arithmetic mean""
history,africa_subregion_2_NOAA_Interim,""Selected years within the range 1900 to 2023.""
history,africa_subregion_2_NOAA_Interim,""Wrote to file africa_subregion_2_NOAA Interim.csv""
history,africa_subregion_2_NOAA_Interim,"Data set created from file ['africa_subregion_2_NOAA Interim.csv'] downloaded from [''] at ['2023-11-01 16:40:23']"
reference,africa_subregion_2_NOAA_Interim,"Vose, R.S., B. Huang, X. Yin., D. Arndt, D.R. Easterling, J.H. Lawrimore, M.J. Menne, A. Sanchez-Lugo, H.-M. Zhang, 2021: Implementing full spatial coverage in NOAA’s global temperature analysis. Geophysical Research Letters, 48, e2020GL090873. https://doi.org/10.1029/2020GL090873"
comments,africa_subregion_2_NOAA_Interim,"Original data acknowledgement: "
long_name,time,time,days since 1800-01-01 00:00:00.0
type,time,int
long_name,year,year,1
type,year,int
long_name,africa_subregion_2_Berkeley_Earth,africa_subregion_2,degC
type,africa_subregion_2_Berkeley_Earth,float
long_name,africa_subregion_2_ERA5,africa_subregion_2,degC
type,africa_subregion_2_ERA5,float
long_name,africa_subregion_2_GISTEMP,africa_subregion_2,degC
type,africa_subregion_2_GISTEMP,float
long_name,africa_subregion_2_HadCRUT5,africa_subregion_2,degC
type,africa_subregion_2_HadCRUT5,float
long_name,africa_subregion_2_JRA-55,africa_subregion_2,degC
type,africa_subregion_2_JRA-55,float
long_name,africa_subregion_2_Kadow,africa_subregion_2,degC
type,africa_subregion_2_Kadow,float
long_name,africa_subregion_2_NOAA_Interim,africa_subregion_2,degC
type,africa_subregion_2_NOAA_Interim,float
coordinate_variable,time,t
data
time,year,africa_subregion_2_Berkeley_Earth,africa_subregion_2_ERA5,africa_subregion_2_GISTEMP,africa_subregion_2_HadCRUT5,africa_subregion_2_JRA-55,africa_subregion_2_Kadow,africa_subregion_2_NOAA_Interim
36524,1900,-1.1265,,-0.7909,-0.7778,,-1.3354,-0.8426
36889,1901,-0.9851,,-0.5744,-0.9282,,-1.2688,-0.9380
37254,1902,-0.9486,,-0.2052,-0.7549,,-1.0374,-0.7511
37619,1903,-1.6286,,-0.8728,-1.2661,,-1.5863,-0.7774
37984,1904,-1.7217,,-0.8700,-1.2314,,-1.7769,-1.3882
38350,1905,-1.5800,,-0.5303,-1.1375,,-1.5853,-1.0123
38715,1906,-1.3492,,-0.8463,-0.7986,,-1.2076,-1.0609
39080,1907,-1.7249,,-1.1535,-1.0689,,-1.5289,-1.4928
39445,1908,-1.3181,,-0.8380,-0.7217,,-1.0886,-0.9627
39811,1909,-1.2658,,-0.8968,-0.8022,,-1.1649,-1.1700
40176,1910,-1.1448,,-0.4322,-0.8491,,-1.4062,-1.0820
40541,1911,-1.6314,,-1.0246,-1.0253,,-1.4565,-1.3675
40906,1912,-1.1892,,-0.5339,-0.5713,,-1.0009,-1.0948
41272,1913,-0.9459,,-0.4061,-0.4614,,-0.8677,-0.7485
41637,1914,-0.6604,,-0.5445,-0.4104,,-0.7510,-0.9335
42002,1915,-0.9413,,-0.8562,-0.5518,,-0.5917,-0.9570
42367,1916,-1.3800,,-1.1701,-1.0145,,-1.1367,-1.3722
42733,1917,-1.1241,,-0.8549,-0.7499,,-0.8787,-1.3514
43098,1918,-1.4317,,-1.3545,-1.0214,,-1.3046,-1.4228
43463,1919,-1.0650,,-0.7439,-0.5803,,-0.7224,-0.8556
43828,1920,-1.2372,,-1.2663,-1.0379,,-1.3120,-1.3508
44194,1921,-0.9990,,-1.0033,-0.6166,,-1.0131,-1.2874
44559,1922,-0.8001,,-1.0070,-0.7848,,-0.8955,-1.3635
44924,1923,-0.8716,,-1.0834,-0.8755,,-0.9982,-1.3142
45289,1924,-0.6361,,-1.0269,-0.7130,,-0.8772,-0.9211
45655,1925,-0.8145,,-0.9179,-1.0297,,-1.1497,-1.2025
46020,1926,-0.4394,,-0.4325,-0.6226,,-0.7443,-0.7152
46385,1927,-0.9231,,-0.8587,-1.0167,,-1.0749,-0.9414
46750,1928,-0.9447,,-0.7629,-1.0900,,-1.2096,-0.9765
47116,1929,-1.1743,,-1.1147,-1.1233,,-1.2634,-1.2935
47481,1930,-0.7080,,-0.8223,-0.7185,,-0.7708,-1.0201
47846,1931,-0.2968,,-0.3636,-0.1603,,-0.2190,-0.5635
48211,1932,-0.8112,,-0.8642,-0.7641,,-0.8852,-1.0491
48577,1933,-0.8283,,-0.8008,-0.7116,,-0.9707,-1.0035
48942,1934,-1.0517,,-0.8253,-0.7594,,-0.9718,-1.0222
49307,1935,-1.0024,,-0.8889,-0.2764,,-0.8524,-1.0606
49672,1936,-1.1153,,-0.8514,-0.5217,,-0.8713,-0.8605
50038,1937,-0.7033,,-0.7570,-0.1670,,-0.5724,-0.8366
50403,1938,-0.7840,,-0.6920,-0.1504,,-0.6761,-0.9611
50768,1939,-0.8540,,-0.7626,-0.4263,,-0.9680,-0.9455
51133,1940,-0.5639,,-0.6473,-0.3948,,-0.5600,-0.6909
51499,1941,-0.2656,,-0.4029,-0.1300,,-0.1654,-0.5327
51864,1942,-0.5854,,-0.6067,-0.4147,,-0.5335,-0.7800
52229,1943,-1.1269,,-1.0292,-0.9483,,-1.1812,-1.1600
52594,1944,-0.7581,,-0.7742,-0.5797,,-0.7729,-0.9724
52960,1945,-0.8762,,-0.9331,-0.7675,,-1.0473,-0.9081
53325,1946,-0.9716,,-1.0998,-0.8405,,-0.9761,-1.1258
53690,1947,-0.6736,,-0.7110,-0.5250,,-0.7397,-0.7746
54055,1948,-1.1328,,-1.1914,-1.0142,,-1.2431,-1.2425
54421,1949,-0.8020,,-0.8059,-0.6726,,-0.8834,-0.8784
54786,1950,-1.3285,,-1.2551,-1.1550,,-1.3105,-1.2806
55151,1951,-0.9078,,-0.9662,-0.7034,,-0.8315,-1.0251
55516,1952,-1.1576,,-1.1099,-0.9471,,-1.0690,-1.1172
55882,1953,-1.0183,,-1.0631,-0.8598,,-0.9648,-1.0627
56247,1954,-1.2285,,-1.1929,-1.0961,,-1.1948,-1.2590
56612,1955,-0.9408,,-1.0421,-0.8313,,-0.9233,-1.0122
56977,1956,-1.1565,,-1.1543,-1.0282,,-1.1541,-1.2617
57343,1957,-1.1354,,-1.1201,-1.0145,,-1.0972,-1.1234
57708,1958,-0.6822,,-0.6878,-0.6020,-0.5233,-0.6445,-0.6935
58073,1959,-0.8955,,-0.9186,-0.7867,-0.7900,-0.9153,-0.9232
58438,1960,-0.8962,,-0.9000,-0.8170,-0.6688,-0.9436,-0.8726
58804,1961,-1.1937,,-1.1775,-1.0511,-1.0569,-1.1301,-1.1312
59169,1962,-0.9445,,-0.9446,-0.8837,-0.8116,-0.9496,-0.9504
59534,1963,-0.6722,,-0.6679,-0.5741,-0.7405,-0.5978,-0.6742
59899,1964,-0.9965,,-1.0298,-0.8756,-0.8370,-0.8683,-1.0692
60265,1965,-1.2262,,-1.2145,-1.1076,-0.8365,-1.1727,-1.2466
60630,1966,-0.7249,,-0.7966,-0.7030,-0.4815,-0.7483,-0.7181
60995,1967,-1.1664,,-1.1665,-1.0801,-1.0179,-1.1770,-1.1838
61360,1968,-0.9573,,-0.9846,-0.8101,-0.7768,-0.8856,-0.9900
61726,1969,-0.3598,,-0.3672,-0.2015,-0.0943,-0.2074,-0.3263
62091,1970,-0.6502,,-0.6429,-0.5391,-0.4095,-0.5708,-0.6476
62456,1971,-1.0305,,-1.0043,-0.9032,-0.8069,-0.9586,-1.0903
62821,1972,-0.8604,,-0.7594,-0.7005,-0.5202,-0.7550,-0.8568
63187,1973,-0.4859,,-0.3660,-0.4285,-0.2207,-0.4368,-0.4573
63552,1974,-1.2515,,-1.1680,-1.1807,-1.0743,-1.2304,-1.2307
63917,1975,-1.1937,,-1.1073,-1.1465,-1.0215,-1.1911,-1.1671
64282,1976,-1.2825,,-1.1529,-1.1627,-1.1113,-1.1901,-1.1722
64648,1977,-0.7457,,-0.6735,-0.6845,-0.5793,-0.7313,-0.7181
65013,1978,-0.6783,,-0.6470,-0.6275,-0.5288,-0.6327,-0.6541
65378,1979,-0.4102,-0.4720,-0.3693,-0.3893,-0.2558,-0.3558,-0.3237
65743,1980,-0.3804,-0.3202,-0.3134,-0.3727,-0.2833,-0.3957,-0.3453
66109,1981,-0.5158,-0.6142,-0.4851,-0.5774,-0.4914,-0.6322,-0.5031
66474,1982,-0.7975,-0.8478,-0.7258,-0.7883,-0.7609,-0.8273,-0.7385
66839,1983,-0.2053,-0.2151,-0.1947,-0.2224,-0.1489,-0.1989,-0.1802
67204,1984,-0.4620,-0.5813,-0.4095,-0.3854,-0.3591,-0.3696,-0.4637
67570,1985,-0.5838,-0.6868,-0.5326,-0.5710,-0.4865,-0.5883,-0.5383
67935,1986,-0.6705,-0.6910,-0.5964,-0.7062,-0.6576,-0.7359,-0.6277
68300,1987,0.2241,0.2430,0.2195,0.1375,0.3163,0.1509,0.1698
68665,1988,-0.4289,-0.3857,-0.4077,-0.4562,-0.3326,-0.4461,-0.3952
69031,1989,-0.6819,-0.6003,-0.6797,-0.6988,-0.5848,-0.7230,-0.6799
69396,1990,-0.1284,-0.1051,-0.1209,-0.1428,-0.1138,-0.1664,-0.1405
69761,1991,-0.4064,-0.4451,-0.4630,-0.3857,-0.4391,-0.3783,-0.4800
70126,1992,-0.7554,-0.8288,-0.7248,-0.7656,-0.8078,-0.8411,-0.7221
70492,1993,-0.3265,-0.3776,-0.2754,-0.3700,-0.4685,-0.3857,-0.3236
70857,1994,-0.5830,-0.6735,-0.6080,-0.7561,-0.6473,-0.7469,-0.6142
71222,1995,-0.1723,-0.3859,-0.2090,-0.2819,-0.3109,-0.2892,-0.1571
71587,1996,0.0337,-0.1994,-0.0086,-0.0989,-0.0175,-0.0924,-0.0311
71953,1997,-0.1440,-0.2861,-0.1531,-0.1062,-0.0710,-0.0890,-0.1416
72318,1998,0.2703,0.1696,0.2460,0.2173,0.3712,0.1895,0.2471
72683,1999,-0.3482,-0.5435,-0.3622,-0.3514,-0.3012,-0.3532,-0.3580
73048,2000,-0.3033,-0.3879,-0.2976,-0.3582,-0.1647,-0.3584,-0.3008
73414,2001,-0.1094,-0.0800,-0.1546,-0.1086,0.0637,-0.0543,-0.0766
73779,2002,0.0240,-0.0087,0.0219,-0.0105,0.0635,-0.0197,0.0447
74144,2003,0.0273,0.0989,0.0409,0.0518,0.1257,0.0264,0.0471
74509,2004,0.0730,0.0513,0.1069,0.1280,0.0818,0.1057,0.0593
74875,2005,0.2597,0.3127,0.3215,0.2569,0.3319,0.2541,0.2918
75240,2006,0.0741,0.0378,0.0855,0.0004,0.1109,0.0125,0.0630
75605,2007,0.0166,-0.0275,0.0835,0.0699,0.0997,0.0847,-0.0090
75970,2008,-0.1803,-0.2464,-0.1897,-0.1944,-0.1538,-0.2199,-0.1676
76336,2009,0.1942,0.3208,0.1270,0.2552,0.3385,0.2596,0.1267
76701,2010,0.6964,0.8869,0.5559,0.7572,0.8675,0.7158,0.6324
77066,2011,0.1166,0.2658,0.0587,0.2114,0.2096,0.2070,0.0570
77431,2012,-0.2082,-0.0685,-0.2067,-0.0777,-0.1411,-0.0891,-0.1382
77797,2013,0.1040,0.2167,0.0701,0.2372,0.1378,0.2688,0.0679
78162,2014,0.0672,0.1484,0.0726,0.1632,0.1129,0.2200,0.0983
78527,2015,0.0614,0.1087,0.1070,0.1712,-0.0599,0.1944,0.1442
78892,2016,0.4665,0.5976,0.5198,0.5149,0.3775,0.5616,0.4953
79258,2017,0.3353,0.3700,0.3609,0.2578,0.1653,0.2568,0.3534
79623,2018,0.1124,0.2161,0.1565,0.1666,-0.1059,0.1881,0.0611
79988,2019,0.2357,0.2202,0.2926,0.0864,0.0488,0.1282,0.2840
80353,2020,0.3686,0.5375,0.4254,0.3216,0.1825,0.2438,0.4464
80719,2021,0.6315,0.7886,0.6713,0.5995,0.5426,0.6883,0.6186
81084,2022,0.0518,0.1408,0.0798,-0.0298,-0.1801,-0.0316,0.1170
81449,2023,0.5474,0.7652,0.6489,0.5508,0.3664,0.5469,0.6470
end data
