Conventions,G,BADC-CSV,1
title,G,Regional mean temperature for West Africa
last_revised_date,G,2022-11-24
date_valid,G,2022-11-24
feature_type,G,area average
creator,G,WMO
source,G,Produced by climind version 0.1
observation_station,G,derived data
location,G,90.,-180.,-90.,180.
activity,G,WMO
history,G,""Gridded dataset created from file ['era5_2m_tas_2022.nc'] downloaded from ['']""
history,G,""Regridded to 1 degree latitude-longitude resolution""
history,G,""Rebaselined to 1981-2010""
history,G,""Calculated area-average""
history,G,""Calculated annual average from monthly averages using arithmetic mean""
history,G,""Selected years within the range 1900 to 2022.""
history,G,""Wrote to file africa_subregion_2_ERA5.csv""
history,G,"Data set created from file ['africa_subregion_2_ERA5.csv'] downloaded from [''] at ['2022-11-23 19:13:52']"
reference,G,"Hersbach H, Bell B, Berrisford P et al. 2020. The ERA5 global reanalysis. Q. J. R. Meteorol. Soc. 146: 1999– 2049. https://doi.org/10.1002/qj.3803"
rights,G,TBD
comments,G,Data produced by climind version 0.1
comments,G,Format description https://help.ceda.ac.uk/article/105-badc-csv
long_name,time,time,days since 1800-01-01 00:00:00.0
type,time,int
long_name,year,year,1
type,year,int
long_name,data,africa_subregion_2,degC
type,data,float
coordinate_variable,time,t
data
time,year,data
65378,1979,-0.2355
65743,1980,-0.0837
66109,1981,-0.3777
66474,1982,-0.6112
66839,1983,0.0215
67204,1984,-0.3447
67570,1985,-0.4502
67935,1986,-0.4545
68300,1987,0.4795
68665,1988,-0.1491
69031,1989,-0.3637
69396,1990,0.1315
69761,1991,-0.2085
70126,1992,-0.5922
70492,1993,-0.1411
70857,1994,-0.4369
71222,1995,-0.1494
71587,1996,0.0371
71953,1997,-0.0496
72318,1998,0.4061
72683,1999,-0.3069
73048,2000,-0.1513
73414,2001,0.1565
73779,2002,0.2279
74144,2003,0.3354
74509,2004,0.2878
74875,2005,0.5493
75240,2006,0.2743
75605,2007,0.2090
75970,2008,-0.0099
76336,2009,0.5574
76701,2010,1.1235
77066,2011,0.5024
77431,2012,0.1680
77797,2013,0.4532
78162,2014,0.3850
78527,2015,0.3453
78892,2016,0.8342
79258,2017,0.6066
79623,2018,0.4527
79988,2019,0.4568
80353,2020,0.7741
80719,2021,1.0252
81084,2022,0.3206
end data
