Conventions,G,BADC-CSV,1
title,G,Regional mean temperature for West Africa
last_revised_date,G,2022-11-24
date_valid,G,2022-11-24
feature_type,G,area average
creator,G,WMO
source,G,Produced by climind version 0.1
observation_station,G,derived data
location,G,90.,-180.,-90.,180.
activity,G,WMO
history,G,""Data set created from file ['NOAAGlobalTemp_v*.nc'] downloaded from ['https://www.ncei.noaa.gov/data/noaa-global-surface-temperature/v5/access/gridded/NOAAGlobalTemp_v.*.nc'] at ['2022-11-21 17:47:59']""
history,G,""Data set created from file ['NOAAGlobalTemp_v*.nc'] downloaded from ['https://www.ncei.noaa.gov/data/noaa-global-surface-temperature/v5/access/gridded/NOAAGlobalTemp_v.*.nc'] at ['2022-11-21 17:47:59']""
history,G,""Regridded to 1 degree latitude-longitude resolution""
history,G,""Rebaselined to 1981-2010""
history,G,""Calculated area-average""
history,G,""Calculated annual average from monthly averages using arithmetic mean""
history,G,""Selected years within the range 1900 to 2022.""
history,G,""Wrote to file africa_subregion_2_NOAAGlobalTemp.csv""
history,G,"Data set created from file ['africa_subregion_2_NOAAGlobalTemp.csv'] downloaded from [''] at ['2022-11-23 19:15:10']"
reference,G,"Huang, B., M. J. Menne, T. Boyer, E. Freeman, B. E. Gleason, J. H. Lawrimore, C. Liu, J. J. Rennie, C. Schreck, F. Sun, R. Vose, C. N. Williams, X. Yin, H.-M. Zhang, 2020: Uncertainty estimates for sea surface temperature and land surface air temperature in NOAAGlobalTemp version 5. , J. Climate, 33, 1351-1379, DOI: 10.1175/JCLI-D-19-0395.1"
reference,G,"Zhang, Huai-Min, Jay H. Lawrimore, Boyin Huang, Matthew J. Menne, Xungang Yin, Ahira Sȧnchez-Lugo, Byron E. Gleason, Russell Vose, Derek Arndt, J. Jared Rennie, and Claude N. Williams. (2019) Updated Temperature Data Give a Sharper View of Climate Trends. Eos, 100, https://doi.org/10.1029/2019EO128229"
rights,G,TBD
comments,G,Data produced by climind version 0.1
comments,G,Format description https://help.ceda.ac.uk/article/105-badc-csv
long_name,time,time,days since 1800-01-01 00:00:00.0
type,time,int
long_name,year,year,1
type,year,int
long_name,data,africa_subregion_2,degC
type,data,float
coordinate_variable,time,t
data
time,year,data
36524,1900,-0.8399
36889,1901,-0.7985
37254,1902,-0.6014
37619,1903,-1.0032
37984,1904,-0.9525
38350,1905,-0.7483
38715,1906,-0.7656
39080,1907,-1.1033
39445,1908,-0.6493
39811,1909,-0.7492
40176,1910,-0.5628
40541,1911,-1.0521
40906,1912,-0.6361
41272,1913,-0.3894
41637,1914,-0.5314
42002,1915,-0.5819
42367,1916,-1.1555
42733,1917,-0.9643
43098,1918,-1.4901
43463,1919,-0.8328
43828,1920,-1.1557
44194,1921,-1.2253
44559,1922,-1.0137
44924,1923,-1.3692
45289,1924,-0.7266
45655,1925,-1.0044
46020,1926,-0.6369
46385,1927,-0.9388
46750,1928,-0.9496
47116,1929,-1.2086
47481,1930,-0.8168
47846,1931,-0.2597
48211,1932,-0.8412
48577,1933,-0.7220
48942,1934,-0.9014
49307,1935,-0.8639
49672,1936,-0.8375
50038,1937,-0.7344
50403,1938,-0.7847
50768,1939,-0.8787
51133,1940,-0.5832
51499,1941,-0.3400
51864,1942,-0.4602
52229,1943,-1.0316
52594,1944,-0.7546
52960,1945,-0.7899
53325,1946,-0.9467
53690,1947,-0.6542
54055,1948,-1.1206
54421,1949,-0.7533
54786,1950,-1.1844
55151,1951,-0.8026
55516,1952,-0.9743
55882,1953,-0.9120
56247,1954,-1.0950
56612,1955,-0.8315
56977,1956,-1.0604
57343,1957,-1.0150
57708,1958,-0.5358
58073,1959,-0.7908
58438,1960,-0.7392
58804,1961,-1.0326
59169,1962,-0.7925
59534,1963,-0.5141
59899,1964,-0.8949
60265,1965,-1.0470
60630,1966,-0.5904
60995,1967,-0.9944
61360,1968,-0.8247
61726,1969,-0.1824
62091,1970,-0.4824
62456,1971,-0.8583
62821,1972,-0.6171
63187,1973,-0.2333
63552,1974,-1.0304
63917,1975,-0.9576
64282,1976,-0.9804
64648,1977,-0.5014
65013,1978,-0.4350
65378,1979,-0.1430
65743,1980,-0.1497
66109,1981,-0.3164
66474,1982,-0.5466
66839,1983,-0.0414
67204,1984,-0.3151
67570,1985,-0.4094
67935,1986,-0.4824
68300,1987,0.3496
68665,1988,-0.1941
69031,1989,-0.5086
69396,1990,0.0459
69761,1991,-0.3134
70126,1992,-0.5963
70492,1993,-0.0930
70857,1994,-0.4200
71222,1995,0.0121
71587,1996,0.2115
71953,1997,0.0293
72318,1998,0.4630
72683,1999,-0.0431
73048,2000,-0.0601
73414,2001,0.1262
73779,2002,0.2455
74144,2003,0.2355
74509,2004,0.2737
74875,2005,0.5131
75240,2006,0.3319
75605,2007,0.2406
75970,2008,0.0585
76336,2009,0.3703
76701,2010,0.8332
77066,2011,0.3111
77431,2012,0.1107
77797,2013,0.3467
78162,2014,0.3384
78527,2015,0.3832
78892,2016,0.7350
79258,2017,0.5284
79623,2018,0.3627
79988,2019,0.4731
80353,2020,0.6454
80719,2021,0.9405
81084,2022,0.2793
end data
