Conventions,G,BADC-CSV,1
title,G,Regional mean temperature for West Africa
last_revised_date,G,2022-12-16
date_valid,G,2022-12-16
feature_type,G,area average
creator,G,WMO
source,G,Produced by climind version 0.1
observation_station,G,derived data
location,G,90.,-180.,-90.,180.
activity,G,WMO
history,G,""Data set created from file ['NOAAGlobalTemp_v*.nc'] downloaded from ['https://www.ncei.noaa.gov/data/noaa-global-surface-temperature/v5/access/gridded/NOAAGlobalTemp_v.*.nc'] at ['2022-12-16 09:24:29']""
history,G,""Data set created from file ['NOAAGlobalTemp_v*.nc'] downloaded from ['https://www.ncei.noaa.gov/data/noaa-global-surface-temperature/v5/access/gridded/NOAAGlobalTemp_v.*.nc'] at ['2022-12-16 09:24:29']""
history,G,""Regridded to 1 degree latitude-longitude resolution""
history,G,""Rebaselined to 1991-2020""
history,G,""Calculated area-average""
history,G,""Calculated annual average from monthly averages using arithmetic mean""
history,G,""Selected years within the range 1900 to 2022.""
history,G,""Wrote to file africa_subregion_2_NOAAGlobalTemp.csv""
history,G,"Data set created from file ['africa_subregion_2_NOAAGlobalTemp.csv'] downloaded from [''] at ['2022-12-16 17:53:22']"
reference,G,"Huang, B., M. J. Menne, T. Boyer, E. Freeman, B. E. Gleason, J. H. Lawrimore, C. Liu, J. J. Rennie, C. Schreck, F. Sun, R. Vose, C. N. Williams, X. Yin, H.-M. Zhang, 2020: Uncertainty estimates for sea surface temperature and land surface air temperature in NOAAGlobalTemp version 5. , J. Climate, 33, 1351-1379, DOI: 10.1175/JCLI-D-19-0395.1"
reference,G,"Zhang, Huai-Min, Jay H. Lawrimore, Boyin Huang, Matthew J. Menne, Xungang Yin, Ahira Sȧnchez-Lugo, Byron E. Gleason, Russell Vose, Derek Arndt, J. Jared Rennie, and Claude N. Williams. (2019) Updated Temperature Data Give a Sharper View of Climate Trends. Eos, 100, https://doi.org/10.1029/2019EO128229"
rights,G,TBD
comments,G,Data produced by climind version 0.1
comments,G,Format description https://help.ceda.ac.uk/article/105-badc-csv
long_name,time,time,days since 1800-01-01 00:00:00.0
type,time,int
long_name,year,year,1
type,year,int
long_name,data,africa_subregion_2,degC
type,data,float
coordinate_variable,time,t
data
time,year,data
36524,1900,-1.1457
36889,1901,-1.0772
37254,1902,-0.8813
37619,1903,-1.2880
37984,1904,-1.2717
38350,1905,-1.1208
38715,1906,-1.1491
39080,1907,-1.4599
39445,1908,-1.0227
39811,1909,-1.1095
40176,1910,-0.9127
40541,1911,-1.3843
40906,1912,-0.9933
41272,1913,-0.7116
41637,1914,-0.8981
42002,1915,-0.9308
42367,1916,-1.4456
42733,1917,-1.2711
43098,1918,-1.7944
43463,1919,-1.1048
43828,1920,-1.4584
44194,1921,-1.5149
44559,1922,-1.2932
44924,1923,-1.6295
45289,1924,-0.9816
45655,1925,-1.2670
46020,1926,-0.8936
46385,1927,-1.2018
46750,1928,-1.1952
47116,1929,-1.4644
47481,1930,-1.0907
47846,1931,-0.5716
48211,1932,-1.1463
48577,1933,-1.0331
48942,1934,-1.2133
49307,1935,-1.1743
49672,1936,-1.1394
50038,1937,-0.9756
50403,1938,-1.0416
50768,1939,-1.1185
51133,1940,-0.8525
51499,1941,-0.5724
51864,1942,-0.7013
52229,1943,-1.3022
52594,1944,-1.0207
52960,1945,-1.0367
53325,1946,-1.1691
53690,1947,-0.8800
54055,1948,-1.3429
54421,1949,-0.9811
54786,1950,-1.4038
55151,1951,-1.0413
55516,1952,-1.2119
55882,1953,-1.1420
56247,1954,-1.3209
56612,1955,-1.0531
56977,1956,-1.2789
57343,1957,-1.2462
57708,1958,-0.7759
58073,1959,-1.0131
58438,1960,-0.9703
58804,1961,-1.2680
59169,1962,-1.0216
59534,1963,-0.7436
59899,1964,-1.1323
60265,1965,-1.2871
60630,1966,-0.8297
60995,1967,-1.2389
61360,1968,-1.0626
61726,1969,-0.4211
62091,1970,-0.7285
62456,1971,-1.1002
62821,1972,-0.8573
63187,1973,-0.4721
63552,1974,-1.2726
63917,1975,-1.2001
64282,1976,-1.2269
64648,1977,-0.7473
65013,1978,-0.6793
65378,1979,-0.3824
65743,1980,-0.3845
66109,1981,-0.5416
66474,1982,-0.7677
66839,1983,-0.2554
67204,1984,-0.5281
67570,1985,-0.6272
67935,1986,-0.6894
68300,1987,0.1347
68665,1988,-0.4109
69031,1989,-0.7248
69396,1990,-0.1670
69761,1991,-0.5348
70126,1992,-0.8201
70492,1993,-0.3239
70857,1994,-0.6283
71222,1995,-0.2082
71587,1996,-0.0064
71953,1997,-0.1964
72318,1998,0.2353
72683,1999,-0.2680
73048,2000,-0.2802
73414,2001,-0.0893
73779,2002,0.0308
74144,2003,0.0242
74509,2004,0.0588
74875,2005,0.2929
75240,2006,0.1113
75605,2007,0.0135
75970,2008,-0.1623
76336,2009,0.1485
76701,2010,0.6079
77066,2011,0.0936
77431,2012,-0.1164
77797,2013,0.1175
78162,2014,0.1064
78527,2015,0.1627
78892,2016,0.5189
79258,2017,0.3060
79623,2018,0.1356
79988,2019,0.2466
80353,2020,0.4237
80719,2021,0.7157
81084,2022,0.0281
end data
