Conventions,G,BADC-CSV,1
title,G,Regional mean temperature for West Africa
last_revised_date,G,2023-02-03
date_valid,G,2023-02-03
feature_type,G,area average
creator,G,WMO
source,G,Produced by climind version 0.1
observation_station,G,derived data
location,G,90.,-180.,-90.,180.
activity,G,WMO
history,G,""Data set created from file ['NOAAGlobalTemp_v*.nc'] downloaded from ['https://www.ncei.noaa.gov/data/noaa-global-surface-temperature/v5/access/gridded/NOAAGlobalTemp_v.*.nc'] at ['2023-02-02 09:18:32']""
history,G,""Data set created from file ['NOAAGlobalTemp_v*.nc'] downloaded from ['https://www.ncei.noaa.gov/data/noaa-global-surface-temperature/v5/access/gridded/NOAAGlobalTemp_v.*.nc'] at ['2023-02-02 09:18:32']""
history,G,""Regridded to 1 degree latitude-longitude resolution""
history,G,""Rebaselined to 1991-2020""
history,G,""Calculated area-average""
history,G,""Calculated annual average from monthly averages using arithmetic mean""
history,G,""Selected years within the range 1900 to 2022.""
history,G,""Wrote to file africa_subregion_2_NOAAGlobalTemp.csv""
history,G,"Data set created from file ['africa_subregion_2_NOAAGlobalTemp.csv'] downloaded from [''] at ['2023-02-02 18:40:50']"
reference,G,"Huang, B., M. J. Menne, T. Boyer, E. Freeman, B. E. Gleason, J. H. Lawrimore, C. Liu, J. J. Rennie, C. Schreck, F. Sun, R. Vose, C. N. Williams, X. Yin, H.-M. Zhang, 2020: Uncertainty estimates for sea surface temperature and land surface air temperature in NOAAGlobalTemp version 5. , J. Climate, 33, 1351-1379, DOI: 10.1175/JCLI-D-19-0395.1"
reference,G,"Zhang, Huai-Min, Jay H. Lawrimore, Boyin Huang, Matthew J. Menne, Xungang Yin, Ahira Sȧnchez-Lugo, Byron E. Gleason, Russell Vose, Derek Arndt, J. Jared Rennie, and Claude N. Williams. (2019) Updated Temperature Data Give a Sharper View of Climate Trends. Eos, 100, https://doi.org/10.1029/2019EO128229"
rights,G,TBD
comments,G,Data produced by climind version 0.1
comments,G,Format description https://help.ceda.ac.uk/article/105-badc-csv
long_name,time,time,days since 1800-01-01 00:00:00.0
type,time,int
long_name,year,year,1
type,year,int
long_name,data,africa_subregion_2,degC
type,data,float
coordinate_variable,time,t
data
time,year,data
36524,1900,-0.9293
36889,1901,-0.8949
37254,1902,-0.7130
37619,1903,-1.1090
37984,1904,-1.0973
38350,1905,-0.9127
38715,1906,-0.9116
39080,1907,-1.2529
39445,1908,-0.8206
39811,1909,-0.9315
40176,1910,-0.7567
40541,1911,-1.2374
40906,1912,-0.8555
41272,1913,-0.5775
41637,1914,-0.7547
42002,1915,-0.8455
42367,1916,-1.3656
42733,1917,-1.1788
43098,1918,-1.6895
43463,1919,-1.0259
43828,1920,-1.3683
44194,1921,-1.3810
44559,1922,-1.1996
44924,1923,-1.5370
45289,1924,-0.8849
45655,1925,-1.1706
46020,1926,-0.7925
46385,1927,-1.1057
46750,1928,-1.1170
47116,1929,-1.3890
47481,1930,-1.0092
47846,1931,-0.4797
48211,1932,-1.0663
48577,1933,-0.9480
48942,1934,-1.1275
49307,1935,-1.0902
49672,1936,-1.0553
50038,1937,-0.9083
50403,1938,-0.9790
50768,1939,-1.0663
51133,1940,-0.8059
51499,1941,-0.5268
51864,1942,-0.6552
52229,1943,-1.2652
52594,1944,-0.9724
52960,1945,-1.0011
53325,1946,-1.1345
53690,1947,-0.8480
54055,1948,-1.3132
54421,1949,-0.9502
54786,1950,-1.3734
55151,1951,-1.0039
55516,1952,-1.1728
55882,1953,-1.1070
56247,1954,-1.2872
56612,1955,-1.0213
56977,1956,-1.2483
57343,1957,-1.2142
57708,1958,-0.7415
58073,1959,-0.9787
58438,1960,-0.9386
58804,1961,-1.2362
59169,1962,-0.9892
59534,1963,-0.7154
59899,1964,-1.1049
60265,1965,-1.2591
60630,1966,-0.8074
60995,1967,-1.2152
61360,1968,-1.0468
61726,1969,-0.4021
62091,1970,-0.7092
62456,1971,-1.0821
62821,1972,-0.8421
63187,1973,-0.4605
63552,1974,-1.2656
63917,1975,-1.1860
64282,1976,-1.2125
64648,1977,-0.7295
65013,1978,-0.6627
65378,1979,-0.3712
65743,1980,-0.3738
66109,1981,-0.5353
66474,1982,-0.7658
66839,1983,-0.2525
67204,1984,-0.5253
67570,1985,-0.6245
67935,1986,-0.6843
68300,1987,0.1398
68665,1988,-0.4019
69031,1989,-0.7178
69396,1990,-0.1558
69761,1991,-0.5229
70126,1992,-0.8095
70492,1993,-0.3154
70857,1994,-0.6166
71222,1995,-0.1924
71587,1996,0.0082
71953,1997,-0.1824
72318,1998,0.2478
72683,1999,-0.2612
73048,2000,-0.2732
73414,2001,-0.0816
73779,2002,0.0317
74144,2003,0.0213
74509,2004,0.0579
74875,2005,0.2960
75240,2006,0.1134
75605,2007,0.0157
75970,2008,-0.1659
76336,2009,0.1396
76701,2010,0.6063
77066,2011,0.0874
77431,2012,-0.1208
77797,2013,0.1108
78162,2014,0.0887
78527,2015,0.1443
78892,2016,0.5170
79258,2017,0.3014
79623,2018,0.1134
79988,2019,0.2317
80353,2020,0.4092
80719,2021,0.7215
81084,2022,0.0920
end data
