Conventions,G,BADC-CSV,1
title,G,Regional mean temperature for West Africa
last_revised_date,G,2022-08-29
date_valid,G,2022-08-29
feature_type,G,area average
creator,G,WMO
source,G,Produced by climind version 0.1
observation_station,G,derived data
location,G,90.,-180.,-90.,180.
activity,G,WMO
history,G,""Gridded dataset created from file ['NOAAGlobalTemp_v*.nc'] downloaded from ['https://www.ncei.noaa.gov/data/noaa-global-surface-temperature/v5/access/gridded/NOAAGlobalTemp_v.*.nc']""history,G,""Regridded to 1 degree latitude-longitude resolution""history,G,""Rebaselined to 1981-2010""history,G,""Calculated area-average""history,G,""Calculated annual average""history,G,""Wrote to file africa_subregion_2_NOAAGlobalTemp.csv""history,G,"Time series created from file ['africa_subregion_2_NOAAGlobalTemp.csv'] downloaded from ['']"
reference,G,"Huang, B., M. J. Menne, T. Boyer, E. Freeman, B. E. Gleason, J. H. Lawrimore, C. Liu, J. J. Rennie, C. Schreck, F. Sun, R. Vose, C. N. Williams, X. Yin, H.-M. Zhang, 2020: Uncertainty estimates for sea surface temperature and land surface air temperature in NOAAGlobalTemp version 5. , J. Climate, 33, 1351-1379, DOI: 10.1175/JCLI-D-19-0395.1"reference,G,"Zhang, Huai-Min, Jay H. Lawrimore, Boyin Huang, Matthew J. Menne, Xungang Yin, Ahira Sȧnchez-Lugo, Byron E. Gleason, Russell Vose, Derek Arndt, J. Jared Rennie, and Claude N. Williams. (2019) Updated Temperature Data Give a Sharper View of Climate Trends. Eos, 100, https://doi.org/10.1029/2019EO128229"
rights,G,TBD
comments,G,Data produced by climind version 0.1
comments,G,Format description https://help.ceda.ac.uk/article/105-badc-csv
long_name,time,time,
type,time,int
long_name,year,year,1
type,year,int
long_name,data,africa_subregion_2,degC
type,data,float
coordinate_variable,time,t
data
time,year,data
36524,1900,-0.8062
36889,1901,-0.7834
37254,1902,-0.5751
37619,1903,-1.0004
37984,1904,-0.9934
38350,1905,-0.7613
38715,1906,-0.8339
39080,1907,-1.1593
39445,1908,-0.7153
39811,1909,-0.7693
40176,1910,-0.6009
40541,1911,-1.0827
40906,1912,-0.6672
41272,1913,-0.4054
41637,1914,-0.5531
42002,1915,-0.6228
42367,1916,-1.1120
42733,1917,-0.9510
43098,1918,-1.4703
43463,1919,-0.7972
43828,1920,-1.1408
44194,1921,-1.1767
44559,1922,-0.9761
44924,1923,-1.3079
45289,1924,-0.6698
45655,1925,-0.9508
46020,1926,-0.5726
46385,1927,-0.8792
46750,1928,-0.8970
47116,1929,-1.1658
47481,1930,-0.7823
47846,1931,-0.2468
48211,1932,-0.8293
48577,1933,-0.7140
48942,1934,-0.8498
49307,1935,-0.8033
49672,1936,-0.7790
50038,1937,-0.6513
50403,1938,-0.6940
50768,1939,-0.7953
51133,1940,-0.5428
51499,1941,-0.2890
51864,1942,-0.4089
52229,1943,-1.0215
52594,1944,-0.7440
52960,1945,-0.7671
53325,1946,-0.9256
53690,1947,-0.6360
54055,1948,-1.1006
54421,1949,-0.7421
54786,1950,-1.1648
55151,1951,-0.7988
55516,1952,-0.9786
55882,1953,-0.9165
56247,1954,-1.0962
56612,1955,-0.8312
56977,1956,-1.0583
57343,1957,-1.0193
57708,1958,-0.5386
58073,1959,-0.7877
58438,1960,-0.7394
58804,1961,-1.0293
59169,1962,-0.7907
59534,1963,-0.5151
59899,1964,-0.8977
60265,1965,-1.0508
60630,1966,-0.5962
60995,1967,-1.0011
61360,1968,-0.8344
61726,1969,-0.1975
62091,1970,-0.5035
62456,1971,-0.8763
62821,1972,-0.6364
63187,1973,-0.2538
63552,1974,-1.0536
63917,1975,-0.9608
64282,1976,-0.9857
64648,1977,-0.5024
65013,1978,-0.4324
65378,1979,-0.1414
65743,1980,-0.1471
66109,1981,-0.3140
66474,1982,-0.5499
66839,1983,-0.0357
67204,1984,-0.3104
67570,1985,-0.4074
67935,1986,-0.4754
68300,1987,0.3543
68665,1988,-0.1888
69031,1989,-0.5070
69396,1990,0.0529
69761,1991,-0.3118
70126,1992,-0.5948
70492,1993,-0.0892
70857,1994,-0.4185
71222,1995,0.0058
71587,1996,0.2116
71953,1997,0.0308
72318,1998,0.4530
72683,1999,-0.0518
73048,2000,-0.0570
73414,2001,0.1259
73779,2002,0.2474
74144,2003,0.2437
74509,2004,0.2789
74875,2005,0.5128
75240,2006,0.3217
75605,2007,0.2313
75970,2008,0.0561
76336,2009,0.3618
76701,2010,0.8237
77066,2011,0.2981
77431,2012,0.1173
77797,2013,0.3487
78162,2014,0.3243
78527,2015,0.3816
78892,2016,0.7422
79258,2017,0.5350
79623,2018,0.3690
79988,2019,0.4777
80353,2020,0.6411
80719,2021,0.9449
end data
