Conventions,G,BADC-CSV,1
title,G,Regional mean temperature for WMO RA 1 West Africa
last_revised_date,G,2024-01-18
date_valid,G,2024-01-18
feature_type,G,area average
creator,G,WMO
source,G,Produced by climind version 1.0
observation_station,G,derived data
location,G,90.,-180.,-90.,180.
rights,G,TBD
activity,G,WMO
comments,G,Format description https://help.ceda.ac.uk/article/105-badc-csv
history,africa_subregion_2_Berkeley_Earth,""Data set created from file ['Land_and_Ocean_LatLong1.nc'] downloaded from ['https://berkeley-earth-temperature.s3.us-west-1.amazonaws.com/Global/Gridded/Land_and_Ocean_LatLong1.nc'] at ['2024-01-17 10:19:03']""
history,africa_subregion_2_Berkeley_Earth,""Rebaselined to 1991-2020""
history,africa_subregion_2_Berkeley_Earth,""Calculated area-average""
history,africa_subregion_2_Berkeley_Earth,""Calculated annual average from monthly averages using arithmetic mean""
history,africa_subregion_2_Berkeley_Earth,""Selected years within the range 1900 to 2023.""
history,africa_subregion_2_Berkeley_Earth,""Wrote to file africa_subregion_2_Berkeley Earth.csv""
history,africa_subregion_2_Berkeley_Earth,"Data set created from file ['africa_subregion_2_Berkeley Earth.csv'] downloaded from [''] at ['2024-01-17 11:05:53']"
reference,africa_subregion_2_Berkeley_Earth,"Rohde, R. A. and Hausfather, Z.: The Berkeley Earth Land/Ocean Temperature Record, Earth Syst. Sci. Data, 12, 3469-3479, https://doi.org/10.5194/essd-12-3469-2020, 2020"
comments,africa_subregion_2_Berkeley_Earth,"Original data acknowledgement: "
history,africa_subregion_2_ERA5,""Gridded dataset created from file ['era5_2m_tas_2024.nc'] downloaded from ['']""
history,africa_subregion_2_ERA5,""Regridded to 1 degree latitude-longitude resolution""
history,africa_subregion_2_ERA5,""Rebaselined to 1991-2020""
history,africa_subregion_2_ERA5,""Calculated area-average""
history,africa_subregion_2_ERA5,""Calculated annual average from monthly averages using arithmetic mean""
history,africa_subregion_2_ERA5,""Selected years within the range 1900 to 2023.""
history,africa_subregion_2_ERA5,""Wrote to file africa_subregion_2_ERA5.csv""
history,africa_subregion_2_ERA5,"Data set created from file ['africa_subregion_2_ERA5.csv'] downloaded from [''] at ['2024-01-17 11:06:36']"
reference,africa_subregion_2_ERA5,"Hersbach H, Bell B, Berrisford P et al. 2020. The ERA5 global reanalysis. Q. J. R. Meteorol. Soc. 146: 1999-2049. https://doi.org/10.1002/qj.3803"
comments,africa_subregion_2_ERA5,"Original data acknowledgement: Contains using Copernicus Climate Change Service information [2024]. Neither the European Commission nor ECMWF is responsible for any use that may be made of the Copernicus information or data it contains."
history,africa_subregion_2_GISTEMP,""Data set created from file ['gistemp1200_GHCNv4_ERSSTv5.nc.gz'] downloaded from ['https://data.giss.nasa.gov/pub/gistemp/gistemp1200_GHCNv4_ERSSTv5.nc.gz'] at ['2024-01-15 11:20:46']""
history,africa_subregion_2_GISTEMP,""Regridded to 1 degree latitude-longitude resolution""
history,africa_subregion_2_GISTEMP,""Rebaselined to 1991-2020""
history,africa_subregion_2_GISTEMP,""Calculated area-average""
history,africa_subregion_2_GISTEMP,""Calculated annual average from monthly averages using arithmetic mean""
history,africa_subregion_2_GISTEMP,""Selected years within the range 1900 to 2023.""
history,africa_subregion_2_GISTEMP,""Wrote to file africa_subregion_2_GISTEMP.csv""
history,africa_subregion_2_GISTEMP,"Data set created from file ['africa_subregion_2_GISTEMP.csv'] downloaded from [''] at ['2024-01-17 11:07:05']"
reference,africa_subregion_2_GISTEMP,"Lenssen, N., G. Schmidt, J. Hansen, M. Menne, A. Persin, R. Ruedy, and D. Zyss, 2019: Improvements in the GISTEMP uncertainty model. J. Geophys. Res. Atmos., 124, no. 12, 6307-6326, doi:10.1029/2018JD029522"
comments,africa_subregion_2_GISTEMP,"Original data acknowledgement: "
history,africa_subregion_2_HadCRUT5,""Data set created from file ['HadCRUT.5.0.2.0.analysis.anomalies.ensemble_mean.nc'] downloaded from ['https://www.metoffice.gov.uk/hadobs/hadcrut5/data/HadCRUT.5.0.2.0/analysis/HadCRUT.5.0.2.0.analysis.anomalies.ensemble_mean.nc'] at ['2024-01-15 11:56:27']""
history,africa_subregion_2_HadCRUT5,""Regridded to 1 degree latitude-longitude resolution""
history,africa_subregion_2_HadCRUT5,""Rebaselined to 1991-2020""
history,africa_subregion_2_HadCRUT5,""Calculated area-average""
history,africa_subregion_2_HadCRUT5,""Calculated annual average from monthly averages using arithmetic mean""
history,africa_subregion_2_HadCRUT5,""Selected years within the range 1900 to 2023.""
history,africa_subregion_2_HadCRUT5,""Wrote to file africa_subregion_2_HadCRUT5.csv""
history,africa_subregion_2_HadCRUT5,"Data set created from file ['africa_subregion_2_HadCRUT5.csv'] downloaded from [''] at ['2024-01-17 11:07:57']"
reference,africa_subregion_2_HadCRUT5,"Morice, C. P., Kennedy, J. J., Rayner, N. A., Winn, J. P., Hogan, E., Killick, R. E., et al. (2021). An updated assessment of near-surface temperature change from 1850: the HadCRUT5 data set. Journal of Geophysical Research: Atmospheres, 126, e2019JD032361. https://doi.org/10.1029/2019JD032361"
comments,africa_subregion_2_HadCRUT5,"Original data acknowledgement: HadCRUT.5.0.2.0 data were obtained from http://www.metoffice.gov.uk/hadobs/hadcrut5 on 2024-01-15 11:56:27 and are © British Crown Copyright, Met Office 2024, provided under an Open Government License, http://www.nationalarchives.gov.uk/doc/open-government-licence/version/3/"
history,africa_subregion_2_JRA-55,""Data set created from file ['anl_surf125.011_tmp.202401_202412', 'anl_surf125.2024MMMM'] downloaded from ['', ''] at ['2024-01-15 11:20:51']""
history,africa_subregion_2_JRA-55,""Regridded to 1 degree latitude-longitude resolution""
history,africa_subregion_2_JRA-55,""Rebaselined to 1991-2020""
history,africa_subregion_2_JRA-55,""Calculated area-average""
history,africa_subregion_2_JRA-55,""Calculated annual average from monthly averages using arithmetic mean""
history,africa_subregion_2_JRA-55,""Selected years within the range 1900 to 2023.""
history,africa_subregion_2_JRA-55,""Wrote to file africa_subregion_2_JRA-55.csv""
history,africa_subregion_2_JRA-55,"Data set created from file ['africa_subregion_2_JRA-55.csv'] downloaded from [''] at ['2024-01-17 11:08:43']"
reference,africa_subregion_2_JRA-55,"Kobayashi, S., Ota, Y., Harada, Y., Ebita, A., Moriya, M., Onoda, H., Onogi, K., Kamahori, H., Kobayashi, C., Endo, H. and Miyaoka, K., (2015). The JRA-55 reanalysis: General specifications and basic characteristics. Journal of the Meteorological Society of Japan. Ser. II, 93(1), pp.5-48."
comments,africa_subregion_2_JRA-55,"Original data acknowledgement: "
history,africa_subregion_2_Kadow,""Data set created from file ['HadCRUT5.anomalies.Kadow_et_al_2020_20crAI-infilled.ensemble_mean_185001-*.nc'] downloaded from [''] at ['2024-01-17 10:11:02']""
history,africa_subregion_2_Kadow,""Regridded to 1 degree latitude-longitude resolution""
history,africa_subregion_2_Kadow,""Rebaselined to 1991-2020""
history,africa_subregion_2_Kadow,""Calculated area-average""
history,africa_subregion_2_Kadow,""Calculated annual average from monthly averages using arithmetic mean""
history,africa_subregion_2_Kadow,""Selected years within the range 1900 to 2023.""
history,africa_subregion_2_Kadow,""Wrote to file africa_subregion_2_Kadow.csv""
history,africa_subregion_2_Kadow,"Data set created from file ['africa_subregion_2_Kadow.csv'] downloaded from [''] at ['2024-01-17 11:09:20']"
reference,africa_subregion_2_Kadow,"Kadow, C., Hall, D.M. & Ulbrich, U. Artificial intelligence reconstructs missing climate information. Nat. Geosci. (2020). https://doi.org/10.1038/s41561-020-0582-5"
comments,africa_subregion_2_Kadow,"Original data acknowledgement: "
history,africa_subregion_2_NOAA_Interim,""Data set created from file ['NOAAGlobalTemp_v*.nc'] downloaded from ['https://www.ncei.noaa.gov/data/noaa-global-surface-temperature/v5.1/access/gridded/NOAAGlobalTemp_v.*.nc'] at ['2024-01-17 10:19:08']""
history,africa_subregion_2_NOAA_Interim,""Data set created from file ['NOAAGlobalTemp_v*.nc'] downloaded from ['https://www.ncei.noaa.gov/data/noaa-global-surface-temperature/v5.1/access/gridded/NOAAGlobalTemp_v.*.nc'] at ['2024-01-17 10:19:08']""
history,africa_subregion_2_NOAA_Interim,""Regridded to 1 degree latitude-longitude resolution""
history,africa_subregion_2_NOAA_Interim,""Rebaselined to 1991-2020""
history,africa_subregion_2_NOAA_Interim,""Calculated area-average""
history,africa_subregion_2_NOAA_Interim,""Calculated annual average from monthly averages using arithmetic mean""
history,africa_subregion_2_NOAA_Interim,""Selected years within the range 1900 to 2023.""
history,africa_subregion_2_NOAA_Interim,""Wrote to file africa_subregion_2_NOAA Interim.csv""
history,africa_subregion_2_NOAA_Interim,"Data set created from file ['africa_subregion_2_NOAA Interim.csv'] downloaded from [''] at ['2024-01-17 11:10:16']"
reference,africa_subregion_2_NOAA_Interim,"Vose, R.S., B. Huang, X. Yin., D. Arndt, D.R. Easterling, J.H. Lawrimore, M.J. Menne, A. Sanchez-Lugo, H.-M. Zhang, 2021: Implementing full spatial coverage in NOAA’s global temperature analysis. Geophysical Research Letters, 48, e2020GL090873. https://doi.org/10.1029/2020GL090873"
comments,africa_subregion_2_NOAA_Interim,"Original data acknowledgement: "
long_name,time,time,days since 1800-01-01 00:00:00.0
type,time,int
long_name,year,year,1
type,year,int
long_name,africa_subregion_2_Berkeley_Earth,africa_subregion_2,degC
type,africa_subregion_2_Berkeley_Earth,float
long_name,africa_subregion_2_ERA5,africa_subregion_2,degC
type,africa_subregion_2_ERA5,float
long_name,africa_subregion_2_GISTEMP,africa_subregion_2,degC
type,africa_subregion_2_GISTEMP,float
long_name,africa_subregion_2_HadCRUT5,africa_subregion_2,degC
type,africa_subregion_2_HadCRUT5,float
long_name,africa_subregion_2_JRA-55,africa_subregion_2,degC
type,africa_subregion_2_JRA-55,float
long_name,africa_subregion_2_Kadow,africa_subregion_2,degC
type,africa_subregion_2_Kadow,float
long_name,africa_subregion_2_NOAA_Interim,africa_subregion_2,degC
type,africa_subregion_2_NOAA_Interim,float
coordinate_variable,time,t
data
time,year,africa_subregion_2_Berkeley_Earth,africa_subregion_2_ERA5,africa_subregion_2_GISTEMP,africa_subregion_2_HadCRUT5,africa_subregion_2_JRA-55,africa_subregion_2_Kadow,africa_subregion_2_NOAA_Interim
36524,1900,-1.1370,,-0.9026,-0.7778,,-1.3354,-0.8657
36889,1901,-1.0350,,-0.6998,-0.9282,,-1.2688,-0.9180
37254,1902,-0.9930,,-0.3486,-0.7549,,-1.0374,-0.6531
37619,1903,-1.6484,,-1.0147,-1.2660,,-1.5863,-0.7240
37984,1904,-1.7225,,-0.9892,-1.2314,,-1.7769,-1.3676
38350,1905,-1.5683,,-0.6387,-1.1374,,-1.5853,-0.9786
38715,1906,-1.3535,,-0.9356,-0.7985,,-1.2076,-1.0183
39080,1907,-1.7083,,-1.2443,-1.0689,,-1.5289,-1.4681
39445,1908,-1.3067,,-0.9440,-0.7216,,-1.0886,-0.9406
39811,1909,-1.2554,,-0.9902,-0.8021,,-1.1649,-1.1438
40176,1910,-1.1467,,-0.5411,-0.8490,,-1.4062,-1.0668
40541,1911,-1.6207,,-1.0763,-1.0252,,-1.4565,-1.3386
40906,1912,-1.1834,,-0.6382,-0.5712,,-1.0009,-1.0684
41272,1913,-0.9236,,-0.5224,-0.4613,,-0.8677,-0.7233
41637,1914,-0.6494,,-0.6508,-0.4103,,-0.7510,-0.9293
42002,1915,-0.9334,,-0.9485,-0.5517,,-0.5917,-0.9685
42367,1916,-1.3470,,-1.3009,-1.0144,,-1.1367,-1.3892
42733,1917,-1.0869,,-0.9757,-0.7498,,-0.8787,-1.3912
43098,1918,-1.3922,,-1.5088,-1.0212,,-1.3046,-1.4543
43463,1919,-1.0911,,-0.8966,-0.5801,,-0.7224,-0.8716
43828,1920,-1.3142,,-1.4205,-1.0378,,-1.3120,-1.3771
44194,1921,-1.0717,,-1.1142,-0.6165,,-1.0131,-1.3031
44559,1922,-0.9226,,-1.1124,-0.7846,,-0.8955,-1.3746
44924,1923,-0.9912,,-1.1782,-0.8753,,-0.9982,-1.3059
45289,1924,-0.7535,,-1.1208,-0.7128,,-0.8772,-0.9166
45655,1925,-0.9152,,-1.0265,-1.0295,,-1.1497,-1.1967
46020,1926,-0.5735,,-0.5154,-0.6224,,-0.7443,-0.7100
46385,1927,-1.0046,,-0.9349,-1.0165,,-1.0749,-0.9283
46750,1928,-1.0237,,-0.8270,-1.0897,,-1.2096,-0.9416
47116,1929,-1.2675,,-1.1704,-1.1231,,-1.2634,-1.2815
47481,1930,-0.8073,,-0.8773,-0.7185,,-0.7708,-1.0117
47846,1931,-0.3665,,-0.4096,-0.1603,,-0.2190,-0.5416
48211,1932,-0.8420,,-0.9220,-0.7641,,-0.8852,-1.0159
48577,1933,-0.8582,,-0.8899,-0.7116,,-0.9707,-0.9915
48942,1934,-1.0587,,-0.9045,-0.7594,,-0.9718,-1.0221
49307,1935,-0.9963,,-0.9441,-0.2764,,-0.8524,-1.0582
49672,1936,-1.1233,,-0.8964,-0.5217,,-0.8713,-0.8619
50038,1937,-0.6966,,-0.7792,-0.1670,,-0.5724,-0.8342
50403,1938,-0.8054,,-0.7557,-0.1504,,-0.6761,-0.9656
50768,1939,-0.8867,,-0.8638,-0.4263,,-0.9680,-0.9825
51133,1940,-0.6107,,-0.7405,-0.3948,,-0.5600,-0.7348
51499,1941,-0.2963,,-0.5236,-0.1300,,-0.1654,-0.5669
51864,1942,-0.6086,,-0.7296,-0.4147,,-0.5335,-0.8182
52229,1943,-1.1620,,-1.1452,-0.9483,,-1.1812,-1.2042
52594,1944,-0.7888,,-0.8718,-0.5797,,-0.7729,-1.0147
52960,1945,-0.9037,,-1.0002,-0.7675,,-1.0473,-0.9222
53325,1946,-0.9950,,-1.1739,-0.8405,,-0.9761,-1.1439
53690,1947,-0.6842,,-0.7765,-0.5250,,-0.7397,-0.7841
54055,1948,-1.1431,,-1.2597,-1.0142,,-1.2431,-1.2520
54421,1949,-0.8223,,-0.8693,-0.6726,,-0.8834,-0.8837
54786,1950,-1.3463,,-1.3325,-1.1550,,-1.3105,-1.3086
55151,1951,-0.9211,,-1.0481,-0.7034,,-0.8315,-1.0644
55516,1952,-1.1754,,-1.1945,-0.9471,,-1.0690,-1.1638
55882,1953,-1.0411,,-1.1513,-0.8598,,-0.9648,-1.1124
56247,1954,-1.2495,,-1.2855,-1.0961,,-1.1948,-1.3141
56612,1955,-0.9581,,-1.1351,-0.8313,,-0.9233,-1.0694
56977,1956,-1.1767,,-1.2466,-1.0282,,-1.1541,-1.3214
57343,1957,-1.1618,,-1.2147,-1.0145,,-1.0972,-1.1794
57708,1958,-0.6991,,-0.7835,-0.6020,-0.5233,-0.6445,-0.7512
58073,1959,-0.9089,,-1.0209,-0.7867,-0.7900,-0.9153,-0.9870
58438,1960,-0.9107,,-0.9870,-0.8170,-0.6688,-0.9436,-0.9282
58804,1961,-1.2097,,-1.2627,-1.0511,-1.0569,-1.1301,-1.1868
59169,1962,-0.9595,,-1.0232,-0.8837,-0.8116,-0.9496,-1.0025
59534,1963,-0.6869,,-0.7505,-0.5741,-0.7405,-0.5978,-0.7345
59899,1964,-1.0081,,-1.1065,-0.8756,-0.8370,-0.8683,-1.1207
60265,1965,-1.2385,,-1.2827,-1.1076,-0.8365,-1.1727,-1.2897
60630,1966,-0.7409,,-0.8566,-0.7030,-0.4815,-0.7483,-0.7495
60995,1967,-1.1930,,-1.2214,-1.0801,-1.0179,-1.1770,-1.2165
61360,1968,-0.9778,,-1.0432,-0.8101,-0.7768,-0.8856,-1.0267
61726,1969,-0.3760,,-0.4312,-0.2015,-0.0943,-0.2074,-0.3638
62091,1970,-0.6813,,-0.7036,-0.5391,-0.4095,-0.5708,-0.6903
62456,1971,-1.0534,,-1.0499,-0.9032,-0.8069,-0.9586,-1.1195
62821,1972,-0.8787,,-0.8011,-0.7005,-0.5202,-0.7550,-0.8860
63187,1973,-0.4981,,-0.4138,-0.4285,-0.2207,-0.4368,-0.4877
63552,1974,-1.2607,,-1.2203,-1.1807,-1.0743,-1.2304,-1.2633
63917,1975,-1.1987,,-1.1506,-1.1465,-1.0215,-1.1911,-1.1898
64282,1976,-1.2793,,-1.1851,-1.1627,-1.1113,-1.1901,-1.1866
64648,1977,-0.7432,,-0.7103,-0.6845,-0.5793,-0.7313,-0.7366
65013,1978,-0.6786,,-0.6771,-0.6275,-0.5288,-0.6327,-0.6718
65378,1979,-0.4081,-0.4720,-0.3927,-0.3893,-0.2558,-0.3558,-0.3384
65743,1980,-0.3802,-0.3202,-0.3473,-0.3727,-0.2833,-0.3957,-0.3641
66109,1981,-0.5161,-0.6142,-0.4934,-0.5774,-0.4914,-0.6322,-0.5086
66474,1982,-0.7943,-0.8478,-0.7437,-0.7883,-0.7609,-0.8273,-0.7468
66839,1983,-0.2072,-0.2151,-0.2210,-0.2224,-0.1489,-0.1989,-0.1938
67204,1984,-0.4557,-0.5813,-0.4237,-0.3854,-0.3591,-0.3696,-0.4785
67570,1985,-0.5779,-0.6868,-0.5391,-0.5710,-0.4865,-0.5883,-0.5471
67935,1986,-0.6714,-0.6910,-0.6010,-0.7062,-0.6576,-0.7359,-0.6307
68300,1987,0.2191,0.2430,0.2146,0.1375,0.3163,0.1509,0.1588
68665,1988,-0.4216,-0.3857,-0.4110,-0.4562,-0.3326,-0.4461,-0.4107
69031,1989,-0.6651,-0.6003,-0.6777,-0.6988,-0.5848,-0.7230,-0.6856
69396,1990,-0.1147,-0.1051,-0.1194,-0.1428,-0.1138,-0.1664,-0.1496
69761,1991,-0.3933,-0.4451,-0.4553,-0.3857,-0.4391,-0.3783,-0.4846
70126,1992,-0.7370,-0.8288,-0.7196,-0.7656,-0.8078,-0.8411,-0.7241
70492,1993,-0.3184,-0.3776,-0.2734,-0.3700,-0.4685,-0.3857,-0.3304
70857,1994,-0.5684,-0.6735,-0.6020,-0.7561,-0.6473,-0.7469,-0.5969
71222,1995,-0.1495,-0.3859,-0.2061,-0.2819,-0.3109,-0.2892,-0.1562
71587,1996,0.0590,-0.1994,-0.0074,-0.0989,-0.0175,-0.0924,-0.0354
71953,1997,-0.1217,-0.2861,-0.1529,-0.1062,-0.0710,-0.0890,-0.1523
72318,1998,0.2825,0.1696,0.2338,0.2173,0.3712,0.1895,0.2362
72683,1999,-0.3385,-0.5435,-0.3736,-0.3514,-0.3012,-0.3532,-0.3761
73048,2000,-0.2895,-0.3879,-0.2922,-0.3582,-0.1647,-0.3584,-0.3048
73414,2001,-0.0981,-0.0800,-0.1424,-0.1086,0.0637,-0.0543,-0.0768
73779,2002,0.0403,-0.0087,0.0294,-0.0105,0.0635,-0.0197,0.0410
74144,2003,0.0388,0.0989,0.0428,0.0518,0.1257,0.0264,0.0463
74509,2004,0.1073,0.0513,0.1038,0.1280,0.0818,0.1057,0.0560
74875,2005,0.2744,0.3127,0.3194,0.2569,0.3319,0.2541,0.2844
75240,2006,0.0767,0.0378,0.0835,0.0004,0.1109,0.0125,0.0517
75605,2007,0.0227,-0.0275,0.0834,0.0699,0.0997,0.0847,-0.0121
75970,2008,-0.1911,-0.2464,-0.1956,-0.1944,-0.1538,-0.2199,-0.1686
76336,2009,0.1808,0.3208,0.1214,0.2552,0.3385,0.2596,0.1299
76701,2010,0.6759,0.8869,0.5550,0.7572,0.8675,0.7158,0.6356
77066,2011,0.0958,0.2658,0.0601,0.2114,0.2096,0.2070,0.0605
77431,2012,-0.2324,-0.0685,-0.2113,-0.0777,-0.1411,-0.0891,-0.1409
77797,2013,0.0829,0.2167,0.0720,0.2372,0.1378,0.2688,0.0724
78162,2014,0.0541,0.1484,0.0774,0.1632,0.1129,0.2200,0.1032
78527,2015,0.0563,0.1087,0.1156,0.1712,-0.0599,0.1944,0.1560
78892,2016,0.4438,0.5976,0.5191,0.5149,0.3775,0.5616,0.5044
79258,2017,0.2989,0.3700,0.3543,0.2578,0.1653,0.2568,0.3538
79623,2018,0.0902,0.2161,0.1507,0.1666,-0.1059,0.1881,0.0837
79988,2019,0.2061,0.2202,0.2846,0.0864,0.0488,0.1282,0.3006
80353,2020,0.3511,0.5375,0.4258,0.3216,0.1825,0.2438,0.4432
80719,2021,0.6026,0.7886,0.6673,0.5995,0.5426,0.6883,0.6180
81084,2022,0.0231,0.1408,0.0767,-0.0299,-0.1801,-0.0316,0.1264
81449,2023,0.6185,0.7995,0.6956,0.5696,0.4254,0.5697,0.7499
end data
