Conventions,G,BADC-CSV,1
title,G,Regional mean temperature for WMO RA 1 West Africa
last_revised_date,G,2023-10-27
date_valid,G,2023-10-27
feature_type,G,area average
creator,G,WMO
source,G,Produced by climind version 1.0
observation_station,G,derived data
location,G,90.,-180.,-90.,180.
activity,G,WMO
history,G,""Data set created from file ['anl_surf125.011_tmp.202301_202312', 'anl_surf125.2023MMMM'] downloaded from ['', ''] at ['2023-10-06 11:01:38']""
history,G,""Regridded to 1 degree latitude-longitude resolution""
history,G,""Rebaselined to 1991-2020""
history,G,""Calculated area-average""
history,G,""Calculated annual average from monthly averages using arithmetic mean""
history,G,""Selected years within the range 1900 to 2023.""
history,G,""Wrote to file africa_subregion_2_JRA-55.csv""
history,G,"Data set created from file ['africa_subregion_2_JRA-55.csv'] downloaded from [''] at ['2023-10-27 10:56:45']"
reference,G,"Kobayashi, S., Ota, Y., Harada, Y., Ebita, A., Moriya, M., Onoda, H., Onogi, K., Kamahori, H., Kobayashi, C., Endo, H. and Miyaoka, K., (2015). The JRA-55 reanalysis: General specifications and basic characteristics. Journal of the Meteorological Society of Japan. Ser. II, 93(1), pp.5-48."
rights,G,TBD
comments,G,Data produced by climind version 1.0
comments,G,Format description https://help.ceda.ac.uk/article/105-badc-csv
comments,G,"Original data acknowledgement: "
long_name,time,time,days since 1800-01-01 00:00:00.0
type,time,int
long_name,year,year,1
type,year,int
long_name,data,africa_subregion_2,degC
type,data,float
coordinate_variable,time,t
data
time,year,data
57708,1958,-0.5233
58073,1959,-0.7900
58438,1960,-0.6688
58804,1961,-1.0569
59169,1962,-0.8116
59534,1963,-0.7405
59899,1964,-0.8370
60265,1965,-0.8365
60630,1966,-0.4815
60995,1967,-1.0179
61360,1968,-0.7768
61726,1969,-0.0943
62091,1970,-0.4095
62456,1971,-0.8069
62821,1972,-0.5202
63187,1973,-0.2207
63552,1974,-1.0743
63917,1975,-1.0215
64282,1976,-1.1113
64648,1977,-0.5793
65013,1978,-0.5288
65378,1979,-0.2558
65743,1980,-0.2833
66109,1981,-0.4914
66474,1982,-0.7609
66839,1983,-0.1489
67204,1984,-0.3591
67570,1985,-0.4865
67935,1986,-0.6576
68300,1987,0.3163
68665,1988,-0.3326
69031,1989,-0.5848
69396,1990,-0.1138
69761,1991,-0.4391
70126,1992,-0.8078
70492,1993,-0.4685
70857,1994,-0.6473
71222,1995,-0.3109
71587,1996,-0.0175
71953,1997,-0.0710
72318,1998,0.3712
72683,1999,-0.3012
73048,2000,-0.1647
73414,2001,0.0637
73779,2002,0.0635
74144,2003,0.1257
74509,2004,0.0818
74875,2005,0.3319
75240,2006,0.1109
75605,2007,0.0997
75970,2008,-0.1538
76336,2009,0.3385
76701,2010,0.8675
77066,2011,0.2096
77431,2012,-0.1411
77797,2013,0.1378
78162,2014,0.1129
78527,2015,-0.0599
78892,2016,0.3775
79258,2017,0.1653
79623,2018,-0.1059
79988,2019,0.0488
80353,2020,0.1825
80719,2021,0.5426
81084,2022,-0.1801
81449,2023,0.3664
end data
