Conventions,G,BADC-CSV,1
title,G,Global mean temperature
last_revised_date,G,2022-11-29
date_valid,G,2022-11-29
feature_type,G,area average
creator,G,WMO
source,G,Produced by climind version 0.1
observation_station,G,derived data
location,G,90.,-180.,-90.,180.
activity,G,WMO
history,G,"Data set created from file ['aravg.mon.land_ocean.90S.90N.v5.0.0.202210.asc', 'aravg.ann.land_ocean.90S.90N.*.asc'] downloaded from ['https://www.ncei.noaa.gov/data/noaa-global-surface-temperature/v5/access/timeseries/aravg.mon.land_ocean.90S.90N.v5.0.0.202210.asc', 'https://www.ncei.noaa.gov/data/noaa-global-surface-temperature/v5/access/timeseries/aravg.ann.land_ocean.90S.90N.*.asc'] at ['2022-11-29 09:17:43']"
history,G,"Rebaselined to 1981-2010 for each month separately by calculating the arithmetic mean of the data over the baseline period and subtracting the mean from all data values. This is done for each month separately (Januarys, Februarys etc)."
history,G,"Calculated annual average from monthly averages using arithmetic mean"
history,G,"Selected years within the range 1850 to 2022."
history,G,"Added offset of 0.69 to all data values."
history,G,"Manually changed baseline to 1850-1900. Note that data values remain unchanged."
reference,G,"Huang, B., M. J. Menne, T. Boyer, E. Freeman, B. E. Gleason, J. H. Lawrimore, C. Liu, J. J. Rennie, C. Schreck, F. Sun, R. Vose, C. N. Williams, X. Yin, H.-M. Zhang, 2020: Uncertainty estimates for sea surface temperature and land surface air temperature in NOAAGlobalTemp version 5. , J. Climate, 33, 1351-1379, DOI: 10.1175/JCLI-D-19-0395.1"
reference,G,"Zhang, Huai-Min, Jay H. Lawrimore, Boyin Huang, Matthew J. Menne, Xungang Yin, Ahira Sȧnchez-Lugo, Byron E. Gleason, Russell Vose, Derek Arndt, J. Jared Rennie, and Claude N. Williams. (2019) Updated Temperature Data Give a Sharper View of Climate Trends. Eos, 100, https://doi.org/10.1029/2019EO128229"
rights,G,TBD
comments,G,Data produced by climind version 0.1
comments,G,Format description https://help.ceda.ac.uk/article/105-badc-csv
long_name,time,time,days since 1800-01-01 00:00:00.0
type,time,int
long_name,year,year,1
type,year,int
long_name,data,tas,degC
type,data,float
coordinate_variable,time,t
data
time,year,data
29219,1880,0.1303
29585,1881,0.1672
29950,1882,0.1548
30315,1883,0.0693
30680,1884,-0.0175
31046,1885,-0.0004
31411,1886,0.0119
31776,1887,-0.0333
32141,1888,0.1223
32507,1889,0.1682
32872,1890,-0.0857
33237,1891,-0.0029
33602,1892,-0.0480
33968,1893,-0.0731
34333,1894,-0.0618
34698,1895,0.0071
35063,1896,0.1561
35429,1897,0.1526
35794,1898,-0.0239
36159,1899,0.0934
36524,1900,0.1767
36889,1901,0.0956
37254,1902,-0.0112
37619,1903,-0.1251
37984,1904,-0.2021
38350,1905,-0.0246
38715,1906,0.0443
39080,1907,-0.1298
39445,1908,-0.1771
39811,1909,-0.1908
40176,1910,-0.1519
40541,1911,-0.1944
40906,1912,-0.0883
41272,1913,-0.0708
41637,1914,0.1074
42002,1915,0.1541
42367,1916,-0.0771
42733,1917,-0.1483
43098,1918,-0.0560
43463,1919,-0.0031
43828,1920,0.0169
44194,1921,0.0861
44559,1922,-0.0004
44924,1923,-0.0052
45289,1924,0.0038
45655,1925,0.0667
46020,1926,0.1725
46385,1927,0.0750
46750,1928,0.0673
47116,1929,-0.0780
47481,1930,0.1401
47846,1931,0.1899
48211,1932,0.1224
48577,1933,-0.0071
48942,1934,0.1407
49307,1935,0.0947
49672,1936,0.1323
50038,1937,0.2392
50403,1938,0.2300
50768,1939,0.2594
51133,1940,0.4085
51499,1941,0.5204
51864,1942,0.3572
52229,1943,0.3553
52594,1944,0.5285
52960,1945,0.4287
53325,1946,0.2403
53690,1947,0.2158
54055,1948,0.1973
54421,1949,0.1770
54786,1950,0.0969
55151,1951,0.2491
55516,1952,0.2927
55882,1953,0.3782
56247,1954,0.1496
56612,1955,0.1199
56977,1956,0.0663
57343,1957,0.3196
57708,1958,0.3726
58073,1959,0.3277
58438,1960,0.2976
58804,1961,0.3434
59169,1962,0.3537
59534,1963,0.3668
59899,1964,0.1063
60265,1965,0.1779
60630,1966,0.2376
60995,1967,0.2460
61360,1968,0.2206
61726,1969,0.3532
62091,1970,0.3054
62456,1971,0.1814
62821,1972,0.2843
63187,1973,0.4408
63552,1974,0.1852
63917,1975,0.2602
64282,1976,0.1786
64648,1977,0.4586
65013,1978,0.3632
65378,1979,0.4740
65743,1980,0.5273
66109,1981,0.5713
66474,1982,0.4404
66839,1983,0.6067
67204,1984,0.4153
67570,1985,0.4050
67935,1986,0.4844
68300,1987,0.6317
68665,1988,0.6408
69031,1989,0.5422
69396,1990,0.6956
69761,1991,0.6373
70126,1992,0.4848
70492,1993,0.5303
70857,1994,0.5923
71222,1995,0.7167
71587,1996,0.5708
71953,1997,0.7616
72318,1998,0.8993
72683,1999,0.6875
73048,2000,0.6716
73414,2001,0.8165
73779,2002,0.8677
74144,2003,0.8861
74509,2004,0.8296
74875,2005,0.9149
75240,2006,0.8833
75605,2007,0.8664
75970,2008,0.7899
76336,2009,0.8908
76701,2010,0.9693
77066,2011,0.8214
77431,2012,0.8832
77797,2013,0.9203
78162,2014,0.9869
78527,2015,1.1755
78892,2016,1.2411
79258,2017,1.1548
79623,2018,1.0710
79988,2019,1.1945
80353,2020,1.2264
80719,2021,1.0883
81084,2022,1.1136
end data
