Conventions,G,BADC-CSV,1
title,G,Regional mean temperature for WMO RA 1 Africa
last_revised_date,G,2023-08-28
date_valid,G,2023-08-28
feature_type,G,area average
creator,G,WMO
source,G,Produced by climind version 0.1
observation_station,G,derived data
location,G,90.,-180.,-90.,180.
rights,G,TBD
activity,G,WMO
comments,G,Format description https://help.ceda.ac.uk/article/105-badc-csv
history,wmo_ra_1_Berkeley_Earth,""Data set created from file ['Land_and_Ocean_LatLong1.nc'] downloaded from ['https://berkeley-earth-temperature.s3.us-west-1.amazonaws.com/Global/Gridded/Land_and_Ocean_LatLong1.nc'] at ['2023-08-07 17:34:59']""
history,wmo_ra_1_Berkeley_Earth,""Rebaselined to 1991-2020""
history,wmo_ra_1_Berkeley_Earth,""Calculated area-average""
history,wmo_ra_1_Berkeley_Earth,""Calculated annual average from monthly averages using arithmetic mean""
history,wmo_ra_1_Berkeley_Earth,""Selected years within the range 1900 to 2022.""
history,wmo_ra_1_Berkeley_Earth,""Wrote to file wmo_ra_1_Berkeley Earth.csv""
history,wmo_ra_1_Berkeley_Earth,"Data set created from file ['wmo_ra_1_Berkeley Earth.csv'] downloaded from [''] at ['2023-08-09 10:59:39']"
history,wmo_ra_1_Berkeley_Earth,"Calculated 10-year moving average"
reference,wmo_ra_1_Berkeley_Earth,"Rohde, R. A. and Hausfather, Z.: The Berkeley Earth Land/Ocean Temperature Record, Earth Syst. Sci. Data, 12, 3469-3479, https://doi.org/10.5194/essd-12-3469-2020, 2020"
comments,wmo_ra_1_Berkeley_Earth,"Original data acknowledgement: "
history,wmo_ra_1_ERA5,""Gridded dataset created from file ['era5_2m_tas_2023.nc'] downloaded from ['']""
history,wmo_ra_1_ERA5,""Regridded to 1 degree latitude-longitude resolution""
history,wmo_ra_1_ERA5,""Rebaselined to 1991-2020""
history,wmo_ra_1_ERA5,""Calculated area-average""
history,wmo_ra_1_ERA5,""Calculated annual average from monthly averages using arithmetic mean""
history,wmo_ra_1_ERA5,""Selected years within the range 1900 to 2022.""
history,wmo_ra_1_ERA5,""Wrote to file wmo_ra_1_ERA5.csv""
history,wmo_ra_1_ERA5,"Data set created from file ['wmo_ra_1_ERA5.csv'] downloaded from [''] at ['2023-08-09 11:00:32']"
history,wmo_ra_1_ERA5,"Calculated 10-year moving average"
reference,wmo_ra_1_ERA5,"Hersbach H, Bell B, Berrisford P et al. 2020. The ERA5 global reanalysis. Q. J. R. Meteorol. Soc. 146: 1999-2049. https://doi.org/10.1002/qj.3803"
comments,wmo_ra_1_ERA5,"Original data acknowledgement: "
history,wmo_ra_1_GISTEMP,""Data set created from file ['gistemp1200_GHCNv4_ERSSTv5.nc.gz'] downloaded from ['https://data.giss.nasa.gov/pub/gistemp/gistemp1200_GHCNv4_ERSSTv5.nc.gz'] at ['2023-08-07 16:14:33']""
history,wmo_ra_1_GISTEMP,""Regridded to 1 degree latitude-longitude resolution""
history,wmo_ra_1_GISTEMP,""Rebaselined to 1991-2020""
history,wmo_ra_1_GISTEMP,""Calculated area-average""
history,wmo_ra_1_GISTEMP,""Calculated annual average from monthly averages using arithmetic mean""
history,wmo_ra_1_GISTEMP,""Selected years within the range 1900 to 2022.""
history,wmo_ra_1_GISTEMP,""Wrote to file wmo_ra_1_GISTEMP.csv""
history,wmo_ra_1_GISTEMP,"Data set created from file ['wmo_ra_1_GISTEMP.csv'] downloaded from [''] at ['2023-08-09 11:00:49']"
history,wmo_ra_1_GISTEMP,"Calculated 10-year moving average"
reference,wmo_ra_1_GISTEMP,"Lenssen, N., G. Schmidt, J. Hansen, M. Menne, A. Persin, R. Ruedy, and D. Zyss, 2019: Improvements in the GISTEMP uncertainty model. J. Geophys. Res. Atmos., 124, no. 12, 6307-6326, doi:10.1029/2018JD029522"
comments,wmo_ra_1_GISTEMP,"Original data acknowledgement: "
history,wmo_ra_1_HadCRUT5,""Data set created from file ['HadCRUT.5.0.1.0.analysis.anomalies.ensemble_mean.nc'] downloaded from ['https://www.metoffice.gov.uk/hadobs/hadcrut5/data/current/analysis/HadCRUT.5.0.1.0.analysis.anomalies.ensemble_mean.nc'] at ['2023-08-07 16:14:34']""
history,wmo_ra_1_HadCRUT5,""Regridded to 1 degree latitude-longitude resolution""
history,wmo_ra_1_HadCRUT5,""Rebaselined to 1991-2020""
history,wmo_ra_1_HadCRUT5,""Calculated area-average""
history,wmo_ra_1_HadCRUT5,""Calculated annual average from monthly averages using arithmetic mean""
history,wmo_ra_1_HadCRUT5,""Selected years within the range 1900 to 2022.""
history,wmo_ra_1_HadCRUT5,""Wrote to file wmo_ra_1_HadCRUT5.csv""
history,wmo_ra_1_HadCRUT5,"Data set created from file ['wmo_ra_1_HadCRUT5.csv'] downloaded from [''] at ['2023-08-09 11:01:24']"
history,wmo_ra_1_HadCRUT5,"Calculated 10-year moving average"
reference,wmo_ra_1_HadCRUT5,"Morice, C. P., Kennedy, J. J., Rayner, N. A., Winn, J. P., Hogan, E., Killick, R. E., et al. (2021). An updated assessment of near-surface temperature change from 1850: the HadCRUT5 data set. Journal of Geophysical Research: Atmospheres, 126, e2019JD032361. https://doi.org/10.1029/2019JD032361"
comments,wmo_ra_1_HadCRUT5,"Original data acknowledgement: HadCRUT.5.0.1.0 data were obtained from http://www.metoffice.gov.uk/hadobs/hadcrut5 on 2023-08-07 16:14:34 and are © British Crown Copyright, Met Office 2023, provided under an Open Government License, http://www.nationalarchives.gov.uk/doc/open-government-licence/version/3/"
history,wmo_ra_1_JRA-55,""Data set created from file ['anl_surf125.011_tmp.202301_202312', 'anl_surf125.2023MMMM'] downloaded from ['', ''] at ['2023-08-07 16:16:00']""
history,wmo_ra_1_JRA-55,""Regridded to 1 degree latitude-longitude resolution""
history,wmo_ra_1_JRA-55,""Rebaselined to 1991-2020""
history,wmo_ra_1_JRA-55,""Calculated area-average""
history,wmo_ra_1_JRA-55,""Calculated annual average from monthly averages using arithmetic mean""
history,wmo_ra_1_JRA-55,""Selected years within the range 1900 to 2022.""
history,wmo_ra_1_JRA-55,""Wrote to file wmo_ra_1_JRA-55.csv""
history,wmo_ra_1_JRA-55,"Data set created from file ['wmo_ra_1_JRA-55.csv'] downloaded from [''] at ['2023-08-09 11:02:18']"
history,wmo_ra_1_JRA-55,"Calculated 10-year moving average"
reference,wmo_ra_1_JRA-55,"Kobayashi, S., Ota, Y., Harada, Y., Ebita, A., Moriya, M., Onoda, H., Onogi, K., Kamahori, H., Kobayashi, C., Endo, H. and Miyaoka, K., (2015). The JRA-55 reanalysis: General specifications and basic characteristics. Journal of the Meteorological Society of Japan. Ser. II, 93(1), pp.5-48."
comments,wmo_ra_1_JRA-55,"Original data acknowledgement: "
history,wmo_ra_1_NOAAGlobalTemp,""Data set created from file ['NOAAGlobalTemp_v*.nc'] downloaded from ['https://www.ncei.noaa.gov/data/noaa-global-surface-temperature/v5/access/gridded/NOAAGlobalTemp_v.*.nc'] at ['2023-08-07 16:18:17']""
history,wmo_ra_1_NOAAGlobalTemp,""Data set created from file ['NOAAGlobalTemp_v*.nc'] downloaded from ['https://www.ncei.noaa.gov/data/noaa-global-surface-temperature/v5/access/gridded/NOAAGlobalTemp_v.*.nc'] at ['2023-08-07 16:18:17']""
history,wmo_ra_1_NOAAGlobalTemp,""Regridded to 1 degree latitude-longitude resolution""
history,wmo_ra_1_NOAAGlobalTemp,""Rebaselined to 1991-2020""
history,wmo_ra_1_NOAAGlobalTemp,""Calculated area-average""
history,wmo_ra_1_NOAAGlobalTemp,""Calculated annual average from monthly averages using arithmetic mean""
history,wmo_ra_1_NOAAGlobalTemp,""Selected years within the range 1900 to 2022.""
history,wmo_ra_1_NOAAGlobalTemp,""Wrote to file wmo_ra_1_NOAAGlobalTemp.csv""
history,wmo_ra_1_NOAAGlobalTemp,"Data set created from file ['wmo_ra_1_NOAAGlobalTemp.csv'] downloaded from [''] at ['2023-08-09 12:23:22']"
history,wmo_ra_1_NOAAGlobalTemp,"Calculated 10-year moving average"
reference,wmo_ra_1_NOAAGlobalTemp,"Huang, B., M. J. Menne, T. Boyer, E. Freeman, B. E. Gleason, J. H. Lawrimore, C. Liu, J. J. Rennie, C. Schreck, F. Sun, R. Vose, C. N. Williams, X. Yin, H.-M. Zhang, 2020: Uncertainty estimates for sea surface temperature and land surface air temperature in NOAAGlobalTemp version 5. , J. Climate, 33, 1351-1379, DOI: 10.1175/JCLI-D-19-0395.1"
reference,wmo_ra_1_NOAAGlobalTemp,"Zhang, Huai-Min, Jay H. Lawrimore, Boyin Huang, Matthew J. Menne, Xungang Yin, Ahira Sȧnchez-Lugo, Byron E. Gleason, Russell Vose, Derek Arndt, J. Jared Rennie, and Claude N. Williams. (2019) Updated Temperature Data Give a Sharper View of Climate Trends. Eos, 100, https://doi.org/10.1029/2019EO128229"
comments,wmo_ra_1_NOAAGlobalTemp,"Original data acknowledgement: "
long_name,time,time,days since 1800-01-01 00:00:00.0
type,time,int
long_name,year,year,1
type,year,int
long_name,wmo_ra_1_Berkeley_Earth,wmo_ra_1,degC
type,wmo_ra_1_Berkeley_Earth,float
long_name,wmo_ra_1_ERA5,wmo_ra_1,degC
type,wmo_ra_1_ERA5,float
long_name,wmo_ra_1_GISTEMP,wmo_ra_1,degC
type,wmo_ra_1_GISTEMP,float
long_name,wmo_ra_1_HadCRUT5,wmo_ra_1,degC
type,wmo_ra_1_HadCRUT5,float
long_name,wmo_ra_1_JRA-55,wmo_ra_1,degC
type,wmo_ra_1_JRA-55,float
long_name,wmo_ra_1_NOAAGlobalTemp,wmo_ra_1,degC
type,wmo_ra_1_NOAAGlobalTemp,float
coordinate_variable,time,t
data
time,year,wmo_ra_1_Berkeley_Earth,wmo_ra_1_ERA5,wmo_ra_1_GISTEMP,wmo_ra_1_HadCRUT5,wmo_ra_1_JRA-55,wmo_ra_1_NOAAGlobalTemp
36524,1900,,,,,,
36889,1901,,,,,,
37254,1902,,,,,,
37619,1903,,,,,,
37984,1904,,,,,,
38350,1905,,,,,,
38715,1906,,,,,,
39080,1907,,,,,,
39445,1908,,,,,,
39811,1909,-1.2194,,-0.8581,-1.0877,,-1.0489
40176,1910,-1.2638,,-0.9004,-1.1155,,-1.0810
40541,1911,-1.3164,,-0.9302,-1.1358,,-1.1264
40906,1912,-1.3274,,-0.9696,-1.1170,,-1.1446
41272,1913,-1.2919,,-0.9641,-1.0667,,-1.1202
41637,1914,-1.2026,,-0.9190,-0.9742,,-1.0836
42002,1915,-1.1536,,-0.9189,-0.9204,,-1.0707
42367,1916,-1.1255,,-0.9183,-0.9145,,-1.0868
42733,1917,-1.0936,,-0.9141,-0.8984,,-1.0816
43098,1918,-1.0958,,-0.9320,-0.9013,,-1.1269
43463,1919,-1.0646,,-0.9063,-0.8709,,-1.1191
43828,1920,-1.0402,,-0.9029,-0.8457,,-1.1278
44194,1921,-0.9975,,-0.8855,-0.8224,,-1.1189
44559,1922,-0.9767,,-0.8765,-0.8190,,-1.1190
44924,1923,-0.9795,,-0.8968,-0.8343,,-1.1503
45289,1924,-0.9876,,-0.9044,-0.8312,,-1.1546
45655,1925,-1.0099,,-0.9235,-0.8822,,-1.1756
46020,1926,-0.9696,,-0.8877,-0.8578,,-1.1266
46385,1927,-0.9281,,-0.8445,-0.8302,,-1.0841
46750,1928,-0.8840,,-0.7848,-0.8029,,-1.0218
47116,1929,-0.9070,,-0.8019,-0.8400,,-1.0322
47481,1930,-0.8976,,-0.7849,-0.8404,,-1.0072
47846,1931,-0.8463,,-0.7254,-0.8091,,-0.9341
48211,1932,-0.8448,,-0.7187,-0.8324,,-0.9268
48577,1933,-0.8253,,-0.6878,-0.8138,,-0.8886
48942,1934,-0.8468,,-0.6844,-0.8569,,-0.8912
49307,1935,-0.8512,,-0.6785,-0.8337,,-0.8834
49672,1936,-0.8795,,-0.6905,-0.8407,,-0.9000
50038,1937,-0.8743,,-0.6906,-0.8281,,-0.8896
50403,1938,-0.8844,,-0.7129,-0.8303,,-0.8948
50768,1939,-0.8632,,-0.7017,-0.8075,,-0.8816
51133,1940,-0.8361,,-0.6792,-0.7786,,-0.8545
51499,1941,-0.8266,,-0.6758,-0.7580,,-0.8436
51864,1942,-0.8004,,-0.6484,-0.7198,,-0.8098
52229,1943,-0.8154,,-0.6693,-0.7427,,-0.8329
52594,1944,-0.7951,,-0.6714,-0.7175,,-0.8217
52960,1945,-0.7710,,-0.6642,-0.7186,,-0.8090
53325,1946,-0.7487,,-0.6655,-0.7086,,-0.8006
53690,1947,-0.7291,,-0.6544,-0.6970,,-0.7893
54055,1948,-0.7352,,-0.6720,-0.7139,,-0.8050
54421,1949,-0.7292,,-0.6637,-0.7166,,-0.7913
54786,1950,-0.7696,,-0.7004,-0.7640,,-0.8307
55151,1951,-0.8169,,-0.7549,-0.8172,,-0.8818
55516,1952,-0.8312,,-0.7758,-0.8335,,-0.9009
55882,1953,-0.8256,,-0.7776,-0.8272,,-0.8918
56247,1954,-0.8529,,-0.8033,-0.8584,,-0.9180
56612,1955,-0.8561,,-0.8103,-0.8565,,-0.9189
56977,1956,-0.8946,,-0.8450,-0.8956,,-0.9498
57343,1957,-0.9296,,-0.8768,-0.9316,,-0.9781
57708,1958,-0.8903,,-0.8387,-0.8997,,-0.9329
58073,1959,-0.8885,,-0.8472,-0.9036,,-0.9384
58438,1960,-0.8477,,-0.8152,-0.8665,,-0.9009
58804,1961,-0.8559,,-0.8155,-0.8785,,-0.9029
59169,1962,-0.8603,,-0.8201,-0.8938,,-0.9018
59534,1963,-0.8393,,-0.8007,-0.8801,,-0.8770
59899,1964,-0.8344,,-0.8026,-0.8802,,-0.8731
60265,1965,-0.8566,,-0.8180,-0.9017,,-0.8877
60630,1966,-0.8110,,-0.7718,-0.8627,,-0.8388
60995,1967,-0.8262,,-0.7891,-0.8813,-0.7549,-0.8534
61360,1968,-0.8698,,-0.8305,-0.9188,-0.7922,-0.8935
61726,1969,-0.8371,,-0.7998,-0.8829,-0.7551,-0.8551
62091,1970,-0.8396,,-0.7997,-0.8800,-0.7633,-0.8497
62456,1971,-0.8511,,-0.8136,-0.8912,-0.7691,-0.8565
62821,1972,-0.8530,,-0.8145,-0.8888,-0.7638,-0.8583
63187,1973,-0.8371,,-0.7919,-0.8754,-0.7369,-0.8385
63552,1974,-0.8501,,-0.7986,-0.8868,-0.7663,-0.8423
63917,1975,-0.8495,,-0.7985,-0.8906,-0.7913,-0.8411
64282,1976,-0.8876,,-0.8340,-0.9261,-0.8434,-0.8799
64648,1977,-0.8480,,-0.7962,-0.8887,-0.8090,-0.8365
65013,1978,-0.8172,,-0.7711,-0.8636,-0.7940,-0.8077
65378,1979,-0.8161,,-0.7686,-0.8639,-0.8063,-0.8055
65743,1980,-0.7944,,-0.7535,-0.8474,-0.7898,-0.7870
66109,1981,-0.7504,,-0.7181,-0.8073,-0.7491,-0.7535
66474,1982,-0.7387,,-0.7098,-0.7981,-0.7480,-0.7469
66839,1983,-0.7172,,-0.6998,-0.7743,-0.7305,-0.7335
67204,1984,-0.6566,,-0.6457,-0.7132,-0.6661,-0.6826
67570,1985,-0.6082,,-0.6034,-0.6652,-0.6187,-0.6369
67935,1986,-0.5635,,-0.5630,-0.6237,-0.5745,-0.5910
68300,1987,-0.4989,,-0.5008,-0.5611,-0.5010,-0.5296
68665,1988,-0.4651,-0.5700,-0.4664,-0.5251,-0.4500,-0.4961
69031,1989,-0.4884,-0.5755,-0.4944,-0.5488,-0.4649,-0.5247
69396,1990,-0.4656,-0.5392,-0.4725,-0.5258,-0.4335,-0.5023
69761,1991,-0.4534,-0.5166,-0.4620,-0.5049,-0.4212,-0.4858
70126,1992,-0.4445,-0.5017,-0.4581,-0.4976,-0.4133,-0.4806
70492,1993,-0.4498,-0.5016,-0.4614,-0.5012,-0.4211,-0.4829
70857,1994,-0.4433,-0.4842,-0.4547,-0.5046,-0.4093,-0.4776
71222,1995,-0.4044,-0.4352,-0.4195,-0.4716,-0.3583,-0.4450
71587,1996,-0.3702,-0.4016,-0.3940,-0.4348,-0.3145,-0.4169
71953,1997,-0.3914,-0.4336,-0.4166,-0.4418,-0.3375,-0.4452
72318,1998,-0.3433,-0.3887,-0.3725,-0.3945,-0.2872,-0.3958
72683,1999,-0.2924,-0.3478,-0.3171,-0.3451,-0.2337,-0.3358
73048,2000,-0.3027,-0.3768,-0.3247,-0.3479,-0.2513,-0.3449
73414,2001,-0.2614,-0.3428,-0.2840,-0.3091,-0.2053,-0.3050
73779,2002,-0.1953,-0.2775,-0.2182,-0.2425,-0.1380,-0.2341
74144,2003,-0.1450,-0.2318,-0.1654,-0.1923,-0.0889,-0.1823
74509,2004,-0.1002,-0.1885,-0.1206,-0.1310,-0.0574,-0.1303
74875,2005,-0.0521,-0.1378,-0.0777,-0.0709,-0.0285,-0.0838
75240,2006,-0.0234,-0.1076,-0.0487,-0.0363,-0.0193,-0.0531
75605,2007,-0.0006,-0.0732,-0.0253,-0.0092,-0.0060,-0.0217
75970,2008,-0.0226,-0.0969,-0.0430,-0.0189,-0.0506,-0.0436
76336,2009,0.0108,-0.0501,-0.0115,0.0303,-0.0324,-0.0150
76701,2010,0.1038,0.0658,0.0782,0.1305,0.0619,0.0782
77066,2011,0.1046,0.0752,0.0901,0.1447,0.0561,0.0881
77431,2012,0.0886,0.0789,0.0858,0.1487,0.0468,0.0862
77797,2013,0.0858,0.0947,0.0826,0.1603,0.0554,0.0857
78162,2014,0.1008,0.1250,0.0966,0.1706,0.0810,0.1014
78527,2015,0.0961,0.1350,0.1066,0.1696,0.0824,0.1146
78892,2016,0.1497,0.2125,0.1687,0.2191,0.1506,0.1773
79258,2017,0.1739,0.2487,0.2024,0.2317,0.1723,0.2097
79623,2018,0.2067,0.3007,0.2409,0.2581,0.2079,0.2521
79988,2019,0.2276,0.3327,0.2710,0.2621,0.2289,0.2858
80353,2020,0.1989,0.3110,0.2465,0.2177,0.1893,0.2667
80719,2021,0.2472,0.3783,0.2933,0.2437,0.2336,0.3211
81084,2022,0.2711,0.4061,0.3119,0.2466,0.2464,0.3412
end data
