Conventions,G,BADC-CSV,1
title,G,Regional mean temperature for WMO RA 1 Africa
last_revised_date,G,2023-08-28
date_valid,G,2023-08-28
feature_type,G,area average
creator,G,WMO
source,G,Produced by climind version 0.1
observation_station,G,derived data
location,G,90.,-180.,-90.,180.
activity,G,WMO
history,G,""Data set created from file ['NOAAGlobalTemp_v*.nc'] downloaded from ['https://www.ncei.noaa.gov/data/noaa-global-surface-temperature/v5/access/gridded/NOAAGlobalTemp_v.*.nc'] at ['2023-08-07 16:18:17']""
history,G,""Data set created from file ['NOAAGlobalTemp_v*.nc'] downloaded from ['https://www.ncei.noaa.gov/data/noaa-global-surface-temperature/v5/access/gridded/NOAAGlobalTemp_v.*.nc'] at ['2023-08-07 16:18:17']""
history,G,""Regridded to 1 degree latitude-longitude resolution""
history,G,""Rebaselined to 1991-2020""
history,G,""Calculated area-average""
history,G,""Calculated annual average from monthly averages using arithmetic mean""
history,G,""Selected years within the range 1900 to 2022.""
history,G,""Wrote to file wmo_ra_1_NOAAGlobalTemp.csv""
history,G,"Data set created from file ['wmo_ra_1_NOAAGlobalTemp.csv'] downloaded from [''] at ['2023-08-09 12:23:22']"
history,G,"Calculated 10-year moving average"
reference,G,"Huang, B., M. J. Menne, T. Boyer, E. Freeman, B. E. Gleason, J. H. Lawrimore, C. Liu, J. J. Rennie, C. Schreck, F. Sun, R. Vose, C. N. Williams, X. Yin, H.-M. Zhang, 2020: Uncertainty estimates for sea surface temperature and land surface air temperature in NOAAGlobalTemp version 5. , J. Climate, 33, 1351-1379, DOI: 10.1175/JCLI-D-19-0395.1"
reference,G,"Zhang, Huai-Min, Jay H. Lawrimore, Boyin Huang, Matthew J. Menne, Xungang Yin, Ahira Sȧnchez-Lugo, Byron E. Gleason, Russell Vose, Derek Arndt, J. Jared Rennie, and Claude N. Williams. (2019) Updated Temperature Data Give a Sharper View of Climate Trends. Eos, 100, https://doi.org/10.1029/2019EO128229"
rights,G,TBD
comments,G,Data produced by climind version 0.1
comments,G,Format description https://help.ceda.ac.uk/article/105-badc-csv
comments,G,"Original data acknowledgement: "
long_name,time,time,days since 1800-01-01 00:00:00.0
type,time,int
long_name,year,year,1
type,year,int
long_name,data,wmo_ra_1,degC
type,data,float
coordinate_variable,time,t
data
time,year,data
36524,1900,
36889,1901,
37254,1902,
37619,1903,
37984,1904,
38350,1905,
38715,1906,
39080,1907,
39445,1908,
39811,1909,-1.0489
40176,1910,-1.0810
40541,1911,-1.1264
40906,1912,-1.1446
41272,1913,-1.1202
41637,1914,-1.0836
42002,1915,-1.0707
42367,1916,-1.0868
42733,1917,-1.0816
43098,1918,-1.1269
43463,1919,-1.1191
43828,1920,-1.1278
44194,1921,-1.1189
44559,1922,-1.1190
44924,1923,-1.1503
45289,1924,-1.1546
45655,1925,-1.1756
46020,1926,-1.1266
46385,1927,-1.0841
46750,1928,-1.0218
47116,1929,-1.0322
47481,1930,-1.0072
47846,1931,-0.9341
48211,1932,-0.9268
48577,1933,-0.8886
48942,1934,-0.8912
49307,1935,-0.8834
49672,1936,-0.9000
50038,1937,-0.8896
50403,1938,-0.8948
50768,1939,-0.8816
51133,1940,-0.8545
51499,1941,-0.8436
51864,1942,-0.8098
52229,1943,-0.8329
52594,1944,-0.8217
52960,1945,-0.8090
53325,1946,-0.8006
53690,1947,-0.7893
54055,1948,-0.8050
54421,1949,-0.7913
54786,1950,-0.8307
55151,1951,-0.8818
55516,1952,-0.9009
55882,1953,-0.8918
56247,1954,-0.9180
56612,1955,-0.9189
56977,1956,-0.9498
57343,1957,-0.9781
57708,1958,-0.9329
58073,1959,-0.9384
58438,1960,-0.9009
58804,1961,-0.9029
59169,1962,-0.9018
59534,1963,-0.8770
59899,1964,-0.8731
60265,1965,-0.8877
60630,1966,-0.8388
60995,1967,-0.8534
61360,1968,-0.8935
61726,1969,-0.8551
62091,1970,-0.8497
62456,1971,-0.8565
62821,1972,-0.8583
63187,1973,-0.8385
63552,1974,-0.8423
63917,1975,-0.8411
64282,1976,-0.8799
64648,1977,-0.8365
65013,1978,-0.8077
65378,1979,-0.8055
65743,1980,-0.7870
66109,1981,-0.7535
66474,1982,-0.7469
66839,1983,-0.7335
67204,1984,-0.6826
67570,1985,-0.6369
67935,1986,-0.5910
68300,1987,-0.5296
68665,1988,-0.4961
69031,1989,-0.5247
69396,1990,-0.5023
69761,1991,-0.4858
70126,1992,-0.4806
70492,1993,-0.4829
70857,1994,-0.4776
71222,1995,-0.4450
71587,1996,-0.4169
71953,1997,-0.4452
72318,1998,-0.3958
72683,1999,-0.3358
73048,2000,-0.3449
73414,2001,-0.3050
73779,2002,-0.2341
74144,2003,-0.1823
74509,2004,-0.1303
74875,2005,-0.0838
75240,2006,-0.0531
75605,2007,-0.0217
75970,2008,-0.0436
76336,2009,-0.0150
76701,2010,0.0782
77066,2011,0.0881
77431,2012,0.0862
77797,2013,0.0857
78162,2014,0.1014
78527,2015,0.1146
78892,2016,0.1773
79258,2017,0.2097
79623,2018,0.2521
79988,2019,0.2858
80353,2020,0.2667
80719,2021,0.3211
81084,2022,0.3412
end data
