Conventions,G,BADC-CSV,1
title,G,Global ocean heat content
last_revised_date,G,2022-11-23
date_valid,G,2022-11-23
feature_type,G,area average
creator,G,WMO
source,G,Produced by climind version 0.1
observation_station,G,derived data
location,G,90.,-180.,-90.,180.
activity,G,WMO
history,G,"Data set created from file ['GCOS_EHI_1960-2020_Earth_Heat_Inventory_Ocean_Heat_Content_data.nc'] downloaded from ['https://www.wdc-climate.de/WDCC/ui/download/transferArchive?acronym=GCOS_EHI_1960-2020_OHC_d&rmin=0&rmax=0'] at ['2022-10-18 10:35:28']"
history,G,"Rebaselined to 1981-2010 by subtracting the arithemtic mean for that period from all data values."
reference,G,"von Schuckmann, K., Cheng, L., Palmer, M. D., Hansen, J., Tassone, C., Aich, V., Adusumilli, S., Beltrami, H., Boyer, T., Cuesta-Valero, F. J., Desbruyères, D., Domingues, C., García-García, A., Gentine, P., Gilson, J., Gorfer, M., Haimberger, L., Ishii, M., Johnson, G. C., Killick, R., King, B. A., Kirchengast, G., Kolodziejczyk, N., Lyman, J., Marzeion, B., Mayer, M., Monier, M., Monselesan, D. P., Purkey, S., Roemmich, D., Schweiger, A., Seneviratne, S. I., Shepherd, A., Slater, D. A., Steiner, A. K., Straneo, F., Timmermans, M.-L., and Wijffels, S. E.: Heat stored in the Earth system: where does the energy go?, Earth Syst. Sci. Data, 12, 2013–2041, https://doi.org/10.5194/essd-12-2013-2020, 2020."
rights,G,TBD
comments,G,Data produced by climind version 0.1
comments,G,Format description https://help.ceda.ac.uk/article/105-badc-csv
long_name,time,time,days since 1800-01-01 00:00:00.0
type,time,int
long_name,year,year,1
type,year,int
long_name,data,ohc2k,zJ
type,data,float
long_name,uncertainty,ohc2k uncertainty,zJ
type,uncertainty,float
coordinate_variable,time,t
data
time,year,data,uncertainty
58438,1960,-116.0841,22.2097
58804,1961,-100.3500,21.8368
59169,1962,-87.4025,17.5772
59534,1963,-94.9470,15.7042
59899,1964,-106.2810,23.4638
60265,1965,-116.3968,1.7713
60630,1966,-101.2429,5.7005
60995,1967,-113.4247,16.2894
61360,1968,-134.2910,14.7409
61726,1969,-122.7183,18.1716
62091,1970,-125.6667,11.2102
62456,1971,-106.6586,7.6483
62821,1972,-106.6903,11.5027
63187,1973,-101.1462,14.8567
63552,1974,-89.3028,20.8942
63917,1975,-75.5602,15.4346
64282,1976,-84.7439,17.1504
64648,1977,-70.2016,28.8896
65013,1978,-58.7304,34.6922
65378,1979,-73.1762,22.6494
65743,1980,-48.3242,30.2562
66109,1981,-52.1352,20.5882
66474,1982,-71.9921,9.4616
66839,1983,-79.3928,14.1971
67204,1984,-65.3320,32.2907
67570,1985,-55.4128,26.2204
67935,1986,-44.7549,13.8027
68300,1987,-54.6779,15.7392
68665,1988,-48.5761,16.1232
69031,1989,-51.3199,18.0298
69396,1990,-53.9513,18.8499
69761,1991,-30.4232,16.4833
70126,1992,-31.2185,8.9789
70492,1993,-16.6132,12.2556
70857,1994,-10.7555,10.5810
71222,1995,-26.9799,15.0912
71587,1996,0.9935,13.2586
71953,1997,-3.4371,1.0339
72318,1998,-3.5934,13.3751
72683,1999,13.4139,4.9841
73048,2000,6.8131,10.7583
73414,2001,9.5140,4.5172
73779,2002,40.7351,2.9064
74144,2003,67.5030,6.1313
74509,2004,66.3662,6.0450
74875,2005,65.6602,12.9042
75240,2006,76.2722,10.6456
75605,2007,73.9260,7.9807
75970,2008,87.0136,7.7076
76336,2009,97.2351,4.6236
76701,2010,95.1202,5.6196
77066,2011,103.9775,4.8741
77431,2012,111.4376,5.5268
77797,2013,134.0221,3.6133
78162,2014,144.7348,5.2392
78527,2015,162.1444,6.3847
78892,2016,152.6962,6.8806
79258,2017,174.2597,6.1329
79623,2018,184.1908,8.1583
79988,2019,199.6803,8.5626
80353,2020,202.4443,8.4251
end data
