Conventions,G,BADC-CSV,1
title,G,Global ocean heat content
last_revised_date,G,2023-01-17
date_valid,G,2023-01-17
feature_type,G,area average
creator,G,WMO
source,G,Produced by climind version 0.1
observation_station,G,derived data
location,G,90.,-180.,-90.,180.
activity,G,WMO
history,G,"Data set created from file ['h22-w0-2000m.dat'] downloaded from ['https://www.ncei.noaa.gov/data/oceans/woa/DATA_ANALYSIS/3M_HEAT_CONTENT/DATA/basin/yearly/h22-w0-2000m.dat'] at ['2023-01-17 09:19:40']"
history,G,"Rebaselined to 2005-2020 by subtracting the arithemtic mean for that period from all data values."
reference,G,"Levitus, S., et al. (2012), World ocean heat content and thermosteric sea level change (0–2000 m), 1955–2010, Geophys. Res. Lett., 39, L10603, doi:10.1029/2012GL051106"
rights,G,TBD
comments,G,Data produced by climind version 0.1
comments,G,Format description https://help.ceda.ac.uk/article/105-badc-csv
long_name,time,time,days since 1800-01-01 00:00:00.0
type,time,int
long_name,year,year,1
type,year,int
long_name,data,ohc2k,zJ
type,data,float
long_name,uncertainty,ohc2k uncertainty,zJ
type,uncertainty,float
coordinate_variable,time,t
data
time,year,data,uncertainty
74875,2005,-78.6513,8.3500
75240,2006,-53.9813,3.2700
75605,2007,-56.4213,4.3400
75970,2008,-47.7913,5.1900
76336,2009,-46.0513,6.3600
76701,2010,-34.9913,5.2700
77066,2011,-26.4213,5.0700
77431,2012,-18.4913,4.7300
77797,2013,6.1387,10.5900
78162,2014,20.7387,5.8900
78527,2015,43.6487,3.8500
78892,2016,27.6287,8.3200
79258,2017,55.5287,5.6300
79623,2018,60.2287,8.2800
79988,2019,73.9988,2.8700
80353,2020,74.8887,9.2400
80719,2021,92.4387,3.6800
81084,2022,101.5588,2.5000
end data
