Conventions,G,BADC-CSV,1
title,G,Global ocean heat content
last_revised_date,G,2022-12-16
date_valid,G,2022-12-16
feature_type,G,area average
creator,G,WMO
source,G,Produced by climind version 0.1
observation_station,G,derived data
location,G,90.,-180.,-90.,180.
activity,G,WMO
history,G,"Data set created from file ['GCOS_EHI_1960-2020_Earth_Heat_Inventory_Ocean_Heat_Content_data.nc'] downloaded from ['https://www.wdc-climate.de/WDCC/ui/download/transferArchive?acronym=GCOS_EHI_1960-2020_OHC_d&rmin=0&rmax=0'] at ['2022-10-18 10:35:28']"
history,G,"Rebaselined to 2005-2020 by subtracting the arithemtic mean for that period from all data values."
reference,G,"von Schuckmann, K., Cheng, L., Palmer, M. D., Hansen, J., Tassone, C., Aich, V., Adusumilli, S., Beltrami, H., Boyer, T., Cuesta-Valero, F. J., Desbruyères, D., Domingues, C., García-García, A., Gentine, P., Gilson, J., Gorfer, M., Haimberger, L., Ishii, M., Johnson, G. C., Killick, R., King, B. A., Kirchengast, G., Kolodziejczyk, N., Lyman, J., Marzeion, B., Mayer, M., Monier, M., Monselesan, D. P., Purkey, S., Roemmich, D., Schweiger, A., Seneviratne, S. I., Shepherd, A., Slater, D. A., Steiner, A. K., Straneo, F., Timmermans, M.-L., and Wijffels, S. E.: Heat stored in the Earth system: where does the energy go?, Earth Syst. Sci. Data, 12, 2013–2041, https://doi.org/10.5194/essd-12-2013-2020, 2020."
rights,G,TBD
comments,G,Data produced by climind version 0.1
comments,G,Format description https://help.ceda.ac.uk/article/105-badc-csv
long_name,time,time,days since 1800-01-01 00:00:00.0
type,time,int
long_name,year,year,1
type,year,int
long_name,data,ohc2k,zJ
type,data,float
long_name,uncertainty,ohc2k uncertainty,zJ
type,uncertainty,float
coordinate_variable,time,t
data
time,year,data,uncertainty
58438,1960.0000,-245.1350,44.4194
58804,1961.0000,-229.4009,43.6735
59169,1962.0000,-216.4534,35.1545
59534,1963.0000,-223.9979,31.4084
59899,1964.0000,-235.3319,46.9275
60265,1965.0000,-245.4477,3.5427
60630,1966.0000,-230.2938,11.4009
60995,1967.0000,-242.4757,32.5789
61360,1968.0000,-263.3419,29.4819
61726,1969.0000,-251.7693,36.3432
62091,1970.0000,-254.7176,22.4203
62456,1971.0000,-235.7095,15.2965
62821,1972.0000,-235.7412,23.0054
63187,1973.0000,-230.1971,29.7134
63552,1974.0000,-218.3537,41.7885
63917,1975.0000,-204.6112,30.8693
64282,1976.0000,-213.7948,34.3007
64648,1977.0000,-199.2526,57.7792
65013,1978.0000,-187.7813,69.3844
65378,1979.0000,-202.2271,45.2987
65743,1980.0000,-177.3751,60.5123
66109,1981.0000,-181.1861,41.1765
66474,1982.0000,-201.0430,18.9233
66839,1983.0000,-208.4438,28.3943
67204,1984.0000,-194.3829,64.5815
67570,1985.0000,-184.4637,52.4408
67935,1986.0000,-173.8058,27.6054
68300,1987.0000,-183.7289,31.4785
68665,1988.0000,-177.6270,32.2463
69031,1989.0000,-180.3708,36.0595
69396,1990.0000,-183.0022,37.6999
69761,1991.0000,-159.4741,32.9666
70126,1992.0000,-160.2695,17.9577
70492,1993.0000,-145.6641,24.5113
70857,1994.0000,-139.8065,21.1620
71222,1995.0000,-156.0309,30.1823
71587,1996.0000,-128.0574,26.5173
71953,1997.0000,-132.4881,2.0678
72318,1998.0000,-132.6443,26.7501
72683,1999.0000,-115.6370,9.9682
73048,2000.0000,-122.2379,21.5165
73414,2001.0000,-119.5369,9.0343
73779,2002.0000,-88.3159,5.8128
74144,2003.0000,-61.5479,12.2625
74509,2004.0000,-62.6848,12.0901
74875,2005.0000,-63.3908,25.8084
75240,2006.0000,-52.7788,21.2912
75605,2007.0000,-55.1250,15.9614
75970,2008.0000,-42.0373,15.4153
76336,2009.0000,-31.8158,9.2473
76701,2010.0000,-33.9308,11.2391
77066,2011.0000,-25.0734,9.7482
77431,2012.0000,-17.6133,11.0536
77797,2013.0000,4.9712,7.2267
78162,2014.0000,15.6838,10.4783
78527,2015.0000,33.0934,12.7693
78892,2016.0000,23.6452,13.7613
79258,2017.0000,45.2088,12.2659
79623,2018.0000,55.1399,16.3165
79988,2019.0000,70.6294,17.1253
80353,2020.0000,73.3933,16.8503
80719,2021.0000,86.7401,18.4992
end data
