Conventions,G,BADC-CSV,1
title,G,Regional mean temperature for WMO RA 3 South America
last_revised_date,G,2023-08-28
date_valid,G,2023-08-28
feature_type,G,area average
creator,G,WMO
source,G,Produced by climind version 0.1
observation_station,G,derived data
location,G,90.,-180.,-90.,180.
activity,G,WMO
history,G,""Data set created from file ['NOAAGlobalTemp_v*.nc'] downloaded from ['https://www.ncei.noaa.gov/data/noaa-global-surface-temperature/v5/access/gridded/NOAAGlobalTemp_v.*.nc'] at ['2023-08-07 16:18:17']""
history,G,""Data set created from file ['NOAAGlobalTemp_v*.nc'] downloaded from ['https://www.ncei.noaa.gov/data/noaa-global-surface-temperature/v5/access/gridded/NOAAGlobalTemp_v.*.nc'] at ['2023-08-07 16:18:17']""
history,G,""Regridded to 1 degree latitude-longitude resolution""
history,G,""Rebaselined to 1991-2020""
history,G,""Calculated area-average""
history,G,""Calculated annual average from monthly averages using arithmetic mean""
history,G,""Selected years within the range 1900 to 2022.""
history,G,""Wrote to file wmo_ra_3_NOAAGlobalTemp.csv""
history,G,"Data set created from file ['wmo_ra_3_NOAAGlobalTemp.csv'] downloaded from [''] at ['2023-08-09 12:23:26']"
history,G,"Calculated 10-year moving average"
reference,G,"Huang, B., M. J. Menne, T. Boyer, E. Freeman, B. E. Gleason, J. H. Lawrimore, C. Liu, J. J. Rennie, C. Schreck, F. Sun, R. Vose, C. N. Williams, X. Yin, H.-M. Zhang, 2020: Uncertainty estimates for sea surface temperature and land surface air temperature in NOAAGlobalTemp version 5. , J. Climate, 33, 1351-1379, DOI: 10.1175/JCLI-D-19-0395.1"
reference,G,"Zhang, Huai-Min, Jay H. Lawrimore, Boyin Huang, Matthew J. Menne, Xungang Yin, Ahira Sȧnchez-Lugo, Byron E. Gleason, Russell Vose, Derek Arndt, J. Jared Rennie, and Claude N. Williams. (2019) Updated Temperature Data Give a Sharper View of Climate Trends. Eos, 100, https://doi.org/10.1029/2019EO128229"
rights,G,TBD
comments,G,Data produced by climind version 0.1
comments,G,Format description https://help.ceda.ac.uk/article/105-badc-csv
comments,G,"Original data acknowledgement: "
long_name,time,time,days since 1800-01-01 00:00:00.0
type,time,int
long_name,year,year,1
type,year,int
long_name,data,wmo_ra_3,degC
type,data,float
coordinate_variable,time,t
data
time,year,data
36524,1900,
36889,1901,
37254,1902,
37619,1903,
37984,1904,
38350,1905,
38715,1906,
39080,1907,
39445,1908,
39811,1909,-0.8618
40176,1910,-0.9097
40541,1911,-0.9590
40906,1912,-0.9868
41272,1913,-0.9816
41637,1914,-0.9872
42002,1915,-0.9949
42367,1916,-1.0542
42733,1917,-1.1107
43098,1918,-1.1445
43463,1919,-1.1413
43828,1920,-1.1455
44194,1921,-1.1553
44559,1922,-1.1906
44924,1923,-1.2344
45289,1924,-1.2777
45655,1925,-1.3045
46020,1926,-1.2573
46385,1927,-1.2052
46750,1928,-1.1871
47116,1929,-1.1988
47481,1930,-1.1732
47846,1931,-1.1456
48211,1932,-1.0958
48577,1933,-1.0767
48942,1934,-1.0541
49307,1935,-1.0361
49672,1936,-1.0346
50038,1937,-1.0099
50403,1938,-0.9970
50768,1939,-0.9635
51133,1940,-0.9371
51499,1941,-0.8935
51864,1942,-0.9012
52229,1943,-0.8788
52594,1944,-0.8226
52960,1945,-0.7879
53325,1946,-0.7781
53690,1947,-0.7786
54055,1948,-0.7544
54421,1949,-0.7686
54786,1950,-0.8017
55151,1951,-0.8184
55516,1952,-0.8069
55882,1953,-0.7764
56247,1954,-0.8105
56612,1955,-0.8597
56977,1956,-0.9055
57343,1957,-0.8921
57708,1958,-0.8646
58073,1959,-0.8429
58438,1960,-0.8221
58804,1961,-0.8039
59169,1962,-0.8097
59534,1963,-0.8088
59899,1964,-0.8047
60265,1965,-0.7563
60630,1966,-0.7022
60995,1967,-0.7013
61360,1968,-0.7352
61726,1969,-0.6983
62091,1970,-0.6780
62456,1971,-0.7143
62821,1972,-0.6870
63187,1973,-0.6842
63552,1974,-0.6859
63917,1975,-0.7037
64282,1976,-0.7206
64648,1977,-0.6910
65013,1978,-0.6614
65378,1979,-0.6834
65743,1980,-0.6643
66109,1981,-0.6209
66474,1982,-0.6060
66839,1983,-0.5713
67204,1984,-0.5402
67570,1985,-0.5124
67935,1986,-0.4674
68300,1987,-0.4364
68665,1988,-0.4272
69031,1989,-0.4229
69396,1990,-0.4226
69761,1991,-0.4014
70126,1992,-0.4048
70492,1993,-0.4135
70857,1994,-0.3668
71222,1995,-0.3294
71587,1996,-0.3225
71953,1997,-0.3107
72318,1998,-0.2427
72683,1999,-0.2264
73048,2000,-0.2309
73414,2001,-0.2135
73779,2002,-0.1644
74144,2003,-0.1346
74509,2004,-0.1263
74875,2005,-0.1082
75240,2006,-0.0726
75605,2007,-0.0938
75970,2008,-0.1273
76336,2009,-0.0801
76701,2010,-0.0299
77066,2011,-0.0241
77431,2012,-0.0166
77797,2013,-0.0148
78162,2014,0.0141
78527,2015,0.0694
78892,2016,0.1034
79258,2017,0.1595
79623,2018,0.1831
79988,2019,0.2136
80353,2020,0.2609
80719,2021,0.2960
81084,2022,0.2923
end data
