Conventions,G,BADC-CSV,1
title,G,Regional mean temperature for WMO RA 3 South America
last_revised_date,G,2023-08-28
date_valid,G,2023-08-28
feature_type,G,area average
creator,G,WMO
source,G,Produced by climind version 0.1
observation_station,G,derived data
location,G,90.,-180.,-90.,180.
activity,G,WMO
history,G,""Data set created from file ['HadCRUT.5.0.1.0.analysis.anomalies.ensemble_mean.nc'] downloaded from ['https://www.metoffice.gov.uk/hadobs/hadcrut5/data/current/analysis/HadCRUT.5.0.1.0.analysis.anomalies.ensemble_mean.nc'] at ['2023-08-07 16:14:34']""
history,G,""Regridded to 1 degree latitude-longitude resolution""
history,G,""Rebaselined to 1991-2020""
history,G,""Calculated area-average""
history,G,""Calculated annual average from monthly averages using arithmetic mean""
history,G,""Selected years within the range 1900 to 2022.""
history,G,""Wrote to file wmo_ra_3_HadCRUT5.csv""
history,G,"Data set created from file ['wmo_ra_3_HadCRUT5.csv'] downloaded from [''] at ['2023-08-09 11:01:28']"
history,G,"Calculated 10-year moving average"
reference,G,"Morice, C. P., Kennedy, J. J., Rayner, N. A., Winn, J. P., Hogan, E., Killick, R. E., et al. (2021). An updated assessment of near-surface temperature change from 1850: the HadCRUT5 data set. Journal of Geophysical Research: Atmospheres, 126, e2019JD032361. https://doi.org/10.1029/2019JD032361"
rights,G,TBD
comments,G,Data produced by climind version 0.1
comments,G,Format description https://help.ceda.ac.uk/article/105-badc-csv
comments,G,"Original data acknowledgement: HadCRUT.5.0.1.0 data were obtained from http://www.metoffice.gov.uk/hadobs/hadcrut5 on 2023-08-07 16:14:34 and are © British Crown Copyright, Met Office 2023, provided under an Open Government License, http://www.nationalarchives.gov.uk/doc/open-government-licence/version/3/"
long_name,time,time,days since 1800-01-01 00:00:00.0
type,time,int
long_name,year,year,1
type,year,int
long_name,data,wmo_ra_3,degC
type,data,float
coordinate_variable,time,t
data
time,year,data
36524,1900,
36889,1901,
37254,1902,
37619,1903,
37984,1904,
38350,1905,
38715,1906,
39080,1907,
39445,1908,
39811,1909,-0.6750
40176,1910,-0.7176
40541,1911,-0.7782
40906,1912,-0.7985
41272,1913,-0.7863
41637,1914,-0.7368
42002,1915,-0.6965
42367,1916,-0.7117
42733,1917,-0.7329
43098,1918,-0.7416
43463,1919,-0.7138
43828,1920,-0.7073
44194,1921,-0.7146
44559,1922,-0.7532
44924,1923,-0.8082
45289,1924,-0.8728
45655,1925,-0.9314
46020,1926,-0.9002
46385,1927,-0.8622
46750,1928,-0.8447
47116,1929,-0.8800
47481,1930,-0.8608
47846,1931,-0.8292
48211,1932,-0.7815
48577,1933,-0.7634
48942,1934,-0.7618
49307,1935,-0.7609
49672,1936,-0.7735
50038,1937,-0.7574
50403,1938,-0.7592
50768,1939,-0.7366
51133,1940,-0.7178
51499,1941,-0.6857
51864,1942,-0.7020
52229,1943,-0.6920
52594,1944,-0.6398
52960,1945,-0.6172
53325,1946,-0.6246
53690,1947,-0.6379
54055,1948,-0.6341
54421,1949,-0.6551
54786,1950,-0.6973
55151,1951,-0.7249
55516,1952,-0.7149
55882,1953,-0.6798
56247,1954,-0.7010
56612,1955,-0.7275
56977,1956,-0.7673
57343,1957,-0.7570
57708,1958,-0.7104
58073,1959,-0.6765
58438,1960,-0.6483
58804,1961,-0.6107
59169,1962,-0.6032
59534,1963,-0.5874
59899,1964,-0.5867
60265,1965,-0.5426
60630,1966,-0.4777
60995,1967,-0.4583
61360,1968,-0.4972
61726,1969,-0.4591
62091,1970,-0.4356
62456,1971,-0.4914
62821,1972,-0.4849
63187,1973,-0.5024
63552,1974,-0.5270
63917,1975,-0.5649
64282,1976,-0.6080
64648,1977,-0.5985
65013,1978,-0.5829
65378,1979,-0.6188
65743,1980,-0.6176
66109,1981,-0.5769
66474,1982,-0.5623
66839,1983,-0.5333
67204,1984,-0.5020
67570,1985,-0.4750
67935,1986,-0.4306
68300,1987,-0.4017
68665,1988,-0.3965
69031,1989,-0.3998
69396,1990,-0.3996
69761,1991,-0.3873
70126,1992,-0.4050
70492,1993,-0.4257
70857,1994,-0.3840
71222,1995,-0.3440
71587,1996,-0.3368
71953,1997,-0.3235
72318,1998,-0.2545
72683,1999,-0.2372
73048,2000,-0.2424
73414,2001,-0.2118
73779,2002,-0.1484
74144,2003,-0.1015
74509,2004,-0.0820
74875,2005,-0.0607
75240,2006,-0.0160
75605,2007,-0.0296
75970,2008,-0.0598
76336,2009,-0.0080
76701,2010,0.0511
77066,2011,0.0538
77431,2012,0.0548
77797,2013,0.0481
78162,2014,0.0589
78527,2015,0.0995
78892,2016,0.1203
79258,2017,0.1549
79623,2018,0.1595
79988,2019,0.1717
80353,2020,0.1916
80719,2021,0.1969
81084,2022,0.1744
end data
