Conventions,G,BADC-CSV,1
title,G,Regional mean temperature for WMO RA 3 South America
last_revised_date,G,2023-08-28
date_valid,G,2023-08-28
feature_type,G,area average
creator,G,WMO
source,G,Produced by climind version 0.1
observation_station,G,derived data
location,G,90.,-180.,-90.,180.
rights,G,TBD
activity,G,WMO
comments,G,Format description https://help.ceda.ac.uk/article/105-badc-csv
history,wmo_ra_3_Berkeley_Earth,""Data set created from file ['Land_and_Ocean_LatLong1.nc'] downloaded from ['https://berkeley-earth-temperature.s3.us-west-1.amazonaws.com/Global/Gridded/Land_and_Ocean_LatLong1.nc'] at ['2023-08-07 17:34:59']""
history,wmo_ra_3_Berkeley_Earth,""Rebaselined to 1991-2020""
history,wmo_ra_3_Berkeley_Earth,""Calculated area-average""
history,wmo_ra_3_Berkeley_Earth,""Calculated annual average from monthly averages using arithmetic mean""
history,wmo_ra_3_Berkeley_Earth,""Selected years within the range 1900 to 2022.""
history,wmo_ra_3_Berkeley_Earth,""Wrote to file wmo_ra_3_Berkeley Earth.csv""
history,wmo_ra_3_Berkeley_Earth,"Data set created from file ['wmo_ra_3_Berkeley Earth.csv'] downloaded from [''] at ['2023-08-09 10:59:43']"
history,wmo_ra_3_Berkeley_Earth,"Calculated 10-year moving average"
reference,wmo_ra_3_Berkeley_Earth,"Rohde, R. A. and Hausfather, Z.: The Berkeley Earth Land/Ocean Temperature Record, Earth Syst. Sci. Data, 12, 3469-3479, https://doi.org/10.5194/essd-12-3469-2020, 2020"
comments,wmo_ra_3_Berkeley_Earth,"Original data acknowledgement: "
history,wmo_ra_3_ERA5,""Gridded dataset created from file ['era5_2m_tas_2023.nc'] downloaded from ['']""
history,wmo_ra_3_ERA5,""Regridded to 1 degree latitude-longitude resolution""
history,wmo_ra_3_ERA5,""Rebaselined to 1991-2020""
history,wmo_ra_3_ERA5,""Calculated area-average""
history,wmo_ra_3_ERA5,""Calculated annual average from monthly averages using arithmetic mean""
history,wmo_ra_3_ERA5,""Selected years within the range 1900 to 2022.""
history,wmo_ra_3_ERA5,""Wrote to file wmo_ra_3_ERA5.csv""
history,wmo_ra_3_ERA5,"Data set created from file ['wmo_ra_3_ERA5.csv'] downloaded from [''] at ['2023-08-09 11:00:34']"
history,wmo_ra_3_ERA5,"Calculated 10-year moving average"
reference,wmo_ra_3_ERA5,"Hersbach H, Bell B, Berrisford P et al. 2020. The ERA5 global reanalysis. Q. J. R. Meteorol. Soc. 146: 1999-2049. https://doi.org/10.1002/qj.3803"
comments,wmo_ra_3_ERA5,"Original data acknowledgement: "
history,wmo_ra_3_GISTEMP,""Data set created from file ['gistemp1200_GHCNv4_ERSSTv5.nc.gz'] downloaded from ['https://data.giss.nasa.gov/pub/gistemp/gistemp1200_GHCNv4_ERSSTv5.nc.gz'] at ['2023-08-07 16:14:33']""
history,wmo_ra_3_GISTEMP,""Regridded to 1 degree latitude-longitude resolution""
history,wmo_ra_3_GISTEMP,""Rebaselined to 1991-2020""
history,wmo_ra_3_GISTEMP,""Calculated area-average""
history,wmo_ra_3_GISTEMP,""Calculated annual average from monthly averages using arithmetic mean""
history,wmo_ra_3_GISTEMP,""Selected years within the range 1900 to 2022.""
history,wmo_ra_3_GISTEMP,""Wrote to file wmo_ra_3_GISTEMP.csv""
history,wmo_ra_3_GISTEMP,"Data set created from file ['wmo_ra_3_GISTEMP.csv'] downloaded from [''] at ['2023-08-09 11:00:52']"
history,wmo_ra_3_GISTEMP,"Calculated 10-year moving average"
reference,wmo_ra_3_GISTEMP,"Lenssen, N., G. Schmidt, J. Hansen, M. Menne, A. Persin, R. Ruedy, and D. Zyss, 2019: Improvements in the GISTEMP uncertainty model. J. Geophys. Res. Atmos., 124, no. 12, 6307-6326, doi:10.1029/2018JD029522"
comments,wmo_ra_3_GISTEMP,"Original data acknowledgement: "
history,wmo_ra_3_HadCRUT5,""Data set created from file ['HadCRUT.5.0.1.0.analysis.anomalies.ensemble_mean.nc'] downloaded from ['https://www.metoffice.gov.uk/hadobs/hadcrut5/data/current/analysis/HadCRUT.5.0.1.0.analysis.anomalies.ensemble_mean.nc'] at ['2023-08-07 16:14:34']""
history,wmo_ra_3_HadCRUT5,""Regridded to 1 degree latitude-longitude resolution""
history,wmo_ra_3_HadCRUT5,""Rebaselined to 1991-2020""
history,wmo_ra_3_HadCRUT5,""Calculated area-average""
history,wmo_ra_3_HadCRUT5,""Calculated annual average from monthly averages using arithmetic mean""
history,wmo_ra_3_HadCRUT5,""Selected years within the range 1900 to 2022.""
history,wmo_ra_3_HadCRUT5,""Wrote to file wmo_ra_3_HadCRUT5.csv""
history,wmo_ra_3_HadCRUT5,"Data set created from file ['wmo_ra_3_HadCRUT5.csv'] downloaded from [''] at ['2023-08-09 11:01:28']"
history,wmo_ra_3_HadCRUT5,"Calculated 10-year moving average"
reference,wmo_ra_3_HadCRUT5,"Morice, C. P., Kennedy, J. J., Rayner, N. A., Winn, J. P., Hogan, E., Killick, R. E., et al. (2021). An updated assessment of near-surface temperature change from 1850: the HadCRUT5 data set. Journal of Geophysical Research: Atmospheres, 126, e2019JD032361. https://doi.org/10.1029/2019JD032361"
comments,wmo_ra_3_HadCRUT5,"Original data acknowledgement: HadCRUT.5.0.1.0 data were obtained from http://www.metoffice.gov.uk/hadobs/hadcrut5 on 2023-08-07 16:14:34 and are © British Crown Copyright, Met Office 2023, provided under an Open Government License, http://www.nationalarchives.gov.uk/doc/open-government-licence/version/3/"
history,wmo_ra_3_JRA-55,""Data set created from file ['anl_surf125.011_tmp.202301_202312', 'anl_surf125.2023MMMM'] downloaded from ['', ''] at ['2023-08-07 16:16:00']""
history,wmo_ra_3_JRA-55,""Regridded to 1 degree latitude-longitude resolution""
history,wmo_ra_3_JRA-55,""Rebaselined to 1991-2020""
history,wmo_ra_3_JRA-55,""Calculated area-average""
history,wmo_ra_3_JRA-55,""Calculated annual average from monthly averages using arithmetic mean""
history,wmo_ra_3_JRA-55,""Selected years within the range 1900 to 2022.""
history,wmo_ra_3_JRA-55,""Wrote to file wmo_ra_3_JRA-55.csv""
history,wmo_ra_3_JRA-55,"Data set created from file ['wmo_ra_3_JRA-55.csv'] downloaded from [''] at ['2023-08-09 11:02:20']"
history,wmo_ra_3_JRA-55,"Calculated 10-year moving average"
reference,wmo_ra_3_JRA-55,"Kobayashi, S., Ota, Y., Harada, Y., Ebita, A., Moriya, M., Onoda, H., Onogi, K., Kamahori, H., Kobayashi, C., Endo, H. and Miyaoka, K., (2015). The JRA-55 reanalysis: General specifications and basic characteristics. Journal of the Meteorological Society of Japan. Ser. II, 93(1), pp.5-48."
comments,wmo_ra_3_JRA-55,"Original data acknowledgement: "
history,wmo_ra_3_NOAAGlobalTemp,""Data set created from file ['NOAAGlobalTemp_v*.nc'] downloaded from ['https://www.ncei.noaa.gov/data/noaa-global-surface-temperature/v5/access/gridded/NOAAGlobalTemp_v.*.nc'] at ['2023-08-07 16:18:17']""
history,wmo_ra_3_NOAAGlobalTemp,""Data set created from file ['NOAAGlobalTemp_v*.nc'] downloaded from ['https://www.ncei.noaa.gov/data/noaa-global-surface-temperature/v5/access/gridded/NOAAGlobalTemp_v.*.nc'] at ['2023-08-07 16:18:17']""
history,wmo_ra_3_NOAAGlobalTemp,""Regridded to 1 degree latitude-longitude resolution""
history,wmo_ra_3_NOAAGlobalTemp,""Rebaselined to 1991-2020""
history,wmo_ra_3_NOAAGlobalTemp,""Calculated area-average""
history,wmo_ra_3_NOAAGlobalTemp,""Calculated annual average from monthly averages using arithmetic mean""
history,wmo_ra_3_NOAAGlobalTemp,""Selected years within the range 1900 to 2022.""
history,wmo_ra_3_NOAAGlobalTemp,""Wrote to file wmo_ra_3_NOAAGlobalTemp.csv""
history,wmo_ra_3_NOAAGlobalTemp,"Data set created from file ['wmo_ra_3_NOAAGlobalTemp.csv'] downloaded from [''] at ['2023-08-09 12:23:26']"
history,wmo_ra_3_NOAAGlobalTemp,"Calculated 10-year moving average"
reference,wmo_ra_3_NOAAGlobalTemp,"Huang, B., M. J. Menne, T. Boyer, E. Freeman, B. E. Gleason, J. H. Lawrimore, C. Liu, J. J. Rennie, C. Schreck, F. Sun, R. Vose, C. N. Williams, X. Yin, H.-M. Zhang, 2020: Uncertainty estimates for sea surface temperature and land surface air temperature in NOAAGlobalTemp version 5. , J. Climate, 33, 1351-1379, DOI: 10.1175/JCLI-D-19-0395.1"
reference,wmo_ra_3_NOAAGlobalTemp,"Zhang, Huai-Min, Jay H. Lawrimore, Boyin Huang, Matthew J. Menne, Xungang Yin, Ahira Sȧnchez-Lugo, Byron E. Gleason, Russell Vose, Derek Arndt, J. Jared Rennie, and Claude N. Williams. (2019) Updated Temperature Data Give a Sharper View of Climate Trends. Eos, 100, https://doi.org/10.1029/2019EO128229"
comments,wmo_ra_3_NOAAGlobalTemp,"Original data acknowledgement: "
long_name,time,time,days since 1800-01-01 00:00:00.0
type,time,int
long_name,year,year,1
type,year,int
long_name,wmo_ra_3_Berkeley_Earth,wmo_ra_3,degC
type,wmo_ra_3_Berkeley_Earth,float
long_name,wmo_ra_3_ERA5,wmo_ra_3,degC
type,wmo_ra_3_ERA5,float
long_name,wmo_ra_3_GISTEMP,wmo_ra_3,degC
type,wmo_ra_3_GISTEMP,float
long_name,wmo_ra_3_HadCRUT5,wmo_ra_3,degC
type,wmo_ra_3_HadCRUT5,float
long_name,wmo_ra_3_JRA-55,wmo_ra_3,degC
type,wmo_ra_3_JRA-55,float
long_name,wmo_ra_3_NOAAGlobalTemp,wmo_ra_3,degC
type,wmo_ra_3_NOAAGlobalTemp,float
coordinate_variable,time,t
data
time,year,wmo_ra_3_Berkeley_Earth,wmo_ra_3_ERA5,wmo_ra_3_GISTEMP,wmo_ra_3_HadCRUT5,wmo_ra_3_JRA-55,wmo_ra_3_NOAAGlobalTemp
36524,1900,,,,,,
36889,1901,,,,,,
37254,1902,,,,,,
37619,1903,,,,,,
37984,1904,,,,,,
38350,1905,,,,,,
38715,1906,,,,,,
39080,1907,,,,,,
39445,1908,,,,,,
39811,1909,-1.0195,,-0.7676,-0.6750,,-0.8618
40176,1910,-1.0864,,-0.8483,-0.7176,,-0.9097
40541,1911,-1.1376,,-0.9387,-0.7782,,-0.9590
40906,1912,-1.1505,,-0.9807,-0.7985,,-0.9868
41272,1913,-1.1240,,-0.9940,-0.7863,,-0.9816
41637,1914,-1.0543,,-0.9778,-0.7368,,-0.9872
42002,1915,-1.0157,,-0.9953,-0.6965,,-0.9949
42367,1916,-1.0365,,-1.0585,-0.7117,,-1.0542
42733,1917,-1.0643,,-1.1183,-0.7329,,-1.1107
43098,1918,-1.0753,,-1.1580,-0.7416,,-1.1445
43463,1919,-1.0348,,-1.1435,-0.7138,,-1.1413
43828,1920,-1.0245,,-1.1421,-0.7073,,-1.1455
44194,1921,-1.0264,,-1.1417,-0.7146,,-1.1553
44559,1922,-1.0498,,-1.1825,-0.7532,,-1.1906
44924,1923,-1.0986,,-1.2345,-0.8082,,-1.2344
45289,1924,-1.1537,,-1.3004,-0.8728,,-1.2777
45655,1925,-1.2019,,-1.3306,-0.9314,,-1.3045
46020,1926,-1.1531,,-1.2812,-0.9002,,-1.2573
46385,1927,-1.0919,,-1.2280,-0.8622,,-1.2052
46750,1928,-1.0584,,-1.2045,-0.8447,,-1.1871
47116,1929,-1.0828,,-1.2287,-0.8800,,-1.1988
47481,1930,-1.0496,,-1.2091,-0.8608,,-1.1732
47846,1931,-1.0204,,-1.1700,-0.8292,,-1.1456
48211,1932,-0.9765,,-1.1125,-0.7815,,-1.0958
48577,1933,-0.9557,,-1.0882,-0.7634,,-1.0767
48942,1934,-0.9468,,-1.0655,-0.7618,,-1.0541
49307,1935,-0.9388,,-1.0564,-0.7609,,-1.0361
49672,1936,-0.9503,,-1.0565,-0.7735,,-1.0346
50038,1937,-0.9356,,-1.0348,-0.7574,,-1.0099
50403,1938,-0.9382,,-1.0298,-0.7592,,-0.9970
50768,1939,-0.9164,,-1.0043,-0.7366,,-0.9635
51133,1940,-0.8962,,-0.9806,-0.7178,,-0.9371
51499,1941,-0.8554,,-0.9424,-0.6857,,-0.8935
51864,1942,-0.8647,,-0.9587,-0.7020,,-0.9012
52229,1943,-0.8490,,-0.9396,-0.6920,,-0.8788
52594,1944,-0.7977,,-0.8803,-0.6398,,-0.8226
52960,1945,-0.7752,,-0.8500,-0.6172,,-0.7879
53325,1946,-0.7756,,-0.8445,-0.6246,,-0.7781
53690,1947,-0.7848,,-0.8434,-0.6379,,-0.7786
54055,1948,-0.7712,,-0.8176,-0.6341,,-0.7544
54421,1949,-0.7803,,-0.8265,-0.6551,,-0.7686
54786,1950,-0.8123,,-0.8566,-0.6973,,-0.8017
55151,1951,-0.8367,,-0.8777,-0.7249,,-0.8184
55516,1952,-0.8240,,-0.8634,-0.7149,,-0.8069
55882,1953,-0.7894,,-0.8319,-0.6798,,-0.7764
56247,1954,-0.8085,,-0.8642,-0.7010,,-0.8105
56612,1955,-0.8348,,-0.9098,-0.7275,,-0.8597
56977,1956,-0.8737,,-0.9613,-0.7673,,-0.9055
57343,1957,-0.8548,,-0.9530,-0.7570,,-0.8921
57708,1958,-0.8117,,-0.9222,-0.7104,,-0.8646
58073,1959,-0.7842,,-0.8996,-0.6765,,-0.8429
58438,1960,-0.7655,,-0.8870,-0.6483,,-0.8221
58804,1961,-0.7362,,-0.8705,-0.6107,,-0.8039
59169,1962,-0.7393,,-0.8835,-0.6032,,-0.8097
59534,1963,-0.7308,,-0.8842,-0.5874,,-0.8088
59899,1964,-0.7368,,-0.8918,-0.5867,,-0.8047
60265,1965,-0.6975,,-0.8483,-0.5426,,-0.7563
60630,1966,-0.6380,,-0.7913,-0.4777,,-0.7022
60995,1967,-0.6281,,-0.7890,-0.4583,-0.3321,-0.7013
61360,1968,-0.6718,,-0.8339,-0.4972,-0.3912,-0.7352
61726,1969,-0.6353,,-0.7970,-0.4591,-0.3999,-0.6983
62091,1970,-0.6090,,-0.7706,-0.4356,-0.4170,-0.6780
62456,1971,-0.6544,,-0.8088,-0.4914,-0.4760,-0.7143
62821,1972,-0.6336,,-0.7838,-0.4849,-0.4486,-0.6870
63187,1973,-0.6289,,-0.7822,-0.5024,-0.4557,-0.6842
63552,1974,-0.6279,,-0.7787,-0.5270,-0.4702,-0.6859
63917,1975,-0.6419,,-0.7962,-0.5649,-0.4946,-0.7037
64282,1976,-0.6639,,-0.8133,-0.6080,-0.5366,-0.7206
64648,1977,-0.6336,,-0.7808,-0.5985,-0.5181,-0.6910
65013,1978,-0.5982,,-0.7486,-0.5829,-0.5013,-0.6614
65378,1979,-0.6226,,-0.7709,-0.6188,-0.5530,-0.6834
65743,1980,-0.6046,,-0.7485,-0.6176,-0.5595,-0.6643
66109,1981,-0.5524,,-0.6970,-0.5769,-0.5289,-0.6209
66474,1982,-0.5308,,-0.6729,-0.5623,-0.5268,-0.6060
66839,1983,-0.5008,,-0.6323,-0.5333,-0.5000,-0.5713
67204,1984,-0.4719,,-0.5950,-0.5020,-0.4752,-0.5402
67570,1985,-0.4488,,-0.5605,-0.4750,-0.4541,-0.5124
67935,1986,-0.4093,,-0.5078,-0.4306,-0.4144,-0.4674
68300,1987,-0.3812,,-0.4696,-0.4017,-0.3784,-0.4364
68665,1988,-0.3767,-0.4449,-0.4558,-0.3965,-0.3659,-0.4272
69031,1989,-0.3777,-0.4477,-0.4516,-0.3998,-0.3535,-0.4229
69396,1990,-0.3760,-0.4481,-0.4480,-0.3996,-0.3540,-0.4226
69761,1991,-0.3592,-0.4393,-0.4259,-0.3873,-0.3433,-0.4014
70126,1992,-0.3660,-0.4534,-0.4296,-0.4050,-0.3624,-0.4048
70492,1993,-0.3799,-0.4687,-0.4406,-0.4257,-0.3790,-0.4135
70857,1994,-0.3327,-0.4142,-0.3922,-0.3840,-0.3266,-0.3668
71222,1995,-0.2871,-0.3659,-0.3513,-0.3440,-0.2833,-0.3294
71587,1996,-0.2745,-0.3529,-0.3433,-0.3368,-0.2695,-0.3225
71953,1997,-0.2634,-0.3461,-0.3308,-0.3235,-0.2650,-0.3107
72318,1998,-0.1977,-0.2817,-0.2609,-0.2545,-0.2021,-0.2427
72683,1999,-0.1835,-0.2703,-0.2462,-0.2372,-0.1910,-0.2264
73048,2000,-0.2017,-0.2925,-0.2564,-0.2424,-0.2091,-0.2309
73414,2001,-0.1901,-0.2753,-0.2361,-0.2118,-0.1912,-0.2135
73779,2002,-0.1447,-0.2192,-0.1849,-0.1484,-0.1397,-0.1644
74144,2003,-0.1111,-0.1827,-0.1501,-0.1015,-0.1132,-0.1346
74509,2004,-0.1067,-0.1710,-0.1395,-0.0820,-0.1178,-0.1263
74875,2005,-0.0975,-0.1459,-0.1199,-0.0607,-0.1100,-0.1082
75240,2006,-0.0666,-0.0981,-0.0803,-0.0160,-0.0797,-0.0726
75605,2007,-0.0932,-0.1007,-0.1024,-0.0296,-0.1029,-0.0938
75970,2008,-0.1328,-0.1329,-0.1362,-0.0598,-0.1522,-0.1273
76336,2009,-0.0861,-0.0756,-0.0827,-0.0080,-0.1118,-0.0801
76701,2010,-0.0289,0.0048,-0.0270,0.0511,-0.0504,-0.0299
77066,2011,-0.0201,0.0236,-0.0227,0.0538,-0.0401,-0.0241
77431,2012,-0.0124,0.0421,-0.0110,0.0548,-0.0274,-0.0166
77797,2013,-0.0188,0.0537,-0.0110,0.0481,-0.0187,-0.0148
78162,2014,0.0030,0.0819,0.0193,0.0589,0.0110,0.0141
78527,2015,0.0544,0.1344,0.0802,0.0995,0.0668,0.0694
78892,2016,0.0894,0.1730,0.1147,0.1203,0.1062,0.1034
79258,2017,0.1418,0.2167,0.1745,0.1549,0.1581,0.1595
79623,2018,0.1615,0.2367,0.2005,0.1595,0.1862,0.1831
79988,2019,0.1893,0.2698,0.2357,0.1717,0.2262,0.2136
80353,2020,0.2306,0.2877,0.2834,0.1916,0.2595,0.2609
80719,2021,0.2552,0.3054,0.3140,0.1969,0.2803,0.2960
81084,2022,0.2353,0.2766,0.2966,0.1744,0.2550,0.2923
end data
