Conventions,G,BADC-CSV,1
title,G,Growth rate of nitrous oxide concentration
last_revised_date,G,2024-01-22
date_valid,G,2024-01-22
feature_type,G,area average
creator,G,WMO
source,G,Produced by climind version 1.0
observation_station,G,derived data
location,G,90.,-180.,-90.,180.
activity,G,WMO
history,G,"Data set created from file ['n2o_annual_20231115.csv'] downloaded from ['https://gaw.kishou.go.jp/static/publications/global_mean_mole_fractions/2023/n2o_annual_20231115.csv'] at ['2023-11-15 19:33:59']"
reference,G,"WMO Greenhouse Gas Bulletin, No.18, 2022. 26 October 2022 ISSN 2078-0796"
rights,G,TBD
comments,G,Data produced by climind version 1.0
comments,G,Format description https://help.ceda.ac.uk/article/105-badc-csv
comments,G,"Original data acknowledgement: "
long_name,time,time,days since 1800-01-01 00:00:00.0
type,time,int
long_name,year,year,1
type,year,int
long_name,data,n2orate,ppb/year
type,data,float
coordinate_variable,time,t
data
time,year,data
67204,1984,
67570,1985,0.6000
67935,1986,0.9000
68300,1987,0.6000
68665,1988,0.8000
69031,1989,0.9000
69396,1990,1.0000
69761,1991,0.7000
70126,1992,0.6000
70492,1993,0.2000
70857,1994,0.6000
71222,1995,0.7000
71587,1996,0.6000
71953,1997,0.9000
72318,1998,0.8000
72683,1999,0.9000
73048,2000,1.1000
73414,2001,0.7000
73779,2002,0.7000
74144,2003,0.6000
74509,2004,0.7000
74875,2005,0.8000
75240,2006,0.8000
75605,2007,0.7000
75970,2008,1.0000
76336,2009,0.8000
76701,2010,0.9000
77066,2011,1.0000
77431,2012,0.9000
77797,2013,0.9000
78162,2014,1.1000
78527,2015,1.0000
78892,2016,0.8000
79258,2017,0.8000
79623,2018,1.2000
79988,2019,0.9000
80353,2020,1.2000
80719,2021,1.2000
81084,2022,1.4000
end data
