Conventions,G,BADC-CSV,1
title,G,Regional mean temperature for Latin America and Caribbean
last_revised_date,G,2024-01-22
date_valid,G,2024-01-22
feature_type,G,area average
creator,G,WMO
source,G,Produced by climind version 1.0
observation_station,G,derived data
location,G,90.,-180.,-90.,180.
rights,G,TBD
activity,G,WMO
comments,G,Format description https://help.ceda.ac.uk/article/105-badc-csv
history,lac_subregion_6_Berkeley_Earth,""Data set created from file ['Land_and_Ocean_LatLong1.nc'] downloaded from ['https://berkeley-earth-temperature.s3.us-west-1.amazonaws.com/Global/Gridded/Land_and_Ocean_LatLong1.nc'] at ['2024-01-17 10:19:03']""
history,lac_subregion_6_Berkeley_Earth,""Rebaselined to 1991-2020""
history,lac_subregion_6_Berkeley_Earth,""Calculated area-average""
history,lac_subregion_6_Berkeley_Earth,""Calculated annual average from monthly averages using arithmetic mean""
history,lac_subregion_6_Berkeley_Earth,""Selected years within the range 1900 to 2023.""
history,lac_subregion_6_Berkeley_Earth,""Wrote to file lac_subregion_6_Berkeley Earth.csv""
history,lac_subregion_6_Berkeley_Earth,"Data set created from file ['lac_subregion_6_Berkeley Earth.csv'] downloaded from [''] at ['2024-01-17 11:06:17']"
reference,lac_subregion_6_Berkeley_Earth,"Rohde, R. A. and Hausfather, Z.: The Berkeley Earth Land/Ocean Temperature Record, Earth Syst. Sci. Data, 12, 3469-3479, https://doi.org/10.5194/essd-12-3469-2020, 2020"
comments,lac_subregion_6_Berkeley_Earth,"Original data acknowledgement: "
history,lac_subregion_6_ERA5,""Gridded dataset created from file ['era5_2m_tas_2024.nc'] downloaded from ['']""
history,lac_subregion_6_ERA5,""Regridded to 1 degree latitude-longitude resolution""
history,lac_subregion_6_ERA5,""Rebaselined to 1991-2020""
history,lac_subregion_6_ERA5,""Calculated area-average""
history,lac_subregion_6_ERA5,""Calculated annual average from monthly averages using arithmetic mean""
history,lac_subregion_6_ERA5,""Selected years within the range 1900 to 2023.""
history,lac_subregion_6_ERA5,""Wrote to file lac_subregion_6_ERA5.csv""
history,lac_subregion_6_ERA5,"Data set created from file ['lac_subregion_6_ERA5.csv'] downloaded from [''] at ['2024-01-17 11:06:43']"
reference,lac_subregion_6_ERA5,"Hersbach H, Bell B, Berrisford P et al. 2020. The ERA5 global reanalysis. Q. J. R. Meteorol. Soc. 146: 1999-2049. https://doi.org/10.1002/qj.3803"
comments,lac_subregion_6_ERA5,"Original data acknowledgement: Contains using Copernicus Climate Change Service information [2024]. Neither the European Commission nor ECMWF is responsible for any use that may be made of the Copernicus information or data it contains."
history,lac_subregion_6_GISTEMP,""Data set created from file ['gistemp1200_GHCNv4_ERSSTv5.nc.gz'] downloaded from ['https://data.giss.nasa.gov/pub/gistemp/gistemp1200_GHCNv4_ERSSTv5.nc.gz'] at ['2024-01-15 11:20:46']""
history,lac_subregion_6_GISTEMP,""Regridded to 1 degree latitude-longitude resolution""
history,lac_subregion_6_GISTEMP,""Rebaselined to 1991-2020""
history,lac_subregion_6_GISTEMP,""Calculated area-average""
history,lac_subregion_6_GISTEMP,""Calculated annual average from monthly averages using arithmetic mean""
history,lac_subregion_6_GISTEMP,""Selected years within the range 1900 to 2023.""
history,lac_subregion_6_GISTEMP,""Wrote to file lac_subregion_6_GISTEMP.csv""
history,lac_subregion_6_GISTEMP,"Data set created from file ['lac_subregion_6_GISTEMP.csv'] downloaded from [''] at ['2024-01-17 11:07:19']"
reference,lac_subregion_6_GISTEMP,"Lenssen, N., G. Schmidt, J. Hansen, M. Menne, A. Persin, R. Ruedy, and D. Zyss, 2019: Improvements in the GISTEMP uncertainty model. J. Geophys. Res. Atmos., 124, no. 12, 6307-6326, doi:10.1029/2018JD029522"
comments,lac_subregion_6_GISTEMP,"Original data acknowledgement: "
history,lac_subregion_6_HadCRUT5,""Data set created from file ['HadCRUT.5.0.2.0.analysis.anomalies.ensemble_mean.nc'] downloaded from ['https://www.metoffice.gov.uk/hadobs/hadcrut5/data/HadCRUT.5.0.2.0/analysis/HadCRUT.5.0.2.0.analysis.anomalies.ensemble_mean.nc'] at ['2024-01-15 11:56:27']""
history,lac_subregion_6_HadCRUT5,""Regridded to 1 degree latitude-longitude resolution""
history,lac_subregion_6_HadCRUT5,""Rebaselined to 1991-2020""
history,lac_subregion_6_HadCRUT5,""Calculated area-average""
history,lac_subregion_6_HadCRUT5,""Calculated annual average from monthly averages using arithmetic mean""
history,lac_subregion_6_HadCRUT5,""Selected years within the range 1900 to 2023.""
history,lac_subregion_6_HadCRUT5,""Wrote to file lac_subregion_6_HadCRUT5.csv""
history,lac_subregion_6_HadCRUT5,"Data set created from file ['lac_subregion_6_HadCRUT5.csv'] downloaded from [''] at ['2024-01-17 11:08:21']"
reference,lac_subregion_6_HadCRUT5,"Morice, C. P., Kennedy, J. J., Rayner, N. A., Winn, J. P., Hogan, E., Killick, R. E., et al. (2021). An updated assessment of near-surface temperature change from 1850: the HadCRUT5 data set. Journal of Geophysical Research: Atmospheres, 126, e2019JD032361. https://doi.org/10.1029/2019JD032361"
comments,lac_subregion_6_HadCRUT5,"Original data acknowledgement: HadCRUT.5.0.2.0 data were obtained from http://www.metoffice.gov.uk/hadobs/hadcrut5 on 2024-01-15 11:56:27 and are © British Crown Copyright, Met Office 2024, provided under an Open Government License, http://www.nationalarchives.gov.uk/doc/open-government-licence/version/3/"
history,lac_subregion_6_JRA-55,""Data set created from file ['anl_surf125.011_tmp.202401_202412', 'anl_surf125.2024MMMM'] downloaded from ['', ''] at ['2024-01-15 11:20:51']""
history,lac_subregion_6_JRA-55,""Regridded to 1 degree latitude-longitude resolution""
history,lac_subregion_6_JRA-55,""Rebaselined to 1991-2020""
history,lac_subregion_6_JRA-55,""Calculated area-average""
history,lac_subregion_6_JRA-55,""Calculated annual average from monthly averages using arithmetic mean""
history,lac_subregion_6_JRA-55,""Selected years within the range 1900 to 2023.""
history,lac_subregion_6_JRA-55,""Wrote to file lac_subregion_6_JRA-55.csv""
history,lac_subregion_6_JRA-55,"Data set created from file ['lac_subregion_6_JRA-55.csv'] downloaded from [''] at ['2024-01-17 11:08:53']"
reference,lac_subregion_6_JRA-55,"Kobayashi, S., Ota, Y., Harada, Y., Ebita, A., Moriya, M., Onoda, H., Onogi, K., Kamahori, H., Kobayashi, C., Endo, H. and Miyaoka, K., (2015). The JRA-55 reanalysis: General specifications and basic characteristics. Journal of the Meteorological Society of Japan. Ser. II, 93(1), pp.5-48."
comments,lac_subregion_6_JRA-55,"Original data acknowledgement: "
history,lac_subregion_6_Kadow,""Data set created from file ['HadCRUT5.anomalies.Kadow_et_al_2020_20crAI-infilled.ensemble_mean_185001-*.nc'] downloaded from [''] at ['2024-01-17 10:11:02']""
history,lac_subregion_6_Kadow,""Regridded to 1 degree latitude-longitude resolution""
history,lac_subregion_6_Kadow,""Rebaselined to 1991-2020""
history,lac_subregion_6_Kadow,""Calculated area-average""
history,lac_subregion_6_Kadow,""Calculated annual average from monthly averages using arithmetic mean""
history,lac_subregion_6_Kadow,""Selected years within the range 1900 to 2023.""
history,lac_subregion_6_Kadow,""Wrote to file lac_subregion_6_Kadow.csv""
history,lac_subregion_6_Kadow,"Data set created from file ['lac_subregion_6_Kadow.csv'] downloaded from [''] at ['2024-01-17 11:09:37']"
reference,lac_subregion_6_Kadow,"Kadow, C., Hall, D.M. & Ulbrich, U. Artificial intelligence reconstructs missing climate information. Nat. Geosci. (2020). https://doi.org/10.1038/s41561-020-0582-5"
comments,lac_subregion_6_Kadow,"Original data acknowledgement: "
history,lac_subregion_6_NOAA_Interim,""Data set created from file ['NOAAGlobalTemp_v*.nc'] downloaded from ['https://www.ncei.noaa.gov/data/noaa-global-surface-temperature/v5.1/access/gridded/NOAAGlobalTemp_v.*.nc'] at ['2024-01-17 10:19:08']""
history,lac_subregion_6_NOAA_Interim,""Data set created from file ['NOAAGlobalTemp_v*.nc'] downloaded from ['https://www.ncei.noaa.gov/data/noaa-global-surface-temperature/v5.1/access/gridded/NOAAGlobalTemp_v.*.nc'] at ['2024-01-17 10:19:08']""
history,lac_subregion_6_NOAA_Interim,""Regridded to 1 degree latitude-longitude resolution""
history,lac_subregion_6_NOAA_Interim,""Rebaselined to 1991-2020""
history,lac_subregion_6_NOAA_Interim,""Calculated area-average""
history,lac_subregion_6_NOAA_Interim,""Calculated annual average from monthly averages using arithmetic mean""
history,lac_subregion_6_NOAA_Interim,""Selected years within the range 1900 to 2023.""
history,lac_subregion_6_NOAA_Interim,""Wrote to file lac_subregion_6_NOAA Interim.csv""
history,lac_subregion_6_NOAA_Interim,"Data set created from file ['lac_subregion_6_NOAA Interim.csv'] downloaded from [''] at ['2024-01-17 11:10:39']"
reference,lac_subregion_6_NOAA_Interim,"Vose, R.S., B. Huang, X. Yin., D. Arndt, D.R. Easterling, J.H. Lawrimore, M.J. Menne, A. Sanchez-Lugo, H.-M. Zhang, 2021: Implementing full spatial coverage in NOAA’s global temperature analysis. Geophysical Research Letters, 48, e2020GL090873. https://doi.org/10.1029/2020GL090873"
comments,lac_subregion_6_NOAA_Interim,"Original data acknowledgement: "
long_name,time,time,days since 1800-01-01 00:00:00.0
type,time,int
long_name,year,year,1
type,year,int
long_name,lac_subregion_6_Berkeley_Earth,lac_subregion_6,degC
type,lac_subregion_6_Berkeley_Earth,float
long_name,lac_subregion_6_ERA5,lac_subregion_6,degC
type,lac_subregion_6_ERA5,float
long_name,lac_subregion_6_GISTEMP,lac_subregion_6,degC
type,lac_subregion_6_GISTEMP,float
long_name,lac_subregion_6_HadCRUT5,lac_subregion_6,degC
type,lac_subregion_6_HadCRUT5,float
long_name,lac_subregion_6_JRA-55,lac_subregion_6,degC
type,lac_subregion_6_JRA-55,float
long_name,lac_subregion_6_Kadow,lac_subregion_6,degC
type,lac_subregion_6_Kadow,float
long_name,lac_subregion_6_NOAA_Interim,lac_subregion_6,degC
type,lac_subregion_6_NOAA_Interim,float
coordinate_variable,time,t
data
time,year,lac_subregion_6_Berkeley_Earth,lac_subregion_6_ERA5,lac_subregion_6_GISTEMP,lac_subregion_6_HadCRUT5,lac_subregion_6_JRA-55,lac_subregion_6_Kadow,lac_subregion_6_NOAA_Interim
36524,1900,-0.6304,,-0.3752,-0.5414,,-0.4473,-0.9366
36889,1901,-0.7879,,-0.6456,-0.5106,,-0.4810,-0.8267
37254,1902,-0.8300,,-0.5731,-0.5201,,-0.4782,-0.7138
37619,1903,-1.0798,,-0.8744,-0.7498,,-0.9425,-0.9183
37984,1904,-1.3552,,-1.0310,-0.9078,,-1.0423,-1.2174
38350,1905,-0.9591,,-0.7674,-0.6928,,-0.7658,-0.8975
38715,1906,-1.0024,,-0.8793,-0.7284,,-0.8746,-0.9788
39080,1907,-1.2468,,-1.0740,-0.9559,,-1.1395,-1.1627
39445,1908,-1.1325,,-1.0049,-0.8816,,-1.0802,-1.1247
39811,1909,-1.1840,,-1.0994,-0.8502,,-1.0766,-1.1319
40176,1910,-1.2701,,-1.2031,-0.9643,,-1.2107,-1.2502
40541,1911,-1.2355,,-1.3849,-0.9918,,-1.1005,-1.2881
40906,1912,-1.0111,,-1.2819,-0.7292,,-0.8561,-1.0411
41272,1913,-0.9181,,-1.0176,-0.6680,,-0.7281,-1.0413
41637,1914,-0.7741,,-0.9380,-0.4533,,-0.6124,-0.8793
42002,1915,-0.6279,,-0.9212,-0.3246,,-0.3423,-0.8071
42367,1916,-1.1658,,-1.3975,-0.8350,,-1.1578,-1.3644
42733,1917,-1.5221,,-1.6642,-1.1880,,-1.2735,-1.8430
43098,1918,-1.2210,,-1.3631,-0.9684,,-0.8862,-1.4090
43463,1919,-0.8356,,-1.0008,-0.6136,,-0.6598,-1.0139
43828,1920,-1.1467,,-1.1913,-0.8903,,-0.9836,-1.3157
44194,1921,-1.2351,,-1.3227,-1.0567,,-1.1021,-1.4165
44559,1922,-1.1431,,-1.2700,-1.0218,,-1.1350,-1.3919
44924,1923,-1.2306,,-1.3425,-1.0819,,-1.0948,-1.3885
45289,1924,-1.1961,,-1.4594,-1.0246,,-1.2134,-1.5406
45655,1925,-1.0175,,-1.1039,-0.8334,,-0.8182,-1.2605
46020,1926,-0.6984,,-0.9485,-0.5417,,-0.5858,-0.9811
46385,1927,-0.9127,,-1.1015,-0.7806,,-0.8573,-1.2798
46750,1928,-0.8945,,-1.1426,-0.7724,,-0.8877,-1.1931
47116,1929,-1.0068,,-1.1605,-0.9003,,-0.9436,-1.2679
47481,1930,-0.8098,,-0.9494,-0.6802,,-0.7086,-0.9893
47846,1931,-0.9614,,-1.0071,-0.7732,,-0.7722,-1.0924
48211,1932,-0.7612,,-0.7837,-0.5980,,-0.5247,-0.8833
48577,1933,-1.0264,,-1.0849,-0.8920,,-0.9397,-1.1143
48942,1934,-1.0738,,-1.1691,-0.9414,,-1.0077,-1.1224
49307,1935,-0.9455,,-1.0188,-0.8195,,-0.8484,-1.0357
49672,1936,-0.7993,,-0.9240,-0.6415,,-0.7250,-0.9168
50038,1937,-0.7888,,-0.9144,-0.6225,,-0.6285,-0.9395
50403,1938,-0.9130,,-1.0467,-0.7837,,-0.8238,-1.0203
50768,1939,-0.7883,,-0.8907,-0.6703,,-0.6067,-0.8840
51133,1940,-0.5973,,-0.7456,-0.4868,,-0.4318,-0.7131
51499,1941,-0.5395,,-0.6584,-0.4461,,-0.4049,-0.6483
51864,1942,-0.7834,,-0.9174,-0.7157,,-0.6811,-0.9415
52229,1943,-0.8695,,-0.9709,-0.7931,,-0.7532,-1.0006
52594,1944,-0.6470,,-0.7168,-0.5059,,-0.4403,-0.7007
52960,1945,-0.6768,,-0.7181,-0.5756,,-0.5243,-0.7353
53325,1946,-0.7290,,-0.8283,-0.6711,,-0.6508,-0.8086
53690,1947,-0.8453,,-0.9162,-0.7404,,-0.7499,-0.9458
54055,1948,-0.7281,,-0.8039,-0.7013,,-0.7137,-0.8231
54421,1949,-0.8413,,-0.9552,-0.8388,,-0.8541,-0.9238
54786,1950,-0.8528,,-0.9393,-0.8441,,-0.8755,-0.9943
55151,1951,-0.7489,,-0.7985,-0.6854,,-0.7012,-0.8795
55516,1952,-0.6786,,-0.7640,-0.6205,,-0.6228,-0.7798
55882,1953,-0.5374,,-0.5960,-0.4530,,-0.4531,-0.5886
56247,1954,-0.7591,,-0.9125,-0.6528,,-0.6629,-0.8785
56612,1955,-0.9584,,-1.1088,-0.8517,,-0.8636,-1.0898
56977,1956,-1.1368,,-1.2710,-1.0534,,-1.0472,-1.2084
57343,1957,-0.6587,,-0.7579,-0.6125,,-0.6030,-0.7273
57708,1958,-0.3791,,-0.5108,-0.2981,-0.1299,-0.3088,-0.4832
58073,1959,-0.5902,,-0.7501,-0.5159,-0.0540,-0.5206,-0.7126
58438,1960,-0.7116,,-0.8731,-0.6093,-0.1631,-0.6132,-0.8321
58804,1961,-0.5044,,-0.6957,-0.3822,-0.2499,-0.3699,-0.6252
59169,1962,-0.6873,,-0.8737,-0.5539,-0.5788,-0.5335,-0.8111
59534,1963,-0.4697,,-0.6369,-0.3322,-0.3613,-0.3209,-0.5515
59899,1964,-0.8363,,-1.0422,-0.6926,-0.7451,-0.6682,-0.9267
60265,1965,-0.5847,,-0.7316,-0.4411,-0.5494,-0.4094,-0.6597
60630,1966,-0.6197,,-0.8291,-0.5088,-0.5295,-0.4702,-0.7251
60995,1967,-0.6105,,-0.7927,-0.5040,-0.5803,-0.4754,-0.7205
61360,1968,-0.8261,,-0.9751,-0.7184,-0.6974,-0.7049,-0.9063
61726,1969,-0.2688,,-0.4057,-0.1887,-0.1019,-0.1662,-0.3570
62091,1970,-0.5178,,-0.6713,-0.4383,-0.2872,-0.4183,-0.5962
62456,1971,-0.9366,,-1.0335,-0.8923,-0.7233,-0.8760,-0.9730
62821,1972,-0.5144,,-0.6287,-0.4798,-0.2758,-0.4704,-0.5783
63187,1973,-0.4862,,-0.6647,-0.5185,-0.4335,-0.5262,-0.5654
63552,1974,-0.8579,,-0.9937,-0.9158,-0.8506,-0.9329,-0.9388
63917,1975,-0.7560,,-0.9231,-0.8115,-0.7777,-0.8238,-0.8468
64282,1976,-0.8554,,-1.0048,-0.9054,-0.9046,-0.8986,-0.9075
64648,1977,-0.3261,,-0.4822,-0.3839,-0.4282,-0.3660,-0.4514
65013,1978,-0.4657,,-0.6486,-0.5223,-0.5266,-0.5183,-0.5915
65378,1979,-0.5285,-0.5586,-0.6527,-0.5439,-0.6103,-0.5360,-0.6042
65743,1980,-0.3125,-0.3614,-0.3995,-0.3586,-0.3120,-0.3653,-0.3716
66109,1981,-0.4618,-0.5214,-0.5486,-0.5028,-0.4791,-0.5203,-0.5236
66474,1982,-0.3097,-0.3971,-0.4362,-0.3425,-0.2711,-0.3502,-0.4329
66839,1983,-0.1768,-0.2717,-0.2923,-0.2141,-0.1817,-0.2077,-0.2372
67204,1984,-0.5940,-0.7520,-0.6972,-0.6154,-0.6560,-0.6307,-0.6457
67570,1985,-0.5316,-0.6855,-0.6180,-0.5461,-0.5831,-0.5536,-0.5949
67935,1986,-0.4305,-0.5704,-0.4725,-0.4470,-0.4926,-0.4440,-0.4636
68300,1987,-0.1118,-0.1969,-0.2013,-0.1456,-0.1325,-0.1503,-0.1533
68665,1988,-0.4273,-0.4377,-0.5224,-0.4865,-0.4036,-0.4908,-0.4578
69031,1989,-0.5179,-0.5544,-0.5813,-0.5289,-0.4752,-0.5176,-0.5503
69396,1990,-0.3002,-0.3683,-0.3780,-0.3384,-0.3129,-0.3310,-0.3714
69761,1991,-0.2942,-0.4181,-0.3526,-0.3560,-0.3523,-0.3463,-0.3479
70126,1992,-0.4118,-0.5620,-0.4931,-0.4961,-0.4887,-0.5085,-0.4663
70492,1993,-0.3005,-0.3728,-0.3755,-0.3795,-0.2985,-0.3697,-0.3571
70857,1994,-0.0915,-0.1584,-0.1738,-0.1712,-0.0783,-0.1747,-0.1915
71222,1995,-0.0391,-0.1412,-0.1652,-0.1000,-0.0920,-0.1044,-0.1669
71587,1996,-0.2878,-0.3953,-0.3784,-0.3519,-0.3169,-0.3538,-0.3781
71953,1997,0.0500,-0.0775,-0.0382,0.0324,-0.0275,0.0043,-0.0463
72318,1998,0.2479,0.2184,0.1856,0.2230,0.2511,0.2442,0.1997
72683,1999,-0.3600,-0.4376,-0.4048,-0.3642,-0.3543,-0.3770,-0.4003
73048,2000,-0.4342,-0.5347,-0.4346,-0.3734,-0.4446,-0.3768,-0.4194
73414,2001,-0.1635,-0.2306,-0.1383,-0.0855,-0.1634,-0.0937,-0.1579
73779,2002,0.0542,0.0129,0.0242,0.0863,0.0417,0.0971,0.0597
74144,2003,0.0489,0.0027,0.0079,0.0596,0.0044,0.0525,0.0114
74509,2004,-0.1033,-0.1149,-0.1075,-0.0320,-0.1536,-0.0408,-0.0808
74875,2005,0.0232,0.0788,0.0236,0.0886,-0.0232,0.0882,0.0298
75240,2006,-0.0034,0.0656,0.0391,0.0818,-0.0129,0.0669,0.0150
75605,2007,-0.2101,-0.0669,-0.2000,-0.0904,-0.2229,-0.1128,-0.1714
75970,2008,-0.1990,-0.1054,-0.1608,-0.0899,-0.2340,-0.0937,-0.1765
76336,2009,0.0688,0.1427,0.0940,0.1540,0.0770,0.1361,0.0612
76701,2010,0.0016,0.1567,0.0130,0.1196,0.0887,0.1109,0.0279
77066,2011,-0.0849,0.0004,-0.0548,-0.0216,0.0118,-0.0240,-0.0836
77431,2012,0.1240,0.2099,0.1886,0.1365,0.2203,0.1404,0.1551
77797,2013,-0.0303,0.1013,-0.0151,-0.0121,0.0876,-0.0010,0.0201
78162,2014,0.1447,0.2068,0.2154,0.1179,0.1971,0.1322,0.2523
78527,2015,0.5238,0.5665,0.6251,0.4887,0.5286,0.4957,0.5975
78892,2016,0.3728,0.4408,0.4042,0.3128,0.4052,0.3382,0.4139
79258,2017,0.3563,0.3858,0.4488,0.2957,0.3244,0.3010,0.4150
79623,2018,0.0708,0.1164,0.1677,0.0073,0.0690,0.0166,0.1467
79988,2019,0.3901,0.4686,0.4673,0.2972,0.4569,0.3397,0.4632
80353,2020,0.5364,0.4412,0.5882,0.4249,0.4993,0.4132,0.5754
80719,2021,0.2006,0.1658,0.2642,0.0659,0.1929,0.1353,0.2780
81084,2022,-0.0044,-0.0565,0.0475,-0.0495,-0.0267,-0.0095,0.0843
81449,2023,0.8090,0.7485,0.9564,0.7892,0.7559,0.6766,0.8557
end data
