Conventions,G,BADC-CSV,1
title,G,Regional mean temperature for Latin America and Caribbean
last_revised_date,G,2023-11-02
date_valid,G,2023-11-02
feature_type,G,area average
creator,G,WMO
source,G,Produced by climind version 1.0
observation_station,G,derived data
location,G,90.,-180.,-90.,180.
activity,G,WMO
history,G,""Gridded dataset created from file ['era5_2m_tas_2023.nc'] downloaded from ['']""
history,G,""Regridded to 1 degree latitude-longitude resolution""
history,G,""Rebaselined to 1991-2020""
history,G,""Calculated area-average""
history,G,""Calculated annual average from monthly averages using arithmetic mean""
history,G,""Selected years within the range 1900 to 2023.""
history,G,""Wrote to file lac_subregion_6_ERA5.csv""
history,G,"Data set created from file ['lac_subregion_6_ERA5.csv'] downloaded from [''] at ['2023-11-01 16:36:44']"
reference,G,"Hersbach H, Bell B, Berrisford P et al. 2020. The ERA5 global reanalysis. Q. J. R. Meteorol. Soc. 146: 1999-2049. https://doi.org/10.1002/qj.3803"
rights,G,TBD
comments,G,Data produced by climind version 1.0
comments,G,Format description https://help.ceda.ac.uk/article/105-badc-csv
comments,G,"Original data acknowledgement: Contains using Copernicus Climate Change Service information [2023]. Neither the European Commission nor ECMWF is responsible for any use that may be made of the Copernicus information or data it contains."
long_name,time,time,days since 1800-01-01 00:00:00.0
type,time,int
long_name,year,year,1
type,year,int
long_name,data,lac_subregion_6,degC
type,data,float
coordinate_variable,time,t
data
time,year,data
65378,1979,-0.5586
65743,1980,-0.3614
66109,1981,-0.5214
66474,1982,-0.3971
66839,1983,-0.2717
67204,1984,-0.7520
67570,1985,-0.6855
67935,1986,-0.5704
68300,1987,-0.1969
68665,1988,-0.4377
69031,1989,-0.5544
69396,1990,-0.3683
69761,1991,-0.4181
70126,1992,-0.5620
70492,1993,-0.3728
70857,1994,-0.1584
71222,1995,-0.1412
71587,1996,-0.3953
71953,1997,-0.0775
72318,1998,0.2184
72683,1999,-0.4376
73048,2000,-0.5347
73414,2001,-0.2306
73779,2002,0.0129
74144,2003,0.0027
74509,2004,-0.1149
74875,2005,0.0788
75240,2006,0.0656
75605,2007,-0.0669
75970,2008,-0.1054
76336,2009,0.1427
76701,2010,0.1567
77066,2011,0.0004
77431,2012,0.2099
77797,2013,0.1013
78162,2014,0.2068
78527,2015,0.5665
78892,2016,0.4408
79258,2017,0.3858
79623,2018,0.1164
79988,2019,0.4686
80353,2020,0.4412
80719,2021,0.1658
81084,2022,-0.0565
81449,2023,0.6053
end data
