Conventions,G,BADC-CSV,1
title,G,Regional mean temperature for Latin America and Caribbean
last_revised_date,G,2024-01-25
date_valid,G,2024-01-25
feature_type,G,area average
creator,G,WMO
source,G,Produced by climind version 1.0
observation_station,G,derived data
location,G,90.,-180.,-90.,180.
activity,G,WMO
history,G,""Data set created from file ['anl_surf125.011_tmp.202401_202412', 'anl_surf125.2024MMMM'] downloaded from ['', ''] at ['2024-01-15 11:20:51']""
history,G,""Regridded to 1 degree latitude-longitude resolution""
history,G,""Rebaselined to 1991-2020""
history,G,""Calculated area-average""
history,G,""Calculated annual average from monthly averages using arithmetic mean""
history,G,""Selected years within the range 1900 to 2023.""
history,G,""Wrote to file lac_subregion_6_JRA-55.csv""
history,G,"Data set created from file ['lac_subregion_6_JRA-55.csv'] downloaded from [''] at ['2024-01-17 11:08:53']"
reference,G,"Kobayashi, S., Ota, Y., Harada, Y., Ebita, A., Moriya, M., Onoda, H., Onogi, K., Kamahori, H., Kobayashi, C., Endo, H. and Miyaoka, K., (2015). The JRA-55 reanalysis: General specifications and basic characteristics. Journal of the Meteorological Society of Japan. Ser. II, 93(1), pp.5-48."
rights,G,TBD
comments,G,Data produced by climind version 1.0
comments,G,Format description https://help.ceda.ac.uk/article/105-badc-csv
comments,G,"Original data acknowledgement: "
long_name,time,time,days since 1800-01-01 00:00:00.0
type,time,int
long_name,year,year,1
type,year,int
long_name,data,lac_subregion_6,degC
type,data,float
coordinate_variable,time,t
data
time,year,data
57708,1958,-0.1299
58073,1959,-0.0540
58438,1960,-0.1631
58804,1961,-0.2499
59169,1962,-0.5788
59534,1963,-0.3613
59899,1964,-0.7451
60265,1965,-0.5494
60630,1966,-0.5295
60995,1967,-0.5803
61360,1968,-0.6974
61726,1969,-0.1019
62091,1970,-0.2872
62456,1971,-0.7233
62821,1972,-0.2758
63187,1973,-0.4335
63552,1974,-0.8506
63917,1975,-0.7777
64282,1976,-0.9046
64648,1977,-0.4282
65013,1978,-0.5266
65378,1979,-0.6103
65743,1980,-0.3120
66109,1981,-0.4791
66474,1982,-0.2711
66839,1983,-0.1817
67204,1984,-0.6560
67570,1985,-0.5831
67935,1986,-0.4926
68300,1987,-0.1325
68665,1988,-0.4036
69031,1989,-0.4752
69396,1990,-0.3129
69761,1991,-0.3523
70126,1992,-0.4887
70492,1993,-0.2985
70857,1994,-0.0783
71222,1995,-0.0920
71587,1996,-0.3169
71953,1997,-0.0275
72318,1998,0.2511
72683,1999,-0.3543
73048,2000,-0.4446
73414,2001,-0.1634
73779,2002,0.0417
74144,2003,0.0044
74509,2004,-0.1536
74875,2005,-0.0232
75240,2006,-0.0129
75605,2007,-0.2229
75970,2008,-0.2340
76336,2009,0.0770
76701,2010,0.0887
77066,2011,0.0118
77431,2012,0.2203
77797,2013,0.0876
78162,2014,0.1971
78527,2015,0.5286
78892,2016,0.4052
79258,2017,0.3244
79623,2018,0.0690
79988,2019,0.4569
80353,2020,0.4993
80719,2021,0.1929
81084,2022,-0.0267
81449,2023,0.7559
end data
