Conventions,G,BADC-CSV,1
title,G,Regional mean temperature for Latin America and Caribbean
last_revised_date,G,2024-01-25
date_valid,G,2024-01-25
feature_type,G,area average
creator,G,WMO
source,G,Produced by climind version 1.0
observation_station,G,derived data
location,G,90.,-180.,-90.,180.
activity,G,WMO
history,G,""Data set created from file ['HadCRUT.5.0.2.0.analysis.anomalies.ensemble_mean.nc'] downloaded from ['https://www.metoffice.gov.uk/hadobs/hadcrut5/data/HadCRUT.5.0.2.0/analysis/HadCRUT.5.0.2.0.analysis.anomalies.ensemble_mean.nc'] at ['2024-01-15 11:56:27']""
history,G,""Regridded to 1 degree latitude-longitude resolution""
history,G,""Rebaselined to 1991-2020""
history,G,""Calculated area-average""
history,G,""Calculated annual average from monthly averages using arithmetic mean""
history,G,""Selected years within the range 1900 to 2023.""
history,G,""Wrote to file lac_subregion_6_HadCRUT5.csv""
history,G,"Data set created from file ['lac_subregion_6_HadCRUT5.csv'] downloaded from [''] at ['2024-01-17 11:08:21']"
reference,G,"Morice, C. P., Kennedy, J. J., Rayner, N. A., Winn, J. P., Hogan, E., Killick, R. E., et al. (2021). An updated assessment of near-surface temperature change from 1850: the HadCRUT5 data set. Journal of Geophysical Research: Atmospheres, 126, e2019JD032361. https://doi.org/10.1029/2019JD032361"
rights,G,TBD
comments,G,Data produced by climind version 1.0
comments,G,Format description https://help.ceda.ac.uk/article/105-badc-csv
comments,G,"Original data acknowledgement: HadCRUT.5.0.2.0 data were obtained from http://www.metoffice.gov.uk/hadobs/hadcrut5 on 2024-01-15 11:56:27 and are © British Crown Copyright, Met Office 2024, provided under an Open Government License, http://www.nationalarchives.gov.uk/doc/open-government-licence/version/3/"
long_name,time,time,days since 1800-01-01 00:00:00.0
type,time,int
long_name,year,year,1
type,year,int
long_name,data,lac_subregion_6,degC
type,data,float
coordinate_variable,time,t
data
time,year,data
36524,1900,-0.5414
36889,1901,-0.5106
37254,1902,-0.5201
37619,1903,-0.7498
37984,1904,-0.9078
38350,1905,-0.6928
38715,1906,-0.7284
39080,1907,-0.9559
39445,1908,-0.8816
39811,1909,-0.8502
40176,1910,-0.9643
40541,1911,-0.9918
40906,1912,-0.7292
41272,1913,-0.6680
41637,1914,-0.4533
42002,1915,-0.3246
42367,1916,-0.8350
42733,1917,-1.1880
43098,1918,-0.9684
43463,1919,-0.6136
43828,1920,-0.8903
44194,1921,-1.0567
44559,1922,-1.0218
44924,1923,-1.0819
45289,1924,-1.0246
45655,1925,-0.8334
46020,1926,-0.5417
46385,1927,-0.7806
46750,1928,-0.7724
47116,1929,-0.9003
47481,1930,-0.6802
47846,1931,-0.7732
48211,1932,-0.5980
48577,1933,-0.8920
48942,1934,-0.9414
49307,1935,-0.8195
49672,1936,-0.6415
50038,1937,-0.6225
50403,1938,-0.7837
50768,1939,-0.6703
51133,1940,-0.4868
51499,1941,-0.4461
51864,1942,-0.7157
52229,1943,-0.7931
52594,1944,-0.5059
52960,1945,-0.5756
53325,1946,-0.6711
53690,1947,-0.7404
54055,1948,-0.7013
54421,1949,-0.8388
54786,1950,-0.8441
55151,1951,-0.6854
55516,1952,-0.6205
55882,1953,-0.4530
56247,1954,-0.6528
56612,1955,-0.8517
56977,1956,-1.0534
57343,1957,-0.6125
57708,1958,-0.2981
58073,1959,-0.5159
58438,1960,-0.6093
58804,1961,-0.3822
59169,1962,-0.5539
59534,1963,-0.3322
59899,1964,-0.6926
60265,1965,-0.4411
60630,1966,-0.5088
60995,1967,-0.5040
61360,1968,-0.7184
61726,1969,-0.1887
62091,1970,-0.4383
62456,1971,-0.8923
62821,1972,-0.4798
63187,1973,-0.5185
63552,1974,-0.9158
63917,1975,-0.8115
64282,1976,-0.9054
64648,1977,-0.3839
65013,1978,-0.5223
65378,1979,-0.5439
65743,1980,-0.3586
66109,1981,-0.5028
66474,1982,-0.3425
66839,1983,-0.2141
67204,1984,-0.6154
67570,1985,-0.5461
67935,1986,-0.4470
68300,1987,-0.1456
68665,1988,-0.4865
69031,1989,-0.5289
69396,1990,-0.3384
69761,1991,-0.3560
70126,1992,-0.4961
70492,1993,-0.3795
70857,1994,-0.1712
71222,1995,-0.1000
71587,1996,-0.3519
71953,1997,0.0324
72318,1998,0.2230
72683,1999,-0.3642
73048,2000,-0.3734
73414,2001,-0.0855
73779,2002,0.0863
74144,2003,0.0596
74509,2004,-0.0320
74875,2005,0.0886
75240,2006,0.0818
75605,2007,-0.0904
75970,2008,-0.0899
76336,2009,0.1540
76701,2010,0.1196
77066,2011,-0.0216
77431,2012,0.1365
77797,2013,-0.0121
78162,2014,0.1179
78527,2015,0.4887
78892,2016,0.3128
79258,2017,0.2957
79623,2018,0.0073
79988,2019,0.2972
80353,2020,0.4249
80719,2021,0.0659
81084,2022,-0.0495
81449,2023,0.7892
end data
