Conventions,G,BADC-CSV,1
title,G,Regional mean temperature for Latin America and Caribbean
last_revised_date,G,2023-10-27
date_valid,G,2023-10-27
feature_type,G,area average
creator,G,WMO
source,G,Produced by climind version 1.0
observation_station,G,derived data
location,G,90.,-180.,-90.,180.
rights,G,TBD
activity,G,WMO
comments,G,Format description https://help.ceda.ac.uk/article/105-badc-csv
history,lac_subregion_6_Berkeley_Earth,""Data set created from file ['Land_and_Ocean_LatLong1.nc'] downloaded from ['https://berkeley-earth-temperature.s3.us-west-1.amazonaws.com/Global/Gridded/Land_and_Ocean_LatLong1.nc'] at ['2023-10-13 17:18:41']""
history,lac_subregion_6_Berkeley_Earth,""Rebaselined to 1991-2020""
history,lac_subregion_6_Berkeley_Earth,""Calculated area-average""
history,lac_subregion_6_Berkeley_Earth,""Calculated annual average from monthly averages using arithmetic mean""
history,lac_subregion_6_Berkeley_Earth,""Selected years within the range 1900 to 2023.""
history,lac_subregion_6_Berkeley_Earth,""Wrote to file lac_subregion_6_Berkeley Earth.csv""
history,lac_subregion_6_Berkeley_Earth,"Data set created from file ['lac_subregion_6_Berkeley Earth.csv'] downloaded from [''] at ['2023-10-27 10:54:20']"
reference,lac_subregion_6_Berkeley_Earth,"Rohde, R. A. and Hausfather, Z.: The Berkeley Earth Land/Ocean Temperature Record, Earth Syst. Sci. Data, 12, 3469-3479, https://doi.org/10.5194/essd-12-3469-2020, 2020"
comments,lac_subregion_6_Berkeley_Earth,"Original data acknowledgement: "
history,lac_subregion_6_ERA5,""Gridded dataset created from file ['era5_2m_tas_2023.nc'] downloaded from ['']""
history,lac_subregion_6_ERA5,""Regridded to 1 degree latitude-longitude resolution""
history,lac_subregion_6_ERA5,""Rebaselined to 1991-2020""
history,lac_subregion_6_ERA5,""Calculated area-average""
history,lac_subregion_6_ERA5,""Calculated annual average from monthly averages using arithmetic mean""
history,lac_subregion_6_ERA5,""Selected years within the range 1900 to 2023.""
history,lac_subregion_6_ERA5,""Wrote to file lac_subregion_6_ERA5.csv""
history,lac_subregion_6_ERA5,"Data set created from file ['lac_subregion_6_ERA5.csv'] downloaded from [''] at ['2023-10-27 10:54:46']"
reference,lac_subregion_6_ERA5,"Hersbach H, Bell B, Berrisford P et al. 2020. The ERA5 global reanalysis. Q. J. R. Meteorol. Soc. 146: 1999-2049. https://doi.org/10.1002/qj.3803"
comments,lac_subregion_6_ERA5,"Original data acknowledgement: Contains using Copernicus Climate Change Service information [2023]. Neither the European Commission nor ECMWF is responsible for any use that may be made of the Copernicus information or data it contains."
history,lac_subregion_6_GISTEMP,""Data set created from file ['gistemp1200_GHCNv4_ERSSTv5.nc.gz'] downloaded from ['https://data.giss.nasa.gov/pub/gistemp/gistemp1200_GHCNv4_ERSSTv5.nc.gz'] at ['2023-10-13 17:19:30']""
history,lac_subregion_6_GISTEMP,""Regridded to 1 degree latitude-longitude resolution""
history,lac_subregion_6_GISTEMP,""Rebaselined to 1991-2020""
history,lac_subregion_6_GISTEMP,""Calculated area-average""
history,lac_subregion_6_GISTEMP,""Calculated annual average from monthly averages using arithmetic mean""
history,lac_subregion_6_GISTEMP,""Selected years within the range 1900 to 2023.""
history,lac_subregion_6_GISTEMP,""Wrote to file lac_subregion_6_GISTEMP.csv""
history,lac_subregion_6_GISTEMP,"Data set created from file ['lac_subregion_6_GISTEMP.csv'] downloaded from [''] at ['2023-10-27 10:55:22']"
reference,lac_subregion_6_GISTEMP,"Lenssen, N., G. Schmidt, J. Hansen, M. Menne, A. Persin, R. Ruedy, and D. Zyss, 2019: Improvements in the GISTEMP uncertainty model. J. Geophys. Res. Atmos., 124, no. 12, 6307-6326, doi:10.1029/2018JD029522"
comments,lac_subregion_6_GISTEMP,"Original data acknowledgement: "
history,lac_subregion_6_HadCRUT5,""Data set created from file ['HadCRUT.5.0.1.0.analysis.anomalies.ensemble_mean.nc'] downloaded from ['https://www.metoffice.gov.uk/hadobs/hadcrut5/data/current/analysis/HadCRUT.5.0.1.0.analysis.anomalies.ensemble_mean.nc'] at ['2023-10-13 17:19:31']""
history,lac_subregion_6_HadCRUT5,""Regridded to 1 degree latitude-longitude resolution""
history,lac_subregion_6_HadCRUT5,""Rebaselined to 1991-2020""
history,lac_subregion_6_HadCRUT5,""Calculated area-average""
history,lac_subregion_6_HadCRUT5,""Calculated annual average from monthly averages using arithmetic mean""
history,lac_subregion_6_HadCRUT5,""Selected years within the range 1900 to 2023.""
history,lac_subregion_6_HadCRUT5,""Wrote to file lac_subregion_6_HadCRUT5.csv""
history,lac_subregion_6_HadCRUT5,"Data set created from file ['lac_subregion_6_HadCRUT5.csv'] downloaded from [''] at ['2023-10-27 10:56:23']"
reference,lac_subregion_6_HadCRUT5,"Morice, C. P., Kennedy, J. J., Rayner, N. A., Winn, J. P., Hogan, E., Killick, R. E., et al. (2021). An updated assessment of near-surface temperature change from 1850: the HadCRUT5 data set. Journal of Geophysical Research: Atmospheres, 126, e2019JD032361. https://doi.org/10.1029/2019JD032361"
comments,lac_subregion_6_HadCRUT5,"Original data acknowledgement: HadCRUT.5.0.1.0 data were obtained from http://www.metoffice.gov.uk/hadobs/hadcrut5 on 2023-10-13 17:19:31 and are © British Crown Copyright, Met Office 2023, provided under an Open Government License, http://www.nationalarchives.gov.uk/doc/open-government-licence/version/3/"
history,lac_subregion_6_JRA-55,""Data set created from file ['anl_surf125.011_tmp.202301_202312', 'anl_surf125.2023MMMM'] downloaded from ['', ''] at ['2023-10-06 11:01:38']""
history,lac_subregion_6_JRA-55,""Regridded to 1 degree latitude-longitude resolution""
history,lac_subregion_6_JRA-55,""Rebaselined to 1991-2020""
history,lac_subregion_6_JRA-55,""Calculated area-average""
history,lac_subregion_6_JRA-55,""Calculated annual average from monthly averages using arithmetic mean""
history,lac_subregion_6_JRA-55,""Selected years within the range 1900 to 2023.""
history,lac_subregion_6_JRA-55,""Wrote to file lac_subregion_6_JRA-55.csv""
history,lac_subregion_6_JRA-55,"Data set created from file ['lac_subregion_6_JRA-55.csv'] downloaded from [''] at ['2023-10-27 10:56:54']"
reference,lac_subregion_6_JRA-55,"Kobayashi, S., Ota, Y., Harada, Y., Ebita, A., Moriya, M., Onoda, H., Onogi, K., Kamahori, H., Kobayashi, C., Endo, H. and Miyaoka, K., (2015). The JRA-55 reanalysis: General specifications and basic characteristics. Journal of the Meteorological Society of Japan. Ser. II, 93(1), pp.5-48."
comments,lac_subregion_6_JRA-55,"Original data acknowledgement: "
history,lac_subregion_6_Kadow,""Data set created from file ['HadCRUT.5.0.1.0.anomalies.Kadow_et_al_2020_20crAI-infilled.ensemble_mean_185001-*.nc'] downloaded from [''] at ['2023-10-23 09:13:55']""
history,lac_subregion_6_Kadow,""Regridded to 1 degree latitude-longitude resolution""
history,lac_subregion_6_Kadow,""Rebaselined to 1991-2020""
history,lac_subregion_6_Kadow,""Calculated area-average""
history,lac_subregion_6_Kadow,""Calculated annual average from monthly averages using arithmetic mean""
history,lac_subregion_6_Kadow,""Selected years within the range 1900 to 2023.""
history,lac_subregion_6_Kadow,""Wrote to file lac_subregion_6_Kadow.csv""
history,lac_subregion_6_Kadow,"Data set created from file ['lac_subregion_6_Kadow.csv'] downloaded from [''] at ['2023-10-27 10:57:37']"
reference,lac_subregion_6_Kadow,"Kadow, C., Hall, D.M. & Ulbrich, U. Artificial intelligence reconstructs missing climate information. Nat. Geosci. (2020). https://doi.org/10.1038/s41561-020-0582-5"
comments,lac_subregion_6_Kadow,"Original data acknowledgement: "
history,lac_subregion_6_NOAA_Interim,""Data set created from file ['NOAAGlobalTemp_v*.nc'] downloaded from ['https://www.ncei.noaa.gov/data/noaa-global-surface-temperature/v5.1/access/gridded/NOAAGlobalTemp_v.*.nc'] at ['2023-10-14 08:45:48']""
history,lac_subregion_6_NOAA_Interim,""Data set created from file ['NOAAGlobalTemp_v*.nc'] downloaded from ['https://www.ncei.noaa.gov/data/noaa-global-surface-temperature/v5.1/access/gridded/NOAAGlobalTemp_v.*.nc'] at ['2023-10-14 08:45:48']""
history,lac_subregion_6_NOAA_Interim,""Regridded to 1 degree latitude-longitude resolution""
history,lac_subregion_6_NOAA_Interim,""Rebaselined to 1991-2020""
history,lac_subregion_6_NOAA_Interim,""Calculated area-average""
history,lac_subregion_6_NOAA_Interim,""Calculated annual average from monthly averages using arithmetic mean""
history,lac_subregion_6_NOAA_Interim,""Selected years within the range 1900 to 2023.""
history,lac_subregion_6_NOAA_Interim,""Wrote to file lac_subregion_6_NOAA Interim.csv""
history,lac_subregion_6_NOAA_Interim,"Data set created from file ['lac_subregion_6_NOAA Interim.csv'] downloaded from [''] at ['2023-10-27 10:58:38']"
reference,lac_subregion_6_NOAA_Interim,"Vose, R.S., B. Huang, X. Yin., D. Arndt, D.R. Easterling, J.H. Lawrimore, M.J. Menne, A. Sanchez-Lugo, H.-M. Zhang, 2021: Implementing full spatial coverage in NOAA’s global temperature analysis. Geophysical Research Letters, 48, e2020GL090873. https://doi.org/10.1029/2020GL090873"
comments,lac_subregion_6_NOAA_Interim,"Original data acknowledgement: "
long_name,time,time,days since 1800-01-01 00:00:00.0
type,time,int
long_name,year,year,1
type,year,int
long_name,lac_subregion_6_Berkeley_Earth,lac_subregion_6,degC
type,lac_subregion_6_Berkeley_Earth,float
long_name,lac_subregion_6_ERA5,lac_subregion_6,degC
type,lac_subregion_6_ERA5,float
long_name,lac_subregion_6_GISTEMP,lac_subregion_6,degC
type,lac_subregion_6_GISTEMP,float
long_name,lac_subregion_6_HadCRUT5,lac_subregion_6,degC
type,lac_subregion_6_HadCRUT5,float
long_name,lac_subregion_6_JRA-55,lac_subregion_6,degC
type,lac_subregion_6_JRA-55,float
long_name,lac_subregion_6_Kadow,lac_subregion_6,degC
type,lac_subregion_6_Kadow,float
long_name,lac_subregion_6_NOAA_Interim,lac_subregion_6,degC
type,lac_subregion_6_NOAA_Interim,float
coordinate_variable,time,t
data
time,year,lac_subregion_6_Berkeley_Earth,lac_subregion_6_ERA5,lac_subregion_6_GISTEMP,lac_subregion_6_HadCRUT5,lac_subregion_6_JRA-55,lac_subregion_6_Kadow,lac_subregion_6_NOAA_Interim
36524,1900,-0.6188,,-0.5197,-0.5414,,-0.4473,-0.8836
36889,1901,-0.7858,,-0.6690,-0.5107,,-0.4810,-0.8083
37254,1902,-0.8054,,-0.6355,-0.5202,,-0.4782,-0.6991
37619,1903,-1.0656,,-0.9171,-0.7499,,-0.9425,-0.8549
37984,1904,-1.3414,,-1.0726,-0.9079,,-1.0423,-1.1796
38350,1905,-0.9573,,-0.7804,-0.6929,,-0.7658,-0.9002
38715,1906,-1.0027,,-0.8999,-0.7285,,-0.8746,-0.9677
39080,1907,-1.2448,,-1.0623,-0.9561,,-1.1395,-1.1400
39445,1908,-1.1169,,-1.0273,-0.8817,,-1.0802,-1.1193
39811,1909,-1.1623,,-1.1351,-0.8504,,-1.0766,-1.1280
40176,1910,-1.2604,,-1.2335,-0.9645,,-1.2107,-1.2485
40541,1911,-1.2112,,-1.2261,-0.9919,,-1.1005,-1.2808
40906,1912,-1.0015,,-1.0574,-0.7294,,-0.8561,-1.0483
41272,1913,-0.9054,,-1.0077,-0.6681,,-0.7281,-1.0443
41637,1914,-0.7529,,-0.9233,-0.4535,,-0.6124,-0.8641
42002,1915,-0.5945,,-0.9368,-0.3249,,-0.3423,-0.7916
42367,1916,-1.1451,,-1.4107,-0.8353,,-1.1578,-1.3475
42733,1917,-1.5159,,-1.6636,-1.1882,,-1.2735,-1.8179
43098,1918,-1.2464,,-1.4005,-0.9687,,-0.8862,-1.3625
43463,1919,-0.8423,,-1.0335,-0.6139,,-0.6598,-0.9971
43828,1920,-1.1485,,-1.2197,-0.8905,,-0.9836,-1.2762
44194,1921,-1.2367,,-1.3045,-1.0570,,-1.1021,-1.3553
44559,1922,-1.1821,,-1.2988,-1.0221,,-1.1350,-1.3385
44924,1923,-1.2786,,-1.3596,-1.0822,,-1.0948,-1.3355
45289,1924,-1.2349,,-1.4751,-1.0249,,-1.2134,-1.4632
45655,1925,-1.0420,,-1.1111,-0.8337,,-0.8182,-1.1717
46020,1926,-0.7239,,-0.9424,-0.5420,,-0.5858,-0.8893
46385,1927,-0.9199,,-1.0950,-0.7809,,-0.8573,-1.1941
46750,1928,-0.8982,,-1.1005,-0.7727,,-0.8877,-1.1126
47116,1929,-1.0233,,-1.1409,-0.9007,,-0.9436,-1.1885
47481,1930,-0.8290,,-0.9195,-0.6801,,-0.7086,-0.9183
47846,1931,-0.9889,,-0.9996,-0.7732,,-0.7722,-1.0785
48211,1932,-0.7805,,-0.7688,-0.5980,,-0.5247,-0.8770
48577,1933,-1.0559,,-1.0508,-0.8920,,-0.9397,-1.0857
48942,1934,-1.1010,,-1.1497,-0.9414,,-1.0077,-1.0969
49307,1935,-0.9712,,-0.9964,-0.8195,,-0.8484,-1.0152
49672,1936,-0.8144,,-0.8946,-0.6415,,-0.7250,-0.8920
50038,1937,-0.8097,,-0.8811,-0.6225,,-0.6285,-0.9032
50403,1938,-0.9516,,-1.0193,-0.7837,,-0.8238,-0.9922
50768,1939,-0.8233,,-0.8602,-0.6703,,-0.6067,-0.8388
51133,1940,-0.6428,,-0.7099,-0.4868,,-0.4318,-0.6676
51499,1941,-0.5795,,-0.6375,-0.4461,,-0.4049,-0.6141
51864,1942,-0.8204,,-0.9048,-0.7157,,-0.6811,-0.9280
52229,1943,-0.9075,,-0.9348,-0.7931,,-0.7532,-0.9781
52594,1944,-0.6763,,-0.6944,-0.5059,,-0.4403,-0.6694
52960,1945,-0.7066,,-0.6806,-0.5756,,-0.5243,-0.7183
53325,1946,-0.7564,,-0.8064,-0.6711,,-0.6508,-0.8001
53690,1947,-0.8754,,-0.8918,-0.7404,,-0.7499,-0.9449
54055,1948,-0.7560,,-0.7873,-0.7013,,-0.7137,-0.8429
54421,1949,-0.8657,,-0.9502,-0.8388,,-0.8541,-0.9433
54786,1950,-0.8681,,-0.9434,-0.8441,,-0.8755,-0.9999
55151,1951,-0.7502,,-0.7943,-0.6854,,-0.7012,-0.8849
55516,1952,-0.6834,,-0.7713,-0.6205,,-0.6228,-0.7867
55882,1953,-0.5581,,-0.6053,-0.4530,,-0.4531,-0.5955
56247,1954,-0.7750,,-0.9186,-0.6528,,-0.6629,-0.8887
56612,1955,-0.9758,,-1.1332,-0.8517,,-0.8636,-1.1164
56977,1956,-1.1609,,-1.2933,-1.0534,,-1.0472,-1.2382
57343,1957,-0.6874,,-0.7850,-0.6125,,-0.6030,-0.7458
57708,1958,-0.4121,,-0.5238,-0.2981,-0.1299,-0.3088,-0.4960
58073,1959,-0.6183,,-0.7514,-0.5159,-0.0540,-0.5206,-0.7339
58438,1960,-0.7444,,-0.8808,-0.6093,-0.1631,-0.6132,-0.8530
58804,1961,-0.5304,,-0.7086,-0.3822,-0.2499,-0.3699,-0.6517
59169,1962,-0.7168,,-0.8901,-0.5539,-0.5788,-0.5335,-0.8356
59534,1963,-0.4990,,-0.6440,-0.3322,-0.3613,-0.3209,-0.5788
59899,1964,-0.8574,,-1.0519,-0.6926,-0.7451,-0.6682,-0.9585
60265,1965,-0.6010,,-0.7418,-0.4411,-0.5494,-0.4094,-0.6965
60630,1966,-0.6364,,-0.8448,-0.5088,-0.5295,-0.4702,-0.7572
60995,1967,-0.6246,,-0.8100,-0.5040,-0.5803,-0.4754,-0.7576
61360,1968,-0.8281,,-0.9967,-0.7184,-0.6974,-0.7049,-0.9416
61726,1969,-0.2630,,-0.4256,-0.1887,-0.1019,-0.1662,-0.3920
62091,1970,-0.5157,,-0.6892,-0.4383,-0.2872,-0.4183,-0.6297
62456,1971,-0.9280,,-1.0549,-0.8923,-0.7233,-0.8760,-1.0066
62821,1972,-0.4923,,-0.6451,-0.4798,-0.2758,-0.4704,-0.6136
63187,1973,-0.4670,,-0.6920,-0.5185,-0.4335,-0.5262,-0.6122
63552,1974,-0.8417,,-1.0180,-0.9158,-0.8506,-0.9329,-0.9824
63917,1975,-0.7444,,-0.9412,-0.8115,-0.7777,-0.8238,-0.8862
64282,1976,-0.8503,,-1.0184,-0.9054,-0.9046,-0.8986,-0.9437
64648,1977,-0.3245,,-0.4907,-0.3839,-0.4282,-0.3660,-0.4882
65013,1978,-0.4726,,-0.6557,-0.5223,-0.5266,-0.5183,-0.6245
65378,1979,-0.5256,-0.5586,-0.6593,-0.5439,-0.6103,-0.5360,-0.6379
65743,1980,-0.3135,-0.3614,-0.4071,-0.3586,-0.3120,-0.3653,-0.4020
66109,1981,-0.4672,-0.5214,-0.5454,-0.5028,-0.4791,-0.5203,-0.5499
66474,1982,-0.3121,-0.3971,-0.4376,-0.3425,-0.2711,-0.3502,-0.4658
66839,1983,-0.1868,-0.2717,-0.2973,-0.2141,-0.1817,-0.2077,-0.2683
67204,1984,-0.6005,-0.7520,-0.7033,-0.6154,-0.6560,-0.6307,-0.6670
67570,1985,-0.5390,-0.6855,-0.6243,-0.5461,-0.5831,-0.5536,-0.6222
67935,1986,-0.4417,-0.5704,-0.4751,-0.4470,-0.4926,-0.4440,-0.4805
68300,1987,-0.1239,-0.1969,-0.2093,-0.1456,-0.1325,-0.1503,-0.1759
68665,1988,-0.4356,-0.4377,-0.5340,-0.4865,-0.4036,-0.4908,-0.4838
69031,1989,-0.5244,-0.5544,-0.5925,-0.5289,-0.4752,-0.5176,-0.5782
69396,1990,-0.3064,-0.3683,-0.3865,-0.3384,-0.3129,-0.3310,-0.4005
69761,1991,-0.3086,-0.4181,-0.3534,-0.3560,-0.3523,-0.3463,-0.3582
70126,1992,-0.4242,-0.5620,-0.5004,-0.4961,-0.4887,-0.5085,-0.4762
70492,1993,-0.3151,-0.3728,-0.3865,-0.3795,-0.2985,-0.3697,-0.3751
70857,1994,-0.1156,-0.1584,-0.1926,-0.1712,-0.0783,-0.1747,-0.2142
71222,1995,-0.0609,-0.1412,-0.1813,-0.1000,-0.0920,-0.1044,-0.1826
71587,1996,-0.3116,-0.3953,-0.3842,-0.3519,-0.3169,-0.3538,-0.3819
71953,1997,0.0191,-0.0775,-0.0424,0.0324,-0.0275,0.0043,-0.0561
72318,1998,0.2331,0.2184,0.1738,0.2230,0.2511,0.2442,0.1876
72683,1999,-0.3656,-0.4376,-0.4143,-0.3642,-0.3543,-0.3770,-0.4068
73048,2000,-0.4392,-0.5347,-0.4455,-0.3734,-0.4446,-0.3768,-0.4279
73414,2001,-0.1676,-0.2306,-0.1539,-0.0855,-0.1634,-0.0937,-0.1722
73779,2002,0.0531,0.0129,0.0159,0.0863,0.0417,0.0971,0.0451
74144,2003,0.0488,0.0027,-0.0009,0.0596,0.0044,0.0525,-0.0020
74509,2004,-0.1023,-0.1149,-0.1038,-0.0320,-0.1536,-0.0408,-0.0835
74875,2005,0.0289,0.0788,0.0294,0.0886,-0.0232,0.0882,0.0311
75240,2006,0.0064,0.0656,0.0435,0.0818,-0.0129,0.0669,0.0183
75605,2007,-0.1917,-0.0669,-0.1969,-0.0904,-0.2229,-0.1128,-0.1660
75970,2008,-0.1803,-0.1054,-0.1546,-0.0899,-0.2340,-0.0937,-0.1675
76336,2009,0.0849,0.1427,0.0981,0.1540,0.0770,0.1361,0.0691
76701,2010,0.0140,0.1567,0.0188,0.1196,0.0887,0.1109,0.0406
77066,2011,-0.0715,0.0004,-0.0514,-0.0216,0.0118,-0.0240,-0.0746
77431,2012,0.1341,0.2099,0.2024,0.1365,0.2203,0.1404,0.1765
77797,2013,-0.0240,0.1013,-0.0076,-0.0121,0.0876,-0.0010,0.0360
78162,2014,0.1483,0.2068,0.2270,0.1179,0.1971,0.1322,0.2541
78527,2015,0.5279,0.5665,0.6357,0.4887,0.5286,0.4957,0.6024
78892,2016,0.3722,0.4408,0.4182,0.3128,0.4052,0.3382,0.4291
79258,2017,0.3610,0.3858,0.4612,0.2957,0.3244,0.3010,0.4319
79623,2018,0.0795,0.1164,0.1757,0.0073,0.0690,0.0166,0.1616
79988,2019,0.4064,0.4686,0.4760,0.2972,0.4569,0.3397,0.4765
80353,2020,0.5607,0.4412,0.5941,0.4248,0.4993,0.4132,0.5849
80719,2021,0.2314,0.1658,0.2604,0.0659,0.1929,0.1353,0.2922
81084,2022,0.0035,-0.0565,0.0435,-0.0495,-0.0267,-0.0095,0.0864
81449,2023,0.6442,0.6053,0.8404,0.6152,0.6233,0.5331,0.7573
end data
