Conventions,G,BADC-CSV,1
title,G,Regional mean temperature for Latin America and Caribbean
last_revised_date,G,2023-02-01
date_valid,G,2023-02-01
feature_type,G,area average
creator,G,WMO
source,G,Produced by climind version 0.1
observation_station,G,derived data
location,G,90.,-180.,-90.,180.
activity,G,WMO
history,G,""Data set created from file ['NOAAGlobalTemp_v*.nc'] downloaded from ['https://www.ncei.noaa.gov/data/noaa-global-surface-temperature/v5/access/gridded/NOAAGlobalTemp_v.*.nc'] at ['2023-02-01 09:19:00']""
history,G,""Data set created from file ['NOAAGlobalTemp_v*.nc'] downloaded from ['https://www.ncei.noaa.gov/data/noaa-global-surface-temperature/v5/access/gridded/NOAAGlobalTemp_v.*.nc'] at ['2023-02-01 09:19:00']""
history,G,""Regridded to 1 degree latitude-longitude resolution""
history,G,""Rebaselined to 1991-2020""
history,G,""Calculated area-average""
history,G,""Calculated annual average from monthly averages using arithmetic mean""
history,G,""Selected years within the range 1900 to 2022.""
history,G,""Wrote to file lac_subregion_6_NOAAGlobalTemp.csv""
history,G,"Data set created from file ['lac_subregion_6_NOAAGlobalTemp.csv'] downloaded from [''] at ['2023-02-01 16:43:15']"
reference,G,"Huang, B., M. J. Menne, T. Boyer, E. Freeman, B. E. Gleason, J. H. Lawrimore, C. Liu, J. J. Rennie, C. Schreck, F. Sun, R. Vose, C. N. Williams, X. Yin, H.-M. Zhang, 2020: Uncertainty estimates for sea surface temperature and land surface air temperature in NOAAGlobalTemp version 5. , J. Climate, 33, 1351-1379, DOI: 10.1175/JCLI-D-19-0395.1"
reference,G,"Zhang, Huai-Min, Jay H. Lawrimore, Boyin Huang, Matthew J. Menne, Xungang Yin, Ahira Sȧnchez-Lugo, Byron E. Gleason, Russell Vose, Derek Arndt, J. Jared Rennie, and Claude N. Williams. (2019) Updated Temperature Data Give a Sharper View of Climate Trends. Eos, 100, https://doi.org/10.1029/2019EO128229"
rights,G,TBD
comments,G,Data produced by climind version 0.1
comments,G,Format description https://help.ceda.ac.uk/article/105-badc-csv
long_name,time,time,days since 1800-01-01 00:00:00.0
type,time,int
long_name,year,year,1
type,year,int
long_name,data,lac_subregion_6,degC
type,data,float
coordinate_variable,time,t
data
time,year,data
36524,1900,-0.6584
36889,1901,-0.7453
37254,1902,-0.6794
37619,1903,-0.9531
37984,1904,-0.9224
38350,1905,-0.8402
38715,1906,-0.8182
39080,1907,-1.0114
39445,1908,-0.9791
39811,1909,-1.0357
40176,1910,-1.1332
40541,1911,-1.1630
40906,1912,-0.9759
41272,1913,-0.9571
41637,1914,-0.9837
42002,1915,-0.9003
42367,1916,-1.3227
42733,1917,-1.5548
43098,1918,-1.2898
43463,1919,-1.0198
43828,1920,-1.1587
44194,1921,-1.2714
44559,1922,-1.2377
44924,1923,-1.2638
45289,1924,-1.3503
45655,1925,-1.1023
46020,1926,-0.8749
46385,1927,-1.0236
46750,1928,-1.0944
47116,1929,-1.0879
47481,1930,-0.8919
47846,1931,-1.0162
48211,1932,-0.8032
48577,1933,-1.0845
48942,1934,-1.1053
49307,1935,-0.9551
49672,1936,-0.8576
50038,1937,-0.7968
50403,1938,-0.9842
50768,1939,-0.7703
51133,1940,-0.6376
51499,1941,-0.5870
51864,1942,-0.8476
52229,1943,-0.8765
52594,1944,-0.6421
52960,1945,-0.6197
53325,1946,-0.7520
53690,1947,-0.8401
54055,1948,-0.7551
54421,1949,-0.9027
54786,1950,-0.9226
55151,1951,-0.7434
55516,1952,-0.7463
55882,1953,-0.5854
56247,1954,-0.8964
56612,1955,-1.0865
56977,1956,-1.1693
57343,1957,-0.6580
57708,1958,-0.4835
58073,1959,-0.6772
58438,1960,-0.7534
58804,1961,-0.5994
59169,1962,-0.7884
59534,1963,-0.5758
59899,1964,-0.9011
60265,1965,-0.6391
60630,1966,-0.7184
60995,1967,-0.7134
61360,1968,-0.8640
61726,1969,-0.3598
62091,1970,-0.6087
62456,1971,-0.9467
62821,1972,-0.5395
63187,1973,-0.6002
63552,1974,-0.9197
63917,1975,-0.8408
64282,1976,-0.8918
64648,1977,-0.4247
65013,1978,-0.5550
65378,1979,-0.5924
65743,1980,-0.3761
66109,1981,-0.5311
66474,1982,-0.4009
66839,1983,-0.2439
67204,1984,-0.6351
67570,1985,-0.5620
67935,1986,-0.4343
68300,1987,-0.1630
68665,1988,-0.4780
69031,1989,-0.5177
69396,1990,-0.3712
69761,1991,-0.3293
70126,1992,-0.4439
70492,1993,-0.3206
70857,1994,-0.1516
71222,1995,-0.1561
71587,1996,-0.3515
71953,1997,-0.0195
72318,1998,0.1972
72683,1999,-0.3629
73048,2000,-0.4043
73414,2001,-0.1607
73779,2002,0.0307
74144,2003,-0.0062
74509,2004,-0.0929
74875,2005,0.0137
75240,2006,0.0108
75605,2007,-0.1964
75970,2008,-0.1351
76336,2009,0.1086
76701,2010,0.0237
77066,2011,-0.0634
77431,2012,0.1293
77797,2013,-0.0095
78162,2014,0.2180
78527,2015,0.5611
78892,2016,0.3747
79258,2017,0.3944
79623,2018,0.1500
79988,2019,0.4218
80353,2020,0.5700
80719,2021,0.2768
81084,2022,0.1040
end data
