Conventions,G,BADC-CSV,1
title,G,Global ocean heat content
last_revised_date,G,2024-03-21
date_valid,G,2024-03-21
feature_type,G,area average
creator,G,WMO
source,G,Produced by climind version 1.0
observation_station,G,derived data
location,G,90.,-180.,-90.,180.
activity,G,WMO
history,G,"Data set created from file ['gohc_wmo_state_climate_2024.nc'] downloaded from [''] at ['2024-02-27 13:18:00']"
reference,G,"von Schuckmann, K., Cheng, L., Palmer, M. D., Hansen, J., Tassone, C., Aich, V., Adusumilli, S., Beltrami, H., Boyer, T., Cuesta-Valero, F. J., Desbruyères, D., Domingues, C., García-García, A., Gentine, P., Gilson, J., Gorfer, M., Haimberger, L., Ishii, M., Johnson, G. C., Killick, R., King, B. A., Kirchengast, G., Kolodziejczyk, N., Lyman, J., Marzeion, B., Mayer, M., Monier, M., Monselesan, D. P., Purkey, S., Roemmich, D., Schweiger, A., Seneviratne, S. I., Shepherd, A., Slater, D. A., Steiner, A. K., Straneo, F., Timmermans, M.-L., and Wijffels, S. E.: Heat stored in the Earth system: where does the energy go?, Earth Syst. Sci. Data, 12, 2013–2041, https://doi.org/10.5194/essd-12-2013-2020, 2020."
rights,G,TBD
comments,G,Data produced by climind version 1.0
comments,G,Format description https://help.ceda.ac.uk/article/105-badc-csv
comments,G,"Original data acknowledgement: "
long_name,time,time,days since 1800-01-01 00:00:00.0
type,time,int
long_name,year,year,1
type,year,int
long_name,data,ohc2k,zJ
type,data,float
long_name,uncertainty,ohc2k uncertainty,zJ
type,uncertainty,float
coordinate_variable,time,t
data
time,year,data,uncertainty
58438,1960,-244.0262,23.6074
58804,1961,-228.3083,23.5328
59169,1962,-215.5428,16.0884
59534,1963,-223.1874,14.1021
59899,1964,-234.5812,39.4956
60265,1965,-245.1922,17.5651
60630,1966,-229.8932,10.3357
60995,1967,-241.6399,14.1982
61360,1968,-262.6273,16.9366
61726,1969,-250.8306,16.3015
62091,1970,-254.3193,23.7217
62456,1971,-235.4265,20.9157
62821,1972,-235.2338,18.1260
63187,1973,-229.6537,24.6740
63552,1974,-217.3200,23.1212
63917,1975,-203.9677,21.7432
64282,1976,-213.1373,26.0938
64648,1977,-198.1111,44.8758
65013,1978,-186.3419,54.6829
65378,1979,-201.2846,32.6140
65743,1980,-176.6429,55.5308
66109,1981,-180.9143,41.7738
66474,1982,-200.7788,21.7219
66839,1983,-208.0788,28.0500
67204,1984,-193.9434,63.4612
67570,1985,-184.1496,52.4827
67935,1986,-173.3391,23.0296
68300,1987,-183.0089,19.5634
68665,1988,-177.3396,32.5389
69031,1989,-180.2285,38.8986
69396,1990,-182.8440,40.2831
69761,1991,-158.9982,28.9054
70126,1992,-160.5296,30.3090
70492,1993,-145.4643,25.5274
70857,1994,-139.5859,21.5494
71222,1995,-155.4537,22.8947
71587,1996,-127.5593,20.4303
71953,1997,-132.4230,12.7301
72318,1998,-131.9785,14.4961
72683,1999,-115.4209,8.9063
73048,2000,-121.7214,12.3342
73414,2001,-119.5705,17.1167
73779,2002,-88.3065,11.1275
74144,2003,-61.5872,14.5389
74509,2004,-62.5504,11.5439
74875,2005,-63.3943,25.0436
75240,2006,-52.6787,19.4128
75605,2007,-55.0660,14.6044
75970,2008,-41.9299,14.0160
76336,2009,-31.9515,9.9073
76701,2010,-34.0336,11.7590
77066,2011,-24.9403,7.8542
77431,2012,-17.6427,10.7954
77797,2013,4.9144,6.8712
78162,2014,15.7521,10.9029
78527,2015,33.0226,11.5980
78892,2016,23.4809,11.7268
79258,2017,45.1931,11.7782
79623,2018,55.2383,17.3757
79988,2019,70.5824,15.6374
80353,2020,73.4532,17.4655
end data
