Conventions,G,BADC-CSV,1
title,G,Global ocean heat content
last_revised_date,G,2024-03-21
date_valid,G,2024-03-21
feature_type,G,area average
creator,G,WMO
source,G,Produced by climind version 1.0
observation_station,G,derived data
location,G,90.,-180.,-90.,180.
rights,G,TBD
activity,G,WMO
comments,G,Format description https://help.ceda.ac.uk/article/105-badc-csv
history,Cheng_TEMP,"Data set created from file ['gohc_wmo_state_climate_2024.nc'] downloaded from [''] at ['2024-02-27 13:18:00']"
reference,Cheng_TEMP,"Cheng, Lijing, John Abraham, Zeke Hausfather, and Kevin E. Trenberth. 'How fast are the oceans warming?.' Science 363, no. 6423 (2019): 128-129. doi:10.1126/science.aav7619"
comments,Cheng_TEMP,"Original data acknowledgement: "
history,GCOS2k_TEMP,"Data set created from file ['gohc_wmo_state_climate_2024.nc'] downloaded from [''] at ['2024-02-27 13:18:00']"
reference,GCOS2k_TEMP,"von Schuckmann, K., Cheng, L., Palmer, M. D., Hansen, J., Tassone, C., Aich, V., Adusumilli, S., Beltrami, H., Boyer, T., Cuesta-Valero, F. J., Desbruyères, D., Domingues, C., García-García, A., Gentine, P., Gilson, J., Gorfer, M., Haimberger, L., Ishii, M., Johnson, G. C., Killick, R., King, B. A., Kirchengast, G., Kolodziejczyk, N., Lyman, J., Marzeion, B., Mayer, M., Monier, M., Monselesan, D. P., Purkey, S., Roemmich, D., Schweiger, A., Seneviratne, S. I., Shepherd, A., Slater, D. A., Steiner, A. K., Straneo, F., Timmermans, M.-L., and Wijffels, S. E.: Heat stored in the Earth system: where does the energy go?, Earth Syst. Sci. Data, 12, 2013–2041, https://doi.org/10.5194/essd-12-2013-2020, 2020."
comments,GCOS2k_TEMP,"Original data acknowledgement: "
history,JMA_TEMP,"Data set created from file ['gohc_wmo_state_climate_2024.nc'] downloaded from [''] at ['2024-02-27 13:18:00']"
reference,JMA_TEMP,"Ishii, M., Y. Fukuda, H. Hirahara, S. Yasui, T. Suzuki, and K. Sato, 2017: Accuracy of Global Upper Ocean Heat Content Estimation Expected from Present Observational Data Sets. SOLA, Vol. 13, 163 – 167, doi:10.2151/sola.2017-030."
comments,JMA_TEMP,"Original data acknowledgement: "
history,Miniere,"Data set created from file ['gohc_wmo_state_climate_2024.nc'] downloaded from [''] at ['2024-02-27 13:18:00']"
reference,Miniere,"Minière, A., von Schuckmann, K., Sallée, JB. et al. Robust acceleration of Earth system heating observed over the past six decades. Sci Rep 13, 22975 (2023). https://doi.org/10.1038/s41598-023-49353-1"
comments,Miniere,"Original data acknowledgement: "
long_name,time,time,days since 1800-01-01 00:00:00.0
type,time,int
long_name,year,year,1
type,year,int
long_name,Cheng_TEMP,ohc2k,zJ
type,Cheng_TEMP,float
long_name,GCOS2k_TEMP,ohc2k,zJ
type,GCOS2k_TEMP,float
long_name,JMA_TEMP,ohc2k,zJ
type,JMA_TEMP,float
long_name,Miniere,ohc2k,zJ
type,Miniere,float
coordinate_variable,time,t
data
time,year,Cheng_TEMP,GCOS2k_TEMP,JMA_TEMP,Miniere
58438,1960,-299.9571,-244.0262,-258.6117,-198.7451
58804,1961,-305.1974,-228.3083,-245.5831,-197.3064
59169,1962,-260.9523,-215.5428,-229.3409,-180.9813
59534,1963,-280.0523,-223.1874,-234.6391,-185.5462
59899,1964,-301.5586,-234.5812,-237.5054,-198.5389
60265,1965,-311.9386,-245.1922,-236.8974,-204.4413
60630,1966,-281.4860,-229.8932,-228.3854,-192.1188
60995,1967,-291.8074,-241.6399,-251.6631,-196.1785
61360,1968,-311.9302,-262.6273,-267.2106,-212.2033
61726,1969,-313.7413,-250.8306,-258.9591,-212.5343
62091,1970,-300.5021,-254.3193,-246.2780,-210.8045
62456,1971,-279.5660,-235.4265,-225.4323,-186.9843
62821,1972,-280.5637,-235.2338,-230.9043,-192.5733
63187,1973,-278.8701,-229.6537,-226.8220,-190.1391
63552,1974,-256.6930,-217.3200,-231.1649,-185.2451
63917,1975,-248.5265,-203.9677,-207.7134,-166.5223
64282,1976,-242.4813,-213.1373,-216.9203,-161.5128
64648,1977,-230.4662,-198.1111,-217.5283,-155.9040
65013,1978,-249.9099,-186.3419,-216.5729,-159.6192
65378,1979,-256.2402,-201.2846,-213.7934,-161.1686
65743,1980,-227.7329,-176.6429,-184.9569,-136.8776
66109,1981,-240.6702,-180.9143,-178.5294,-149.1180
66474,1982,-249.4739,-200.7788,-197.4643,-163.7892
66839,1983,-244.1917,-208.0788,-204.8471,-176.8396
67204,1984,-228.4623,-193.9434,-193.7294,-161.0217
67570,1985,-212.4060,-184.1496,-181.0483,-145.2996
67935,1986,-213.7643,-173.3391,-179.1374,-153.2237
68300,1987,-227.9844,-183.0089,-195.3797,-166.5262
68665,1988,-219.7592,-177.3396,-174.0129,-151.5738
69031,1989,-217.0175,-180.2285,-171.8414,-148.7654
69396,1990,-213.2193,-182.8440,-172.0151,-154.6637
69761,1991,-196.9533,-158.9982,-162.5477,-133.0201
70126,1992,-208.6246,-160.5296,-139.6174,-136.0865
70492,1993,-212.5066,-145.4643,-137.5329,-132.0715
70857,1994,-189.4660,-139.5859,-136.4906,-128.5406
71222,1995,-188.3844,-155.4537,-161.8529,-139.3235
71587,1996,-164.1531,-127.5593,-135.9694,-127.4656
71953,1997,-167.4650,-132.4230,-129.6289,-125.6225
72318,1998,-151.6686,-131.9785,-142.3969,-120.3804
72683,1999,-132.3003,-115.4209,-114.5157,-106.4437
73048,2000,-133.9353,-121.7214,-126.9363,-106.1014
73414,2001,-128.2758,-119.5705,-109.1306,-107.1374
73779,2002,-100.4643,-88.3065,-83.0734,-91.2678
74144,2003,-69.5087,-61.5872,-55.6266,-65.5677
74509,2004,-76.9206,-62.5504,-61.1854,-54.8066
74875,2005,-69.7938,-63.3943,-57.6243,-47.6427
75240,2006,-50.2075,-52.6787,-45.6380,-42.8318
75605,2007,-56.2276,-55.0660,-61.4460,-43.4596
75970,2008,-40.3976,-41.9299,-45.9854,-35.3099
76336,2009,-39.8946,-31.9515,-33.6517,-30.8831
76701,2010,-43.1981,-34.0336,-32.1751,-31.5141
77066,2011,-23.8969,-24.9403,-19.9283,-22.2370
77431,2012,-9.4420,-17.6427,-17.6700,-14.1914
77797,2013,1.6926,4.9144,7.1711,4.8884
78162,2014,11.7876,15.7521,13.0774,14.9038
78527,2015,29.7724,33.0226,29.8409,25.5205
78892,2016,26.2257,23.4809,20.6340,16.7664
79258,2017,54.1126,45.1931,46.8649,37.7426
79623,2018,54.2887,55.2383,52.7711,48.0431
79988,2019,73.4557,70.5824,69.7083,58.7310
80353,2020,81.7228,73.4532,74.0511,61.4738
80719,2021,99.5399,,89.2511,72.4815
81084,2022,116.8204,,103.7563,85.0959
81449,2023,132.1138,,,102.6373
end data
