Conventions,G,BADC-CSV,1
title,G,Regional mean temperature for North Africa
last_revised_date,G,2022-12-16
date_valid,G,2022-12-16
feature_type,G,area average
creator,G,WMO
source,G,Produced by climind version 0.1
observation_station,G,derived data
location,G,90.,-180.,-90.,180.
activity,G,WMO
history,G,""Data set created from file ['NOAAGlobalTemp_v*.nc'] downloaded from ['https://www.ncei.noaa.gov/data/noaa-global-surface-temperature/v5/access/gridded/NOAAGlobalTemp_v.*.nc'] at ['2022-12-16 09:24:29']""
history,G,""Data set created from file ['NOAAGlobalTemp_v*.nc'] downloaded from ['https://www.ncei.noaa.gov/data/noaa-global-surface-temperature/v5/access/gridded/NOAAGlobalTemp_v.*.nc'] at ['2022-12-16 09:24:29']""
history,G,""Regridded to 1 degree latitude-longitude resolution""
history,G,""Rebaselined to 1991-2020""
history,G,""Calculated area-average""
history,G,""Calculated annual average from monthly averages using arithmetic mean""
history,G,""Selected years within the range 1900 to 2022.""
history,G,""Wrote to file africa_subregion_1_NOAAGlobalTemp.csv""
history,G,"Data set created from file ['africa_subregion_1_NOAAGlobalTemp.csv'] downloaded from [''] at ['2022-12-16 17:53:20']"
reference,G,"Huang, B., M. J. Menne, T. Boyer, E. Freeman, B. E. Gleason, J. H. Lawrimore, C. Liu, J. J. Rennie, C. Schreck, F. Sun, R. Vose, C. N. Williams, X. Yin, H.-M. Zhang, 2020: Uncertainty estimates for sea surface temperature and land surface air temperature in NOAAGlobalTemp version 5. , J. Climate, 33, 1351-1379, DOI: 10.1175/JCLI-D-19-0395.1"
reference,G,"Zhang, Huai-Min, Jay H. Lawrimore, Boyin Huang, Matthew J. Menne, Xungang Yin, Ahira Sȧnchez-Lugo, Byron E. Gleason, Russell Vose, Derek Arndt, J. Jared Rennie, and Claude N. Williams. (2019) Updated Temperature Data Give a Sharper View of Climate Trends. Eos, 100, https://doi.org/10.1029/2019EO128229"
rights,G,TBD
comments,G,Data produced by climind version 0.1
comments,G,Format description https://help.ceda.ac.uk/article/105-badc-csv
long_name,time,time,days since 1800-01-01 00:00:00.0
type,time,int
long_name,year,year,1
type,year,int
long_name,data,africa_subregion_1,degC
type,data,float
coordinate_variable,time,t
data
time,year,data
36524,1900,-1.2696
36889,1901,-0.9297
37254,1902,-0.8691
37619,1903,-1.6229
37984,1904,-1.3882
38350,1905,-1.4260
38715,1906,-1.3459
39080,1907,-1.9830
39445,1908,-1.1857
39811,1909,-1.2895
40176,1910,-1.2566
40541,1911,-1.6742
40906,1912,-1.2551
41272,1913,-1.1618
41637,1914,-1.3855
42002,1915,-1.0926
42367,1916,-1.2495
42733,1917,-1.3804
43098,1918,-1.7508
43463,1919,-1.2336
43828,1920,-1.5334
44194,1921,-1.7708
44559,1922,-1.2750
44924,1923,-1.6964
45289,1924,-0.9200
45655,1925,-1.3533
46020,1926,-0.8939
46385,1927,-0.9626
46750,1928,-1.1724
47116,1929,-1.4554
47481,1930,-0.9385
47846,1931,-0.6890
48211,1932,-1.2668
48577,1933,-1.2398
48942,1934,-1.2913
49307,1935,-1.1227
49672,1936,-0.9959
50038,1937,-0.6753
50403,1938,-1.3479
50768,1939,-1.0790
51133,1940,-0.9982
51499,1941,-0.8320
51864,1942,-0.8298
52229,1943,-1.3254
52594,1944,-1.2016
52960,1945,-1.0964
53325,1946,-0.9191
53690,1947,-0.5030
54055,1948,-1.2653
54421,1949,-1.1786
54786,1950,-1.2393
55151,1951,-0.8876
55516,1952,-0.8658
55882,1953,-1.2287
56247,1954,-1.3737
56612,1955,-0.3313
56977,1956,-1.3812
57343,1957,-1.2779
57708,1958,-0.6037
58073,1959,-1.2004
58438,1960,-0.6199
58804,1961,-1.0765
59169,1962,-0.7337
59534,1963,-0.6218
59899,1964,-1.0444
60265,1965,-1.1947
60630,1966,-0.6460
60995,1967,-1.3902
61360,1968,-0.9870
61726,1969,-0.5923
62091,1970,-0.8420
62456,1971,-1.2745
62821,1972,-1.3175
63187,1973,-1.0459
63552,1974,-1.3360
63917,1975,-1.3789
64282,1976,-1.5574
64648,1977,-0.7697
65013,1978,-0.9100
65378,1979,-0.5607
65743,1980,-0.7838
66109,1981,-0.6528
66474,1982,-1.0491
66839,1983,-0.8394
67204,1984,-1.0076
67570,1985,-0.5963
67935,1986,-0.8439
68300,1987,-0.2068
68665,1988,-0.3659
69031,1989,-0.5901
69396,1990,-0.2280
69761,1991,-0.8315
70126,1992,-1.2098
70492,1993,-0.6659
70857,1994,-0.4397
71222,1995,-0.3929
71587,1996,-0.2629
71953,1997,-0.3459
72318,1998,0.0542
72683,1999,0.1524
73048,2000,-0.3100
73414,2001,0.2965
73779,2002,0.1005
74144,2003,0.0986
74509,2004,-0.0947
74875,2005,0.0017
75240,2006,0.1495
75605,2007,-0.0337
75970,2008,-0.0233
76336,2009,0.1267
76701,2010,1.0893
77066,2011,-0.0843
77431,2012,0.0749
77797,2013,0.1217
78162,2014,0.4190
78527,2015,0.0868
78892,2016,0.6221
79258,2017,0.1975
79623,2018,0.4253
79988,2019,0.1750
80353,2020,0.5029
80719,2021,0.9557
81084,2022,0.2787
end data
