Conventions,G,BADC-CSV,1
title,G,Regional mean temperature for North Africa
last_revised_date,G,2023-01-30
date_valid,G,2023-01-30
feature_type,G,area average
creator,G,WMO
source,G,Produced by climind version 0.1
observation_station,G,derived data
location,G,90.,-180.,-90.,180.
activity,G,WMO
history,G,""Data set created from file ['NOAAGlobalTemp_v*.nc'] downloaded from ['https://www.ncei.noaa.gov/data/noaa-global-surface-temperature/v5/access/gridded/NOAAGlobalTemp_v.*.nc'] at ['2023-01-16 14:34:57']""
history,G,""Data set created from file ['NOAAGlobalTemp_v*.nc'] downloaded from ['https://www.ncei.noaa.gov/data/noaa-global-surface-temperature/v5/access/gridded/NOAAGlobalTemp_v.*.nc'] at ['2023-01-16 14:34:57']""
history,G,""Regridded to 1 degree latitude-longitude resolution""
history,G,""Rebaselined to 1991-2020""
history,G,""Calculated area-average""
history,G,""Calculated annual average from monthly averages using arithmetic mean""
history,G,""Selected years within the range 1900 to 2022.""
history,G,""Wrote to file africa_subregion_1_NOAAGlobalTemp.csv""
history,G,"Data set created from file ['africa_subregion_1_NOAAGlobalTemp.csv'] downloaded from [''] at ['2023-01-16 17:41:17']"
reference,G,"Huang, B., M. J. Menne, T. Boyer, E. Freeman, B. E. Gleason, J. H. Lawrimore, C. Liu, J. J. Rennie, C. Schreck, F. Sun, R. Vose, C. N. Williams, X. Yin, H.-M. Zhang, 2020: Uncertainty estimates for sea surface temperature and land surface air temperature in NOAAGlobalTemp version 5. , J. Climate, 33, 1351-1379, DOI: 10.1175/JCLI-D-19-0395.1"
reference,G,"Zhang, Huai-Min, Jay H. Lawrimore, Boyin Huang, Matthew J. Menne, Xungang Yin, Ahira Sȧnchez-Lugo, Byron E. Gleason, Russell Vose, Derek Arndt, J. Jared Rennie, and Claude N. Williams. (2019) Updated Temperature Data Give a Sharper View of Climate Trends. Eos, 100, https://doi.org/10.1029/2019EO128229"
rights,G,TBD
comments,G,Data produced by climind version 0.1
comments,G,Format description https://help.ceda.ac.uk/article/105-badc-csv
long_name,time,time,days since 1800-01-01 00:00:00.0
type,time,int
long_name,year,year,1
type,year,int
long_name,data,africa_subregion_1,degC
type,data,float
coordinate_variable,time,t
data
time,year,data
36524,1900,-1.1293
36889,1901,-0.8243
37254,1902,-0.8033
37619,1903,-1.5429
37984,1904,-1.3350
38350,1905,-1.3455
38715,1906,-1.2071
39080,1907,-1.8717
39445,1908,-1.0686
39811,1909,-1.2037
40176,1910,-1.2132
40541,1911,-1.6400
40906,1912,-1.2180
41272,1913,-1.1104
41637,1914,-1.3315
42002,1915,-1.1091
42367,1916,-1.2716
42733,1917,-1.3871
43098,1918,-1.7269
43463,1919,-1.2513
43828,1920,-1.5331
44194,1921,-1.6956
44559,1922,-1.2457
44924,1923,-1.6641
45289,1924,-0.8853
45655,1925,-1.3085
46020,1926,-0.8342
46385,1927,-0.9039
46750,1928,-1.1392
47116,1929,-1.4220
47481,1930,-0.9041
47846,1931,-0.6527
48211,1932,-1.2374
48577,1933,-1.2070
48942,1934,-1.2511
49307,1935,-1.0891
49672,1936,-0.9628
50038,1937,-0.6398
50403,1938,-1.3121
50768,1939,-1.0435
51133,1940,-0.9644
51499,1941,-0.7937
51864,1942,-0.7837
52229,1943,-1.2935
52594,1944,-1.1664
52960,1945,-1.0647
53325,1946,-0.8895
53690,1947,-0.4707
54055,1948,-1.2334
54421,1949,-1.1435
54786,1950,-1.2059
55151,1951,-0.8508
55516,1952,-0.8254
55882,1953,-1.1893
56247,1954,-1.3309
56612,1955,-0.2897
56977,1956,-1.3436
57343,1957,-1.2432
57708,1958,-0.5730
58073,1959,-1.1634
58438,1960,-0.5782
58804,1961,-1.0364
59169,1962,-0.6956
59534,1963,-0.5885
59899,1964,-1.0118
60265,1965,-1.1596
60630,1966,-0.6168
60995,1967,-1.3652
61360,1968,-0.9638
61726,1969,-0.5674
62091,1970,-0.8208
62456,1971,-1.2548
62821,1972,-1.3001
63187,1973,-1.0433
63552,1974,-1.3306
63917,1975,-1.3665
64282,1976,-1.5506
64648,1977,-0.7548
65013,1978,-0.8973
65378,1979,-0.5507
65743,1980,-0.7760
66109,1981,-0.6493
66474,1982,-1.0512
66839,1983,-0.8419
67204,1984,-1.0096
67570,1985,-0.5997
67935,1986,-0.8410
68300,1987,-0.1966
68665,1988,-0.3539
69031,1989,-0.5774
69396,1990,-0.2139
69761,1991,-0.8181
70126,1992,-1.1970
70492,1993,-0.6523
70857,1994,-0.4265
71222,1995,-0.3763
71587,1996,-0.2478
71953,1997,-0.3311
72318,1998,0.0712
72683,1999,0.1602
73048,2000,-0.3011
73414,2001,0.3049
73779,2002,0.0985
74144,2003,0.0920
74509,2004,-0.0947
74875,2005,0.0073
75240,2006,0.1571
75605,2007,-0.0275
75970,2008,-0.0203
76336,2009,0.1205
76701,2010,1.0904
77066,2011,-0.0945
77431,2012,0.0697
77797,2013,0.1157
78162,2014,0.4060
78527,2015,0.0739
78892,2016,0.6127
79258,2017,0.1735
79623,2018,0.4002
79988,2019,0.1544
80353,2020,0.4792
80719,2021,0.9426
81084,2022,0.4309
end data
