Conventions,G,BADC-CSV,1
title,G,Regional mean temperature for North Africa
last_revised_date,G,2022-11-29
date_valid,G,2022-11-29
feature_type,G,area average
creator,G,WMO
source,G,Produced by climind version 0.1
observation_station,G,derived data
location,G,90.,-180.,-90.,180.
activity,G,WMO
history,G,""Data set created from file ['anl_surf125.011_tmp.202201_202212', 'anl_surf125.2022MMMM'] downloaded from ['', ''] at ['2022-11-08 14:59:36']""
history,G,""Regridded to 1 degree latitude-longitude resolution""
history,G,""Rebaselined to 1981-2010""
history,G,""Calculated area-average""
history,G,""Calculated annual average from monthly averages using arithmetic mean""
history,G,""Selected years within the range 1900 to 2022.""
history,G,""Wrote to file africa_subregion_1_JRA-55.csv""
history,G,"Data set created from file ['africa_subregion_1_JRA-55.csv'] downloaded from [''] at ['2022-11-23 19:14:49']"
reference,G,"Kobayashi, S., Ota, Y., Harada, Y., Ebita, A., Moriya, M., Onoda, H., Onogi, K., Kamahori, H., Kobayashi, C., Endo, H. and Miyaoka, K., (2015). The JRA-55 reanalysis: General specifications and basic characteristics. Journal of the Meteorological Society of Japan. Ser. II, 93(1), pp.5-48."
rights,G,TBD
comments,G,Data produced by climind version 0.1
comments,G,Format description https://help.ceda.ac.uk/article/105-badc-csv
long_name,time,time,days since 1800-01-01 00:00:00.0
type,time,int
long_name,year,year,1
type,year,int
long_name,data,africa_subregion_1,degC
type,data,float
coordinate_variable,time,t
data
time,year,data
57708,1958,-0.2794
58073,1959,-0.7627
58438,1960,-0.1779
58804,1961,-0.8714
59169,1962,-0.6267
59534,1963,-0.4188
59899,1964,-0.4613
60265,1965,-0.6899
60630,1966,-0.2990
60995,1967,-1.0373
61360,1968,-0.6563
61726,1969,-0.1735
62091,1970,-0.5833
62456,1971,-0.9623
62821,1972,-0.8016
63187,1973,-0.7449
63552,1974,-1.0011
63917,1975,-0.9269
64282,1976,-1.0334
64648,1977,-0.3086
65013,1978,-0.4146
65378,1979,-0.2498
65743,1980,-0.4592
66109,1981,-0.3954
66474,1982,-0.7919
66839,1983,-0.5397
67204,1984,-0.6534
67570,1985,-0.2176
67935,1986,-0.5534
68300,1987,0.0818
68665,1988,0.0472
69031,1989,-0.2068
69396,1990,0.0114
69761,1991,-0.6706
70126,1992,-1.0309
70492,1993,-0.3495
70857,1994,-0.0721
71222,1995,0.0164
71587,1996,0.0549
71953,1997,0.0484
72318,1998,0.2911
72683,1999,0.4680
73048,2000,-0.0986
73414,2001,0.6363
73779,2002,0.3915
74144,2003,0.3420
74509,2004,0.1633
74875,2005,0.3133
75240,2006,0.2249
75605,2007,0.2675
75970,2008,0.3115
76336,2009,0.3707
76701,2010,1.5396
77066,2011,0.1774
77431,2012,0.3281
77797,2013,0.4529
78162,2014,0.7893
78527,2015,0.3567
78892,2016,1.1249
79258,2017,0.4094
79623,2018,0.8311
79988,2019,0.4229
80353,2020,0.8139
80719,2021,1.1566
81084,2022,0.5022
end data
