Conventions,G,BADC-CSV,1
title,G,Regional mean temperature for WMO RA 1 North Africa
last_revised_date,G,2024-02-08
date_valid,G,2024-02-08
feature_type,G,area average
creator,G,WMO
source,G,Produced by climind version 1.0
observation_station,G,derived data
location,G,90.,-180.,-90.,180.
activity,G,WMO
history,G,""Gridded dataset created from file ['era5_2m_tas_2024.nc'] downloaded from ['']""
history,G,""Regridded to 1 degree latitude-longitude resolution""
history,G,""Rebaselined to 1991-2020""
history,G,""Calculated area-average""
history,G,""Calculated annual average from monthly averages using arithmetic mean""
history,G,""Selected years within the range 1900 to 2023.""
history,G,""Wrote to file africa_subregion_1_ERA5.csv""
history,G,"Data set created from file ['africa_subregion_1_ERA5.csv'] downloaded from [''] at ['2024-01-17 11:06:35']"
reference,G,"Hersbach H, Bell B, Berrisford P et al. 2020. The ERA5 global reanalysis. Q. J. R. Meteorol. Soc. 146: 1999-2049. https://doi.org/10.1002/qj.3803"
rights,G,TBD
comments,G,Data produced by climind version 1.0
comments,G,Format description https://help.ceda.ac.uk/article/105-badc-csv
comments,G,"Original data acknowledgement: Contains using Copernicus Climate Change Service information [2024]. Neither the European Commission nor ECMWF is responsible for any use that may be made of the Copernicus information or data it contains."
long_name,time,time,days since 1800-01-01 00:00:00.0
type,time,int
long_name,year,year,1
type,year,int
long_name,data,africa_subregion_1,degC
type,data,float
coordinate_variable,time,t
data
time,year,data
65378,1979,-0.7978
65743,1980,-0.9218
66109,1981,-0.7971
66474,1982,-1.2269
66839,1983,-0.9067
67204,1984,-1.1262
67570,1985,-0.6666
67935,1986,-0.9661
68300,1987,-0.2742
68665,1988,-0.3103
69031,1989,-0.5608
69396,1990,-0.3122
69761,1991,-0.9599
70126,1992,-1.3384
70492,1993,-0.6710
70857,1994,-0.4762
71222,1995,-0.3649
71587,1996,-0.3309
71953,1997,-0.3731
72318,1998,-0.1397
72683,1999,0.0327
73048,2000,-0.5036
73414,2001,0.2617
73779,2002,0.0584
74144,2003,0.0062
74509,2004,-0.1888
74875,2005,0.0739
75240,2006,0.0348
75605,2007,0.0346
75970,2008,0.0694
76336,2009,0.1480
76701,2010,1.3503
77066,2011,-0.1676
77431,2012,0.0683
77797,2013,0.2255
78162,2014,0.4995
78527,2015,0.1235
78892,2016,0.8250
79258,2017,0.1219
79623,2018,0.6546
79988,2019,0.2852
80353,2020,0.6406
80719,2021,1.0615
81084,2022,0.6143
81449,2023,0.9751
end data
