Conventions,G,BADC-CSV,1
title,G,Regional mean temperature for North Africa
last_revised_date,G,2022-09-05
date_valid,G,2022-09-05
feature_type,G,area average
creator,G,WMO
source,G,Produced by climind version 0.1
observation_station,G,derived data
location,G,90.,-180.,-90.,180.
activity,G,WMO
history,G,""Data set created from file ['NOAAGlobalTemp_v*.nc'] downloaded from ['https://www.ncei.noaa.gov/data/noaa-global-surface-temperature/v5/access/gridded/NOAAGlobalTemp_v.*.nc'] at ['2022-08-23 10:32:43']""
history,G,""Data set created from file ['NOAAGlobalTemp_v*.nc'] downloaded from ['https://www.ncei.noaa.gov/data/noaa-global-surface-temperature/v5/access/gridded/NOAAGlobalTemp_v.*.nc'] at ['2022-08-23 10:32:43']""
history,G,""Regridded to 1 degree latitude-longitude resolution""
history,G,""Rebaselined to 1981-2010""
history,G,""Calculated area-average""
history,G,""Calculated annual average from monthly averages using arithmetic mean""
history,G,""Selected year range 1900 to 2021""
history,G,""Wrote to file africa_subregion_1_NOAAGlobalTemp.csv""
history,G,"Data set created from file ['africa_subregion_1_NOAAGlobalTemp.csv'] downloaded from [''] at ['2022-09-01 17:56:59']"
reference,G,"Huang, B., M. J. Menne, T. Boyer, E. Freeman, B. E. Gleason, J. H. Lawrimore, C. Liu, J. J. Rennie, C. Schreck, F. Sun, R. Vose, C. N. Williams, X. Yin, H.-M. Zhang, 2020: Uncertainty estimates for sea surface temperature and land surface air temperature in NOAAGlobalTemp version 5. , J. Climate, 33, 1351-1379, DOI: 10.1175/JCLI-D-19-0395.1"
reference,G,"Zhang, Huai-Min, Jay H. Lawrimore, Boyin Huang, Matthew J. Menne, Xungang Yin, Ahira Sȧnchez-Lugo, Byron E. Gleason, Russell Vose, Derek Arndt, J. Jared Rennie, and Claude N. Williams. (2019) Updated Temperature Data Give a Sharper View of Climate Trends. Eos, 100, https://doi.org/10.1029/2019EO128229"
rights,G,TBD
comments,G,Data produced by climind version 0.1
comments,G,Format description https://help.ceda.ac.uk/article/105-badc-csv
long_name,time,time,
type,time,int
long_name,year,year,1
type,year,int
long_name,data,africa_subregion_1,degC
type,data,float
coordinate_variable,time,t
data
time,year,data
36524,1900,-0.9163
36889,1901,-0.6198
37254,1902,-0.5427
37619,1903,-1.3246
37984,1904,-1.1015
38350,1905,-1.1590
38715,1906,-1.0537
39080,1907,-1.6971
39445,1908,-0.9049
39811,1909,-0.9780
40176,1910,-0.9512
40541,1911,-1.3751
40906,1912,-0.9405
41272,1913,-0.8548
41637,1914,-1.0598
42002,1915,-0.8004
42367,1916,-0.9500
42733,1917,-1.0872
43098,1918,-1.4586
43463,1919,-0.9223
43828,1920,-1.1797
44194,1921,-1.4087
44559,1922,-0.9434
44924,1923,-1.3844
45289,1924,-0.5948
45655,1925,-1.0140
46020,1926,-0.5419
46385,1927,-0.6213
46750,1928,-0.8458
47116,1929,-1.1119
47481,1930,-0.5792
47846,1931,-0.3557
48211,1932,-0.9760
48577,1933,-0.9195
48942,1934,-0.9548
49307,1935,-0.7919
49672,1936,-0.6816
50038,1937,-0.3721
50403,1938,-1.0371
50768,1939,-0.7564
51133,1940,-0.6681
51499,1941,-0.5338
51864,1942,-0.5269
52229,1943,-0.9929
52594,1944,-0.8745
52960,1945,-0.7828
53325,1946,-0.6295
53690,1947,-0.2011
54055,1948,-0.9631
54421,1949,-0.8672
54786,1950,-0.9350
55151,1951,-0.5716
55516,1952,-0.5512
55882,1953,-0.9096
56247,1954,-1.0731
56612,1955,-0.0307
56977,1956,-1.0889
57343,1957,-0.9708
57708,1958,-0.2859
58073,1959,-0.9054
58438,1960,-0.3158
58804,1961,-0.7675
59169,1962,-0.4373
59534,1963,-0.3308
59899,1964,-0.7538
60265,1965,-0.9058
60630,1966,-0.3527
60995,1967,-1.0846
61360,1968,-0.6917
61726,1969,-0.3130
62091,1970,-0.5633
62456,1971,-0.9940
62821,1972,-1.0255
63187,1973,-0.7615
63552,1974,-1.0497
63917,1975,-1.0792
64282,1976,-1.2547
64648,1977,-0.4647
65013,1978,-0.6010
65378,1979,-0.2613
65743,1980,-0.4812
66109,1981,-0.3504
66474,1982,-0.7660
66839,1983,-0.5554
67204,1984,-0.7231
67570,1985,-0.3188
67935,1986,-0.5772
68300,1987,0.0791
68665,1988,-0.0735
69031,1989,-0.3042
69396,1990,0.0645
69761,1991,-0.5336
70126,1992,-0.9077
70492,1993,-0.3643
70857,1994,-0.1351
71222,1995,-0.0875
71587,1996,0.0416
71953,1997,-0.0396
72318,1998,0.3671
72683,1999,0.4582
73048,2000,0.0025
73414,2001,0.6014
73779,2002,0.4060
74144,2003,0.3967
74509,2004,0.2003
74875,2005,0.3037
75240,2006,0.4450
75605,2007,0.2719
75970,2008,0.2827
76336,2009,0.4249
76701,2010,1.3911
77066,2011,0.2027
77431,2012,0.3649
77797,2013,0.4158
78162,2014,0.7074
78527,2015,0.3761
78892,2016,0.9127
79258,2017,0.4816
79623,2018,0.7095
79988,2019,0.4593
80353,2020,0.7617
80719,2021,1.2291
end data
