Conventions,G,BADC-CSV,1
title,G,Regional mean temperature for WMO RA 1 North Africa
last_revised_date,G,2023-11-05
date_valid,G,2023-11-05
feature_type,G,area average
creator,G,WMO
source,G,Produced by climind version 1.0
observation_station,G,derived data
location,G,90.,-180.,-90.,180.
rights,G,TBD
activity,G,WMO
comments,G,Format description https://help.ceda.ac.uk/article/105-badc-csv
history,africa_subregion_1_Berkeley_Earth,""Data set created from file ['Land_and_Ocean_LatLong1.nc'] downloaded from ['https://berkeley-earth-temperature.s3.us-west-1.amazonaws.com/Global/Gridded/Land_and_Ocean_LatLong1.nc'] at ['2023-10-31 16:14:45']""
history,africa_subregion_1_Berkeley_Earth,""Rebaselined to 1991-2020""
history,africa_subregion_1_Berkeley_Earth,""Calculated area-average""
history,africa_subregion_1_Berkeley_Earth,""Calculated annual average from monthly averages using arithmetic mean""
history,africa_subregion_1_Berkeley_Earth,""Selected years within the range 1900 to 2023.""
history,africa_subregion_1_Berkeley_Earth,""Wrote to file africa_subregion_1_Berkeley Earth.csv""
history,africa_subregion_1_Berkeley_Earth,"Data set created from file ['africa_subregion_1_Berkeley Earth.csv'] downloaded from [''] at ['2023-11-01 16:35:52']"
reference,africa_subregion_1_Berkeley_Earth,"Rohde, R. A. and Hausfather, Z.: The Berkeley Earth Land/Ocean Temperature Record, Earth Syst. Sci. Data, 12, 3469-3479, https://doi.org/10.5194/essd-12-3469-2020, 2020"
comments,africa_subregion_1_Berkeley_Earth,"Original data acknowledgement: "
history,africa_subregion_1_ERA5,""Gridded dataset created from file ['era5_2m_tas_2023.nc'] downloaded from ['']""
history,africa_subregion_1_ERA5,""Regridded to 1 degree latitude-longitude resolution""
history,africa_subregion_1_ERA5,""Rebaselined to 1991-2020""
history,africa_subregion_1_ERA5,""Calculated area-average""
history,africa_subregion_1_ERA5,""Calculated annual average from monthly averages using arithmetic mean""
history,africa_subregion_1_ERA5,""Selected years within the range 1900 to 2023.""
history,africa_subregion_1_ERA5,""Wrote to file africa_subregion_1_ERA5.csv""
history,africa_subregion_1_ERA5,"Data set created from file ['africa_subregion_1_ERA5.csv'] downloaded from [''] at ['2023-11-01 16:36:37']"
reference,africa_subregion_1_ERA5,"Hersbach H, Bell B, Berrisford P et al. 2020. The ERA5 global reanalysis. Q. J. R. Meteorol. Soc. 146: 1999-2049. https://doi.org/10.1002/qj.3803"
comments,africa_subregion_1_ERA5,"Original data acknowledgement: Contains using Copernicus Climate Change Service information [2023]. Neither the European Commission nor ECMWF is responsible for any use that may be made of the Copernicus information or data it contains."
history,africa_subregion_1_GISTEMP,""Data set created from file ['gistemp1200_GHCNv4_ERSSTv5.nc.gz'] downloaded from ['https://data.giss.nasa.gov/pub/gistemp/gistemp1200_GHCNv4_ERSSTv5.nc.gz'] at ['2023-10-13 17:19:30']""
history,africa_subregion_1_GISTEMP,""Regridded to 1 degree latitude-longitude resolution""
history,africa_subregion_1_GISTEMP,""Rebaselined to 1991-2020""
history,africa_subregion_1_GISTEMP,""Calculated area-average""
history,africa_subregion_1_GISTEMP,""Calculated annual average from monthly averages using arithmetic mean""
history,africa_subregion_1_GISTEMP,""Selected years within the range 1900 to 2023.""
history,africa_subregion_1_GISTEMP,""Wrote to file africa_subregion_1_GISTEMP.csv""
history,africa_subregion_1_GISTEMP,"Data set created from file ['africa_subregion_1_GISTEMP.csv'] downloaded from [''] at ['2023-11-01 16:37:04']"
reference,africa_subregion_1_GISTEMP,"Lenssen, N., G. Schmidt, J. Hansen, M. Menne, A. Persin, R. Ruedy, and D. Zyss, 2019: Improvements in the GISTEMP uncertainty model. J. Geophys. Res. Atmos., 124, no. 12, 6307-6326, doi:10.1029/2018JD029522"
comments,africa_subregion_1_GISTEMP,"Original data acknowledgement: "
history,africa_subregion_1_HadCRUT5,""Data set created from file ['HadCRUT.5.0.1.0.analysis.anomalies.ensemble_mean.nc'] downloaded from ['https://www.metoffice.gov.uk/hadobs/hadcrut5/data/current/analysis/HadCRUT.5.0.1.0.analysis.anomalies.ensemble_mean.nc'] at ['2023-10-31 16:06:13']""
history,africa_subregion_1_HadCRUT5,""Regridded to 1 degree latitude-longitude resolution""
history,africa_subregion_1_HadCRUT5,""Rebaselined to 1991-2020""
history,africa_subregion_1_HadCRUT5,""Calculated area-average""
history,africa_subregion_1_HadCRUT5,""Calculated annual average from monthly averages using arithmetic mean""
history,africa_subregion_1_HadCRUT5,""Selected years within the range 1900 to 2023.""
history,africa_subregion_1_HadCRUT5,""Wrote to file africa_subregion_1_HadCRUT5.csv""
history,africa_subregion_1_HadCRUT5,"Data set created from file ['africa_subregion_1_HadCRUT5.csv'] downloaded from [''] at ['2023-11-01 16:37:58']"
reference,africa_subregion_1_HadCRUT5,"Morice, C. P., Kennedy, J. J., Rayner, N. A., Winn, J. P., Hogan, E., Killick, R. E., et al. (2021). An updated assessment of near-surface temperature change from 1850: the HadCRUT5 data set. Journal of Geophysical Research: Atmospheres, 126, e2019JD032361. https://doi.org/10.1029/2019JD032361"
comments,africa_subregion_1_HadCRUT5,"Original data acknowledgement: HadCRUT.5.0.1.0 data were obtained from http://www.metoffice.gov.uk/hadobs/hadcrut5 on 2023-10-31 16:06:13 and are © British Crown Copyright, Met Office 2023, provided under an Open Government License, http://www.nationalarchives.gov.uk/doc/open-government-licence/version/3/"
history,africa_subregion_1_JRA-55,""Data set created from file ['anl_surf125.011_tmp.202301_202312', 'anl_surf125.2023MMMM'] downloaded from ['', ''] at ['2023-10-06 11:01:38']""
history,africa_subregion_1_JRA-55,""Regridded to 1 degree latitude-longitude resolution""
history,africa_subregion_1_JRA-55,""Rebaselined to 1991-2020""
history,africa_subregion_1_JRA-55,""Calculated area-average""
history,africa_subregion_1_JRA-55,""Calculated annual average from monthly averages using arithmetic mean""
history,africa_subregion_1_JRA-55,""Selected years within the range 1900 to 2023.""
history,africa_subregion_1_JRA-55,""Wrote to file africa_subregion_1_JRA-55.csv""
history,africa_subregion_1_JRA-55,"Data set created from file ['africa_subregion_1_JRA-55.csv'] downloaded from [''] at ['2023-11-01 16:38:46']"
reference,africa_subregion_1_JRA-55,"Kobayashi, S., Ota, Y., Harada, Y., Ebita, A., Moriya, M., Onoda, H., Onogi, K., Kamahori, H., Kobayashi, C., Endo, H. and Miyaoka, K., (2015). The JRA-55 reanalysis: General specifications and basic characteristics. Journal of the Meteorological Society of Japan. Ser. II, 93(1), pp.5-48."
comments,africa_subregion_1_JRA-55,"Original data acknowledgement: "
history,africa_subregion_1_Kadow,""Data set created from file ['HadCRUT.5.0.1.0.anomalies.Kadow_et_al_2020_20crAI-infilled.ensemble_mean_185001-*.nc'] downloaded from [''] at ['2023-11-02 09:03:42']""
history,africa_subregion_1_Kadow,""Regridded to 1 degree latitude-longitude resolution""
history,africa_subregion_1_Kadow,""Rebaselined to 1991-2020""
history,africa_subregion_1_Kadow,""Calculated area-average""
history,africa_subregion_1_Kadow,""Calculated annual average from monthly averages using arithmetic mean""
history,africa_subregion_1_Kadow,""Selected years within the range 1900 to 2023.""
history,africa_subregion_1_Kadow,""Wrote to file africa_subregion_1_Kadow.csv""
history,africa_subregion_1_Kadow,"Data set created from file ['africa_subregion_1_Kadow.csv'] downloaded from [''] at ['2023-11-02 09:20:53']"
reference,africa_subregion_1_Kadow,"Kadow, C., Hall, D.M. & Ulbrich, U. Artificial intelligence reconstructs missing climate information. Nat. Geosci. (2020). https://doi.org/10.1038/s41561-020-0582-5"
comments,africa_subregion_1_Kadow,"Original data acknowledgement: "
history,africa_subregion_1_NOAA_Interim,""Data set created from file ['NOAAGlobalTemp_v*.nc'] downloaded from ['https://www.ncei.noaa.gov/data/noaa-global-surface-temperature/v5.1/access/gridded/NOAAGlobalTemp_v.*.nc'] at ['2023-10-14 08:45:48']""
history,africa_subregion_1_NOAA_Interim,""Data set created from file ['NOAAGlobalTemp_v*.nc'] downloaded from ['https://www.ncei.noaa.gov/data/noaa-global-surface-temperature/v5.1/access/gridded/NOAAGlobalTemp_v.*.nc'] at ['2023-10-14 08:45:48']""
history,africa_subregion_1_NOAA_Interim,""Regridded to 1 degree latitude-longitude resolution""
history,africa_subregion_1_NOAA_Interim,""Rebaselined to 1991-2020""
history,africa_subregion_1_NOAA_Interim,""Calculated area-average""
history,africa_subregion_1_NOAA_Interim,""Calculated annual average from monthly averages using arithmetic mean""
history,africa_subregion_1_NOAA_Interim,""Selected years within the range 1900 to 2023.""
history,africa_subregion_1_NOAA_Interim,""Wrote to file africa_subregion_1_NOAA Interim.csv""
history,africa_subregion_1_NOAA_Interim,"Data set created from file ['africa_subregion_1_NOAA Interim.csv'] downloaded from [''] at ['2023-11-01 16:40:21']"
reference,africa_subregion_1_NOAA_Interim,"Vose, R.S., B. Huang, X. Yin., D. Arndt, D.R. Easterling, J.H. Lawrimore, M.J. Menne, A. Sanchez-Lugo, H.-M. Zhang, 2021: Implementing full spatial coverage in NOAA’s global temperature analysis. Geophysical Research Letters, 48, e2020GL090873. https://doi.org/10.1029/2020GL090873"
comments,africa_subregion_1_NOAA_Interim,"Original data acknowledgement: "
long_name,time,time,days since 1800-01-01 00:00:00.0
type,time,int
long_name,year,year,1
type,year,int
long_name,africa_subregion_1_Berkeley_Earth,africa_subregion_1,degC
type,africa_subregion_1_Berkeley_Earth,float
long_name,africa_subregion_1_ERA5,africa_subregion_1,degC
type,africa_subregion_1_ERA5,float
long_name,africa_subregion_1_GISTEMP,africa_subregion_1,degC
type,africa_subregion_1_GISTEMP,float
long_name,africa_subregion_1_HadCRUT5,africa_subregion_1,degC
type,africa_subregion_1_HadCRUT5,float
long_name,africa_subregion_1_JRA-55,africa_subregion_1,degC
type,africa_subregion_1_JRA-55,float
long_name,africa_subregion_1_Kadow,africa_subregion_1,degC
type,africa_subregion_1_Kadow,float
long_name,africa_subregion_1_NOAA_Interim,africa_subregion_1,degC
type,africa_subregion_1_NOAA_Interim,float
coordinate_variable,time,t
data
time,year,africa_subregion_1_Berkeley_Earth,africa_subregion_1_ERA5,africa_subregion_1_GISTEMP,africa_subregion_1_HadCRUT5,africa_subregion_1_JRA-55,africa_subregion_1_Kadow,africa_subregion_1_NOAA_Interim
36524,1900,-1.0664,,-0.9442,-1.2109,,-1.5518,-1.2865
36889,1901,-1.0574,,-1.1271,-1.1892,,-1.3145,-0.9883
37254,1902,-1.0232,,-0.8899,-1.2153,,-1.3633,-0.9702
37619,1903,-1.5248,,-1.3535,-1.7180,,-1.9521,-1.4012
37984,1904,-1.4063,,-1.1764,-1.7093,,-1.9880,-1.6568
38350,1905,-1.4676,,-1.3062,-1.5857,,-1.6407,-1.3987
38715,1906,-1.4478,,-1.3012,-1.1936,,-1.2591,-1.5537
39080,1907,-1.8831,,-1.5366,-1.6118,,-1.7467,-2.0022
39445,1908,-1.4364,,-1.2412,-1.3388,,-1.4917,-1.2863
39811,1909,-1.2426,,-1.2968,-1.1000,,-1.1034,-1.3300
40176,1910,-1.4982,,-1.4146,-1.4940,,-1.5715,-1.5553
40541,1911,-1.4696,,-1.2654,-1.4968,,-1.6524,-1.5972
40906,1912,-1.3693,,-1.3601,-1.1063,,-1.3343,-1.4567
41272,1913,-1.2337,,-1.2446,-1.1294,,-1.5087,-1.1702
41637,1914,-1.1086,,-1.2620,-1.1087,,-1.4264,-1.5288
42002,1915,-1.0660,,-0.9394,-1.1556,,-1.3937,-1.2690
42367,1916,-1.0936,,-0.8119,-1.1730,,-1.2435,-1.1411
42733,1917,-1.5339,,-1.4152,-1.5612,,-1.5664,-1.3757
43098,1918,-1.4672,,-1.3885,-1.4881,,-1.6665,-1.6531
43463,1919,-1.3351,,-1.0507,-1.2095,,-1.2574,-1.2233
43828,1920,-1.2102,,-1.0288,-1.3226,,-1.5000,-1.2701
44194,1921,-1.3547,,-1.2215,-1.2273,,-1.5989,-1.5831
44559,1922,-1.1285,,-1.1083,-1.1534,,-1.3223,-1.2382
44924,1923,-1.4604,,-1.4295,-1.6235,,-1.8138,-1.6306
45289,1924,-0.8823,,-0.7931,-0.9255,,-0.9388,-0.7997
45655,1925,-1.2795,,-1.3740,-1.4589,,-1.6357,-1.3040
46020,1926,-0.7421,,-0.7590,-0.8886,,-1.0653,-0.9327
46385,1927,-0.7937,,-0.6486,-0.9174,,-0.7349,-0.7442
46750,1928,-0.8771,,-0.7931,-0.9530,,-1.0017,-1.0707
47116,1929,-1.4152,,-1.2350,-1.2677,,-1.4044,-1.2431
47481,1930,-0.8463,,-0.7204,-1.1130,,-1.0705,-0.8657
47846,1931,-0.5780,,-0.5455,-0.7294,,-0.7106,-0.3474
48211,1932,-0.8813,,-0.9973,-1.3055,,-1.3656,-0.9819
48577,1933,-1.0749,,-1.0296,-1.1767,,-1.2274,-1.0286
48942,1934,-1.2343,,-1.0036,-1.3420,,-1.1748,-1.0578
49307,1935,-1.2199,,-0.9755,-1.0321,,-1.1261,-1.0628
49672,1936,-1.0518,,-0.8526,-0.7824,,-0.7735,-0.7451
50038,1937,-0.5664,,-0.4482,-0.5197,,-0.6064,-0.6538
50403,1938,-1.4317,,-1.3004,-1.1568,,-1.3076,-1.3767
50768,1939,-0.9466,,-0.9089,-0.9505,,-1.0687,-0.9966
51133,1940,-1.0057,,-1.0185,-1.0053,,-0.9577,-0.9196
51499,1941,-0.7818,,-0.8901,-0.7272,,-0.7731,-0.7008
51864,1942,-0.8091,,-0.7209,-0.6905,,-0.6143,-0.7243
52229,1943,-1.1548,,-0.9182,-1.0288,,-1.0032,-1.1201
52594,1944,-1.1814,,-1.1344,-1.0404,,-1.1375,-1.1384
52960,1945,-0.9838,,-0.8558,-1.0318,,-1.1738,-1.0745
53325,1946,-0.7590,,-0.8092,-0.6844,,-0.7624,-0.9305
53690,1947,-0.4137,,-0.3434,-0.5045,,-0.5718,-0.4912
54055,1948,-1.1690,,-1.0310,-1.1811,,-1.2832,-1.2478
54421,1949,-1.2520,,-0.9886,-1.2247,,-1.2533,-1.0932
54786,1950,-1.2536,,-0.9482,-1.2846,,-1.3129,-1.1500
55151,1951,-0.8189,,-0.8252,-0.9496,,-0.9757,-0.7769
55516,1952,-0.7904,,-0.6864,-0.8776,,-0.9273,-0.8543
55882,1953,-1.1494,,-1.0925,-1.2419,,-1.2898,-1.1124
56247,1954,-1.3498,,-1.2355,-1.4555,,-1.5041,-1.3237
56612,1955,-0.1067,,-0.2323,-0.3840,,-0.4099,-0.2426
56977,1956,-1.3269,,-1.3308,-1.3792,,-1.4213,-1.2559
57343,1957,-1.1952,,-1.0957,-1.3664,,-1.4118,-1.1342
57708,1958,-0.5570,,-0.5917,-0.7776,-0.5768,-0.7474,-0.6039
58073,1959,-1.0351,,-1.0459,-1.1514,-1.0602,-1.2074,-1.0777
58438,1960,-0.4707,,-0.5072,-0.6701,-0.4754,-0.6620,-0.5685
58804,1961,-1.0477,,-0.8737,-1.1269,-1.1689,-1.1680,-1.1010
59169,1962,-0.7263,,-0.6628,-0.8535,-0.9242,-0.8599,-0.7081
59534,1963,-0.5456,,-0.6097,-0.7395,-0.7163,-0.7222,-0.5590
59899,1964,-1.0368,,-0.9469,-1.1389,-0.7588,-1.1364,-1.0212
60265,1965,-1.1745,,-1.0772,-1.2316,-0.9874,-1.2807,-1.1598
60630,1966,-0.7028,,-0.6596,-0.8820,-0.5965,-0.9359,-0.6641
60995,1967,-1.2627,,-1.2039,-1.3840,-1.3348,-1.4636,-1.2738
61360,1968,-0.9821,,-0.9053,-1.0268,-0.9538,-1.0759,-0.9374
61726,1969,-0.5513,,-0.7209,-0.6532,-0.4709,-0.6433,-0.4835
62091,1970,-0.9337,,-0.9255,-0.9937,-0.8808,-0.9996,-0.9124
62456,1971,-1.3493,,-1.3020,-1.3648,-1.2598,-1.3946,-1.2911
62821,1972,-1.2907,,-1.2740,-1.2381,-1.0991,-1.2655,-1.2236
63187,1973,-1.1050,,-1.0222,-1.2338,-1.0424,-1.2894,-1.0612
63552,1974,-1.3480,,-1.3252,-1.4680,-1.2986,-1.4931,-1.3533
63917,1975,-1.3041,,-1.2757,-1.4066,-1.2244,-1.4729,-1.4167
64282,1976,-1.4630,,-1.4218,-1.4579,-1.3309,-1.5185,-1.4411
64648,1977,-0.7398,,-0.8743,-0.8861,-0.6061,-0.9169,-0.8403
65013,1978,-0.8271,,-0.9866,-0.9270,-0.7121,-0.9479,-0.9359
65378,1979,-0.5714,-0.7978,-0.6372,-0.6006,-0.5472,-0.5774,-0.5418
65743,1980,-0.8155,-0.9218,-0.9696,-0.8953,-0.7567,-0.9040,-0.8752
66109,1981,-0.6087,-0.7971,-0.6948,-0.7558,-0.6929,-0.7928,-0.7510
66474,1982,-0.9607,-1.2269,-0.9055,-1.0336,-1.0893,-1.0626,-0.9448
66839,1983,-0.7617,-0.9067,-0.8286,-0.8356,-0.8371,-0.8600,-0.7969
67204,1984,-0.9316,-1.1262,-1.0019,-0.9884,-0.9509,-0.9858,-0.8798
67570,1985,-0.5467,-0.6666,-0.5696,-0.7019,-0.5150,-0.7221,-0.5377
67935,1986,-0.8477,-0.9661,-0.8064,-0.9329,-0.8508,-0.9662,-0.7528
68300,1987,-0.2338,-0.2742,-0.2802,-0.3584,-0.2156,-0.3265,-0.2286
68665,1988,-0.3172,-0.3103,-0.3437,-0.4110,-0.2502,-0.4329,-0.3072
69031,1989,-0.4909,-0.5608,-0.4590,-0.6472,-0.5043,-0.6697,-0.5800
69396,1990,-0.2526,-0.3122,-0.2495,-0.4542,-0.2861,-0.4162,-0.2819
69761,1991,-0.8550,-0.9599,-0.9409,-0.8847,-0.9681,-0.8942,-0.8645
70126,1992,-1.1328,-1.3384,-1.1101,-1.1869,-1.3284,-1.2150,-1.0378
70492,1993,-0.5720,-0.6710,-0.6515,-0.5968,-0.6470,-0.5609,-0.5378
70857,1994,-0.3929,-0.4762,-0.2852,-0.5082,-0.3696,-0.5037,-0.5507
71222,1995,-0.2860,-0.3649,-0.2792,-0.3207,-0.2811,-0.3043,-0.2664
71587,1996,-0.2537,-0.3309,-0.3617,-0.3353,-0.2426,-0.3239,-0.2013
71953,1997,-0.3048,-0.3731,-0.2414,-0.3155,-0.2490,-0.3343,-0.3113
72318,1998,-0.0649,-0.1397,-0.1167,-0.0893,-0.0064,-0.1171,-0.0256
72683,1999,0.1557,0.0327,0.1741,0.0629,0.1705,0.0730,0.0644
73048,2000,-0.3613,-0.5036,-0.2740,-0.3549,-0.3961,-0.3556,-0.3294
73414,2001,0.2876,0.2617,0.2895,0.2305,0.3388,0.2828,0.2325
73779,2002,0.1025,0.0584,0.0707,0.0582,0.0940,0.0530,0.1110
74144,2003,0.0907,0.0062,0.1379,0.1133,0.0445,0.1197,0.0956
74509,2004,-0.1324,-0.1888,-0.1184,-0.0357,-0.1341,-0.0542,-0.0818
74875,2005,-0.0222,0.0739,-0.1077,0.0264,0.0158,0.0163,0.0282
75240,2006,0.0218,0.0348,0.0625,0.0273,-0.0726,0.0328,0.0673
75605,2007,-0.0796,0.0346,-0.0401,0.0222,-0.0300,0.0352,-0.0394
75970,2008,-0.0128,0.0694,0.0195,0.0923,0.0140,0.0993,0.0195
76336,2009,0.0817,0.1480,0.1078,0.1738,0.0733,0.1523,0.0980
76701,2010,1.1682,1.3503,0.8768,1.1738,1.2421,1.1909,1.0907
77066,2011,-0.1242,-0.1676,-0.0451,-0.0346,-0.1200,-0.0236,-0.0584
77431,2012,0.0623,0.0683,0.1084,0.1213,0.0307,0.0552,0.0728
77797,2013,0.1610,0.2255,0.0633,0.1791,0.1554,0.1686,0.0930
78162,2014,0.4746,0.4995,0.4185,0.3407,0.4918,0.4701,0.3843
78527,2015,0.0927,0.1235,0.1515,0.2286,0.0592,0.1617,0.0718
78892,2016,0.7061,0.8250,0.6428,0.8014,0.8274,0.8386,0.6694
79258,2017,0.1329,0.1219,0.2325,0.1575,0.1119,0.1174,0.0975
79623,2018,0.4487,0.6546,0.4249,0.3603,0.5336,0.3824,0.4727
79988,2019,0.0965,0.2852,0.2110,0.0654,0.1254,0.0102,0.1431
80353,2020,0.5116,0.6406,0.5805,0.4271,0.5164,0.4274,0.4925
80719,2021,0.8947,1.0615,0.9064,0.7520,0.8592,0.7122,0.9044
81084,2022,0.4333,0.6143,0.6629,0.4508,0.4099,0.4565,0.4173
81449,2023,0.6568,0.7560,0.8221,0.5579,0.5044,0.2813,0.7277
end data
