Conventions,G,BADC-CSV,1
title,G,Global mean temperature
last_revised_date,G,2022-08-17
date_valid,G,2022-08-17
feature_type,G,area average
creator,G,WMO
source,G,Produced by climind version 0.1
observation_station,G,derived data
location,G,90.,-180.,-90.,180.
activity,G,WMO
history,G,"Time series created from file ['africa_subregion_1_ERA5.csv'] downloaded from ['']"
reference,G,"Hersbach H, Bell B, Berrisford P et al. 2020. The ERA5 global reanalysis. Q. J. R. Meteorol. Soc. 146: 1999– 2049. https://doi.org/10.1002/qj.3803"
rights,G,TBD
comments,G,Data produced by climind version 0.1
comments,G,Format description https://help.ceda.ac.uk/article/105-badc-csvlong_name,time,time,days since 1800-01-01 00:00:00.0
type,time,int
long_name,year,year,1
type,year,int
long_name,data,africa_subregion_1,degC
type,data,float
coordinate_variable,time,t
data
time,year,data
65378,1979,-0.4503
65743,1980,-0.5743
66109,1981,-0.4496
66474,1982,-0.8794
66839,1983,-0.5593
67204,1984,-0.7788
67570,1985,-0.3192
67935,1986,-0.6187
68300,1987,0.0733
68665,1988,0.0371
69031,1989,-0.2133
69396,1990,0.0352
69761,1991,-0.6125
70126,1992,-0.9910
70492,1993,-0.3236
70857,1994,-0.1287
71222,1995,-0.0174
71587,1996,0.0165
71953,1997,-0.0256
72318,1998,0.2078
72683,1999,0.3802
73048,2000,-0.1561
73414,2001,0.6091
73779,2002,0.4059
74144,2003,0.3536
74509,2004,0.1586
74875,2005,0.4214
75240,2006,0.3823
75605,2007,0.3820
75970,2008,0.4168
76336,2009,0.4955
76701,2010,1.6978
77066,2011,0.1798
77431,2012,0.4157
77797,2013,0.5730
78162,2014,0.8470
78527,2015,0.4710
78892,2016,1.1725
79258,2017,0.4694
79623,2018,1.0021
79988,2019,0.6326
80353,2020,0.9881
80719,2021,1.4090
end data
