Conventions,G,BADC-CSV,1
title,G,Regional mean temperature for WMO RA 1 North Africa
last_revised_date,G,2024-01-23
date_valid,G,2024-01-23
feature_type,G,area average
creator,G,WMO
source,G,Produced by climind version 1.0
observation_station,G,derived data
location,G,90.,-180.,-90.,180.
rights,G,TBD
activity,G,WMO
comments,G,Format description https://help.ceda.ac.uk/article/105-badc-csv
history,africa_subregion_1_Berkeley_Earth,""Data set created from file ['Land_and_Ocean_LatLong1.nc'] downloaded from ['https://berkeley-earth-temperature.s3.us-west-1.amazonaws.com/Global/Gridded/Land_and_Ocean_LatLong1.nc'] at ['2024-01-17 10:19:03']""
history,africa_subregion_1_Berkeley_Earth,""Rebaselined to 1991-2020""
history,africa_subregion_1_Berkeley_Earth,""Calculated area-average""
history,africa_subregion_1_Berkeley_Earth,""Calculated annual average from monthly averages using arithmetic mean""
history,africa_subregion_1_Berkeley_Earth,""Selected years within the range 1900 to 2023.""
history,africa_subregion_1_Berkeley_Earth,""Wrote to file africa_subregion_1_Berkeley Earth.csv""
history,africa_subregion_1_Berkeley_Earth,"Data set created from file ['africa_subregion_1_Berkeley Earth.csv'] downloaded from [''] at ['2024-01-17 11:05:51']"
reference,africa_subregion_1_Berkeley_Earth,"Rohde, R. A. and Hausfather, Z.: The Berkeley Earth Land/Ocean Temperature Record, Earth Syst. Sci. Data, 12, 3469-3479, https://doi.org/10.5194/essd-12-3469-2020, 2020"
comments,africa_subregion_1_Berkeley_Earth,"Original data acknowledgement: "
history,africa_subregion_1_ERA5,""Gridded dataset created from file ['era5_2m_tas_2024.nc'] downloaded from ['']""
history,africa_subregion_1_ERA5,""Regridded to 1 degree latitude-longitude resolution""
history,africa_subregion_1_ERA5,""Rebaselined to 1991-2020""
history,africa_subregion_1_ERA5,""Calculated area-average""
history,africa_subregion_1_ERA5,""Calculated annual average from monthly averages using arithmetic mean""
history,africa_subregion_1_ERA5,""Selected years within the range 1900 to 2023.""
history,africa_subregion_1_ERA5,""Wrote to file africa_subregion_1_ERA5.csv""
history,africa_subregion_1_ERA5,"Data set created from file ['africa_subregion_1_ERA5.csv'] downloaded from [''] at ['2024-01-17 11:06:35']"
reference,africa_subregion_1_ERA5,"Hersbach H, Bell B, Berrisford P et al. 2020. The ERA5 global reanalysis. Q. J. R. Meteorol. Soc. 146: 1999-2049. https://doi.org/10.1002/qj.3803"
comments,africa_subregion_1_ERA5,"Original data acknowledgement: Contains using Copernicus Climate Change Service information [2024]. Neither the European Commission nor ECMWF is responsible for any use that may be made of the Copernicus information or data it contains."
history,africa_subregion_1_GISTEMP,""Data set created from file ['gistemp1200_GHCNv4_ERSSTv5.nc.gz'] downloaded from ['https://data.giss.nasa.gov/pub/gistemp/gistemp1200_GHCNv4_ERSSTv5.nc.gz'] at ['2024-01-15 11:20:46']""
history,africa_subregion_1_GISTEMP,""Regridded to 1 degree latitude-longitude resolution""
history,africa_subregion_1_GISTEMP,""Rebaselined to 1991-2020""
history,africa_subregion_1_GISTEMP,""Calculated area-average""
history,africa_subregion_1_GISTEMP,""Calculated annual average from monthly averages using arithmetic mean""
history,africa_subregion_1_GISTEMP,""Selected years within the range 1900 to 2023.""
history,africa_subregion_1_GISTEMP,""Wrote to file africa_subregion_1_GISTEMP.csv""
history,africa_subregion_1_GISTEMP,"Data set created from file ['africa_subregion_1_GISTEMP.csv'] downloaded from [''] at ['2024-01-17 11:07:03']"
reference,africa_subregion_1_GISTEMP,"Lenssen, N., G. Schmidt, J. Hansen, M. Menne, A. Persin, R. Ruedy, and D. Zyss, 2019: Improvements in the GISTEMP uncertainty model. J. Geophys. Res. Atmos., 124, no. 12, 6307-6326, doi:10.1029/2018JD029522"
comments,africa_subregion_1_GISTEMP,"Original data acknowledgement: "
history,africa_subregion_1_HadCRUT5,""Data set created from file ['HadCRUT.5.0.2.0.analysis.anomalies.ensemble_mean.nc'] downloaded from ['https://www.metoffice.gov.uk/hadobs/hadcrut5/data/HadCRUT.5.0.2.0/analysis/HadCRUT.5.0.2.0.analysis.anomalies.ensemble_mean.nc'] at ['2024-01-15 11:56:27']""
history,africa_subregion_1_HadCRUT5,""Regridded to 1 degree latitude-longitude resolution""
history,africa_subregion_1_HadCRUT5,""Rebaselined to 1991-2020""
history,africa_subregion_1_HadCRUT5,""Calculated area-average""
history,africa_subregion_1_HadCRUT5,""Calculated annual average from monthly averages using arithmetic mean""
history,africa_subregion_1_HadCRUT5,""Selected years within the range 1900 to 2023.""
history,africa_subregion_1_HadCRUT5,""Wrote to file africa_subregion_1_HadCRUT5.csv""
history,africa_subregion_1_HadCRUT5,"Data set created from file ['africa_subregion_1_HadCRUT5.csv'] downloaded from [''] at ['2024-01-17 11:07:55']"
reference,africa_subregion_1_HadCRUT5,"Morice, C. P., Kennedy, J. J., Rayner, N. A., Winn, J. P., Hogan, E., Killick, R. E., et al. (2021). An updated assessment of near-surface temperature change from 1850: the HadCRUT5 data set. Journal of Geophysical Research: Atmospheres, 126, e2019JD032361. https://doi.org/10.1029/2019JD032361"
comments,africa_subregion_1_HadCRUT5,"Original data acknowledgement: HadCRUT.5.0.2.0 data were obtained from http://www.metoffice.gov.uk/hadobs/hadcrut5 on 2024-01-15 11:56:27 and are © British Crown Copyright, Met Office 2024, provided under an Open Government License, http://www.nationalarchives.gov.uk/doc/open-government-licence/version/3/"
history,africa_subregion_1_JRA-55,""Data set created from file ['anl_surf125.011_tmp.202401_202412', 'anl_surf125.2024MMMM'] downloaded from ['', ''] at ['2024-01-15 11:20:51']""
history,africa_subregion_1_JRA-55,""Regridded to 1 degree latitude-longitude resolution""
history,africa_subregion_1_JRA-55,""Rebaselined to 1991-2020""
history,africa_subregion_1_JRA-55,""Calculated area-average""
history,africa_subregion_1_JRA-55,""Calculated annual average from monthly averages using arithmetic mean""
history,africa_subregion_1_JRA-55,""Selected years within the range 1900 to 2023.""
history,africa_subregion_1_JRA-55,""Wrote to file africa_subregion_1_JRA-55.csv""
history,africa_subregion_1_JRA-55,"Data set created from file ['africa_subregion_1_JRA-55.csv'] downloaded from [''] at ['2024-01-17 11:08:43']"
reference,africa_subregion_1_JRA-55,"Kobayashi, S., Ota, Y., Harada, Y., Ebita, A., Moriya, M., Onoda, H., Onogi, K., Kamahori, H., Kobayashi, C., Endo, H. and Miyaoka, K., (2015). The JRA-55 reanalysis: General specifications and basic characteristics. Journal of the Meteorological Society of Japan. Ser. II, 93(1), pp.5-48."
comments,africa_subregion_1_JRA-55,"Original data acknowledgement: "
history,africa_subregion_1_Kadow,""Data set created from file ['HadCRUT5.anomalies.Kadow_et_al_2020_20crAI-infilled.ensemble_mean_185001-*.nc'] downloaded from [''] at ['2024-01-17 10:11:02']""
history,africa_subregion_1_Kadow,""Regridded to 1 degree latitude-longitude resolution""
history,africa_subregion_1_Kadow,""Rebaselined to 1991-2020""
history,africa_subregion_1_Kadow,""Calculated area-average""
history,africa_subregion_1_Kadow,""Calculated annual average from monthly averages using arithmetic mean""
history,africa_subregion_1_Kadow,""Selected years within the range 1900 to 2023.""
history,africa_subregion_1_Kadow,""Wrote to file africa_subregion_1_Kadow.csv""
history,africa_subregion_1_Kadow,"Data set created from file ['africa_subregion_1_Kadow.csv'] downloaded from [''] at ['2024-01-17 11:09:18']"
reference,africa_subregion_1_Kadow,"Kadow, C., Hall, D.M. & Ulbrich, U. Artificial intelligence reconstructs missing climate information. Nat. Geosci. (2020). https://doi.org/10.1038/s41561-020-0582-5"
comments,africa_subregion_1_Kadow,"Original data acknowledgement: "
history,africa_subregion_1_NOAA_Interim,""Data set created from file ['NOAAGlobalTemp_v*.nc'] downloaded from ['https://www.ncei.noaa.gov/data/noaa-global-surface-temperature/v5.1/access/gridded/NOAAGlobalTemp_v.*.nc'] at ['2024-01-17 10:19:08']""
history,africa_subregion_1_NOAA_Interim,""Data set created from file ['NOAAGlobalTemp_v*.nc'] downloaded from ['https://www.ncei.noaa.gov/data/noaa-global-surface-temperature/v5.1/access/gridded/NOAAGlobalTemp_v.*.nc'] at ['2024-01-17 10:19:08']""
history,africa_subregion_1_NOAA_Interim,""Regridded to 1 degree latitude-longitude resolution""
history,africa_subregion_1_NOAA_Interim,""Rebaselined to 1991-2020""
history,africa_subregion_1_NOAA_Interim,""Calculated area-average""
history,africa_subregion_1_NOAA_Interim,""Calculated annual average from monthly averages using arithmetic mean""
history,africa_subregion_1_NOAA_Interim,""Selected years within the range 1900 to 2023.""
history,africa_subregion_1_NOAA_Interim,""Wrote to file africa_subregion_1_NOAA Interim.csv""
history,africa_subregion_1_NOAA_Interim,"Data set created from file ['africa_subregion_1_NOAA Interim.csv'] downloaded from [''] at ['2024-01-17 11:10:14']"
reference,africa_subregion_1_NOAA_Interim,"Vose, R.S., B. Huang, X. Yin., D. Arndt, D.R. Easterling, J.H. Lawrimore, M.J. Menne, A. Sanchez-Lugo, H.-M. Zhang, 2021: Implementing full spatial coverage in NOAA’s global temperature analysis. Geophysical Research Letters, 48, e2020GL090873. https://doi.org/10.1029/2020GL090873"
comments,africa_subregion_1_NOAA_Interim,"Original data acknowledgement: "
long_name,time,time,days since 1800-01-01 00:00:00.0
type,time,int
long_name,year,year,1
type,year,int
long_name,africa_subregion_1_Berkeley_Earth,africa_subregion_1,degC
type,africa_subregion_1_Berkeley_Earth,float
long_name,africa_subregion_1_ERA5,africa_subregion_1,degC
type,africa_subregion_1_ERA5,float
long_name,africa_subregion_1_GISTEMP,africa_subregion_1,degC
type,africa_subregion_1_GISTEMP,float
long_name,africa_subregion_1_HadCRUT5,africa_subregion_1,degC
type,africa_subregion_1_HadCRUT5,float
long_name,africa_subregion_1_JRA-55,africa_subregion_1,degC
type,africa_subregion_1_JRA-55,float
long_name,africa_subregion_1_Kadow,africa_subregion_1,degC
type,africa_subregion_1_Kadow,float
long_name,africa_subregion_1_NOAA_Interim,africa_subregion_1,degC
type,africa_subregion_1_NOAA_Interim,float
coordinate_variable,time,t
data
time,year,africa_subregion_1_Berkeley_Earth,africa_subregion_1_ERA5,africa_subregion_1_GISTEMP,africa_subregion_1_HadCRUT5,africa_subregion_1_JRA-55,africa_subregion_1_Kadow,africa_subregion_1_NOAA_Interim
36524,1900,-1.0784,,-0.9860,-1.2109,,-1.5518,-1.2658
36889,1901,-1.0714,,-1.1491,-1.1891,,-1.3145,-0.9138
37254,1902,-1.0178,,-0.8520,-1.2152,,-1.3633,-0.8137
37619,1903,-1.5053,,-1.2997,-1.7178,,-1.9521,-1.2556
37984,1904,-1.3988,,-1.1458,-1.7091,,-1.9880,-1.5498
38350,1905,-1.4644,,-1.2812,-1.5855,,-1.6407,-1.2938
38715,1906,-1.4342,,-1.2725,-1.1933,,-1.2591,-1.4572
39080,1907,-1.8604,,-1.5168,-1.6115,,-1.7467,-1.9333
39445,1908,-1.4285,,-1.2347,-1.3385,,-1.4917,-1.2344
39811,1909,-1.2469,,-1.2943,-1.0997,,-1.1034,-1.2691
40176,1910,-1.5097,,-1.4351,-1.4936,,-1.5715,-1.5231
40541,1911,-1.4712,,-1.2905,-1.4964,,-1.6524,-1.5491
40906,1912,-1.3959,,-1.3841,-1.1058,,-1.3343,-1.4211
41272,1913,-1.2625,,-1.2735,-1.1290,,-1.5087,-1.1105
41637,1914,-1.1203,,-1.2843,-1.1081,,-1.4264,-1.4935
42002,1915,-1.0984,,-0.9555,-1.1550,,-1.3937,-1.2607
42367,1916,-1.0992,,-0.8228,-1.1724,,-1.2435,-1.1197
42733,1917,-1.5287,,-1.4326,-1.5606,,-1.5664,-1.3818
43098,1918,-1.4788,,-1.3302,-1.4875,,-1.6665,-1.6727
43463,1919,-1.3428,,-1.0590,-1.2088,,-1.2574,-1.2318
43828,1920,-1.2162,,-1.0449,-1.3219,,-1.5000,-1.2831
44194,1921,-1.3582,,-1.2247,-1.2265,,-1.5989,-1.5821
44559,1922,-1.1549,,-1.1234,-1.1526,,-1.3223,-1.2348
44924,1923,-1.4776,,-1.4403,-1.6227,,-1.8138,-1.6135
45289,1924,-0.8775,,-0.7861,-0.9246,,-0.9388,-0.8145
45655,1925,-1.2772,,-1.3791,-1.4580,,-1.6357,-1.2983
46020,1926,-0.7436,,-0.7623,-0.8877,,-1.0653,-0.9631
46385,1927,-0.7699,,-0.6614,-0.9165,,-0.7349,-0.7447
46750,1928,-0.8585,,-0.8018,-0.9520,,-1.0017,-1.0467
47116,1929,-1.4112,,-1.2571,-1.2667,,-1.4044,-1.2418
47481,1930,-0.8365,,-0.7350,-1.1130,,-1.0705,-0.8849
47846,1931,-0.5621,,-0.5696,-0.7294,,-0.7106,-0.3597
48211,1932,-0.8634,,-1.0159,-1.3055,,-1.3656,-0.9837
48577,1933,-1.0533,,-1.0585,-1.1767,,-1.2274,-1.0354
48942,1934,-1.1865,,-1.0259,-1.3420,,-1.1748,-1.0688
49307,1935,-1.1721,,-0.9947,-1.0321,,-1.1261,-1.0625
49672,1936,-1.0032,,-0.8690,-0.7824,,-0.7735,-0.7435
50038,1937,-0.5247,,-0.4572,-0.5197,,-0.6064,-0.6623
50403,1938,-1.3995,,-1.3117,-1.1568,,-1.3076,-1.3702
50768,1939,-0.9184,,-0.9415,-0.9504,,-1.0687,-1.0257
51133,1940,-0.9803,,-1.0584,-1.0053,,-0.9577,-0.9437
51499,1941,-0.7549,,-0.9129,-0.7272,,-0.7731,-0.7082
51864,1942,-0.7873,,-0.7575,-0.6905,,-0.6143,-0.7476
52229,1943,-1.1299,,-0.9491,-1.0288,,-1.0032,-1.1451
52594,1944,-1.1549,,-1.1458,-1.0403,,-1.1375,-1.1425
52960,1945,-0.9579,,-0.8636,-1.0318,,-1.1738,-1.0719
53325,1946,-0.7331,,-0.8170,-0.6844,,-0.7624,-0.9356
53690,1947,-0.3852,,-0.3631,-0.5045,,-0.5718,-0.4920
54055,1948,-1.1486,,-1.0463,-1.1811,,-1.2832,-1.2479
54421,1949,-1.2271,,-0.9970,-1.2247,,-1.2533,-1.0902
54786,1950,-1.2240,,-0.9510,-1.2846,,-1.3129,-1.1506
55151,1951,-0.7947,,-0.8183,-0.9496,,-0.9757,-0.7722
55516,1952,-0.7608,,-0.6747,-0.8776,,-0.9273,-0.8468
55882,1953,-1.1178,,-1.0808,-1.2419,,-1.2898,-1.1078
56247,1954,-1.3120,,-1.2180,-1.4555,,-1.5041,-1.3218
56612,1955,-0.0712,,-0.2180,-0.3839,,-0.4099,-0.2554
56977,1956,-1.2865,,-1.3264,-1.3792,,-1.4213,-1.2683
57343,1957,-1.1645,,-1.0946,-1.3664,,-1.4118,-1.1384
57708,1958,-0.5234,,-0.5954,-0.7776,-0.5768,-0.7474,-0.6172
58073,1959,-0.9989,,-1.0538,-1.1514,-1.0602,-1.2074,-1.0898
58438,1960,-0.4358,,-0.5172,-0.6701,-0.4754,-0.6620,-0.5828
58804,1961,-1.0124,,-0.8879,-1.1269,-1.1689,-1.1680,-1.1267
59169,1962,-0.6935,,-0.6692,-0.8535,-0.9242,-0.8599,-0.7320
59534,1963,-0.5173,,-0.6101,-0.7395,-0.7163,-0.7222,-0.5913
59899,1964,-1.0132,,-0.9501,-1.1389,-0.7588,-1.1364,-1.0398
60265,1965,-1.1502,,-1.0841,-1.2316,-0.9874,-1.2807,-1.1739
60630,1966,-0.6819,,-0.6692,-0.8819,-0.5965,-0.9359,-0.6741
60995,1967,-1.2519,,-1.2087,-1.3840,-1.3348,-1.4636,-1.2800
61360,1968,-0.9608,,-0.9133,-1.0268,-0.9538,-1.0759,-0.9427
61726,1969,-0.5267,,-0.7110,-0.6532,-0.4709,-0.6433,-0.4832
62091,1970,-0.9156,,-0.9168,-0.9937,-0.8808,-0.9996,-0.9128
62456,1971,-1.3271,,-1.2944,-1.3648,-1.2598,-1.3946,-1.2937
62821,1972,-1.2634,,-1.2708,-1.2381,-1.0991,-1.2655,-1.2206
63187,1973,-1.0916,,-1.0125,-1.2338,-1.0424,-1.2894,-1.0591
63552,1974,-1.3190,,-1.3205,-1.4680,-1.2986,-1.4931,-1.3598
63917,1975,-1.2764,,-1.2714,-1.4066,-1.2244,-1.4729,-1.4221
64282,1976,-1.4337,,-1.4125,-1.4579,-1.3309,-1.5185,-1.4344
64648,1977,-0.7145,,-0.8656,-0.8861,-0.6061,-0.9169,-0.8394
65013,1978,-0.7992,,-0.9790,-0.9269,-0.7121,-0.9479,-0.9444
65378,1979,-0.5461,-0.7978,-0.6357,-0.6006,-0.5472,-0.5774,-0.5583
65743,1980,-0.7944,-0.9218,-0.9699,-0.8953,-0.7567,-0.9040,-0.8905
66109,1981,-0.5919,-0.7971,-0.6803,-0.7558,-0.6929,-0.7928,-0.7476
66474,1982,-0.9430,-1.2269,-0.9152,-1.0336,-1.0893,-1.0626,-0.9736
66839,1983,-0.7399,-0.9067,-0.8444,-0.8356,-0.8371,-0.8600,-0.8331
67204,1984,-0.9106,-1.1262,-1.0160,-0.9884,-0.9509,-0.9858,-0.9208
67570,1985,-0.5296,-0.6666,-0.5791,-0.7018,-0.5150,-0.7221,-0.5735
67935,1986,-0.8339,-0.9661,-0.8182,-0.9329,-0.8508,-0.9662,-0.7806
68300,1987,-0.2436,-0.2742,-0.2934,-0.3584,-0.2156,-0.3265,-0.2657
68665,1988,-0.3075,-0.3103,-0.3533,-0.4110,-0.2502,-0.4329,-0.3426
69031,1989,-0.4711,-0.5608,-0.4659,-0.6472,-0.5043,-0.6697,-0.6099
69396,1990,-0.2370,-0.3122,-0.2530,-0.4542,-0.2861,-0.4162,-0.3025
69761,1991,-0.8276,-0.9599,-0.9363,-0.8847,-0.9681,-0.8942,-0.8739
70126,1992,-1.1032,-1.3384,-1.1048,-1.1868,-1.3284,-1.2150,-1.0311
70492,1993,-0.5552,-0.6710,-0.6432,-0.5968,-0.6470,-0.5609,-0.5186
70857,1994,-0.3733,-0.4762,-0.2617,-0.5081,-0.3696,-0.5037,-0.5069
71222,1995,-0.2609,-0.3649,-0.2713,-0.3206,-0.2811,-0.3043,-0.2546
71587,1996,-0.2462,-0.3309,-0.3571,-0.3353,-0.2426,-0.3239,-0.2004
71953,1997,-0.2899,-0.3731,-0.2316,-0.3154,-0.2490,-0.3343,-0.3158
72318,1998,-0.0565,-0.1397,-0.1112,-0.0893,-0.0064,-0.1171,-0.0224
72683,1999,0.1612,0.0327,0.1648,0.0630,0.1705,0.0730,0.0647
73048,2000,-0.3523,-0.5036,-0.2792,-0.3549,-0.3961,-0.3556,-0.3209
73414,2001,0.2885,0.2617,0.2838,0.2305,0.3388,0.2828,0.2357
73779,2002,0.1123,0.0584,0.0736,0.0582,0.0940,0.0530,0.1107
74144,2003,0.0905,0.0062,0.1448,0.1133,0.0445,0.1197,0.0924
74509,2004,-0.1177,-0.1888,-0.1187,-0.0357,-0.1341,-0.0542,-0.0841
74875,2005,-0.0216,0.0739,-0.1123,0.0264,0.0158,0.0163,0.0226
75240,2006,0.0147,0.0348,0.0584,0.0273,-0.0726,0.0328,0.0471
75605,2007,-0.0818,0.0346,-0.0495,0.0223,-0.0300,0.0352,-0.0491
75970,2008,-0.0146,0.0694,0.0049,0.0924,0.0140,0.0993,-0.0019
76336,2009,0.0839,0.1480,0.0909,0.1739,0.0733,0.1523,0.0751
76701,2010,1.1569,1.3503,0.8645,1.1738,1.2421,1.1909,1.0868
77066,2011,-0.1257,-0.1676,-0.0548,-0.0346,-0.1200,-0.0236,-0.1014
77431,2012,0.0542,0.0683,0.1090,0.1213,0.0307,0.0552,0.0624
77797,2013,0.1528,0.2255,0.0678,0.1791,0.1554,0.1686,0.0961
78162,2014,0.4592,0.4995,0.4335,0.3407,0.4918,0.4701,0.3778
78527,2015,0.0869,0.1235,0.1707,0.2287,0.0592,0.1617,0.0794
78892,2016,0.6978,0.8250,0.6526,0.8015,0.8274,0.8386,0.6887
79258,2017,0.1008,0.1219,0.2329,0.1575,0.1119,0.1174,0.1157
79623,2018,0.4246,0.6546,0.4221,0.3603,0.5336,0.3824,0.5022
79988,2019,0.0596,0.2852,0.1987,0.0655,0.1254,0.0102,0.1608
80353,2020,0.4825,0.6406,0.5590,0.4268,0.5164,0.4274,0.4631
80719,2021,0.8488,1.0615,0.8749,0.7521,0.8592,0.7122,0.8802
81084,2022,0.4080,0.6143,0.6368,0.4509,0.4099,0.4565,0.4009
81449,2023,0.8012,0.9751,0.9975,0.6868,0.6946,0.4296,0.8631
end data
