Conventions,G,BADC-CSV,1
title,G,Regional mean temperature for North African Arab Countries
last_revised_date,G,2023-10-27
date_valid,G,2023-10-27
feature_type,G,area average
creator,G,WMO
source,G,Produced by climind version 1.0
observation_station,G,derived data
location,G,90.,-180.,-90.,180.
rights,G,TBD
activity,G,WMO
comments,G,Format description https://help.ceda.ac.uk/article/105-badc-csv
history,arab_subregion_2_Berkeley_Earth,""Data set created from file ['Land_and_Ocean_LatLong1.nc'] downloaded from ['https://berkeley-earth-temperature.s3.us-west-1.amazonaws.com/Global/Gridded/Land_and_Ocean_LatLong1.nc'] at ['2023-10-13 17:18:41']""
history,arab_subregion_2_Berkeley_Earth,""Rebaselined to 1991-2020""
history,arab_subregion_2_Berkeley_Earth,""Calculated area-average""
history,arab_subregion_2_Berkeley_Earth,""Calculated annual average from monthly averages using arithmetic mean""
history,arab_subregion_2_Berkeley_Earth,""Selected years within the range 1900 to 2023.""
history,arab_subregion_2_Berkeley_Earth,""Wrote to file arab_subregion_2_Berkeley Earth.csv""
history,arab_subregion_2_Berkeley_Earth,"Data set created from file ['arab_subregion_2_Berkeley Earth.csv'] downloaded from [''] at ['2023-10-27 10:54:25']"
reference,arab_subregion_2_Berkeley_Earth,"Rohde, R. A. and Hausfather, Z.: The Berkeley Earth Land/Ocean Temperature Record, Earth Syst. Sci. Data, 12, 3469-3479, https://doi.org/10.5194/essd-12-3469-2020, 2020"
comments,arab_subregion_2_Berkeley_Earth,"Original data acknowledgement: "
history,arab_subregion_2_ERA5,""Gridded dataset created from file ['era5_2m_tas_2023.nc'] downloaded from ['']""
history,arab_subregion_2_ERA5,""Regridded to 1 degree latitude-longitude resolution""
history,arab_subregion_2_ERA5,""Rebaselined to 1991-2020""
history,arab_subregion_2_ERA5,""Calculated area-average""
history,arab_subregion_2_ERA5,""Calculated annual average from monthly averages using arithmetic mean""
history,arab_subregion_2_ERA5,""Selected years within the range 1900 to 2023.""
history,arab_subregion_2_ERA5,""Wrote to file arab_subregion_2_ERA5.csv""
history,arab_subregion_2_ERA5,"Data set created from file ['arab_subregion_2_ERA5.csv'] downloaded from [''] at ['2023-10-27 10:54:48']"
reference,arab_subregion_2_ERA5,"Hersbach H, Bell B, Berrisford P et al. 2020. The ERA5 global reanalysis. Q. J. R. Meteorol. Soc. 146: 1999-2049. https://doi.org/10.1002/qj.3803"
comments,arab_subregion_2_ERA5,"Original data acknowledgement: Contains using Copernicus Climate Change Service information [2023]. Neither the European Commission nor ECMWF is responsible for any use that may be made of the Copernicus information or data it contains."
history,arab_subregion_2_GISTEMP,""Data set created from file ['gistemp1200_GHCNv4_ERSSTv5.nc.gz'] downloaded from ['https://data.giss.nasa.gov/pub/gistemp/gistemp1200_GHCNv4_ERSSTv5.nc.gz'] at ['2023-10-13 17:19:30']""
history,arab_subregion_2_GISTEMP,""Regridded to 1 degree latitude-longitude resolution""
history,arab_subregion_2_GISTEMP,""Rebaselined to 1991-2020""
history,arab_subregion_2_GISTEMP,""Calculated area-average""
history,arab_subregion_2_GISTEMP,""Calculated annual average from monthly averages using arithmetic mean""
history,arab_subregion_2_GISTEMP,""Selected years within the range 1900 to 2023.""
history,arab_subregion_2_GISTEMP,""Wrote to file arab_subregion_2_GISTEMP.csv""
history,arab_subregion_2_GISTEMP,"Data set created from file ['arab_subregion_2_GISTEMP.csv'] downloaded from [''] at ['2023-10-27 10:55:25']"
reference,arab_subregion_2_GISTEMP,"Lenssen, N., G. Schmidt, J. Hansen, M. Menne, A. Persin, R. Ruedy, and D. Zyss, 2019: Improvements in the GISTEMP uncertainty model. J. Geophys. Res. Atmos., 124, no. 12, 6307-6326, doi:10.1029/2018JD029522"
comments,arab_subregion_2_GISTEMP,"Original data acknowledgement: "
history,arab_subregion_2_HadCRUT5,""Data set created from file ['HadCRUT.5.0.1.0.analysis.anomalies.ensemble_mean.nc'] downloaded from ['https://www.metoffice.gov.uk/hadobs/hadcrut5/data/current/analysis/HadCRUT.5.0.1.0.analysis.anomalies.ensemble_mean.nc'] at ['2023-10-13 17:19:31']""
history,arab_subregion_2_HadCRUT5,""Regridded to 1 degree latitude-longitude resolution""
history,arab_subregion_2_HadCRUT5,""Rebaselined to 1991-2020""
history,arab_subregion_2_HadCRUT5,""Calculated area-average""
history,arab_subregion_2_HadCRUT5,""Calculated annual average from monthly averages using arithmetic mean""
history,arab_subregion_2_HadCRUT5,""Selected years within the range 1900 to 2023.""
history,arab_subregion_2_HadCRUT5,""Wrote to file arab_subregion_2_HadCRUT5.csv""
history,arab_subregion_2_HadCRUT5,"Data set created from file ['arab_subregion_2_HadCRUT5.csv'] downloaded from [''] at ['2023-10-27 10:56:27']"
reference,arab_subregion_2_HadCRUT5,"Morice, C. P., Kennedy, J. J., Rayner, N. A., Winn, J. P., Hogan, E., Killick, R. E., et al. (2021). An updated assessment of near-surface temperature change from 1850: the HadCRUT5 data set. Journal of Geophysical Research: Atmospheres, 126, e2019JD032361. https://doi.org/10.1029/2019JD032361"
comments,arab_subregion_2_HadCRUT5,"Original data acknowledgement: HadCRUT.5.0.1.0 data were obtained from http://www.metoffice.gov.uk/hadobs/hadcrut5 on 2023-10-13 17:19:31 and are © British Crown Copyright, Met Office 2023, provided under an Open Government License, http://www.nationalarchives.gov.uk/doc/open-government-licence/version/3/"
history,arab_subregion_2_JRA-55,""Data set created from file ['anl_surf125.011_tmp.202301_202312', 'anl_surf125.2023MMMM'] downloaded from ['', ''] at ['2023-10-06 11:01:38']""
history,arab_subregion_2_JRA-55,""Regridded to 1 degree latitude-longitude resolution""
history,arab_subregion_2_JRA-55,""Rebaselined to 1991-2020""
history,arab_subregion_2_JRA-55,""Calculated area-average""
history,arab_subregion_2_JRA-55,""Calculated annual average from monthly averages using arithmetic mean""
history,arab_subregion_2_JRA-55,""Selected years within the range 1900 to 2023.""
history,arab_subregion_2_JRA-55,""Wrote to file arab_subregion_2_JRA-55.csv""
history,arab_subregion_2_JRA-55,"Data set created from file ['arab_subregion_2_JRA-55.csv'] downloaded from [''] at ['2023-10-27 10:56:56']"
reference,arab_subregion_2_JRA-55,"Kobayashi, S., Ota, Y., Harada, Y., Ebita, A., Moriya, M., Onoda, H., Onogi, K., Kamahori, H., Kobayashi, C., Endo, H. and Miyaoka, K., (2015). The JRA-55 reanalysis: General specifications and basic characteristics. Journal of the Meteorological Society of Japan. Ser. II, 93(1), pp.5-48."
comments,arab_subregion_2_JRA-55,"Original data acknowledgement: "
history,arab_subregion_2_Kadow,""Data set created from file ['HadCRUT.5.0.1.0.anomalies.Kadow_et_al_2020_20crAI-infilled.ensemble_mean_185001-*.nc'] downloaded from [''] at ['2023-10-23 09:13:55']""
history,arab_subregion_2_Kadow,""Regridded to 1 degree latitude-longitude resolution""
history,arab_subregion_2_Kadow,""Rebaselined to 1991-2020""
history,arab_subregion_2_Kadow,""Calculated area-average""
history,arab_subregion_2_Kadow,""Calculated annual average from monthly averages using arithmetic mean""
history,arab_subregion_2_Kadow,""Selected years within the range 1900 to 2023.""
history,arab_subregion_2_Kadow,""Wrote to file arab_subregion_2_Kadow.csv""
history,arab_subregion_2_Kadow,"Data set created from file ['arab_subregion_2_Kadow.csv'] downloaded from [''] at ['2023-10-27 10:57:40']"
reference,arab_subregion_2_Kadow,"Kadow, C., Hall, D.M. & Ulbrich, U. Artificial intelligence reconstructs missing climate information. Nat. Geosci. (2020). https://doi.org/10.1038/s41561-020-0582-5"
comments,arab_subregion_2_Kadow,"Original data acknowledgement: "
history,arab_subregion_2_NOAA_Interim,""Data set created from file ['NOAAGlobalTemp_v*.nc'] downloaded from ['https://www.ncei.noaa.gov/data/noaa-global-surface-temperature/v5.1/access/gridded/NOAAGlobalTemp_v.*.nc'] at ['2023-10-14 08:45:48']""
history,arab_subregion_2_NOAA_Interim,""Data set created from file ['NOAAGlobalTemp_v*.nc'] downloaded from ['https://www.ncei.noaa.gov/data/noaa-global-surface-temperature/v5.1/access/gridded/NOAAGlobalTemp_v.*.nc'] at ['2023-10-14 08:45:48']""
history,arab_subregion_2_NOAA_Interim,""Regridded to 1 degree latitude-longitude resolution""
history,arab_subregion_2_NOAA_Interim,""Rebaselined to 1991-2020""
history,arab_subregion_2_NOAA_Interim,""Calculated area-average""
history,arab_subregion_2_NOAA_Interim,""Calculated annual average from monthly averages using arithmetic mean""
history,arab_subregion_2_NOAA_Interim,""Selected years within the range 1900 to 2023.""
history,arab_subregion_2_NOAA_Interim,""Wrote to file arab_subregion_2_NOAA Interim.csv""
history,arab_subregion_2_NOAA_Interim,"Data set created from file ['arab_subregion_2_NOAA Interim.csv'] downloaded from [''] at ['2023-10-27 10:58:43']"
reference,arab_subregion_2_NOAA_Interim,"Vose, R.S., B. Huang, X. Yin., D. Arndt, D.R. Easterling, J.H. Lawrimore, M.J. Menne, A. Sanchez-Lugo, H.-M. Zhang, 2021: Implementing full spatial coverage in NOAA’s global temperature analysis. Geophysical Research Letters, 48, e2020GL090873. https://doi.org/10.1029/2020GL090873"
comments,arab_subregion_2_NOAA_Interim,"Original data acknowledgement: "
long_name,time,time,days since 1800-01-01 00:00:00.0
type,time,int
long_name,year,year,1
type,year,int
long_name,arab_subregion_2_Berkeley_Earth,arab_subregion_2,degC
type,arab_subregion_2_Berkeley_Earth,float
long_name,arab_subregion_2_ERA5,arab_subregion_2,degC
type,arab_subregion_2_ERA5,float
long_name,arab_subregion_2_GISTEMP,arab_subregion_2,degC
type,arab_subregion_2_GISTEMP,float
long_name,arab_subregion_2_HadCRUT5,arab_subregion_2,degC
type,arab_subregion_2_HadCRUT5,float
long_name,arab_subregion_2_JRA-55,arab_subregion_2,degC
type,arab_subregion_2_JRA-55,float
long_name,arab_subregion_2_Kadow,arab_subregion_2,degC
type,arab_subregion_2_Kadow,float
long_name,arab_subregion_2_NOAA_Interim,arab_subregion_2,degC
type,arab_subregion_2_NOAA_Interim,float
coordinate_variable,time,t
data
time,year,arab_subregion_2_Berkeley_Earth,arab_subregion_2_ERA5,arab_subregion_2_GISTEMP,arab_subregion_2_HadCRUT5,arab_subregion_2_JRA-55,arab_subregion_2_Kadow,arab_subregion_2_NOAA_Interim
36524,1900,-1.0963,,-1.0457,-1.2132,,-1.7314,-1.2825
36889,1901,-1.0396,,-1.1625,-1.1676,,-1.4688,-1.0767
37254,1902,-0.9700,,-0.8247,-1.1517,,-1.4205,-0.9243
37619,1903,-1.5138,,-1.3366,-1.6562,,-1.9849,-1.3886
37984,1904,-1.4285,,-1.1867,-1.6357,,-2.0427,-1.5995
38350,1905,-1.4675,,-1.3060,-1.5019,,-1.7200,-1.3859
38715,1906,-1.4466,,-1.3279,-1.2007,,-1.3851,-1.5194
39080,1907,-1.8866,,-1.5899,-1.5883,,-1.8967,-2.0313
39445,1908,-1.4086,,-1.2442,-1.2539,,-1.5813,-1.2829
39811,1909,-1.2382,,-1.3075,-1.0933,,-1.2681,-1.3971
40176,1910,-1.4506,,-1.3657,-1.4472,,-1.7291,-1.4931
40541,1911,-1.4964,,-1.2842,-1.4973,,-1.8132,-1.6122
40906,1912,-1.3409,,-1.3148,-1.0861,,-1.4751,-1.4464
41272,1913,-1.2177,,-1.1975,-1.1192,,-1.6195,-1.1319
41637,1914,-1.0699,,-1.2911,-1.1542,,-1.5544,-1.5228
42002,1915,-1.0806,,-1.0496,-1.1733,,-1.4732,-1.3116
42367,1916,-1.1548,,-0.9650,-1.2638,,-1.4544,-1.2650
42733,1917,-1.5460,,-1.5139,-1.5916,,-1.6895,-1.5384
43098,1918,-1.4888,,-1.4989,-1.4806,,-1.7831,-1.7046
43463,1919,-1.3023,,-1.0382,-1.1488,,-1.3183,-1.2001
43828,1920,-1.2134,,-1.1638,-1.3459,,-1.6104,-1.3290
44194,1921,-1.3273,,-1.3284,-1.2251,,-1.7133,-1.5815
44559,1922,-1.0951,,-1.1800,-1.2232,,-1.4971,-1.3729
44924,1923,-1.3521,,-1.4566,-1.5761,,-1.8660,-1.6570
45289,1924,-0.8619,,-0.9030,-0.9772,,-1.0774,-0.8682
45655,1925,-1.2311,,-1.3874,-1.4699,,-1.7136,-1.3828
46020,1926,-0.6856,,-0.7769,-0.8899,,-1.1035,-0.9132
46385,1927,-0.8139,,-0.7590,-1.0076,,-0.8979,-0.8269
46750,1928,-0.9184,,-0.8968,-1.0809,,-1.1987,-1.0890
47116,1929,-1.4060,,-1.3178,-1.3187,,-1.5124,-1.3456
47481,1930,-0.8727,,-0.8477,-1.1876,,-1.2090,-0.9657
47846,1931,-0.5986,,-0.6528,-0.7379,,-0.7913,-0.4865
48211,1932,-0.8980,,-1.0940,-1.3147,,-1.4297,-1.1164
48577,1933,-1.1124,,-1.1130,-1.2373,,-1.4099,-1.1608
48942,1934,-1.2483,,-1.0763,-1.3345,,-1.3419,-1.1586
49307,1935,-1.2096,,-1.0321,-0.9513,,-1.2131,-1.1409
49672,1936,-1.0850,,-0.9034,-0.7494,,-0.8663,-0.7961
50038,1937,-0.5828,,-0.5175,-0.4887,,-0.7087,-0.6873
50403,1938,-1.3624,,-1.2745,-1.0483,,-1.3456,-1.3605
50768,1939,-0.9625,,-0.9675,-0.9030,,-1.1973,-1.0654
51133,1940,-0.9683,,-1.0422,-0.9403,,-0.9744,-0.9179
51499,1941,-0.7614,,-0.9040,-0.7050,,-0.7892,-0.7887
51864,1942,-0.8041,,-0.7764,-0.7100,,-0.6889,-0.8162
52229,1943,-1.1814,,-0.9871,-1.0655,,-1.1083,-1.1733
52594,1944,-1.1305,,-1.1305,-1.0177,,-1.1498,-1.1788
52960,1945,-0.9323,,-0.8478,-0.9614,,-1.1461,-1.0142
53325,1946,-0.8325,,-0.9066,-0.7435,,-0.8638,-1.0156
53690,1947,-0.4957,,-0.4551,-0.5398,,-0.6673,-0.5620
54055,1948,-1.1719,,-1.0742,-1.1532,,-1.2922,-1.2629
54421,1949,-1.2289,,-1.0259,-1.1658,,-1.2582,-1.0941
54786,1950,-1.2784,,-1.0148,-1.2829,,-1.3711,-1.1731
55151,1951,-0.8950,,-0.9057,-0.9892,,-1.0669,-0.8680
55516,1952,-0.8975,,-0.7968,-0.9488,,-1.0310,-0.9577
55882,1953,-1.1347,,-1.1103,-1.2300,,-1.3011,-1.1302
56247,1954,-1.3832,,-1.2776,-1.4797,,-1.5567,-1.3720
56612,1955,-0.1831,,-0.3395,-0.4389,,-0.4773,-0.3338
56977,1956,-1.3450,,-1.3590,-1.3851,,-1.4641,-1.3336
57343,1957,-1.2450,,-1.1537,-1.3841,,-1.4618,-1.1864
57708,1958,-0.5772,,-0.6296,-0.7857,-0.5503,-0.7657,-0.6384
58073,1959,-1.0424,,-1.0743,-1.1568,-1.0465,-1.2579,-1.0885
58438,1960,-0.5585,,-0.6037,-0.7459,-0.5042,-0.7880,-0.6517
58804,1961,-1.0016,,-0.8806,-1.0849,-1.0673,-1.1403,-1.0573
59169,1962,-0.7532,,-0.7177,-0.8911,-0.8860,-0.9235,-0.7701
59534,1963,-0.6148,,-0.6663,-0.7859,-0.8328,-0.7952,-0.6345
59899,1964,-1.0123,,-0.9630,-1.1117,-0.8275,-1.1083,-1.0439
60265,1965,-1.2163,,-1.1523,-1.2667,-1.0144,-1.3287,-1.2509
60630,1966,-0.6812,,-0.6980,-0.8859,-0.6014,-0.9479,-0.6884
60995,1967,-1.2868,,-1.2544,-1.3955,-1.3213,-1.5037,-1.3245
61360,1968,-1.0126,,-0.9692,-1.0406,-0.9299,-1.1137,-0.9878
61726,1969,-0.5631,,-0.7046,-0.6294,-0.4222,-0.6370,-0.5057
62091,1970,-0.8598,,-0.8791,-0.9138,-0.7442,-0.9213,-0.8662
62456,1971,-1.3653,,-1.3219,-1.3439,-1.2153,-1.4003,-1.3413
62821,1972,-1.3220,,-1.2768,-1.2329,-1.0703,-1.2928,-1.2668
63187,1973,-1.0785,,-0.9864,-1.1824,-0.9463,-1.2330,-1.0306
63552,1974,-1.4000,,-1.3619,-1.4847,-1.2820,-1.5330,-1.4137
63917,1975,-1.3255,,-1.2851,-1.4233,-1.1926,-1.5005,-1.4278
64282,1976,-1.5456,,-1.4561,-1.4880,-1.4098,-1.5639,-1.4952
64648,1977,-0.7215,,-0.8304,-0.8499,-0.5730,-0.8820,-0.8000
65013,1978,-0.8170,,-0.9468,-0.8941,-0.6692,-0.9261,-0.9131
65378,1979,-0.5391,-0.7251,-0.5975,-0.5797,-0.4658,-0.5423,-0.4974
65743,1980,-0.7562,-0.8379,-0.8846,-0.8450,-0.6582,-0.8649,-0.8122
66109,1981,-0.5534,-0.7270,-0.6438,-0.7416,-0.6153,-0.7981,-0.6798
66474,1982,-0.9728,-1.2157,-0.9129,-1.0414,-1.0637,-1.0775,-0.9545
66839,1983,-0.5966,-0.7120,-0.6774,-0.6809,-0.6284,-0.6834,-0.6249
67204,1984,-0.8975,-1.0780,-0.9516,-0.9478,-0.9014,-0.9611,-0.8538
67570,1985,-0.5648,-0.6668,-0.5754,-0.7117,-0.5064,-0.7511,-0.5534
67935,1986,-0.8850,-1.0025,-0.8208,-0.9699,-0.8956,-1.0162,-0.8065
68300,1987,-0.1187,-0.1302,-0.1929,-0.2645,-0.0674,-0.2248,-0.1484
68665,1988,-0.3606,-0.3337,-0.3702,-0.4569,-0.2665,-0.4760,-0.3338
69031,1989,-0.4531,-0.4940,-0.4399,-0.6234,-0.4595,-0.6465,-0.5275
69396,1990,-0.2140,-0.2555,-0.2200,-0.3977,-0.2292,-0.3681,-0.2341
69761,1991,-0.7999,-0.9014,-0.8700,-0.8317,-0.9049,-0.8416,-0.8237
70126,1992,-1.0597,-1.2593,-1.0241,-1.1216,-1.2381,-1.1710,-0.9838
70492,1993,-0.5764,-0.6836,-0.6183,-0.5741,-0.6771,-0.5536,-0.5415
70857,1994,-0.3950,-0.4893,-0.3297,-0.5640,-0.3988,-0.5528,-0.5658
71222,1995,-0.2634,-0.3872,-0.2590,-0.3132,-0.2888,-0.3065,-0.2385
71587,1996,-0.1832,-0.3111,-0.2948,-0.2749,-0.2055,-0.2527,-0.1437
71953,1997,-0.2739,-0.3620,-0.2009,-0.2496,-0.2216,-0.2631,-0.2474
72318,1998,0.0056,-0.0808,-0.0502,-0.0340,0.0580,-0.0604,0.0252
72683,1999,0.0300,-0.0647,0.0667,-0.0439,0.0932,-0.0233,-0.0275
73048,2000,-0.3206,-0.4449,-0.2721,-0.3490,-0.3133,-0.3337,-0.3039
73414,2001,0.2729,0.2910,0.2644,0.2095,0.3841,0.2861,0.2432
73779,2002,0.0918,0.0477,0.0753,0.0584,0.0925,0.0611,0.1283
74144,2003,0.0609,0.0254,0.1212,0.1072,0.0681,0.1212,0.0893
74509,2004,-0.0986,-0.1875,-0.0834,0.0230,-0.1154,0.0042,-0.0677
74875,2005,-0.0055,0.1114,-0.0631,0.0537,0.0708,0.0552,0.0516
75240,2006,0.0136,0.0158,0.0510,-0.0050,-0.0373,0.0071,0.0694
75605,2007,-0.0987,0.0010,-0.0456,0.0182,-0.0263,0.0262,-0.0686
75970,2008,-0.0356,0.0412,0.0077,0.0702,0.0119,0.0673,-0.0020
76336,2009,0.0648,0.1497,0.0691,0.1619,0.1004,0.1283,0.0561
76701,2010,1.1452,1.3384,0.8361,1.1494,1.2506,1.1532,1.0441
77066,2011,-0.0689,-0.1002,-0.0302,0.0049,-0.0636,0.0085,-0.0291
77431,2012,-0.0071,0.0229,0.0527,0.0767,-0.0228,-0.0099,0.0176
77797,2013,0.1615,0.2225,0.0710,0.2028,0.1577,0.2084,0.0811
78162,2014,0.4044,0.4472,0.3487,0.2951,0.4282,0.4127,0.3380
78527,2015,0.1048,0.1545,0.1417,0.2422,0.0438,0.1736,0.0724
78892,2016,0.6699,0.8062,0.6140,0.7461,0.7469,0.7849,0.6279
79258,2017,0.2118,0.2020,0.2797,0.1966,0.1499,0.1501,0.1793
79623,2018,0.3446,0.5008,0.3524,0.2700,0.3144,0.2903,0.3564
79988,2019,0.0942,0.2101,0.2076,0.0455,0.0379,-0.0062,0.1390
80353,2020,0.5107,0.6843,0.5822,0.4298,0.5050,0.4363,0.5243
80719,2021,0.8566,1.0507,0.8644,0.7444,0.8317,0.7146,0.8812
81084,2022,0.4229,0.6074,0.6177,0.4061,0.3875,0.4224,0.4332
81449,2023,0.6461,0.7849,0.8160,0.5879,0.4948,0.3204,0.7429
end data
