Conventions,G,BADC-CSV,1
title,G,Growth rate of of carbon dioxide concentration
last_revised_date,G,2023-08-01
date_valid,G,2023-08-01
feature_type,G,area average
creator,G,WMO
source,G,Produced by climind version 0.1
observation_station,G,derived data
location,G,90.,-180.,-90.,180.
activity,G,WMO
history,G,"Data set created from file ['co2_annual_20221026.csv'] downloaded from ['https://gaw.kishou.go.jp/static/publications/global_mean_mole_fractions/2022/co2_annual_20221026.csv'] at ['2023-08-01 17:06:46']"
reference,G,"WMO Greenhouse Gas Bulletin, No.18, 2022. 26 October 2022 ISSN 2078-0796"
rights,G,TBD
comments,G,Data produced by climind version 0.1
comments,G,Format description https://help.ceda.ac.uk/article/105-badc-csv
long_name,time,time,days since 1800-01-01 00:00:00.0
type,time,int
long_name,year,year,1
type,year,int
long_name,data,co2rate,ppm/year
type,data,float
coordinate_variable,time,t
data
time,year,data
67204,1984,
67570,1985,1.4000
67935,1986,1.4000
68300,1987,1.8000
68665,1988,2.3000
69031,1989,1.7000
69396,1990,1.2000
69761,1991,1.3000
70126,1992,0.7000
70492,1993,0.8000
70857,1994,1.6000
71222,1995,1.8000
71587,1996,1.8000
71953,1997,1.2000
72318,1998,2.6000
72683,1999,2.1000
73048,2000,1.4000
73414,2001,1.5000
73779,2002,2.0000
74144,2003,2.4000
74509,2004,1.8000
74875,2005,2.1000
75240,2006,2.1000
75605,2007,1.9000
75970,2008,2.0000
76336,2009,1.6000
76701,2010,2.1000
77066,2011,2.0000
77431,2012,2.2000
77797,2013,2.7000
78162,2014,2.0000
78527,2015,2.3000
78892,2016,3.3000
79258,2017,2.2000
79623,2018,2.3000
79988,2019,2.6000
80353,2020,2.5000
80719,2021,2.5000
end data
