Conventions,G,BADC-CSV,1
title,G,Regional mean temperature for North African Arab Countries
last_revised_date,G,2024-01-25
date_valid,G,2024-01-25
feature_type,G,area average
creator,G,WMO
source,G,Produced by climind version 1.0
observation_station,G,derived data
location,G,90.,-180.,-90.,180.
activity,G,WMO
history,G,""Data set created from file ['anl_surf125.011_tmp.202401_202412', 'anl_surf125.2024MMMM'] downloaded from ['', ''] at ['2024-01-15 11:20:51']""
history,G,""Regridded to 1 degree latitude-longitude resolution""
history,G,""Rebaselined to 1991-2020""
history,G,""Calculated area-average""
history,G,""Calculated annual average from monthly averages using arithmetic mean""
history,G,""Selected years within the range 1900 to 2023.""
history,G,""Wrote to file arab_subregion_2_JRA-55.csv""
history,G,"Data set created from file ['arab_subregion_2_JRA-55.csv'] downloaded from [''] at ['2024-01-17 11:08:54']"
reference,G,"Kobayashi, S., Ota, Y., Harada, Y., Ebita, A., Moriya, M., Onoda, H., Onogi, K., Kamahori, H., Kobayashi, C., Endo, H. and Miyaoka, K., (2015). The JRA-55 reanalysis: General specifications and basic characteristics. Journal of the Meteorological Society of Japan. Ser. II, 93(1), pp.5-48."
rights,G,TBD
comments,G,Data produced by climind version 1.0
comments,G,Format description https://help.ceda.ac.uk/article/105-badc-csv
comments,G,"Original data acknowledgement: "
long_name,time,time,days since 1800-01-01 00:00:00.0
type,time,int
long_name,year,year,1
type,year,int
long_name,data,arab_subregion_2,degC
type,data,float
coordinate_variable,time,t
data
time,year,data
57708,1958,-0.5503
58073,1959,-1.0465
58438,1960,-0.5042
58804,1961,-1.0673
59169,1962,-0.8860
59534,1963,-0.8328
59899,1964,-0.8275
60265,1965,-1.0144
60630,1966,-0.6014
60995,1967,-1.3213
61360,1968,-0.9299
61726,1969,-0.4222
62091,1970,-0.7442
62456,1971,-1.2153
62821,1972,-1.0703
63187,1973,-0.9463
63552,1974,-1.2820
63917,1975,-1.1926
64282,1976,-1.4098
64648,1977,-0.5730
65013,1978,-0.6692
65378,1979,-0.4658
65743,1980,-0.6582
66109,1981,-0.6153
66474,1982,-1.0637
66839,1983,-0.6284
67204,1984,-0.9014
67570,1985,-0.5064
67935,1986,-0.8956
68300,1987,-0.0674
68665,1988,-0.2665
69031,1989,-0.4595
69396,1990,-0.2292
69761,1991,-0.9049
70126,1992,-1.2381
70492,1993,-0.6771
70857,1994,-0.3988
71222,1995,-0.2888
71587,1996,-0.2055
71953,1997,-0.2216
72318,1998,0.0580
72683,1999,0.0932
73048,2000,-0.3133
73414,2001,0.3841
73779,2002,0.0925
74144,2003,0.0681
74509,2004,-0.1154
74875,2005,0.0708
75240,2006,-0.0373
75605,2007,-0.0263
75970,2008,0.0119
76336,2009,0.1004
76701,2010,1.2506
77066,2011,-0.0636
77431,2012,-0.0228
77797,2013,0.1577
78162,2014,0.4282
78527,2015,0.0438
78892,2016,0.7469
79258,2017,0.1499
79623,2018,0.3144
79988,2019,0.0379
80353,2020,0.5050
80719,2021,0.8317
81084,2022,0.3875
81449,2023,0.6739
end data
