Conventions,G,BADC-CSV,1
title,G,Regional mean temperature for North African Arab Countries
last_revised_date,G,2024-01-23
date_valid,G,2024-01-23
feature_type,G,area average
creator,G,WMO
source,G,Produced by climind version 1.0
observation_station,G,derived data
location,G,90.,-180.,-90.,180.
rights,G,TBD
activity,G,WMO
comments,G,Format description https://help.ceda.ac.uk/article/105-badc-csv
history,arab_subregion_2_Berkeley_Earth,""Data set created from file ['Land_and_Ocean_LatLong1.nc'] downloaded from ['https://berkeley-earth-temperature.s3.us-west-1.amazonaws.com/Global/Gridded/Land_and_Ocean_LatLong1.nc'] at ['2024-01-17 10:19:03']""
history,arab_subregion_2_Berkeley_Earth,""Rebaselined to 1991-2020""
history,arab_subregion_2_Berkeley_Earth,""Calculated area-average""
history,arab_subregion_2_Berkeley_Earth,""Calculated annual average from monthly averages using arithmetic mean""
history,arab_subregion_2_Berkeley_Earth,""Selected years within the range 1900 to 2023.""
history,arab_subregion_2_Berkeley_Earth,""Wrote to file arab_subregion_2_Berkeley Earth.csv""
history,arab_subregion_2_Berkeley_Earth,"Data set created from file ['arab_subregion_2_Berkeley Earth.csv'] downloaded from [''] at ['2024-01-17 11:06:21']"
reference,arab_subregion_2_Berkeley_Earth,"Rohde, R. A. and Hausfather, Z.: The Berkeley Earth Land/Ocean Temperature Record, Earth Syst. Sci. Data, 12, 3469-3479, https://doi.org/10.5194/essd-12-3469-2020, 2020"
comments,arab_subregion_2_Berkeley_Earth,"Original data acknowledgement: "
history,arab_subregion_2_ERA5,""Gridded dataset created from file ['era5_2m_tas_2024.nc'] downloaded from ['']""
history,arab_subregion_2_ERA5,""Regridded to 1 degree latitude-longitude resolution""
history,arab_subregion_2_ERA5,""Rebaselined to 1991-2020""
history,arab_subregion_2_ERA5,""Calculated area-average""
history,arab_subregion_2_ERA5,""Calculated annual average from monthly averages using arithmetic mean""
history,arab_subregion_2_ERA5,""Selected years within the range 1900 to 2023.""
history,arab_subregion_2_ERA5,""Wrote to file arab_subregion_2_ERA5.csv""
history,arab_subregion_2_ERA5,"Data set created from file ['arab_subregion_2_ERA5.csv'] downloaded from [''] at ['2024-01-17 11:06:44']"
reference,arab_subregion_2_ERA5,"Hersbach H, Bell B, Berrisford P et al. 2020. The ERA5 global reanalysis. Q. J. R. Meteorol. Soc. 146: 1999-2049. https://doi.org/10.1002/qj.3803"
comments,arab_subregion_2_ERA5,"Original data acknowledgement: Contains using Copernicus Climate Change Service information [2024]. Neither the European Commission nor ECMWF is responsible for any use that may be made of the Copernicus information or data it contains."
history,arab_subregion_2_GISTEMP,""Data set created from file ['gistemp1200_GHCNv4_ERSSTv5.nc.gz'] downloaded from ['https://data.giss.nasa.gov/pub/gistemp/gistemp1200_GHCNv4_ERSSTv5.nc.gz'] at ['2024-01-15 11:20:46']""
history,arab_subregion_2_GISTEMP,""Regridded to 1 degree latitude-longitude resolution""
history,arab_subregion_2_GISTEMP,""Rebaselined to 1991-2020""
history,arab_subregion_2_GISTEMP,""Calculated area-average""
history,arab_subregion_2_GISTEMP,""Calculated annual average from monthly averages using arithmetic mean""
history,arab_subregion_2_GISTEMP,""Selected years within the range 1900 to 2023.""
history,arab_subregion_2_GISTEMP,""Wrote to file arab_subregion_2_GISTEMP.csv""
history,arab_subregion_2_GISTEMP,"Data set created from file ['arab_subregion_2_GISTEMP.csv'] downloaded from [''] at ['2024-01-17 11:07:22']"
reference,arab_subregion_2_GISTEMP,"Lenssen, N., G. Schmidt, J. Hansen, M. Menne, A. Persin, R. Ruedy, and D. Zyss, 2019: Improvements in the GISTEMP uncertainty model. J. Geophys. Res. Atmos., 124, no. 12, 6307-6326, doi:10.1029/2018JD029522"
comments,arab_subregion_2_GISTEMP,"Original data acknowledgement: "
history,arab_subregion_2_HadCRUT5,""Data set created from file ['HadCRUT.5.0.2.0.analysis.anomalies.ensemble_mean.nc'] downloaded from ['https://www.metoffice.gov.uk/hadobs/hadcrut5/data/HadCRUT.5.0.2.0/analysis/HadCRUT.5.0.2.0.analysis.anomalies.ensemble_mean.nc'] at ['2024-01-15 11:56:27']""
history,arab_subregion_2_HadCRUT5,""Regridded to 1 degree latitude-longitude resolution""
history,arab_subregion_2_HadCRUT5,""Rebaselined to 1991-2020""
history,arab_subregion_2_HadCRUT5,""Calculated area-average""
history,arab_subregion_2_HadCRUT5,""Calculated annual average from monthly averages using arithmetic mean""
history,arab_subregion_2_HadCRUT5,""Selected years within the range 1900 to 2023.""
history,arab_subregion_2_HadCRUT5,""Wrote to file arab_subregion_2_HadCRUT5.csv""
history,arab_subregion_2_HadCRUT5,"Data set created from file ['arab_subregion_2_HadCRUT5.csv'] downloaded from [''] at ['2024-01-17 11:08:25']"
reference,arab_subregion_2_HadCRUT5,"Morice, C. P., Kennedy, J. J., Rayner, N. A., Winn, J. P., Hogan, E., Killick, R. E., et al. (2021). An updated assessment of near-surface temperature change from 1850: the HadCRUT5 data set. Journal of Geophysical Research: Atmospheres, 126, e2019JD032361. https://doi.org/10.1029/2019JD032361"
comments,arab_subregion_2_HadCRUT5,"Original data acknowledgement: HadCRUT.5.0.2.0 data were obtained from http://www.metoffice.gov.uk/hadobs/hadcrut5 on 2024-01-15 11:56:27 and are © British Crown Copyright, Met Office 2024, provided under an Open Government License, http://www.nationalarchives.gov.uk/doc/open-government-licence/version/3/"
history,arab_subregion_2_JRA-55,""Data set created from file ['anl_surf125.011_tmp.202401_202412', 'anl_surf125.2024MMMM'] downloaded from ['', ''] at ['2024-01-15 11:20:51']""
history,arab_subregion_2_JRA-55,""Regridded to 1 degree latitude-longitude resolution""
history,arab_subregion_2_JRA-55,""Rebaselined to 1991-2020""
history,arab_subregion_2_JRA-55,""Calculated area-average""
history,arab_subregion_2_JRA-55,""Calculated annual average from monthly averages using arithmetic mean""
history,arab_subregion_2_JRA-55,""Selected years within the range 1900 to 2023.""
history,arab_subregion_2_JRA-55,""Wrote to file arab_subregion_2_JRA-55.csv""
history,arab_subregion_2_JRA-55,"Data set created from file ['arab_subregion_2_JRA-55.csv'] downloaded from [''] at ['2024-01-17 11:08:54']"
reference,arab_subregion_2_JRA-55,"Kobayashi, S., Ota, Y., Harada, Y., Ebita, A., Moriya, M., Onoda, H., Onogi, K., Kamahori, H., Kobayashi, C., Endo, H. and Miyaoka, K., (2015). The JRA-55 reanalysis: General specifications and basic characteristics. Journal of the Meteorological Society of Japan. Ser. II, 93(1), pp.5-48."
comments,arab_subregion_2_JRA-55,"Original data acknowledgement: "
history,arab_subregion_2_Kadow,""Data set created from file ['HadCRUT5.anomalies.Kadow_et_al_2020_20crAI-infilled.ensemble_mean_185001-*.nc'] downloaded from [''] at ['2024-01-17 10:11:02']""
history,arab_subregion_2_Kadow,""Regridded to 1 degree latitude-longitude resolution""
history,arab_subregion_2_Kadow,""Rebaselined to 1991-2020""
history,arab_subregion_2_Kadow,""Calculated area-average""
history,arab_subregion_2_Kadow,""Calculated annual average from monthly averages using arithmetic mean""
history,arab_subregion_2_Kadow,""Selected years within the range 1900 to 2023.""
history,arab_subregion_2_Kadow,""Wrote to file arab_subregion_2_Kadow.csv""
history,arab_subregion_2_Kadow,"Data set created from file ['arab_subregion_2_Kadow.csv'] downloaded from [''] at ['2024-01-17 11:09:40']"
reference,arab_subregion_2_Kadow,"Kadow, C., Hall, D.M. & Ulbrich, U. Artificial intelligence reconstructs missing climate information. Nat. Geosci. (2020). https://doi.org/10.1038/s41561-020-0582-5"
comments,arab_subregion_2_Kadow,"Original data acknowledgement: "
history,arab_subregion_2_NOAA_Interim,""Data set created from file ['NOAAGlobalTemp_v*.nc'] downloaded from ['https://www.ncei.noaa.gov/data/noaa-global-surface-temperature/v5.1/access/gridded/NOAAGlobalTemp_v.*.nc'] at ['2024-01-17 10:19:08']""
history,arab_subregion_2_NOAA_Interim,""Data set created from file ['NOAAGlobalTemp_v*.nc'] downloaded from ['https://www.ncei.noaa.gov/data/noaa-global-surface-temperature/v5.1/access/gridded/NOAAGlobalTemp_v.*.nc'] at ['2024-01-17 10:19:08']""
history,arab_subregion_2_NOAA_Interim,""Regridded to 1 degree latitude-longitude resolution""
history,arab_subregion_2_NOAA_Interim,""Rebaselined to 1991-2020""
history,arab_subregion_2_NOAA_Interim,""Calculated area-average""
history,arab_subregion_2_NOAA_Interim,""Calculated annual average from monthly averages using arithmetic mean""
history,arab_subregion_2_NOAA_Interim,""Selected years within the range 1900 to 2023.""
history,arab_subregion_2_NOAA_Interim,""Wrote to file arab_subregion_2_NOAA Interim.csv""
history,arab_subregion_2_NOAA_Interim,"Data set created from file ['arab_subregion_2_NOAA Interim.csv'] downloaded from [''] at ['2024-01-17 11:10:44']"
reference,arab_subregion_2_NOAA_Interim,"Vose, R.S., B. Huang, X. Yin., D. Arndt, D.R. Easterling, J.H. Lawrimore, M.J. Menne, A. Sanchez-Lugo, H.-M. Zhang, 2021: Implementing full spatial coverage in NOAA’s global temperature analysis. Geophysical Research Letters, 48, e2020GL090873. https://doi.org/10.1029/2020GL090873"
comments,arab_subregion_2_NOAA_Interim,"Original data acknowledgement: "
long_name,time,time,days since 1800-01-01 00:00:00.0
type,time,int
long_name,year,year,1
type,year,int
long_name,arab_subregion_2_Berkeley_Earth,arab_subregion_2,degC
type,arab_subregion_2_Berkeley_Earth,float
long_name,arab_subregion_2_ERA5,arab_subregion_2,degC
type,arab_subregion_2_ERA5,float
long_name,arab_subregion_2_GISTEMP,arab_subregion_2,degC
type,arab_subregion_2_GISTEMP,float
long_name,arab_subregion_2_HadCRUT5,arab_subregion_2,degC
type,arab_subregion_2_HadCRUT5,float
long_name,arab_subregion_2_JRA-55,arab_subregion_2,degC
type,arab_subregion_2_JRA-55,float
long_name,arab_subregion_2_Kadow,arab_subregion_2,degC
type,arab_subregion_2_Kadow,float
long_name,arab_subregion_2_NOAA_Interim,arab_subregion_2,degC
type,arab_subregion_2_NOAA_Interim,float
coordinate_variable,time,t
data
time,year,arab_subregion_2_Berkeley_Earth,arab_subregion_2_ERA5,arab_subregion_2_GISTEMP,arab_subregion_2_HadCRUT5,arab_subregion_2_JRA-55,arab_subregion_2_Kadow,arab_subregion_2_NOAA_Interim
36524,1900,-1.1203,,-1.0801,-1.2132,,-1.7314,-1.2479
36889,1901,-1.0649,,-1.1821,-1.1675,,-1.4688,-1.0076
37254,1902,-0.9685,,-0.7938,-1.1516,,-1.4205,-0.7748
37619,1903,-1.4884,,-1.2918,-1.6561,,-1.9849,-1.2425
37984,1904,-1.4154,,-1.1615,-1.6356,,-2.0427,-1.4905
38350,1905,-1.4567,,-1.2851,-1.5017,,-1.7200,-1.2865
38715,1906,-1.4299,,-1.2994,-1.2005,,-1.3851,-1.4180
39080,1907,-1.8616,,-1.5710,-1.5880,,-1.8967,-1.9516
39445,1908,-1.3970,,-1.2359,-1.2536,,-1.5813,-1.2176
39811,1909,-1.2353,,-1.3017,-1.0929,,-1.2681,-1.3317
40176,1910,-1.4555,,-1.3822,-1.4468,,-1.7291,-1.4541
40541,1911,-1.4885,,-1.3034,-1.4969,,-1.8132,-1.5535
40906,1912,-1.3559,,-1.3332,-1.0857,,-1.4751,-1.3970
41272,1913,-1.2316,,-1.2239,-1.1188,,-1.6195,-1.0629
41637,1914,-1.0727,,-1.3056,-1.1537,,-1.5544,-1.4717
42002,1915,-1.1020,,-1.0573,-1.1728,,-1.4732,-1.2861
42367,1916,-1.1462,,-0.9749,-1.2633,,-1.4544,-1.2257
42733,1917,-1.5248,,-1.5294,-1.5910,,-1.6895,-1.5282
43098,1918,-1.4813,,-1.4462,-1.4800,,-1.7831,-1.7013
43463,1919,-1.3115,,-1.0422,-1.1481,,-1.3183,-1.1923
43828,1920,-1.2468,,-1.1754,-1.3453,,-1.6104,-1.3257
44194,1921,-1.3585,,-1.3303,-1.2245,,-1.7133,-1.5609
44559,1922,-1.1518,,-1.1889,-1.2225,,-1.4971,-1.3525
44924,1923,-1.3987,,-1.4618,-1.5754,,-1.8660,-1.6211
45289,1924,-0.8894,,-0.8925,-0.9763,,-1.0774,-0.8575
45655,1925,-1.2589,,-1.3883,-1.4691,,-1.7136,-1.3570
46020,1926,-0.7205,,-0.7746,-0.8891,,-1.1035,-0.9188
46385,1927,-0.8236,,-0.7671,-1.0067,,-0.8979,-0.8061
46750,1928,-0.9339,,-0.9002,-1.0799,,-1.1987,-1.0447
47116,1929,-1.4333,,-1.3340,-1.3177,,-1.5124,-1.3249
47481,1930,-0.8900,,-0.8571,-1.1876,,-1.2090,-0.9628
47846,1931,-0.6072,,-0.6678,-0.7379,,-0.7913,-0.4822
48211,1932,-0.8919,,-1.1073,-1.3147,,-1.4297,-1.1010
48577,1933,-1.1006,,-1.1378,-1.2373,,-1.4099,-1.1503
48942,1934,-1.2107,,-1.0983,-1.3345,,-1.3419,-1.1537
49307,1935,-1.1702,,-1.0534,-0.9512,,-1.2131,-1.1257
49672,1936,-1.0462,,-0.9211,-0.7494,,-0.8663,-0.7804
50038,1937,-0.5409,,-0.5319,-0.4887,,-0.7087,-0.6850
50403,1938,-1.3362,,-1.2903,-1.0483,,-1.3456,-1.3450
50768,1939,-0.9395,,-1.0031,-0.9030,,-1.1973,-1.0848
51133,1940,-0.9538,,-1.0819,-0.9403,,-0.9744,-0.9363
51499,1941,-0.7436,,-0.9363,-0.7050,,-0.7892,-0.7921
51864,1942,-0.7899,,-0.8188,-0.7100,,-0.6889,-0.8316
52229,1943,-1.1661,,-1.0205,-1.0655,,-1.1083,-1.1848
52594,1944,-1.1125,,-1.1447,-1.0177,,-1.1498,-1.1759
52960,1945,-0.9175,,-0.8583,-0.9614,,-1.1461,-1.0089
53325,1946,-0.8186,,-0.9146,-0.7435,,-0.8638,-1.0146
53690,1947,-0.4725,,-0.4723,-0.5398,,-0.6673,-0.5562
54055,1948,-1.1601,,-1.0863,-1.1532,,-1.2922,-1.2588
54421,1949,-1.2156,,-1.0314,-1.1658,,-1.2582,-1.0870
54786,1950,-1.2611,,-1.0198,-1.2829,,-1.3711,-1.1714
55151,1951,-0.8791,,-0.9039,-0.9892,,-1.0669,-0.8630
55516,1952,-0.8764,,-0.7913,-0.9488,,-1.0310,-0.9529
55882,1953,-1.1130,,-1.1046,-1.2299,,-1.3011,-1.1268
56247,1954,-1.3544,,-1.2678,-1.4797,,-1.5567,-1.3695
56612,1955,-0.1556,,-0.3327,-0.4389,,-0.4773,-0.3443
56977,1956,-1.3129,,-1.3608,-1.3851,,-1.4641,-1.3452
57343,1957,-1.2247,,-1.1580,-1.3841,,-1.4618,-1.1900
57708,1958,-0.5503,,-0.6385,-0.7857,-0.5503,-0.7657,-0.6501
58073,1959,-1.0120,,-1.0872,-1.1568,-1.0465,-1.2579,-1.0998
58438,1960,-0.5318,,-0.6173,-0.7459,-0.5042,-0.7880,-0.6649
58804,1961,-0.9751,,-0.8987,-1.0849,-1.0673,-1.1403,-1.0809
59169,1962,-0.7292,,-0.7270,-0.8911,-0.8860,-0.9235,-0.7912
59534,1963,-0.5961,,-0.6714,-0.7859,-0.8328,-0.7952,-0.6633
59899,1964,-0.9948,,-0.9693,-1.1117,-0.8275,-1.1083,-1.0612
60265,1965,-1.2012,,-1.1591,-1.2667,-1.0144,-1.3287,-1.2621
60630,1966,-0.6675,,-0.7060,-0.8859,-0.6014,-0.9479,-0.6947
60995,1967,-1.2846,,-1.2582,-1.3955,-1.3213,-1.5037,-1.3265
61360,1968,-0.9967,,-0.9769,-1.0406,-0.9299,-1.1137,-0.9884
61726,1969,-0.5417,,-0.7028,-0.6294,-0.4222,-0.6370,-0.5104
62091,1970,-0.8521,,-0.8768,-0.9138,-0.7442,-0.9213,-0.8738
62456,1971,-1.3538,,-1.3169,-1.3439,-1.2153,-1.4003,-1.3469
62821,1972,-1.3041,,-1.2753,-1.2329,-1.0703,-1.2928,-1.2666
63187,1973,-1.0722,,-0.9799,-1.1824,-0.9463,-1.2330,-1.0311
63552,1974,-1.3794,,-1.3607,-1.4847,-1.2820,-1.5330,-1.4222
63917,1975,-1.3052,,-1.2832,-1.4233,-1.1926,-1.5005,-1.4352
64282,1976,-1.5221,,-1.4482,-1.4880,-1.4098,-1.5639,-1.4891
64648,1977,-0.7037,,-0.8243,-0.8498,-0.5730,-0.8820,-0.7985
65013,1978,-0.7947,,-0.9398,-0.8941,-0.6692,-0.9261,-0.9190
65378,1979,-0.5172,-0.7251,-0.5968,-0.5797,-0.4658,-0.5423,-0.5109
65743,1980,-0.7420,-0.8379,-0.8849,-0.8450,-0.6582,-0.8649,-0.8228
66109,1981,-0.5447,-0.7270,-0.6269,-0.7416,-0.6153,-0.7981,-0.6691
66474,1982,-0.9605,-1.2157,-0.9169,-1.0414,-1.0637,-1.0775,-0.9706
66839,1983,-0.5815,-0.7120,-0.6896,-0.6809,-0.6284,-0.6834,-0.6489
67204,1984,-0.8789,-1.0780,-0.9616,-0.9478,-0.9014,-0.9611,-0.8838
67570,1985,-0.5515,-0.6668,-0.5810,-0.7117,-0.5064,-0.7511,-0.5774
67935,1986,-0.8785,-1.0025,-0.8256,-0.9699,-0.8956,-1.0162,-0.8186
68300,1987,-0.1270,-0.1302,-0.2018,-0.2645,-0.0674,-0.2248,-0.1758
68665,1988,-0.3530,-0.3337,-0.3764,-0.4569,-0.2665,-0.4760,-0.3618
69031,1989,-0.4339,-0.4940,-0.4433,-0.6234,-0.4595,-0.6465,-0.5489
69396,1990,-0.2019,-0.2555,-0.2213,-0.3977,-0.2292,-0.3681,-0.2487
69761,1991,-0.7771,-0.9014,-0.8643,-0.8316,-0.9049,-0.8416,-0.8282
70126,1992,-1.0308,-1.2593,-1.0166,-1.1216,-1.2381,-1.1710,-0.9739
70492,1993,-0.5650,-0.6836,-0.6095,-0.5741,-0.6771,-0.5536,-0.5261
70857,1994,-0.3776,-0.4893,-0.3063,-0.5640,-0.3988,-0.5528,-0.5166
71222,1995,-0.2356,-0.3872,-0.2520,-0.3132,-0.2888,-0.3065,-0.2270
71587,1996,-0.1702,-0.3111,-0.2912,-0.2749,-0.2055,-0.2527,-0.1420
71953,1997,-0.2559,-0.3620,-0.1943,-0.2496,-0.2216,-0.2631,-0.2509
72318,1998,0.0156,-0.0808,-0.0486,-0.0340,0.0580,-0.0604,0.0238
72683,1999,0.0308,-0.0647,0.0534,-0.0439,0.0932,-0.0233,-0.0353
73048,2000,-0.3136,-0.4449,-0.2783,-0.3490,-0.3133,-0.3337,-0.3012
73414,2001,0.2725,0.2910,0.2608,0.2095,0.3841,0.2861,0.2421
73779,2002,0.1043,0.0477,0.0785,0.0584,0.0925,0.0611,0.1232
74144,2003,0.0638,0.0254,0.1273,0.1072,0.0681,0.1212,0.0857
74509,2004,-0.0765,-0.1875,-0.0843,0.0230,-0.1154,0.0042,-0.0711
74875,2005,-0.0046,0.1114,-0.0672,0.0537,0.0708,0.0552,0.0452
75240,2006,0.0081,0.0158,0.0461,-0.0050,-0.0373,0.0071,0.0492
75605,2007,-0.1015,0.0010,-0.0533,0.0182,-0.0263,0.0262,-0.0767
75970,2008,-0.0401,0.0412,-0.0059,0.0703,0.0119,0.0673,-0.0202
76336,2009,0.0671,0.1497,0.0567,0.1619,0.1004,0.1283,0.0396
76701,2010,1.1315,1.3384,0.8270,1.1494,1.2506,1.1532,1.0438
77066,2011,-0.0728,-0.1002,-0.0358,0.0049,-0.0636,0.0085,-0.0613
77431,2012,-0.0164,0.0229,0.0530,0.0767,-0.0228,-0.0099,0.0108
77797,2013,0.1520,0.2225,0.0789,0.2028,0.1577,0.2084,0.0899
78162,2014,0.3941,0.4472,0.3676,0.2951,0.4282,0.4127,0.3396
78527,2015,0.1015,0.1545,0.1657,0.2422,0.0438,0.1736,0.0845
78892,2016,0.6607,0.8062,0.6251,0.7461,0.7469,0.7849,0.6456
79258,2017,0.1755,0.2020,0.2775,0.1966,0.1499,0.1501,0.1904
79623,2018,0.3207,0.5008,0.3441,0.2700,0.3144,0.2903,0.3770
79988,2019,0.0545,0.2101,0.1891,0.0455,0.0379,-0.0062,0.1504
80353,2020,0.4847,0.6843,0.5568,0.4295,0.5050,0.4363,0.4896
80719,2021,0.8164,1.0507,0.8304,0.7445,0.8317,0.7146,0.8545
81084,2022,0.4036,0.6074,0.5885,0.4061,0.3875,0.4224,0.4152
81449,2023,0.7984,0.9793,0.9682,0.7063,0.6739,0.4552,0.8768
end data
