Conventions,G,BADC-CSV,1
title,G,Global ocean heat content
last_revised_date,G,2022-11-23
date_valid,G,2022-11-23
feature_type,G,area average
creator,G,WMO
source,G,Produced by climind version 0.1
observation_station,G,derived data
location,G,90.,-180.,-90.,180.
activity,G,WMO
history,G,"Data set created from file ['GCOS_EHI_1960-2020_Earth_Heat_Inventory_Ocean_Heat_Content_data.nc'] downloaded from ['https://www.wdc-climate.de/WDCC/ui/download/transferArchive?acronym=GCOS_EHI_1960-2020_OHC_d&rmin=0&rmax=0'] at ['2022-10-18 10:35:28']"
history,G,"Rebaselined to 1981-2010 by subtracting the arithemtic mean for that period from all data values."
reference,G,"von Schuckmann, K., Cheng, L., Palmer, M. D., Hansen, J., Tassone, C., Aich, V., Adusumilli, S., Beltrami, H., Boyer, T., Cuesta-Valero, F. J., Desbruyères, D., Domingues, C., García-García, A., Gentine, P., Gilson, J., Gorfer, M., Haimberger, L., Ishii, M., Johnson, G. C., Killick, R., King, B. A., Kirchengast, G., Kolodziejczyk, N., Lyman, J., Marzeion, B., Mayer, M., Monier, M., Monselesan, D. P., Purkey, S., Roemmich, D., Schweiger, A., Seneviratne, S. I., Shepherd, A., Slater, D. A., Steiner, A. K., Straneo, F., Timmermans, M.-L., and Wijffels, S. E.: Heat stored in the Earth system: where does the energy go?, Earth Syst. Sci. Data, 12, 2013–2041, https://doi.org/10.5194/essd-12-2013-2020, 2020."
rights,G,TBD
comments,G,Data produced by climind version 0.1
comments,G,Format description https://help.ceda.ac.uk/article/105-badc-csv
long_name,time,time,days since 1800-01-01 00:00:00.0
type,time,int
long_name,year,year,1
type,year,int
long_name,data,ohc,zJ
type,data,float
long_name,uncertainty,ohc uncertainty,zJ
type,uncertainty,float
coordinate_variable,time,t
data
time,year,data,uncertainty
58438,1960,-70.1090,12.0540
58804,1961,-60.2692,15.9088
59169,1962,-40.2136,25.8480
59534,1963,-53.6823,12.3580
59899,1964,-67.1475,17.3973
60265,1965,-72.6582,17.6698
60630,1966,-61.2842,22.0873
60995,1967,-77.7429,9.6122
61360,1968,-95.9007,8.3728
61726,1969,-91.9182,14.4297
62091,1970,-88.5627,12.1454
62456,1971,-81.2950,13.7317
62821,1972,-75.7511,15.5165
63187,1973,-80.2014,17.8461
63552,1974,-76.5457,16.4274
63917,1975,-57.7340,25.5880
64282,1976,-61.5333,16.1981
64648,1977,-41.9519,28.5225
65013,1978,-42.9890,20.7783
65378,1979,-50.8440,13.1968
65743,1980,-23.5263,23.0701
66109,1981,-19.0197,20.7592
66474,1982,-41.7658,11.5592
66839,1983,-57.5034,11.1288
67204,1984,-49.2462,19.5762
67570,1985,-38.5257,16.8130
67935,1986,-36.8245,12.0618
68300,1987,-41.7027,12.5998
68665,1988,-34.1168,15.4185
69031,1989,-32.1112,18.0428
69396,1990,-36.4089,18.0930
69761,1991,-11.5209,11.0768
70126,1992,-16.7896,9.3517
70492,1993,-20.9531,12.3214
70857,1994,-14.1293,10.3469
71222,1995,-24.2398,12.7557
71587,1996,-3.2000,7.8250
71953,1997,-15.5815,14.8058
72318,1998,-7.4568,10.4722
72683,1999,11.6350,15.4990
73048,2000,6.2457,11.8686
73414,2001,9.1375,8.6768
73779,2002,31.4166,11.3540
74144,2003,50.5560,13.0174
74509,2004,48.6822,9.9323
74875,2005,48.0905,8.1290
75240,2006,52.8272,7.8534
75605,2007,49.7437,4.5104
75970,2008,60.2399,3.8380
76336,2009,68.3621,2.5444
76701,2010,64.1595,3.3156
77066,2011,69.4601,3.0963
77431,2012,72.6126,5.0017
77797,2013,86.4550,3.5257
78162,2014,92.6128,3.6665
78527,2015,105.6635,4.8875
78892,2016,96.6970,6.7388
79258,2017,111.8895,3.6924
79623,2018,122.5551,4.6967
79988,2019,133.5709,6.1248
80353,2020,136.2024,4.3836
end data
