Conventions,G,BADC-CSV,1
title,G,Global ocean heat content
last_revised_date,G,2022-11-29
date_valid,G,2022-11-29
feature_type,G,area average
creator,G,WMO
source,G,Produced by climind version 0.1
observation_station,G,derived data
location,G,90.,-180.,-90.,180.
activity,G,WMO
history,G,"Data set created from file ['GCOS_EHI_1960-2020_Earth_Heat_Inventory_Ocean_Heat_Content_data.nc'] downloaded from ['https://www.wdc-climate.de/WDCC/ui/download/transferArchive?acronym=GCOS_EHI_1960-2020_OHC_d&rmin=0&rmax=0'] at ['2022-10-18 10:35:28']"
history,G,"Rebaselined to 2005-2020 by subtracting the arithemtic mean for that period from all data values."
reference,G,"von Schuckmann, K., Cheng, L., Palmer, M. D., Hansen, J., Tassone, C., Aich, V., Adusumilli, S., Beltrami, H., Boyer, T., Cuesta-Valero, F. J., Desbruyères, D., Domingues, C., García-García, A., Gentine, P., Gilson, J., Gorfer, M., Haimberger, L., Ishii, M., Johnson, G. C., Killick, R., King, B. A., Kirchengast, G., Kolodziejczyk, N., Lyman, J., Marzeion, B., Mayer, M., Monier, M., Monselesan, D. P., Purkey, S., Roemmich, D., Schweiger, A., Seneviratne, S. I., Shepherd, A., Slater, D. A., Steiner, A. K., Straneo, F., Timmermans, M.-L., and Wijffels, S. E.: Heat stored in the Earth system: where does the energy go?, Earth Syst. Sci. Data, 12, 2013-2041, https://doi.org/10.5194/essd-12-2013-2020, 2020."
rights,G,TBD
comments,G,Data produced by climind version 0.1
comments,G,Format description https://help.ceda.ac.uk/article/105-badc-csv
long_name,time,time,days since 1800-01-01 00:00:00.0
type,time,int
long_name,year,year,1
type,year,int
long_name,data,ohc,zJ
type,data,float
long_name,uncertainty,ohc uncertainty,zJ
type,uncertainty,float
coordinate_variable,time,t
data
time,year,data,uncertainty
58438,1960.0000,-155.8053,24.1081
58804,1961.0000,-145.9656,31.8177
59169,1962.0000,-125.9099,51.6959
59534,1963.0000,-139.3786,24.7160
59899,1964.0000,-152.8438,34.7947
60265,1965.0000,-158.3545,35.3397
60630,1966.0000,-146.9805,44.1746
60995,1967.0000,-163.4392,19.2245
61360,1968.0000,-181.5970,16.7457
61726,1969.0000,-177.6145,28.8594
62091,1970.0000,-174.2591,24.2908
62456,1971.0000,-166.9914,27.4633
62821,1972.0000,-161.4475,31.0331
63187,1973.0000,-165.8977,35.6923
63552,1974.0000,-162.2421,32.8548
63917,1975.0000,-143.4304,51.1760
64282,1976.0000,-147.2297,32.3962
64648,1977.0000,-127.6482,57.0449
65013,1978.0000,-128.6854,41.5567
65378,1979.0000,-136.5404,26.3936
65743,1980.0000,-109.2226,46.1401
66109,1981.0000,-104.7161,41.5184
66474,1982.0000,-127.4621,23.1183
66839,1983.0000,-143.1998,22.2576
67204,1984.0000,-134.9425,39.1524
67570,1985.0000,-124.2221,33.6260
67935,1986.0000,-122.5208,24.1235
68300,1987.0000,-127.3991,25.1995
68665,1988.0000,-119.8132,30.8371
69031,1989.0000,-117.8076,36.0856
69396,1990.0000,-122.1053,36.1861
69761,1991.0000,-97.2173,22.1536
70126,1992.0000,-102.4860,18.7034
70492,1993.0000,-106.6495,24.6428
70857,1994.0000,-99.8257,20.6939
71222,1995.0000,-109.9362,25.5113
71587,1996.0000,-88.8964,15.6501
71953,1997.0000,-101.2779,29.6116
72318,1998.0000,-93.1531,20.9444
72683,1999.0000,-74.0614,30.9980
73048,2000.0000,-79.4506,23.7372
73414,2001.0000,-76.5589,17.3537
73779,2002.0000,-54.2798,22.7081
74144,2003.0000,-35.1403,26.0347
74509,2004.0000,-37.0141,19.8647
74875,2005.0000,-37.6058,16.2580
75240,2006.0000,-32.8692,15.7068
75605,2007.0000,-35.9527,9.0209
75970,2008.0000,-25.4564,7.6759
76336,2009.0000,-17.3343,5.0887
76701,2010.0000,-21.5369,6.6313
77066,2011.0000,-16.2362,6.1926
77431,2012.0000,-13.0838,10.0033
77797,2013.0000,0.7586,7.0514
78162,2014.0000,6.9165,7.3329
78527,2015.0000,19.9671,9.7750
78892,2016.0000,11.0006,13.4776
79258,2017.0000,26.1931,7.3848
79623,2018.0000,36.8588,9.3934
79988,2019.0000,47.8745,12.2496
80353,2020.0000,50.5060,8.7672
80719,2021.0000,59.1177,6.5928
end data
