Conventions,G,BADC-CSV,1
title,G,Regional mean temperature for WMO RA 1 Southern Africa
last_revised_date,G,2023-08-28
date_valid,G,2023-08-28
feature_type,G,area average
creator,G,WMO
source,G,Produced by climind version 0.1
observation_station,G,derived data
location,G,90.,-180.,-90.,180.
activity,G,WMO
history,G,""Data set created from file ['NOAAGlobalTemp_v*.nc'] downloaded from ['https://www.ncei.noaa.gov/data/noaa-global-surface-temperature/v5/access/gridded/NOAAGlobalTemp_v.*.nc'] at ['2023-08-07 16:18:17']""
history,G,""Data set created from file ['NOAAGlobalTemp_v*.nc'] downloaded from ['https://www.ncei.noaa.gov/data/noaa-global-surface-temperature/v5/access/gridded/NOAAGlobalTemp_v.*.nc'] at ['2023-08-07 16:18:17']""
history,G,""Regridded to 1 degree latitude-longitude resolution""
history,G,""Rebaselined to 1991-2020""
history,G,""Calculated area-average""
history,G,""Calculated annual average from monthly averages using arithmetic mean""
history,G,""Selected years within the range 1900 to 2022.""
history,G,""Wrote to file africa_subregion_5_NOAAGlobalTemp.csv""
history,G,"Data set created from file ['africa_subregion_5_NOAAGlobalTemp.csv'] downloaded from [''] at ['2023-08-09 12:24:02']"
reference,G,"Huang, B., M. J. Menne, T. Boyer, E. Freeman, B. E. Gleason, J. H. Lawrimore, C. Liu, J. J. Rennie, C. Schreck, F. Sun, R. Vose, C. N. Williams, X. Yin, H.-M. Zhang, 2020: Uncertainty estimates for sea surface temperature and land surface air temperature in NOAAGlobalTemp version 5. , J. Climate, 33, 1351-1379, DOI: 10.1175/JCLI-D-19-0395.1"
reference,G,"Zhang, Huai-Min, Jay H. Lawrimore, Boyin Huang, Matthew J. Menne, Xungang Yin, Ahira Sȧnchez-Lugo, Byron E. Gleason, Russell Vose, Derek Arndt, J. Jared Rennie, and Claude N. Williams. (2019) Updated Temperature Data Give a Sharper View of Climate Trends. Eos, 100, https://doi.org/10.1029/2019EO128229"
rights,G,TBD
comments,G,Data produced by climind version 0.1
comments,G,Format description https://help.ceda.ac.uk/article/105-badc-csv
comments,G,"Original data acknowledgement: "
long_name,time,time,days since 1800-01-01 00:00:00.0
type,time,int
long_name,year,year,1
type,year,int
long_name,data,africa_subregion_5,degC
type,data,float
coordinate_variable,time,t
data
time,year,data
36524,1900,-0.4380
36889,1901,-1.0099
37254,1902,-0.9923
37619,1903,-1.0307
37984,1904,-1.4524
38350,1905,-1.1011
38715,1906,-1.4585
39080,1907,-1.5191
39445,1908,-1.1695
39811,1909,-1.2162
40176,1910,-1.4350
40541,1911,-1.4539
40906,1912,-0.9322
41272,1913,-0.8005
41637,1914,-0.7364
42002,1915,-0.9893
42367,1916,-1.0729
42733,1917,-1.3464
43098,1918,-1.1817
43463,1919,-0.8375
43828,1920,-0.8863
44194,1921,-1.1140
44559,1922,-0.7307
44924,1923,-0.8005
45289,1924,-1.0440
45655,1925,-1.0633
46020,1926,-0.7173
46385,1927,-0.6968
46750,1928,-0.7101
47116,1929,-0.7986
47481,1930,-1.1385
47846,1931,-0.6591
48211,1932,-0.8056
48577,1933,-0.7187
48942,1934,-0.6698
49307,1935,-1.1185
49672,1936,-0.9427
50038,1937,-0.6666
50403,1938,-0.6818
50768,1939,-1.0564
51133,1940,-0.5669
51499,1941,-0.2286
51864,1942,-0.5105
52229,1943,-0.8811
52594,1944,-0.5171
52960,1945,-0.6612
53325,1946,-0.6055
53690,1947,-0.5492
54055,1948,-0.7552
54421,1949,-0.3970
54786,1950,-0.7140
55151,1951,-0.9254
55516,1952,-0.5738
55882,1953,-0.8675
56247,1954,-0.9206
56612,1955,-1.1346
56977,1956,-1.0427
57343,1957,-0.5608
57708,1958,-0.5897
58073,1959,-0.5923
58438,1960,-0.6499
58804,1961,-0.5327
59169,1962,-0.5708
59534,1963,-0.7960
59899,1964,-0.8961
60265,1965,-0.8652
60630,1966,-0.4772
60995,1967,-0.8197
61360,1968,-0.8956
61726,1969,-0.4848
62091,1970,-0.3803
62456,1971,-0.8453
62821,1972,-0.6596
63187,1973,-0.3947
63552,1974,-0.9594
63917,1975,-0.8336
64282,1976,-1.0417
64648,1977,-0.4079
65013,1978,-0.6786
65378,1979,-0.4107
65743,1980,-0.5128
66109,1981,-0.8697
66474,1982,-0.5656
66839,1983,0.0469
67204,1984,-0.2524
67570,1985,-0.4097
67935,1986,-0.3545
68300,1987,0.1339
68665,1988,-0.3343
69031,1989,-0.5740
69396,1990,-0.2072
69761,1991,-0.3770
70126,1992,-0.0497
70492,1993,-0.1762
70857,1994,-0.4729
71222,1995,-0.0386
71587,1996,-0.5320
71953,1997,-0.4022
72318,1998,0.1662
72683,1999,-0.0482
73048,2000,-0.4435
73414,2001,-0.2457
73779,2002,-0.0312
74144,2003,0.1629
74509,2004,-0.0182
74875,2005,0.2793
75240,2006,-0.3401
75605,2007,-0.0464
75970,2008,-0.1323
76336,2009,-0.1306
76701,2010,0.3080
77066,2011,-0.2661
77431,2012,-0.1363
77797,2013,-0.0574
78162,2014,-0.0472
78527,2015,0.6421
78892,2016,0.7013
79258,2017,0.2100
79623,2018,0.3906
79988,2019,0.8691
80353,2020,0.2623
80719,2021,0.0118
81084,2022,0.1222
end data
