Conventions,G,BADC-CSV,1
title,G,Regional mean temperature for WMO RA 1 Central Africa
last_revised_date,G,2023-08-28
date_valid,G,2023-08-28
feature_type,G,area average
creator,G,WMO
source,G,Produced by climind version 0.1
observation_station,G,derived data
location,G,90.,-180.,-90.,180.
activity,G,WMO
history,G,""Data set created from file ['NOAAGlobalTemp_v*.nc'] downloaded from ['https://www.ncei.noaa.gov/data/noaa-global-surface-temperature/v5/access/gridded/NOAAGlobalTemp_v.*.nc'] at ['2023-08-07 16:18:17']""
history,G,""Data set created from file ['NOAAGlobalTemp_v*.nc'] downloaded from ['https://www.ncei.noaa.gov/data/noaa-global-surface-temperature/v5/access/gridded/NOAAGlobalTemp_v.*.nc'] at ['2023-08-07 16:18:17']""
history,G,""Regridded to 1 degree latitude-longitude resolution""
history,G,""Rebaselined to 1991-2020""
history,G,""Calculated area-average""
history,G,""Calculated annual average from monthly averages using arithmetic mean""
history,G,""Selected years within the range 1900 to 2022.""
history,G,""Wrote to file africa_subregion_3_NOAAGlobalTemp.csv""
history,G,"Data set created from file ['africa_subregion_3_NOAAGlobalTemp.csv'] downloaded from [''] at ['2023-08-09 12:23:56']"
reference,G,"Huang, B., M. J. Menne, T. Boyer, E. Freeman, B. E. Gleason, J. H. Lawrimore, C. Liu, J. J. Rennie, C. Schreck, F. Sun, R. Vose, C. N. Williams, X. Yin, H.-M. Zhang, 2020: Uncertainty estimates for sea surface temperature and land surface air temperature in NOAAGlobalTemp version 5. , J. Climate, 33, 1351-1379, DOI: 10.1175/JCLI-D-19-0395.1"
reference,G,"Zhang, Huai-Min, Jay H. Lawrimore, Boyin Huang, Matthew J. Menne, Xungang Yin, Ahira Sȧnchez-Lugo, Byron E. Gleason, Russell Vose, Derek Arndt, J. Jared Rennie, and Claude N. Williams. (2019) Updated Temperature Data Give a Sharper View of Climate Trends. Eos, 100, https://doi.org/10.1029/2019EO128229"
rights,G,TBD
comments,G,Data produced by climind version 0.1
comments,G,Format description https://help.ceda.ac.uk/article/105-badc-csv
comments,G,"Original data acknowledgement: "
long_name,time,time,days since 1800-01-01 00:00:00.0
type,time,int
long_name,year,year,1
type,year,int
long_name,data,africa_subregion_3,degC
type,data,float
coordinate_variable,time,t
data
time,year,data
37254,1902,-0.8775
37619,1903,-0.8630
37984,1904,-1.2226
38350,1905,-0.8445
38715,1906,-1.0233
39080,1907,-1.1758
39445,1908,-1.0130
39811,1909,-0.9057
40176,1910,-1.1209
40541,1911,-1.3107
40906,1912,-0.9000
41272,1913,-0.7933
41637,1914,-0.6132
42002,1915,-0.6905
42367,1916,-1.3035
42733,1917,-1.2624
43098,1918,-1.4738
43463,1919,-0.8314
43828,1920,-1.1796
44194,1921,-1.1351
44559,1922,-0.8792
44924,1923,-1.0601
45289,1924,-0.8822
45655,1925,-1.0377
46020,1926,-0.7533
46385,1927,-0.8744
46750,1928,-0.7015
47116,1929,-0.9347
47481,1930,-0.9478
47846,1931,-0.4328
48211,1932,-0.8193
48577,1933,-0.6320
48942,1934,-0.8238
49307,1935,-0.9639
49672,1936,-0.9355
50038,1937,-0.7840
50403,1938,-0.6956
50768,1939,-0.8937
51133,1940,-0.5652
51499,1941,-0.2702
51864,1942,-0.5698
52229,1943,-1.0432
52594,1944,-0.7110
52960,1945,-0.9467
53325,1946,-0.8450
53690,1947,-0.6710
54055,1948,-1.0127
54421,1949,-0.7347
54786,1950,-1.1219
55151,1951,-0.9600
55516,1952,-0.7289
55882,1953,-0.9011
56247,1954,-0.9849
56612,1955,-1.0536
56977,1956,-1.0766
57343,1957,-0.8325
57708,1958,-0.5771
58073,1959,-0.7858
58438,1960,-0.7021
58804,1961,-1.0389
59169,1962,-0.8158
59534,1963,-0.7132
59899,1964,-1.0183
60265,1965,-0.9343
60630,1966,-0.6977
60995,1967,-0.9827
61360,1968,-0.9852
61726,1969,-0.5250
62091,1970,-0.6642
62456,1971,-0.9429
62821,1972,-0.6371
63187,1973,-0.3223
63552,1974,-0.9381
63917,1975,-0.9056
64282,1976,-0.8757
64648,1977,-0.6608
65013,1978,-0.6953
65378,1979,-0.4345
65743,1980,-0.4138
66109,1981,-0.8052
66474,1982,-0.7438
66839,1983,-0.4109
67204,1984,-0.5159
67570,1985,-0.6370
67935,1986,-0.5398
68300,1987,-0.1183
68665,1988,-0.4659
69031,1989,-0.9252
69396,1990,-0.2980
69761,1991,-0.4605
70126,1992,-0.7439
70492,1993,-0.4808
70857,1994,-0.6233
71222,1995,-0.2905
71587,1996,-0.4659
71953,1997,-0.4054
72318,1998,0.1413
72683,1999,-0.2779
73048,2000,-0.4268
73414,2001,-0.3375
73779,2002,-0.0075
74144,2003,0.1602
74509,2004,0.0802
74875,2005,0.3282
75240,2006,-0.0196
75605,2007,0.0208
75970,2008,-0.1300
76336,2009,0.1990
76701,2010,0.5137
77066,2011,-0.0556
77431,2012,-0.0154
77797,2013,0.1206
78162,2014,0.1281
78527,2015,0.4226
78892,2016,0.7111
79258,2017,0.3885
79623,2018,0.3861
79988,2019,0.6763
80353,2020,0.4623
80719,2021,0.4781
81084,2022,0.1620
end data
