Conventions,G,BADC-CSV,1
title,G,Regional mean temperature for WMO RA 1 North Africa
last_revised_date,G,2023-08-28
date_valid,G,2023-08-28
feature_type,G,area average
creator,G,WMO
source,G,Produced by climind version 0.1
observation_station,G,derived data
location,G,90.,-180.,-90.,180.
rights,G,TBD
activity,G,WMO
comments,G,Format description https://help.ceda.ac.uk/article/105-badc-csv
history,africa_subregion_1_Berkeley_Earth,""Data set created from file ['Land_and_Ocean_LatLong1.nc'] downloaded from ['https://berkeley-earth-temperature.s3.us-west-1.amazonaws.com/Global/Gridded/Land_and_Ocean_LatLong1.nc'] at ['2023-08-07 17:34:59']""
history,africa_subregion_1_Berkeley_Earth,""Rebaselined to 1991-2020""
history,africa_subregion_1_Berkeley_Earth,""Calculated area-average""
history,africa_subregion_1_Berkeley_Earth,""Calculated annual average from monthly averages using arithmetic mean""
history,africa_subregion_1_Berkeley_Earth,""Selected years within the range 1900 to 2022.""
history,africa_subregion_1_Berkeley_Earth,""Wrote to file africa_subregion_1_Berkeley Earth.csv""
history,africa_subregion_1_Berkeley_Earth,"Data set created from file ['africa_subregion_1_Berkeley Earth.csv'] downloaded from [''] at ['2023-08-09 11:00:04']"
reference,africa_subregion_1_Berkeley_Earth,"Rohde, R. A. and Hausfather, Z.: The Berkeley Earth Land/Ocean Temperature Record, Earth Syst. Sci. Data, 12, 3469-3479, https://doi.org/10.5194/essd-12-3469-2020, 2020"
comments,africa_subregion_1_Berkeley_Earth,"Original data acknowledgement: "
history,africa_subregion_1_ERA5,""Gridded dataset created from file ['era5_2m_tas_2023.nc'] downloaded from ['']""
history,africa_subregion_1_ERA5,""Regridded to 1 degree latitude-longitude resolution""
history,africa_subregion_1_ERA5,""Rebaselined to 1991-2020""
history,africa_subregion_1_ERA5,""Calculated area-average""
history,africa_subregion_1_ERA5,""Calculated annual average from monthly averages using arithmetic mean""
history,africa_subregion_1_ERA5,""Selected years within the range 1900 to 2022.""
history,africa_subregion_1_ERA5,""Wrote to file africa_subregion_1_ERA5.csv""
history,africa_subregion_1_ERA5,"Data set created from file ['africa_subregion_1_ERA5.csv'] downloaded from [''] at ['2023-08-09 11:00:39']"
reference,africa_subregion_1_ERA5,"Hersbach H, Bell B, Berrisford P et al. 2020. The ERA5 global reanalysis. Q. J. R. Meteorol. Soc. 146: 1999-2049. https://doi.org/10.1002/qj.3803"
comments,africa_subregion_1_ERA5,"Original data acknowledgement: "
history,africa_subregion_1_GISTEMP,""Data set created from file ['gistemp1200_GHCNv4_ERSSTv5.nc.gz'] downloaded from ['https://data.giss.nasa.gov/pub/gistemp/gistemp1200_GHCNv4_ERSSTv5.nc.gz'] at ['2023-08-07 16:14:33']""
history,africa_subregion_1_GISTEMP,""Regridded to 1 degree latitude-longitude resolution""
history,africa_subregion_1_GISTEMP,""Rebaselined to 1991-2020""
history,africa_subregion_1_GISTEMP,""Calculated area-average""
history,africa_subregion_1_GISTEMP,""Calculated annual average from monthly averages using arithmetic mean""
history,africa_subregion_1_GISTEMP,""Selected years within the range 1900 to 2022.""
history,africa_subregion_1_GISTEMP,""Wrote to file africa_subregion_1_GISTEMP.csv""
history,africa_subregion_1_GISTEMP,"Data set created from file ['africa_subregion_1_GISTEMP.csv'] downloaded from [''] at ['2023-08-09 11:01:04']"
reference,africa_subregion_1_GISTEMP,"Lenssen, N., G. Schmidt, J. Hansen, M. Menne, A. Persin, R. Ruedy, and D. Zyss, 2019: Improvements in the GISTEMP uncertainty model. J. Geophys. Res. Atmos., 124, no. 12, 6307-6326, doi:10.1029/2018JD029522"
comments,africa_subregion_1_GISTEMP,"Original data acknowledgement: "
history,africa_subregion_1_HadCRUT5,""Data set created from file ['HadCRUT.5.0.1.0.analysis.anomalies.ensemble_mean.nc'] downloaded from ['https://www.metoffice.gov.uk/hadobs/hadcrut5/data/current/analysis/HadCRUT.5.0.1.0.analysis.anomalies.ensemble_mean.nc'] at ['2023-08-07 16:14:34']""
history,africa_subregion_1_HadCRUT5,""Regridded to 1 degree latitude-longitude resolution""
history,africa_subregion_1_HadCRUT5,""Rebaselined to 1991-2020""
history,africa_subregion_1_HadCRUT5,""Calculated area-average""
history,africa_subregion_1_HadCRUT5,""Calculated annual average from monthly averages using arithmetic mean""
history,africa_subregion_1_HadCRUT5,""Selected years within the range 1900 to 2022.""
history,africa_subregion_1_HadCRUT5,""Wrote to file africa_subregion_1_HadCRUT5.csv""
history,africa_subregion_1_HadCRUT5,"Data set created from file ['africa_subregion_1_HadCRUT5.csv'] downloaded from [''] at ['2023-08-09 11:01:49']"
reference,africa_subregion_1_HadCRUT5,"Morice, C. P., Kennedy, J. J., Rayner, N. A., Winn, J. P., Hogan, E., Killick, R. E., et al. (2021). An updated assessment of near-surface temperature change from 1850: the HadCRUT5 data set. Journal of Geophysical Research: Atmospheres, 126, e2019JD032361. https://doi.org/10.1029/2019JD032361"
comments,africa_subregion_1_HadCRUT5,"Original data acknowledgement: HadCRUT.5.0.1.0 data were obtained from http://www.metoffice.gov.uk/hadobs/hadcrut5 on 2023-08-07 16:14:34 and are © British Crown Copyright, Met Office 2023, provided under an Open Government License, http://www.nationalarchives.gov.uk/doc/open-government-licence/version/3/"
history,africa_subregion_1_JRA-55,""Data set created from file ['anl_surf125.011_tmp.202301_202312', 'anl_surf125.2023MMMM'] downloaded from ['', ''] at ['2023-08-07 16:16:00']""
history,africa_subregion_1_JRA-55,""Regridded to 1 degree latitude-longitude resolution""
history,africa_subregion_1_JRA-55,""Rebaselined to 1991-2020""
history,africa_subregion_1_JRA-55,""Calculated area-average""
history,africa_subregion_1_JRA-55,""Calculated annual average from monthly averages using arithmetic mean""
history,africa_subregion_1_JRA-55,""Selected years within the range 1900 to 2022.""
history,africa_subregion_1_JRA-55,""Wrote to file africa_subregion_1_JRA-55.csv""
history,africa_subregion_1_JRA-55,"Data set created from file ['africa_subregion_1_JRA-55.csv'] downloaded from [''] at ['2023-08-09 11:02:28']"
reference,africa_subregion_1_JRA-55,"Kobayashi, S., Ota, Y., Harada, Y., Ebita, A., Moriya, M., Onoda, H., Onogi, K., Kamahori, H., Kobayashi, C., Endo, H. and Miyaoka, K., (2015). The JRA-55 reanalysis: General specifications and basic characteristics. Journal of the Meteorological Society of Japan. Ser. II, 93(1), pp.5-48."
comments,africa_subregion_1_JRA-55,"Original data acknowledgement: "
history,africa_subregion_1_NOAAGlobalTemp,""Data set created from file ['NOAAGlobalTemp_v*.nc'] downloaded from ['https://www.ncei.noaa.gov/data/noaa-global-surface-temperature/v5/access/gridded/NOAAGlobalTemp_v.*.nc'] at ['2023-08-07 16:18:17']""
history,africa_subregion_1_NOAAGlobalTemp,""Data set created from file ['NOAAGlobalTemp_v*.nc'] downloaded from ['https://www.ncei.noaa.gov/data/noaa-global-surface-temperature/v5/access/gridded/NOAAGlobalTemp_v.*.nc'] at ['2023-08-07 16:18:17']""
history,africa_subregion_1_NOAAGlobalTemp,""Regridded to 1 degree latitude-longitude resolution""
history,africa_subregion_1_NOAAGlobalTemp,""Rebaselined to 1991-2020""
history,africa_subregion_1_NOAAGlobalTemp,""Calculated area-average""
history,africa_subregion_1_NOAAGlobalTemp,""Calculated annual average from monthly averages using arithmetic mean""
history,africa_subregion_1_NOAAGlobalTemp,""Selected years within the range 1900 to 2022.""
history,africa_subregion_1_NOAAGlobalTemp,""Wrote to file africa_subregion_1_NOAAGlobalTemp.csv""
history,africa_subregion_1_NOAAGlobalTemp,"Data set created from file ['africa_subregion_1_NOAAGlobalTemp.csv'] downloaded from [''] at ['2023-08-09 12:23:49']"
reference,africa_subregion_1_NOAAGlobalTemp,"Huang, B., M. J. Menne, T. Boyer, E. Freeman, B. E. Gleason, J. H. Lawrimore, C. Liu, J. J. Rennie, C. Schreck, F. Sun, R. Vose, C. N. Williams, X. Yin, H.-M. Zhang, 2020: Uncertainty estimates for sea surface temperature and land surface air temperature in NOAAGlobalTemp version 5. , J. Climate, 33, 1351-1379, DOI: 10.1175/JCLI-D-19-0395.1"
reference,africa_subregion_1_NOAAGlobalTemp,"Zhang, Huai-Min, Jay H. Lawrimore, Boyin Huang, Matthew J. Menne, Xungang Yin, Ahira Sȧnchez-Lugo, Byron E. Gleason, Russell Vose, Derek Arndt, J. Jared Rennie, and Claude N. Williams. (2019) Updated Temperature Data Give a Sharper View of Climate Trends. Eos, 100, https://doi.org/10.1029/2019EO128229"
comments,africa_subregion_1_NOAAGlobalTemp,"Original data acknowledgement: "
history,africa_subregion_2_Berkeley_Earth,""Data set created from file ['Land_and_Ocean_LatLong1.nc'] downloaded from ['https://berkeley-earth-temperature.s3.us-west-1.amazonaws.com/Global/Gridded/Land_and_Ocean_LatLong1.nc'] at ['2023-08-07 17:34:59']""
history,africa_subregion_2_Berkeley_Earth,""Rebaselined to 1991-2020""
history,africa_subregion_2_Berkeley_Earth,""Calculated area-average""
history,africa_subregion_2_Berkeley_Earth,""Calculated annual average from monthly averages using arithmetic mean""
history,africa_subregion_2_Berkeley_Earth,""Selected years within the range 1900 to 2022.""
history,africa_subregion_2_Berkeley_Earth,""Wrote to file africa_subregion_2_Berkeley Earth.csv""
history,africa_subregion_2_Berkeley_Earth,"Data set created from file ['africa_subregion_2_Berkeley Earth.csv'] downloaded from [''] at ['2023-08-09 11:00:06']"
reference,africa_subregion_2_Berkeley_Earth,"Rohde, R. A. and Hausfather, Z.: The Berkeley Earth Land/Ocean Temperature Record, Earth Syst. Sci. Data, 12, 3469-3479, https://doi.org/10.5194/essd-12-3469-2020, 2020"
comments,africa_subregion_2_Berkeley_Earth,"Original data acknowledgement: "
history,africa_subregion_2_ERA5,""Gridded dataset created from file ['era5_2m_tas_2023.nc'] downloaded from ['']""
history,africa_subregion_2_ERA5,""Regridded to 1 degree latitude-longitude resolution""
history,africa_subregion_2_ERA5,""Rebaselined to 1991-2020""
history,africa_subregion_2_ERA5,""Calculated area-average""
history,africa_subregion_2_ERA5,""Calculated annual average from monthly averages using arithmetic mean""
history,africa_subregion_2_ERA5,""Selected years within the range 1900 to 2022.""
history,africa_subregion_2_ERA5,""Wrote to file africa_subregion_2_ERA5.csv""
history,africa_subregion_2_ERA5,"Data set created from file ['africa_subregion_2_ERA5.csv'] downloaded from [''] at ['2023-08-09 11:00:40']"
reference,africa_subregion_2_ERA5,"Hersbach H, Bell B, Berrisford P et al. 2020. The ERA5 global reanalysis. Q. J. R. Meteorol. Soc. 146: 1999-2049. https://doi.org/10.1002/qj.3803"
comments,africa_subregion_2_ERA5,"Original data acknowledgement: "
history,africa_subregion_2_GISTEMP,""Data set created from file ['gistemp1200_GHCNv4_ERSSTv5.nc.gz'] downloaded from ['https://data.giss.nasa.gov/pub/gistemp/gistemp1200_GHCNv4_ERSSTv5.nc.gz'] at ['2023-08-07 16:14:33']""
history,africa_subregion_2_GISTEMP,""Regridded to 1 degree latitude-longitude resolution""
history,africa_subregion_2_GISTEMP,""Rebaselined to 1991-2020""
history,africa_subregion_2_GISTEMP,""Calculated area-average""
history,africa_subregion_2_GISTEMP,""Calculated annual average from monthly averages using arithmetic mean""
history,africa_subregion_2_GISTEMP,""Selected years within the range 1900 to 2022.""
history,africa_subregion_2_GISTEMP,""Wrote to file africa_subregion_2_GISTEMP.csv""
history,africa_subregion_2_GISTEMP,"Data set created from file ['africa_subregion_2_GISTEMP.csv'] downloaded from [''] at ['2023-08-09 11:01:06']"
reference,africa_subregion_2_GISTEMP,"Lenssen, N., G. Schmidt, J. Hansen, M. Menne, A. Persin, R. Ruedy, and D. Zyss, 2019: Improvements in the GISTEMP uncertainty model. J. Geophys. Res. Atmos., 124, no. 12, 6307-6326, doi:10.1029/2018JD029522"
comments,africa_subregion_2_GISTEMP,"Original data acknowledgement: "
history,africa_subregion_2_HadCRUT5,""Data set created from file ['HadCRUT.5.0.1.0.analysis.anomalies.ensemble_mean.nc'] downloaded from ['https://www.metoffice.gov.uk/hadobs/hadcrut5/data/current/analysis/HadCRUT.5.0.1.0.analysis.anomalies.ensemble_mean.nc'] at ['2023-08-07 16:14:34']""
history,africa_subregion_2_HadCRUT5,""Regridded to 1 degree latitude-longitude resolution""
history,africa_subregion_2_HadCRUT5,""Rebaselined to 1991-2020""
history,africa_subregion_2_HadCRUT5,""Calculated area-average""
history,africa_subregion_2_HadCRUT5,""Calculated annual average from monthly averages using arithmetic mean""
history,africa_subregion_2_HadCRUT5,""Selected years within the range 1900 to 2022.""
history,africa_subregion_2_HadCRUT5,""Wrote to file africa_subregion_2_HadCRUT5.csv""
history,africa_subregion_2_HadCRUT5,"Data set created from file ['africa_subregion_2_HadCRUT5.csv'] downloaded from [''] at ['2023-08-09 11:01:51']"
reference,africa_subregion_2_HadCRUT5,"Morice, C. P., Kennedy, J. J., Rayner, N. A., Winn, J. P., Hogan, E., Killick, R. E., et al. (2021). An updated assessment of near-surface temperature change from 1850: the HadCRUT5 data set. Journal of Geophysical Research: Atmospheres, 126, e2019JD032361. https://doi.org/10.1029/2019JD032361"
comments,africa_subregion_2_HadCRUT5,"Original data acknowledgement: HadCRUT.5.0.1.0 data were obtained from http://www.metoffice.gov.uk/hadobs/hadcrut5 on 2023-08-07 16:14:34 and are © British Crown Copyright, Met Office 2023, provided under an Open Government License, http://www.nationalarchives.gov.uk/doc/open-government-licence/version/3/"
history,africa_subregion_2_JRA-55,""Data set created from file ['anl_surf125.011_tmp.202301_202312', 'anl_surf125.2023MMMM'] downloaded from ['', ''] at ['2023-08-07 16:16:00']""
history,africa_subregion_2_JRA-55,""Regridded to 1 degree latitude-longitude resolution""
history,africa_subregion_2_JRA-55,""Rebaselined to 1991-2020""
history,africa_subregion_2_JRA-55,""Calculated area-average""
history,africa_subregion_2_JRA-55,""Calculated annual average from monthly averages using arithmetic mean""
history,africa_subregion_2_JRA-55,""Selected years within the range 1900 to 2022.""
history,africa_subregion_2_JRA-55,""Wrote to file africa_subregion_2_JRA-55.csv""
history,africa_subregion_2_JRA-55,"Data set created from file ['africa_subregion_2_JRA-55.csv'] downloaded from [''] at ['2023-08-09 11:02:28']"
reference,africa_subregion_2_JRA-55,"Kobayashi, S., Ota, Y., Harada, Y., Ebita, A., Moriya, M., Onoda, H., Onogi, K., Kamahori, H., Kobayashi, C., Endo, H. and Miyaoka, K., (2015). The JRA-55 reanalysis: General specifications and basic characteristics. Journal of the Meteorological Society of Japan. Ser. II, 93(1), pp.5-48."
comments,africa_subregion_2_JRA-55,"Original data acknowledgement: "
history,africa_subregion_2_NOAAGlobalTemp,""Data set created from file ['NOAAGlobalTemp_v*.nc'] downloaded from ['https://www.ncei.noaa.gov/data/noaa-global-surface-temperature/v5/access/gridded/NOAAGlobalTemp_v.*.nc'] at ['2023-08-07 16:18:17']""
history,africa_subregion_2_NOAAGlobalTemp,""Data set created from file ['NOAAGlobalTemp_v*.nc'] downloaded from ['https://www.ncei.noaa.gov/data/noaa-global-surface-temperature/v5/access/gridded/NOAAGlobalTemp_v.*.nc'] at ['2023-08-07 16:18:17']""
history,africa_subregion_2_NOAAGlobalTemp,""Regridded to 1 degree latitude-longitude resolution""
history,africa_subregion_2_NOAAGlobalTemp,""Rebaselined to 1991-2020""
history,africa_subregion_2_NOAAGlobalTemp,""Calculated area-average""
history,africa_subregion_2_NOAAGlobalTemp,""Calculated annual average from monthly averages using arithmetic mean""
history,africa_subregion_2_NOAAGlobalTemp,""Selected years within the range 1900 to 2022.""
history,africa_subregion_2_NOAAGlobalTemp,""Wrote to file africa_subregion_2_NOAAGlobalTemp.csv""
history,africa_subregion_2_NOAAGlobalTemp,"Data set created from file ['africa_subregion_2_NOAAGlobalTemp.csv'] downloaded from [''] at ['2023-08-09 12:23:52']"
reference,africa_subregion_2_NOAAGlobalTemp,"Huang, B., M. J. Menne, T. Boyer, E. Freeman, B. E. Gleason, J. H. Lawrimore, C. Liu, J. J. Rennie, C. Schreck, F. Sun, R. Vose, C. N. Williams, X. Yin, H.-M. Zhang, 2020: Uncertainty estimates for sea surface temperature and land surface air temperature in NOAAGlobalTemp version 5. , J. Climate, 33, 1351-1379, DOI: 10.1175/JCLI-D-19-0395.1"
reference,africa_subregion_2_NOAAGlobalTemp,"Zhang, Huai-Min, Jay H. Lawrimore, Boyin Huang, Matthew J. Menne, Xungang Yin, Ahira Sȧnchez-Lugo, Byron E. Gleason, Russell Vose, Derek Arndt, J. Jared Rennie, and Claude N. Williams. (2019) Updated Temperature Data Give a Sharper View of Climate Trends. Eos, 100, https://doi.org/10.1029/2019EO128229"
comments,africa_subregion_2_NOAAGlobalTemp,"Original data acknowledgement: "
history,africa_subregion_3_Berkeley_Earth,""Data set created from file ['Land_and_Ocean_LatLong1.nc'] downloaded from ['https://berkeley-earth-temperature.s3.us-west-1.amazonaws.com/Global/Gridded/Land_and_Ocean_LatLong1.nc'] at ['2023-08-07 17:34:59']""
history,africa_subregion_3_Berkeley_Earth,""Rebaselined to 1991-2020""
history,africa_subregion_3_Berkeley_Earth,""Calculated area-average""
history,africa_subregion_3_Berkeley_Earth,""Calculated annual average from monthly averages using arithmetic mean""
history,africa_subregion_3_Berkeley_Earth,""Selected years within the range 1900 to 2022.""
history,africa_subregion_3_Berkeley_Earth,""Wrote to file africa_subregion_3_Berkeley Earth.csv""
history,africa_subregion_3_Berkeley_Earth,"Data set created from file ['africa_subregion_3_Berkeley Earth.csv'] downloaded from [''] at ['2023-08-09 11:00:08']"
reference,africa_subregion_3_Berkeley_Earth,"Rohde, R. A. and Hausfather, Z.: The Berkeley Earth Land/Ocean Temperature Record, Earth Syst. Sci. Data, 12, 3469-3479, https://doi.org/10.5194/essd-12-3469-2020, 2020"
comments,africa_subregion_3_Berkeley_Earth,"Original data acknowledgement: "
history,africa_subregion_3_ERA5,""Gridded dataset created from file ['era5_2m_tas_2023.nc'] downloaded from ['']""
history,africa_subregion_3_ERA5,""Regridded to 1 degree latitude-longitude resolution""
history,africa_subregion_3_ERA5,""Rebaselined to 1991-2020""
history,africa_subregion_3_ERA5,""Calculated area-average""
history,africa_subregion_3_ERA5,""Calculated annual average from monthly averages using arithmetic mean""
history,africa_subregion_3_ERA5,""Selected years within the range 1900 to 2022.""
history,africa_subregion_3_ERA5,""Wrote to file africa_subregion_3_ERA5.csv""
history,africa_subregion_3_ERA5,"Data set created from file ['africa_subregion_3_ERA5.csv'] downloaded from [''] at ['2023-08-09 11:00:40']"
reference,africa_subregion_3_ERA5,"Hersbach H, Bell B, Berrisford P et al. 2020. The ERA5 global reanalysis. Q. J. R. Meteorol. Soc. 146: 1999-2049. https://doi.org/10.1002/qj.3803"
comments,africa_subregion_3_ERA5,"Original data acknowledgement: "
history,africa_subregion_3_GISTEMP,""Data set created from file ['gistemp1200_GHCNv4_ERSSTv5.nc.gz'] downloaded from ['https://data.giss.nasa.gov/pub/gistemp/gistemp1200_GHCNv4_ERSSTv5.nc.gz'] at ['2023-08-07 16:14:33']""
history,africa_subregion_3_GISTEMP,""Regridded to 1 degree latitude-longitude resolution""
history,africa_subregion_3_GISTEMP,""Rebaselined to 1991-2020""
history,africa_subregion_3_GISTEMP,""Calculated area-average""
history,africa_subregion_3_GISTEMP,""Calculated annual average from monthly averages using arithmetic mean""
history,africa_subregion_3_GISTEMP,""Selected years within the range 1900 to 2022.""
history,africa_subregion_3_GISTEMP,""Wrote to file africa_subregion_3_GISTEMP.csv""
history,africa_subregion_3_GISTEMP,"Data set created from file ['africa_subregion_3_GISTEMP.csv'] downloaded from [''] at ['2023-08-09 11:01:07']"
reference,africa_subregion_3_GISTEMP,"Lenssen, N., G. Schmidt, J. Hansen, M. Menne, A. Persin, R. Ruedy, and D. Zyss, 2019: Improvements in the GISTEMP uncertainty model. J. Geophys. Res. Atmos., 124, no. 12, 6307-6326, doi:10.1029/2018JD029522"
comments,africa_subregion_3_GISTEMP,"Original data acknowledgement: "
history,africa_subregion_3_HadCRUT5,""Data set created from file ['HadCRUT.5.0.1.0.analysis.anomalies.ensemble_mean.nc'] downloaded from ['https://www.metoffice.gov.uk/hadobs/hadcrut5/data/current/analysis/HadCRUT.5.0.1.0.analysis.anomalies.ensemble_mean.nc'] at ['2023-08-07 16:14:34']""
history,africa_subregion_3_HadCRUT5,""Regridded to 1 degree latitude-longitude resolution""
history,africa_subregion_3_HadCRUT5,""Rebaselined to 1991-2020""
history,africa_subregion_3_HadCRUT5,""Calculated area-average""
history,africa_subregion_3_HadCRUT5,""Calculated annual average from monthly averages using arithmetic mean""
history,africa_subregion_3_HadCRUT5,""Selected years within the range 1900 to 2022.""
history,africa_subregion_3_HadCRUT5,""Wrote to file africa_subregion_3_HadCRUT5.csv""
history,africa_subregion_3_HadCRUT5,"Data set created from file ['africa_subregion_3_HadCRUT5.csv'] downloaded from [''] at ['2023-08-09 11:01:54']"
reference,africa_subregion_3_HadCRUT5,"Morice, C. P., Kennedy, J. J., Rayner, N. A., Winn, J. P., Hogan, E., Killick, R. E., et al. (2021). An updated assessment of near-surface temperature change from 1850: the HadCRUT5 data set. Journal of Geophysical Research: Atmospheres, 126, e2019JD032361. https://doi.org/10.1029/2019JD032361"
comments,africa_subregion_3_HadCRUT5,"Original data acknowledgement: HadCRUT.5.0.1.0 data were obtained from http://www.metoffice.gov.uk/hadobs/hadcrut5 on 2023-08-07 16:14:34 and are © British Crown Copyright, Met Office 2023, provided under an Open Government License, http://www.nationalarchives.gov.uk/doc/open-government-licence/version/3/"
history,africa_subregion_3_JRA-55,""Data set created from file ['anl_surf125.011_tmp.202301_202312', 'anl_surf125.2023MMMM'] downloaded from ['', ''] at ['2023-08-07 16:16:00']""
history,africa_subregion_3_JRA-55,""Regridded to 1 degree latitude-longitude resolution""
history,africa_subregion_3_JRA-55,""Rebaselined to 1991-2020""
history,africa_subregion_3_JRA-55,""Calculated area-average""
history,africa_subregion_3_JRA-55,""Calculated annual average from monthly averages using arithmetic mean""
history,africa_subregion_3_JRA-55,""Selected years within the range 1900 to 2022.""
history,africa_subregion_3_JRA-55,""Wrote to file africa_subregion_3_JRA-55.csv""
history,africa_subregion_3_JRA-55,"Data set created from file ['africa_subregion_3_JRA-55.csv'] downloaded from [''] at ['2023-08-09 11:02:29']"
reference,africa_subregion_3_JRA-55,"Kobayashi, S., Ota, Y., Harada, Y., Ebita, A., Moriya, M., Onoda, H., Onogi, K., Kamahori, H., Kobayashi, C., Endo, H. and Miyaoka, K., (2015). The JRA-55 reanalysis: General specifications and basic characteristics. Journal of the Meteorological Society of Japan. Ser. II, 93(1), pp.5-48."
comments,africa_subregion_3_JRA-55,"Original data acknowledgement: "
history,africa_subregion_3_NOAAGlobalTemp,""Data set created from file ['NOAAGlobalTemp_v*.nc'] downloaded from ['https://www.ncei.noaa.gov/data/noaa-global-surface-temperature/v5/access/gridded/NOAAGlobalTemp_v.*.nc'] at ['2023-08-07 16:18:17']""
history,africa_subregion_3_NOAAGlobalTemp,""Data set created from file ['NOAAGlobalTemp_v*.nc'] downloaded from ['https://www.ncei.noaa.gov/data/noaa-global-surface-temperature/v5/access/gridded/NOAAGlobalTemp_v.*.nc'] at ['2023-08-07 16:18:17']""
history,africa_subregion_3_NOAAGlobalTemp,""Regridded to 1 degree latitude-longitude resolution""
history,africa_subregion_3_NOAAGlobalTemp,""Rebaselined to 1991-2020""
history,africa_subregion_3_NOAAGlobalTemp,""Calculated area-average""
history,africa_subregion_3_NOAAGlobalTemp,""Calculated annual average from monthly averages using arithmetic mean""
history,africa_subregion_3_NOAAGlobalTemp,""Selected years within the range 1900 to 2022.""
history,africa_subregion_3_NOAAGlobalTemp,""Wrote to file africa_subregion_3_NOAAGlobalTemp.csv""
history,africa_subregion_3_NOAAGlobalTemp,"Data set created from file ['africa_subregion_3_NOAAGlobalTemp.csv'] downloaded from [''] at ['2023-08-09 12:23:56']"
reference,africa_subregion_3_NOAAGlobalTemp,"Huang, B., M. J. Menne, T. Boyer, E. Freeman, B. E. Gleason, J. H. Lawrimore, C. Liu, J. J. Rennie, C. Schreck, F. Sun, R. Vose, C. N. Williams, X. Yin, H.-M. Zhang, 2020: Uncertainty estimates for sea surface temperature and land surface air temperature in NOAAGlobalTemp version 5. , J. Climate, 33, 1351-1379, DOI: 10.1175/JCLI-D-19-0395.1"
reference,africa_subregion_3_NOAAGlobalTemp,"Zhang, Huai-Min, Jay H. Lawrimore, Boyin Huang, Matthew J. Menne, Xungang Yin, Ahira Sȧnchez-Lugo, Byron E. Gleason, Russell Vose, Derek Arndt, J. Jared Rennie, and Claude N. Williams. (2019) Updated Temperature Data Give a Sharper View of Climate Trends. Eos, 100, https://doi.org/10.1029/2019EO128229"
comments,africa_subregion_3_NOAAGlobalTemp,"Original data acknowledgement: "
history,africa_subregion_4_Berkeley_Earth,""Data set created from file ['Land_and_Ocean_LatLong1.nc'] downloaded from ['https://berkeley-earth-temperature.s3.us-west-1.amazonaws.com/Global/Gridded/Land_and_Ocean_LatLong1.nc'] at ['2023-08-07 17:34:59']""
history,africa_subregion_4_Berkeley_Earth,""Rebaselined to 1991-2020""
history,africa_subregion_4_Berkeley_Earth,""Calculated area-average""
history,africa_subregion_4_Berkeley_Earth,""Calculated annual average from monthly averages using arithmetic mean""
history,africa_subregion_4_Berkeley_Earth,""Selected years within the range 1900 to 2022.""
history,africa_subregion_4_Berkeley_Earth,""Wrote to file africa_subregion_4_Berkeley Earth.csv""
history,africa_subregion_4_Berkeley_Earth,"Data set created from file ['africa_subregion_4_Berkeley Earth.csv'] downloaded from [''] at ['2023-08-09 11:00:11']"
reference,africa_subregion_4_Berkeley_Earth,"Rohde, R. A. and Hausfather, Z.: The Berkeley Earth Land/Ocean Temperature Record, Earth Syst. Sci. Data, 12, 3469-3479, https://doi.org/10.5194/essd-12-3469-2020, 2020"
comments,africa_subregion_4_Berkeley_Earth,"Original data acknowledgement: "
history,africa_subregion_4_ERA5,""Gridded dataset created from file ['era5_2m_tas_2023.nc'] downloaded from ['']""
history,africa_subregion_4_ERA5,""Regridded to 1 degree latitude-longitude resolution""
history,africa_subregion_4_ERA5,""Rebaselined to 1991-2020""
history,africa_subregion_4_ERA5,""Calculated area-average""
history,africa_subregion_4_ERA5,""Calculated annual average from monthly averages using arithmetic mean""
history,africa_subregion_4_ERA5,""Selected years within the range 1900 to 2022.""
history,africa_subregion_4_ERA5,""Wrote to file africa_subregion_4_ERA5.csv""
history,africa_subregion_4_ERA5,"Data set created from file ['africa_subregion_4_ERA5.csv'] downloaded from [''] at ['2023-08-09 11:00:41']"
reference,africa_subregion_4_ERA5,"Hersbach H, Bell B, Berrisford P et al. 2020. The ERA5 global reanalysis. Q. J. R. Meteorol. Soc. 146: 1999-2049. https://doi.org/10.1002/qj.3803"
comments,africa_subregion_4_ERA5,"Original data acknowledgement: "
history,africa_subregion_4_GISTEMP,""Data set created from file ['gistemp1200_GHCNv4_ERSSTv5.nc.gz'] downloaded from ['https://data.giss.nasa.gov/pub/gistemp/gistemp1200_GHCNv4_ERSSTv5.nc.gz'] at ['2023-08-07 16:14:33']""
history,africa_subregion_4_GISTEMP,""Regridded to 1 degree latitude-longitude resolution""
history,africa_subregion_4_GISTEMP,""Rebaselined to 1991-2020""
history,africa_subregion_4_GISTEMP,""Calculated area-average""
history,africa_subregion_4_GISTEMP,""Calculated annual average from monthly averages using arithmetic mean""
history,africa_subregion_4_GISTEMP,""Selected years within the range 1900 to 2022.""
history,africa_subregion_4_GISTEMP,""Wrote to file africa_subregion_4_GISTEMP.csv""
history,africa_subregion_4_GISTEMP,"Data set created from file ['africa_subregion_4_GISTEMP.csv'] downloaded from [''] at ['2023-08-09 11:01:08']"
reference,africa_subregion_4_GISTEMP,"Lenssen, N., G. Schmidt, J. Hansen, M. Menne, A. Persin, R. Ruedy, and D. Zyss, 2019: Improvements in the GISTEMP uncertainty model. J. Geophys. Res. Atmos., 124, no. 12, 6307-6326, doi:10.1029/2018JD029522"
comments,africa_subregion_4_GISTEMP,"Original data acknowledgement: "
history,africa_subregion_4_HadCRUT5,""Data set created from file ['HadCRUT.5.0.1.0.analysis.anomalies.ensemble_mean.nc'] downloaded from ['https://www.metoffice.gov.uk/hadobs/hadcrut5/data/current/analysis/HadCRUT.5.0.1.0.analysis.anomalies.ensemble_mean.nc'] at ['2023-08-07 16:14:34']""
history,africa_subregion_4_HadCRUT5,""Regridded to 1 degree latitude-longitude resolution""
history,africa_subregion_4_HadCRUT5,""Rebaselined to 1991-2020""
history,africa_subregion_4_HadCRUT5,""Calculated area-average""
history,africa_subregion_4_HadCRUT5,""Calculated annual average from monthly averages using arithmetic mean""
history,africa_subregion_4_HadCRUT5,""Selected years within the range 1900 to 2022.""
history,africa_subregion_4_HadCRUT5,""Wrote to file africa_subregion_4_HadCRUT5.csv""
history,africa_subregion_4_HadCRUT5,"Data set created from file ['africa_subregion_4_HadCRUT5.csv'] downloaded from [''] at ['2023-08-09 11:01:56']"
reference,africa_subregion_4_HadCRUT5,"Morice, C. P., Kennedy, J. J., Rayner, N. A., Winn, J. P., Hogan, E., Killick, R. E., et al. (2021). An updated assessment of near-surface temperature change from 1850: the HadCRUT5 data set. Journal of Geophysical Research: Atmospheres, 126, e2019JD032361. https://doi.org/10.1029/2019JD032361"
comments,africa_subregion_4_HadCRUT5,"Original data acknowledgement: HadCRUT.5.0.1.0 data were obtained from http://www.metoffice.gov.uk/hadobs/hadcrut5 on 2023-08-07 16:14:34 and are © British Crown Copyright, Met Office 2023, provided under an Open Government License, http://www.nationalarchives.gov.uk/doc/open-government-licence/version/3/"
history,africa_subregion_4_JRA-55,""Data set created from file ['anl_surf125.011_tmp.202301_202312', 'anl_surf125.2023MMMM'] downloaded from ['', ''] at ['2023-08-07 16:16:00']""
history,africa_subregion_4_JRA-55,""Regridded to 1 degree latitude-longitude resolution""
history,africa_subregion_4_JRA-55,""Rebaselined to 1991-2020""
history,africa_subregion_4_JRA-55,""Calculated area-average""
history,africa_subregion_4_JRA-55,""Calculated annual average from monthly averages using arithmetic mean""
history,africa_subregion_4_JRA-55,""Selected years within the range 1900 to 2022.""
history,africa_subregion_4_JRA-55,""Wrote to file africa_subregion_4_JRA-55.csv""
history,africa_subregion_4_JRA-55,"Data set created from file ['africa_subregion_4_JRA-55.csv'] downloaded from [''] at ['2023-08-09 11:02:30']"
reference,africa_subregion_4_JRA-55,"Kobayashi, S., Ota, Y., Harada, Y., Ebita, A., Moriya, M., Onoda, H., Onogi, K., Kamahori, H., Kobayashi, C., Endo, H. and Miyaoka, K., (2015). The JRA-55 reanalysis: General specifications and basic characteristics. Journal of the Meteorological Society of Japan. Ser. II, 93(1), pp.5-48."
comments,africa_subregion_4_JRA-55,"Original data acknowledgement: "
history,africa_subregion_4_NOAAGlobalTemp,""Data set created from file ['NOAAGlobalTemp_v*.nc'] downloaded from ['https://www.ncei.noaa.gov/data/noaa-global-surface-temperature/v5/access/gridded/NOAAGlobalTemp_v.*.nc'] at ['2023-08-07 16:18:17']""
history,africa_subregion_4_NOAAGlobalTemp,""Data set created from file ['NOAAGlobalTemp_v*.nc'] downloaded from ['https://www.ncei.noaa.gov/data/noaa-global-surface-temperature/v5/access/gridded/NOAAGlobalTemp_v.*.nc'] at ['2023-08-07 16:18:17']""
history,africa_subregion_4_NOAAGlobalTemp,""Regridded to 1 degree latitude-longitude resolution""
history,africa_subregion_4_NOAAGlobalTemp,""Rebaselined to 1991-2020""
history,africa_subregion_4_NOAAGlobalTemp,""Calculated area-average""
history,africa_subregion_4_NOAAGlobalTemp,""Calculated annual average from monthly averages using arithmetic mean""
history,africa_subregion_4_NOAAGlobalTemp,""Selected years within the range 1900 to 2022.""
history,africa_subregion_4_NOAAGlobalTemp,""Wrote to file africa_subregion_4_NOAAGlobalTemp.csv""
history,africa_subregion_4_NOAAGlobalTemp,"Data set created from file ['africa_subregion_4_NOAAGlobalTemp.csv'] downloaded from [''] at ['2023-08-09 12:23:59']"
reference,africa_subregion_4_NOAAGlobalTemp,"Huang, B., M. J. Menne, T. Boyer, E. Freeman, B. E. Gleason, J. H. Lawrimore, C. Liu, J. J. Rennie, C. Schreck, F. Sun, R. Vose, C. N. Williams, X. Yin, H.-M. Zhang, 2020: Uncertainty estimates for sea surface temperature and land surface air temperature in NOAAGlobalTemp version 5. , J. Climate, 33, 1351-1379, DOI: 10.1175/JCLI-D-19-0395.1"
reference,africa_subregion_4_NOAAGlobalTemp,"Zhang, Huai-Min, Jay H. Lawrimore, Boyin Huang, Matthew J. Menne, Xungang Yin, Ahira Sȧnchez-Lugo, Byron E. Gleason, Russell Vose, Derek Arndt, J. Jared Rennie, and Claude N. Williams. (2019) Updated Temperature Data Give a Sharper View of Climate Trends. Eos, 100, https://doi.org/10.1029/2019EO128229"
comments,africa_subregion_4_NOAAGlobalTemp,"Original data acknowledgement: "
history,africa_subregion_5_Berkeley_Earth,""Data set created from file ['Land_and_Ocean_LatLong1.nc'] downloaded from ['https://berkeley-earth-temperature.s3.us-west-1.amazonaws.com/Global/Gridded/Land_and_Ocean_LatLong1.nc'] at ['2023-08-07 17:34:59']""
history,africa_subregion_5_Berkeley_Earth,""Rebaselined to 1991-2020""
history,africa_subregion_5_Berkeley_Earth,""Calculated area-average""
history,africa_subregion_5_Berkeley_Earth,""Calculated annual average from monthly averages using arithmetic mean""
history,africa_subregion_5_Berkeley_Earth,""Selected years within the range 1900 to 2022.""
history,africa_subregion_5_Berkeley_Earth,""Wrote to file africa_subregion_5_Berkeley Earth.csv""
history,africa_subregion_5_Berkeley_Earth,"Data set created from file ['africa_subregion_5_Berkeley Earth.csv'] downloaded from [''] at ['2023-08-09 11:00:13']"
reference,africa_subregion_5_Berkeley_Earth,"Rohde, R. A. and Hausfather, Z.: The Berkeley Earth Land/Ocean Temperature Record, Earth Syst. Sci. Data, 12, 3469-3479, https://doi.org/10.5194/essd-12-3469-2020, 2020"
comments,africa_subregion_5_Berkeley_Earth,"Original data acknowledgement: "
history,africa_subregion_5_ERA5,""Gridded dataset created from file ['era5_2m_tas_2023.nc'] downloaded from ['']""
history,africa_subregion_5_ERA5,""Regridded to 1 degree latitude-longitude resolution""
history,africa_subregion_5_ERA5,""Rebaselined to 1991-2020""
history,africa_subregion_5_ERA5,""Calculated area-average""
history,africa_subregion_5_ERA5,""Calculated annual average from monthly averages using arithmetic mean""
history,africa_subregion_5_ERA5,""Selected years within the range 1900 to 2022.""
history,africa_subregion_5_ERA5,""Wrote to file africa_subregion_5_ERA5.csv""
history,africa_subregion_5_ERA5,"Data set created from file ['africa_subregion_5_ERA5.csv'] downloaded from [''] at ['2023-08-09 11:00:41']"
reference,africa_subregion_5_ERA5,"Hersbach H, Bell B, Berrisford P et al. 2020. The ERA5 global reanalysis. Q. J. R. Meteorol. Soc. 146: 1999-2049. https://doi.org/10.1002/qj.3803"
comments,africa_subregion_5_ERA5,"Original data acknowledgement: "
history,africa_subregion_5_GISTEMP,""Data set created from file ['gistemp1200_GHCNv4_ERSSTv5.nc.gz'] downloaded from ['https://data.giss.nasa.gov/pub/gistemp/gistemp1200_GHCNv4_ERSSTv5.nc.gz'] at ['2023-08-07 16:14:33']""
history,africa_subregion_5_GISTEMP,""Regridded to 1 degree latitude-longitude resolution""
history,africa_subregion_5_GISTEMP,""Rebaselined to 1991-2020""
history,africa_subregion_5_GISTEMP,""Calculated area-average""
history,africa_subregion_5_GISTEMP,""Calculated annual average from monthly averages using arithmetic mean""
history,africa_subregion_5_GISTEMP,""Selected years within the range 1900 to 2022.""
history,africa_subregion_5_GISTEMP,""Wrote to file africa_subregion_5_GISTEMP.csv""
history,africa_subregion_5_GISTEMP,"Data set created from file ['africa_subregion_5_GISTEMP.csv'] downloaded from [''] at ['2023-08-09 11:01:10']"
reference,africa_subregion_5_GISTEMP,"Lenssen, N., G. Schmidt, J. Hansen, M. Menne, A. Persin, R. Ruedy, and D. Zyss, 2019: Improvements in the GISTEMP uncertainty model. J. Geophys. Res. Atmos., 124, no. 12, 6307-6326, doi:10.1029/2018JD029522"
comments,africa_subregion_5_GISTEMP,"Original data acknowledgement: "
history,africa_subregion_5_HadCRUT5,""Data set created from file ['HadCRUT.5.0.1.0.analysis.anomalies.ensemble_mean.nc'] downloaded from ['https://www.metoffice.gov.uk/hadobs/hadcrut5/data/current/analysis/HadCRUT.5.0.1.0.analysis.anomalies.ensemble_mean.nc'] at ['2023-08-07 16:14:34']""
history,africa_subregion_5_HadCRUT5,""Regridded to 1 degree latitude-longitude resolution""
history,africa_subregion_5_HadCRUT5,""Rebaselined to 1991-2020""
history,africa_subregion_5_HadCRUT5,""Calculated area-average""
history,africa_subregion_5_HadCRUT5,""Calculated annual average from monthly averages using arithmetic mean""
history,africa_subregion_5_HadCRUT5,""Selected years within the range 1900 to 2022.""
history,africa_subregion_5_HadCRUT5,""Wrote to file africa_subregion_5_HadCRUT5.csv""
history,africa_subregion_5_HadCRUT5,"Data set created from file ['africa_subregion_5_HadCRUT5.csv'] downloaded from [''] at ['2023-08-09 11:01:58']"
reference,africa_subregion_5_HadCRUT5,"Morice, C. P., Kennedy, J. J., Rayner, N. A., Winn, J. P., Hogan, E., Killick, R. E., et al. (2021). An updated assessment of near-surface temperature change from 1850: the HadCRUT5 data set. Journal of Geophysical Research: Atmospheres, 126, e2019JD032361. https://doi.org/10.1029/2019JD032361"
comments,africa_subregion_5_HadCRUT5,"Original data acknowledgement: HadCRUT.5.0.1.0 data were obtained from http://www.metoffice.gov.uk/hadobs/hadcrut5 on 2023-08-07 16:14:34 and are © British Crown Copyright, Met Office 2023, provided under an Open Government License, http://www.nationalarchives.gov.uk/doc/open-government-licence/version/3/"
history,africa_subregion_5_JRA-55,""Data set created from file ['anl_surf125.011_tmp.202301_202312', 'anl_surf125.2023MMMM'] downloaded from ['', ''] at ['2023-08-07 16:16:00']""
history,africa_subregion_5_JRA-55,""Regridded to 1 degree latitude-longitude resolution""
history,africa_subregion_5_JRA-55,""Rebaselined to 1991-2020""
history,africa_subregion_5_JRA-55,""Calculated area-average""
history,africa_subregion_5_JRA-55,""Calculated annual average from monthly averages using arithmetic mean""
history,africa_subregion_5_JRA-55,""Selected years within the range 1900 to 2022.""
history,africa_subregion_5_JRA-55,""Wrote to file africa_subregion_5_JRA-55.csv""
history,africa_subregion_5_JRA-55,"Data set created from file ['africa_subregion_5_JRA-55.csv'] downloaded from [''] at ['2023-08-09 11:02:31']"
reference,africa_subregion_5_JRA-55,"Kobayashi, S., Ota, Y., Harada, Y., Ebita, A., Moriya, M., Onoda, H., Onogi, K., Kamahori, H., Kobayashi, C., Endo, H. and Miyaoka, K., (2015). The JRA-55 reanalysis: General specifications and basic characteristics. Journal of the Meteorological Society of Japan. Ser. II, 93(1), pp.5-48."
comments,africa_subregion_5_JRA-55,"Original data acknowledgement: "
history,africa_subregion_5_NOAAGlobalTemp,""Data set created from file ['NOAAGlobalTemp_v*.nc'] downloaded from ['https://www.ncei.noaa.gov/data/noaa-global-surface-temperature/v5/access/gridded/NOAAGlobalTemp_v.*.nc'] at ['2023-08-07 16:18:17']""
history,africa_subregion_5_NOAAGlobalTemp,""Data set created from file ['NOAAGlobalTemp_v*.nc'] downloaded from ['https://www.ncei.noaa.gov/data/noaa-global-surface-temperature/v5/access/gridded/NOAAGlobalTemp_v.*.nc'] at ['2023-08-07 16:18:17']""
history,africa_subregion_5_NOAAGlobalTemp,""Regridded to 1 degree latitude-longitude resolution""
history,africa_subregion_5_NOAAGlobalTemp,""Rebaselined to 1991-2020""
history,africa_subregion_5_NOAAGlobalTemp,""Calculated area-average""
history,africa_subregion_5_NOAAGlobalTemp,""Calculated annual average from monthly averages using arithmetic mean""
history,africa_subregion_5_NOAAGlobalTemp,""Selected years within the range 1900 to 2022.""
history,africa_subregion_5_NOAAGlobalTemp,""Wrote to file africa_subregion_5_NOAAGlobalTemp.csv""
history,africa_subregion_5_NOAAGlobalTemp,"Data set created from file ['africa_subregion_5_NOAAGlobalTemp.csv'] downloaded from [''] at ['2023-08-09 12:24:02']"
reference,africa_subregion_5_NOAAGlobalTemp,"Huang, B., M. J. Menne, T. Boyer, E. Freeman, B. E. Gleason, J. H. Lawrimore, C. Liu, J. J. Rennie, C. Schreck, F. Sun, R. Vose, C. N. Williams, X. Yin, H.-M. Zhang, 2020: Uncertainty estimates for sea surface temperature and land surface air temperature in NOAAGlobalTemp version 5. , J. Climate, 33, 1351-1379, DOI: 10.1175/JCLI-D-19-0395.1"
reference,africa_subregion_5_NOAAGlobalTemp,"Zhang, Huai-Min, Jay H. Lawrimore, Boyin Huang, Matthew J. Menne, Xungang Yin, Ahira Sȧnchez-Lugo, Byron E. Gleason, Russell Vose, Derek Arndt, J. Jared Rennie, and Claude N. Williams. (2019) Updated Temperature Data Give a Sharper View of Climate Trends. Eos, 100, https://doi.org/10.1029/2019EO128229"
comments,africa_subregion_5_NOAAGlobalTemp,"Original data acknowledgement: "
history,africa_subregion_6_Berkeley_Earth,""Data set created from file ['Land_and_Ocean_LatLong1.nc'] downloaded from ['https://berkeley-earth-temperature.s3.us-west-1.amazonaws.com/Global/Gridded/Land_and_Ocean_LatLong1.nc'] at ['2023-08-07 17:34:59']""
history,africa_subregion_6_Berkeley_Earth,""Rebaselined to 1991-2020""
history,africa_subregion_6_Berkeley_Earth,""Calculated area-average""
history,africa_subregion_6_Berkeley_Earth,""Calculated annual average from monthly averages using arithmetic mean""
history,africa_subregion_6_Berkeley_Earth,""Selected years within the range 1900 to 2022.""
history,africa_subregion_6_Berkeley_Earth,""Wrote to file africa_subregion_6_Berkeley Earth.csv""
history,africa_subregion_6_Berkeley_Earth,"Data set created from file ['africa_subregion_6_Berkeley Earth.csv'] downloaded from [''] at ['2023-08-09 11:00:15']"
reference,africa_subregion_6_Berkeley_Earth,"Rohde, R. A. and Hausfather, Z.: The Berkeley Earth Land/Ocean Temperature Record, Earth Syst. Sci. Data, 12, 3469-3479, https://doi.org/10.5194/essd-12-3469-2020, 2020"
comments,africa_subregion_6_Berkeley_Earth,"Original data acknowledgement: "
history,africa_subregion_6_ERA5,""Gridded dataset created from file ['era5_2m_tas_2023.nc'] downloaded from ['']""
history,africa_subregion_6_ERA5,""Regridded to 1 degree latitude-longitude resolution""
history,africa_subregion_6_ERA5,""Rebaselined to 1991-2020""
history,africa_subregion_6_ERA5,""Calculated area-average""
history,africa_subregion_6_ERA5,""Calculated annual average from monthly averages using arithmetic mean""
history,africa_subregion_6_ERA5,""Selected years within the range 1900 to 2022.""
history,africa_subregion_6_ERA5,""Wrote to file africa_subregion_6_ERA5.csv""
history,africa_subregion_6_ERA5,"Data set created from file ['africa_subregion_6_ERA5.csv'] downloaded from [''] at ['2023-08-09 11:00:42']"
reference,africa_subregion_6_ERA5,"Hersbach H, Bell B, Berrisford P et al. 2020. The ERA5 global reanalysis. Q. J. R. Meteorol. Soc. 146: 1999-2049. https://doi.org/10.1002/qj.3803"
comments,africa_subregion_6_ERA5,"Original data acknowledgement: "
history,africa_subregion_6_GISTEMP,""Data set created from file ['gistemp1200_GHCNv4_ERSSTv5.nc.gz'] downloaded from ['https://data.giss.nasa.gov/pub/gistemp/gistemp1200_GHCNv4_ERSSTv5.nc.gz'] at ['2023-08-07 16:14:33']""
history,africa_subregion_6_GISTEMP,""Regridded to 1 degree latitude-longitude resolution""
history,africa_subregion_6_GISTEMP,""Rebaselined to 1991-2020""
history,africa_subregion_6_GISTEMP,""Calculated area-average""
history,africa_subregion_6_GISTEMP,""Calculated annual average from monthly averages using arithmetic mean""
history,africa_subregion_6_GISTEMP,""Selected years within the range 1900 to 2022.""
history,africa_subregion_6_GISTEMP,""Wrote to file africa_subregion_6_GISTEMP.csv""
history,africa_subregion_6_GISTEMP,"Data set created from file ['africa_subregion_6_GISTEMP.csv'] downloaded from [''] at ['2023-08-09 11:01:11']"
reference,africa_subregion_6_GISTEMP,"Lenssen, N., G. Schmidt, J. Hansen, M. Menne, A. Persin, R. Ruedy, and D. Zyss, 2019: Improvements in the GISTEMP uncertainty model. J. Geophys. Res. Atmos., 124, no. 12, 6307-6326, doi:10.1029/2018JD029522"
comments,africa_subregion_6_GISTEMP,"Original data acknowledgement: "
history,africa_subregion_6_HadCRUT5,""Data set created from file ['HadCRUT.5.0.1.0.analysis.anomalies.ensemble_mean.nc'] downloaded from ['https://www.metoffice.gov.uk/hadobs/hadcrut5/data/current/analysis/HadCRUT.5.0.1.0.analysis.anomalies.ensemble_mean.nc'] at ['2023-08-07 16:14:34']""
history,africa_subregion_6_HadCRUT5,""Regridded to 1 degree latitude-longitude resolution""
history,africa_subregion_6_HadCRUT5,""Rebaselined to 1991-2020""
history,africa_subregion_6_HadCRUT5,""Calculated area-average""
history,africa_subregion_6_HadCRUT5,""Calculated annual average from monthly averages using arithmetic mean""
history,africa_subregion_6_HadCRUT5,""Selected years within the range 1900 to 2022.""
history,africa_subregion_6_HadCRUT5,""Wrote to file africa_subregion_6_HadCRUT5.csv""
history,africa_subregion_6_HadCRUT5,"Data set created from file ['africa_subregion_6_HadCRUT5.csv'] downloaded from [''] at ['2023-08-09 11:02:01']"
reference,africa_subregion_6_HadCRUT5,"Morice, C. P., Kennedy, J. J., Rayner, N. A., Winn, J. P., Hogan, E., Killick, R. E., et al. (2021). An updated assessment of near-surface temperature change from 1850: the HadCRUT5 data set. Journal of Geophysical Research: Atmospheres, 126, e2019JD032361. https://doi.org/10.1029/2019JD032361"
comments,africa_subregion_6_HadCRUT5,"Original data acknowledgement: HadCRUT.5.0.1.0 data were obtained from http://www.metoffice.gov.uk/hadobs/hadcrut5 on 2023-08-07 16:14:34 and are © British Crown Copyright, Met Office 2023, provided under an Open Government License, http://www.nationalarchives.gov.uk/doc/open-government-licence/version/3/"
history,africa_subregion_6_JRA-55,""Data set created from file ['anl_surf125.011_tmp.202301_202312', 'anl_surf125.2023MMMM'] downloaded from ['', ''] at ['2023-08-07 16:16:00']""
history,africa_subregion_6_JRA-55,""Regridded to 1 degree latitude-longitude resolution""
history,africa_subregion_6_JRA-55,""Rebaselined to 1991-2020""
history,africa_subregion_6_JRA-55,""Calculated area-average""
history,africa_subregion_6_JRA-55,""Calculated annual average from monthly averages using arithmetic mean""
history,africa_subregion_6_JRA-55,""Selected years within the range 1900 to 2022.""
history,africa_subregion_6_JRA-55,""Wrote to file africa_subregion_6_JRA-55.csv""
history,africa_subregion_6_JRA-55,"Data set created from file ['africa_subregion_6_JRA-55.csv'] downloaded from [''] at ['2023-08-09 11:02:32']"
reference,africa_subregion_6_JRA-55,"Kobayashi, S., Ota, Y., Harada, Y., Ebita, A., Moriya, M., Onoda, H., Onogi, K., Kamahori, H., Kobayashi, C., Endo, H. and Miyaoka, K., (2015). The JRA-55 reanalysis: General specifications and basic characteristics. Journal of the Meteorological Society of Japan. Ser. II, 93(1), pp.5-48."
comments,africa_subregion_6_JRA-55,"Original data acknowledgement: "
history,africa_subregion_6_NOAAGlobalTemp,""Data set created from file ['NOAAGlobalTemp_v*.nc'] downloaded from ['https://www.ncei.noaa.gov/data/noaa-global-surface-temperature/v5/access/gridded/NOAAGlobalTemp_v.*.nc'] at ['2023-08-07 16:18:17']""
history,africa_subregion_6_NOAAGlobalTemp,""Data set created from file ['NOAAGlobalTemp_v*.nc'] downloaded from ['https://www.ncei.noaa.gov/data/noaa-global-surface-temperature/v5/access/gridded/NOAAGlobalTemp_v.*.nc'] at ['2023-08-07 16:18:17']""
history,africa_subregion_6_NOAAGlobalTemp,""Regridded to 1 degree latitude-longitude resolution""
history,africa_subregion_6_NOAAGlobalTemp,""Rebaselined to 1991-2020""
history,africa_subregion_6_NOAAGlobalTemp,""Calculated area-average""
history,africa_subregion_6_NOAAGlobalTemp,""Calculated annual average from monthly averages using arithmetic mean""
history,africa_subregion_6_NOAAGlobalTemp,""Selected years within the range 1900 to 2022.""
history,africa_subregion_6_NOAAGlobalTemp,""Wrote to file africa_subregion_6_NOAAGlobalTemp.csv""
history,africa_subregion_6_NOAAGlobalTemp,"Data set created from file ['africa_subregion_6_NOAAGlobalTemp.csv'] downloaded from [''] at ['2023-08-09 12:24:06']"
reference,africa_subregion_6_NOAAGlobalTemp,"Huang, B., M. J. Menne, T. Boyer, E. Freeman, B. E. Gleason, J. H. Lawrimore, C. Liu, J. J. Rennie, C. Schreck, F. Sun, R. Vose, C. N. Williams, X. Yin, H.-M. Zhang, 2020: Uncertainty estimates for sea surface temperature and land surface air temperature in NOAAGlobalTemp version 5. , J. Climate, 33, 1351-1379, DOI: 10.1175/JCLI-D-19-0395.1"
reference,africa_subregion_6_NOAAGlobalTemp,"Zhang, Huai-Min, Jay H. Lawrimore, Boyin Huang, Matthew J. Menne, Xungang Yin, Ahira Sȧnchez-Lugo, Byron E. Gleason, Russell Vose, Derek Arndt, J. Jared Rennie, and Claude N. Williams. (2019) Updated Temperature Data Give a Sharper View of Climate Trends. Eos, 100, https://doi.org/10.1029/2019EO128229"
comments,africa_subregion_6_NOAAGlobalTemp,"Original data acknowledgement: "
history,wmo_ra_1_Berkeley_Earth,""Data set created from file ['Land_and_Ocean_LatLong1.nc'] downloaded from ['https://berkeley-earth-temperature.s3.us-west-1.amazonaws.com/Global/Gridded/Land_and_Ocean_LatLong1.nc'] at ['2023-08-07 17:34:59']""
history,wmo_ra_1_Berkeley_Earth,""Rebaselined to 1991-2020""
history,wmo_ra_1_Berkeley_Earth,""Calculated area-average""
history,wmo_ra_1_Berkeley_Earth,""Calculated annual average from monthly averages using arithmetic mean""
history,wmo_ra_1_Berkeley_Earth,""Selected years within the range 1900 to 2022.""
history,wmo_ra_1_Berkeley_Earth,""Wrote to file wmo_ra_1_Berkeley Earth.csv""
history,wmo_ra_1_Berkeley_Earth,"Data set created from file ['wmo_ra_1_Berkeley Earth.csv'] downloaded from [''] at ['2023-08-09 10:59:39']"
reference,wmo_ra_1_Berkeley_Earth,"Rohde, R. A. and Hausfather, Z.: The Berkeley Earth Land/Ocean Temperature Record, Earth Syst. Sci. Data, 12, 3469-3479, https://doi.org/10.5194/essd-12-3469-2020, 2020"
comments,wmo_ra_1_Berkeley_Earth,"Original data acknowledgement: "
history,wmo_ra_1_ERA5,""Gridded dataset created from file ['era5_2m_tas_2023.nc'] downloaded from ['']""
history,wmo_ra_1_ERA5,""Regridded to 1 degree latitude-longitude resolution""
history,wmo_ra_1_ERA5,""Rebaselined to 1991-2020""
history,wmo_ra_1_ERA5,""Calculated area-average""
history,wmo_ra_1_ERA5,""Calculated annual average from monthly averages using arithmetic mean""
history,wmo_ra_1_ERA5,""Selected years within the range 1900 to 2022.""
history,wmo_ra_1_ERA5,""Wrote to file wmo_ra_1_ERA5.csv""
history,wmo_ra_1_ERA5,"Data set created from file ['wmo_ra_1_ERA5.csv'] downloaded from [''] at ['2023-08-09 11:00:32']"
reference,wmo_ra_1_ERA5,"Hersbach H, Bell B, Berrisford P et al. 2020. The ERA5 global reanalysis. Q. J. R. Meteorol. Soc. 146: 1999-2049. https://doi.org/10.1002/qj.3803"
comments,wmo_ra_1_ERA5,"Original data acknowledgement: "
history,wmo_ra_1_GISTEMP,""Data set created from file ['gistemp1200_GHCNv4_ERSSTv5.nc.gz'] downloaded from ['https://data.giss.nasa.gov/pub/gistemp/gistemp1200_GHCNv4_ERSSTv5.nc.gz'] at ['2023-08-07 16:14:33']""
history,wmo_ra_1_GISTEMP,""Regridded to 1 degree latitude-longitude resolution""
history,wmo_ra_1_GISTEMP,""Rebaselined to 1991-2020""
history,wmo_ra_1_GISTEMP,""Calculated area-average""
history,wmo_ra_1_GISTEMP,""Calculated annual average from monthly averages using arithmetic mean""
history,wmo_ra_1_GISTEMP,""Selected years within the range 1900 to 2022.""
history,wmo_ra_1_GISTEMP,""Wrote to file wmo_ra_1_GISTEMP.csv""
history,wmo_ra_1_GISTEMP,"Data set created from file ['wmo_ra_1_GISTEMP.csv'] downloaded from [''] at ['2023-08-09 11:00:49']"
reference,wmo_ra_1_GISTEMP,"Lenssen, N., G. Schmidt, J. Hansen, M. Menne, A. Persin, R. Ruedy, and D. Zyss, 2019: Improvements in the GISTEMP uncertainty model. J. Geophys. Res. Atmos., 124, no. 12, 6307-6326, doi:10.1029/2018JD029522"
comments,wmo_ra_1_GISTEMP,"Original data acknowledgement: "
history,wmo_ra_1_HadCRUT5,""Data set created from file ['HadCRUT.5.0.1.0.analysis.anomalies.ensemble_mean.nc'] downloaded from ['https://www.metoffice.gov.uk/hadobs/hadcrut5/data/current/analysis/HadCRUT.5.0.1.0.analysis.anomalies.ensemble_mean.nc'] at ['2023-08-07 16:14:34']""
history,wmo_ra_1_HadCRUT5,""Regridded to 1 degree latitude-longitude resolution""
history,wmo_ra_1_HadCRUT5,""Rebaselined to 1991-2020""
history,wmo_ra_1_HadCRUT5,""Calculated area-average""
history,wmo_ra_1_HadCRUT5,""Calculated annual average from monthly averages using arithmetic mean""
history,wmo_ra_1_HadCRUT5,""Selected years within the range 1900 to 2022.""
history,wmo_ra_1_HadCRUT5,""Wrote to file wmo_ra_1_HadCRUT5.csv""
history,wmo_ra_1_HadCRUT5,"Data set created from file ['wmo_ra_1_HadCRUT5.csv'] downloaded from [''] at ['2023-08-09 11:01:24']"
reference,wmo_ra_1_HadCRUT5,"Morice, C. P., Kennedy, J. J., Rayner, N. A., Winn, J. P., Hogan, E., Killick, R. E., et al. (2021). An updated assessment of near-surface temperature change from 1850: the HadCRUT5 data set. Journal of Geophysical Research: Atmospheres, 126, e2019JD032361. https://doi.org/10.1029/2019JD032361"
comments,wmo_ra_1_HadCRUT5,"Original data acknowledgement: HadCRUT.5.0.1.0 data were obtained from http://www.metoffice.gov.uk/hadobs/hadcrut5 on 2023-08-07 16:14:34 and are © British Crown Copyright, Met Office 2023, provided under an Open Government License, http://www.nationalarchives.gov.uk/doc/open-government-licence/version/3/"
history,wmo_ra_1_JRA-55,""Data set created from file ['anl_surf125.011_tmp.202301_202312', 'anl_surf125.2023MMMM'] downloaded from ['', ''] at ['2023-08-07 16:16:00']""
history,wmo_ra_1_JRA-55,""Regridded to 1 degree latitude-longitude resolution""
history,wmo_ra_1_JRA-55,""Rebaselined to 1991-2020""
history,wmo_ra_1_JRA-55,""Calculated area-average""
history,wmo_ra_1_JRA-55,""Calculated annual average from monthly averages using arithmetic mean""
history,wmo_ra_1_JRA-55,""Selected years within the range 1900 to 2022.""
history,wmo_ra_1_JRA-55,""Wrote to file wmo_ra_1_JRA-55.csv""
history,wmo_ra_1_JRA-55,"Data set created from file ['wmo_ra_1_JRA-55.csv'] downloaded from [''] at ['2023-08-09 11:02:18']"
reference,wmo_ra_1_JRA-55,"Kobayashi, S., Ota, Y., Harada, Y., Ebita, A., Moriya, M., Onoda, H., Onogi, K., Kamahori, H., Kobayashi, C., Endo, H. and Miyaoka, K., (2015). The JRA-55 reanalysis: General specifications and basic characteristics. Journal of the Meteorological Society of Japan. Ser. II, 93(1), pp.5-48."
comments,wmo_ra_1_JRA-55,"Original data acknowledgement: "
history,wmo_ra_1_NOAAGlobalTemp,""Data set created from file ['NOAAGlobalTemp_v*.nc'] downloaded from ['https://www.ncei.noaa.gov/data/noaa-global-surface-temperature/v5/access/gridded/NOAAGlobalTemp_v.*.nc'] at ['2023-08-07 16:18:17']""
history,wmo_ra_1_NOAAGlobalTemp,""Data set created from file ['NOAAGlobalTemp_v*.nc'] downloaded from ['https://www.ncei.noaa.gov/data/noaa-global-surface-temperature/v5/access/gridded/NOAAGlobalTemp_v.*.nc'] at ['2023-08-07 16:18:17']""
history,wmo_ra_1_NOAAGlobalTemp,""Regridded to 1 degree latitude-longitude resolution""
history,wmo_ra_1_NOAAGlobalTemp,""Rebaselined to 1991-2020""
history,wmo_ra_1_NOAAGlobalTemp,""Calculated area-average""
history,wmo_ra_1_NOAAGlobalTemp,""Calculated annual average from monthly averages using arithmetic mean""
history,wmo_ra_1_NOAAGlobalTemp,""Selected years within the range 1900 to 2022.""
history,wmo_ra_1_NOAAGlobalTemp,""Wrote to file wmo_ra_1_NOAAGlobalTemp.csv""
history,wmo_ra_1_NOAAGlobalTemp,"Data set created from file ['wmo_ra_1_NOAAGlobalTemp.csv'] downloaded from [''] at ['2023-08-09 12:23:22']"
reference,wmo_ra_1_NOAAGlobalTemp,"Huang, B., M. J. Menne, T. Boyer, E. Freeman, B. E. Gleason, J. H. Lawrimore, C. Liu, J. J. Rennie, C. Schreck, F. Sun, R. Vose, C. N. Williams, X. Yin, H.-M. Zhang, 2020: Uncertainty estimates for sea surface temperature and land surface air temperature in NOAAGlobalTemp version 5. , J. Climate, 33, 1351-1379, DOI: 10.1175/JCLI-D-19-0395.1"
reference,wmo_ra_1_NOAAGlobalTemp,"Zhang, Huai-Min, Jay H. Lawrimore, Boyin Huang, Matthew J. Menne, Xungang Yin, Ahira Sȧnchez-Lugo, Byron E. Gleason, Russell Vose, Derek Arndt, J. Jared Rennie, and Claude N. Williams. (2019) Updated Temperature Data Give a Sharper View of Climate Trends. Eos, 100, https://doi.org/10.1029/2019EO128229"
comments,wmo_ra_1_NOAAGlobalTemp,"Original data acknowledgement: "
long_name,time,time,days since 1800-01-01 00:00:00.0
type,time,int
long_name,year,year,1
type,year,int
long_name,africa_subregion_1_Berkeley_Earth,africa_subregion_1,degC
type,africa_subregion_1_Berkeley_Earth,float
long_name,africa_subregion_1_ERA5,africa_subregion_1,degC
type,africa_subregion_1_ERA5,float
long_name,africa_subregion_1_GISTEMP,africa_subregion_1,degC
type,africa_subregion_1_GISTEMP,float
long_name,africa_subregion_1_HadCRUT5,africa_subregion_1,degC
type,africa_subregion_1_HadCRUT5,float
long_name,africa_subregion_1_JRA-55,africa_subregion_1,degC
type,africa_subregion_1_JRA-55,float
long_name,africa_subregion_1_NOAAGlobalTemp,africa_subregion_1,degC
type,africa_subregion_1_NOAAGlobalTemp,float
long_name,africa_subregion_2_Berkeley_Earth,africa_subregion_2,degC
type,africa_subregion_2_Berkeley_Earth,float
long_name,africa_subregion_2_ERA5,africa_subregion_2,degC
type,africa_subregion_2_ERA5,float
long_name,africa_subregion_2_GISTEMP,africa_subregion_2,degC
type,africa_subregion_2_GISTEMP,float
long_name,africa_subregion_2_HadCRUT5,africa_subregion_2,degC
type,africa_subregion_2_HadCRUT5,float
long_name,africa_subregion_2_JRA-55,africa_subregion_2,degC
type,africa_subregion_2_JRA-55,float
long_name,africa_subregion_2_NOAAGlobalTemp,africa_subregion_2,degC
type,africa_subregion_2_NOAAGlobalTemp,float
long_name,africa_subregion_3_Berkeley_Earth,africa_subregion_3,degC
type,africa_subregion_3_Berkeley_Earth,float
long_name,africa_subregion_3_ERA5,africa_subregion_3,degC
type,africa_subregion_3_ERA5,float
long_name,africa_subregion_3_GISTEMP,africa_subregion_3,degC
type,africa_subregion_3_GISTEMP,float
long_name,africa_subregion_3_HadCRUT5,africa_subregion_3,degC
type,africa_subregion_3_HadCRUT5,float
long_name,africa_subregion_3_JRA-55,africa_subregion_3,degC
type,africa_subregion_3_JRA-55,float
long_name,africa_subregion_3_NOAAGlobalTemp,africa_subregion_3,degC
type,africa_subregion_3_NOAAGlobalTemp,float
long_name,africa_subregion_4_Berkeley_Earth,africa_subregion_4,degC
type,africa_subregion_4_Berkeley_Earth,float
long_name,africa_subregion_4_ERA5,africa_subregion_4,degC
type,africa_subregion_4_ERA5,float
long_name,africa_subregion_4_GISTEMP,africa_subregion_4,degC
type,africa_subregion_4_GISTEMP,float
long_name,africa_subregion_4_HadCRUT5,africa_subregion_4,degC
type,africa_subregion_4_HadCRUT5,float
long_name,africa_subregion_4_JRA-55,africa_subregion_4,degC
type,africa_subregion_4_JRA-55,float
long_name,africa_subregion_4_NOAAGlobalTemp,africa_subregion_4,degC
type,africa_subregion_4_NOAAGlobalTemp,float
long_name,africa_subregion_5_Berkeley_Earth,africa_subregion_5,degC
type,africa_subregion_5_Berkeley_Earth,float
long_name,africa_subregion_5_ERA5,africa_subregion_5,degC
type,africa_subregion_5_ERA5,float
long_name,africa_subregion_5_GISTEMP,africa_subregion_5,degC
type,africa_subregion_5_GISTEMP,float
long_name,africa_subregion_5_HadCRUT5,africa_subregion_5,degC
type,africa_subregion_5_HadCRUT5,float
long_name,africa_subregion_5_JRA-55,africa_subregion_5,degC
type,africa_subregion_5_JRA-55,float
long_name,africa_subregion_5_NOAAGlobalTemp,africa_subregion_5,degC
type,africa_subregion_5_NOAAGlobalTemp,float
long_name,africa_subregion_6_Berkeley_Earth,africa_subregion_6,degC
type,africa_subregion_6_Berkeley_Earth,float
long_name,africa_subregion_6_ERA5,africa_subregion_6,degC
type,africa_subregion_6_ERA5,float
long_name,africa_subregion_6_GISTEMP,africa_subregion_6,degC
type,africa_subregion_6_GISTEMP,float
long_name,africa_subregion_6_HadCRUT5,africa_subregion_6,degC
type,africa_subregion_6_HadCRUT5,float
long_name,africa_subregion_6_JRA-55,africa_subregion_6,degC
type,africa_subregion_6_JRA-55,float
long_name,africa_subregion_6_NOAAGlobalTemp,africa_subregion_6,degC
type,africa_subregion_6_NOAAGlobalTemp,float
long_name,wmo_ra_1_Berkeley_Earth,wmo_ra_1,degC
type,wmo_ra_1_Berkeley_Earth,float
long_name,wmo_ra_1_ERA5,wmo_ra_1,degC
type,wmo_ra_1_ERA5,float
long_name,wmo_ra_1_GISTEMP,wmo_ra_1,degC
type,wmo_ra_1_GISTEMP,float
long_name,wmo_ra_1_HadCRUT5,wmo_ra_1,degC
type,wmo_ra_1_HadCRUT5,float
long_name,wmo_ra_1_JRA-55,wmo_ra_1,degC
type,wmo_ra_1_JRA-55,float
long_name,wmo_ra_1_NOAAGlobalTemp,wmo_ra_1,degC
type,wmo_ra_1_NOAAGlobalTemp,float
coordinate_variable,time,t
data
time,year,africa_subregion_1_Berkeley_Earth,africa_subregion_1_ERA5,africa_subregion_1_GISTEMP,africa_subregion_1_HadCRUT5,africa_subregion_1_JRA-55,africa_subregion_1_NOAAGlobalTemp,africa_subregion_2_Berkeley_Earth,africa_subregion_2_ERA5,africa_subregion_2_GISTEMP,africa_subregion_2_HadCRUT5,africa_subregion_2_JRA-55,africa_subregion_2_NOAAGlobalTemp,africa_subregion_3_Berkeley_Earth,africa_subregion_3_ERA5,africa_subregion_3_GISTEMP,africa_subregion_3_HadCRUT5,africa_subregion_3_JRA-55,africa_subregion_3_NOAAGlobalTemp,africa_subregion_4_Berkeley_Earth,africa_subregion_4_ERA5,africa_subregion_4_GISTEMP,africa_subregion_4_HadCRUT5,africa_subregion_4_JRA-55,africa_subregion_4_NOAAGlobalTemp,africa_subregion_5_Berkeley_Earth,africa_subregion_5_ERA5,africa_subregion_5_GISTEMP,africa_subregion_5_HadCRUT5,africa_subregion_5_JRA-55,africa_subregion_5_NOAAGlobalTemp,africa_subregion_6_Berkeley_Earth,africa_subregion_6_ERA5,africa_subregion_6_GISTEMP,africa_subregion_6_HadCRUT5,africa_subregion_6_JRA-55,africa_subregion_6_NOAAGlobalTemp,wmo_ra_1_Berkeley_Earth,wmo_ra_1_ERA5,wmo_ra_1_GISTEMP,wmo_ra_1_HadCRUT5,wmo_ra_1_JRA-55,wmo_ra_1_NOAAGlobalTemp
36524,1900,-1.0420,,-0.9757,-1.2109,,-1.1293,-0.9607,,-0.7223,-0.7778,,-0.9293,-0.7192,,,-0.8210,,,-0.7479,,-0.5391,-0.9179,,-0.7445,-0.6655,,-0.0170,-0.7797,,-0.4380,-1.0279,,-1.1153,-0.2055,,-0.5107,-0.8316,,-0.5956,-0.8918,,-0.8196
36889,1901,-1.0138,,-1.1606,-1.1892,,-0.8243,-0.8803,,-0.5417,-0.9282,,-0.8949,-0.7680,,,-0.6147,,,-0.7007,,-0.9376,-0.5302,,-0.8861,-1.1057,,-0.5599,-1.2007,,-1.0099,-1.1857,,-1.2290,-0.4630,,-0.6816,-0.8995,,-0.8284,-0.8865,,-0.9042
37254,1902,-0.9765,,-0.9071,-1.2153,,-0.8033,-0.8791,,-0.2379,-0.7549,,-0.7130,-0.9662,,-0.3166,-0.8464,,-0.8775,-0.9526,,-0.4467,-0.7705,,-0.8194,-1.1328,,-0.5073,-1.0914,,-0.9923,-0.7534,,-0.6982,-0.1755,,-0.7034,-0.9770,,-0.5294,-0.9186,,-0.8389
37619,1903,-1.4768,,-1.3551,-1.7180,,-1.5429,-1.5647,,-0.9036,-1.2661,,-1.1090,-1.3269,,-0.2149,-1.1302,,-0.8630,-1.1422,,-0.6386,-1.1326,,-1.0347,-1.2835,,-0.5755,-1.2383,,-1.0307,-0.9353,,-1.1495,-0.4449,,-0.6706,-1.3493,,-0.8212,-1.2786,,-1.1471
37984,1904,-1.3670,,-1.2083,-1.7093,,-1.3350,-1.6641,,-0.9049,-1.2314,,-1.0973,-1.7789,,-1.0604,-1.5000,,-1.2226,-1.4140,,-1.1073,-1.4706,,-1.0554,-1.7042,,-1.2086,-1.7894,,-1.4524,-1.4455,,-1.1994,-0.6092,,-0.9339,-1.5786,,-1.1004,-1.5159,,-1.2304
38350,1905,-1.4167,,-1.3401,-1.5857,,-1.3455,-1.4703,,-0.5252,-1.1375,,-0.9127,-1.1668,,-0.1761,-0.7843,,-0.8445,-1.0668,,-0.6556,-1.0458,,-0.8605,-1.2275,,-0.6238,-1.1175,,-1.1011,-0.9833,,-0.9320,-0.4173,,-0.7772,-1.2644,,-0.6963,-1.1232,,-1.0168
38715,1906,-1.3966,,-1.3264,-1.1936,,-1.2071,-1.2549,,-0.8091,-0.7986,,-0.9116,-1.4663,,-0.6874,-0.7899,,-1.0233,-1.2414,,-0.8458,-0.9564,,-0.9375,-1.5602,,-1.1651,-1.6317,,-1.4585,-1.1044,,-1.0943,-0.3765,,-0.7378,-1.3742,,-0.9786,-1.0637,,-1.0985
39080,1907,-1.8286,,-1.5778,-1.6118,,-1.8717,-1.6307,,-1.1128,-1.0689,,-1.2529,-1.3236,,-0.6298,-0.8827,,-1.1758,-1.2772,,-0.9405,-1.0346,,-1.0405,-1.6650,,-1.2770,-1.6996,,-1.5191,-1.2857,,-0.7456,-0.5536,,-0.8392,-1.5402,,-1.1201,-1.2487,,-1.3589
39445,1908,-1.3863,,-1.2673,-1.3388,,-1.0686,-1.2215,,-0.7507,-0.7217,,-0.8206,-1.1697,,-0.8471,-1.0001,,-1.0130,-1.1327,,-1.0920,-0.8059,,-1.0615,-1.2236,,-0.7704,-1.2535,,-1.1695,-0.8801,,-0.5622,-0.3010,,-0.6690,-1.2198,,-0.9473,-1.0060,,-1.0206
39811,1909,-1.1983,,-1.3311,-1.1000,,-1.2037,-1.1713,,-0.8159,-0.8022,,-0.9315,-1.1850,,-0.8804,-0.8277,,-0.9057,-1.1822,,-1.0427,-0.8499,,-1.0222,-1.0802,,-0.6914,-1.1882,,-1.2162,-1.0052,,-1.1419,-0.4440,,-0.8299,-1.1592,,-0.9641,-0.9437,,-1.0535
40176,1910,-1.4463,,-1.4475,-1.4940,,-1.2132,-1.0668,,-0.4113,-0.8491,,-0.7567,-1.3503,,-1.0495,-1.0767,,-1.1209,-1.1281,,-1.1133,-0.9801,,-1.1932,-1.3977,,-1.0527,-1.5032,,-1.4350,-1.4750,,-1.3872,-0.8025,,-1.0299,-1.2761,,-1.0187,-1.1699,,-1.1411
40541,1911,-1.4115,,-1.3089,-1.4968,,-1.6400,-1.5287,,-0.9563,-1.0253,,-1.2374,-1.4614,,-1.0428,-0.6490,,-1.3107,-1.2587,,-1.1260,-0.9715,,-1.1950,-1.4723,,-1.1552,-1.3021,,-1.4539,-1.4304,,-1.3758,-0.8008,,-1.0443,-1.4248,,-1.1263,-1.0893,,-1.3585
40906,1912,-1.3189,,-1.3873,-1.1063,,-1.2180,-1.0965,,-0.4825,-0.5713,,-0.8555,-0.7588,,-0.8312,-0.1532,,-0.9000,-1.2923,,-1.2262,-1.1007,,-1.2051,-0.9561,,-0.6692,-0.6960,,-0.9322,-0.8401,,-0.6855,-0.3009,,-0.7956,-1.0870,,-0.9234,-0.7312,,-1.0205
41272,1913,-1.2027,,-1.2764,-1.1294,,-1.1104,-0.8332,,-0.3413,-0.4614,,-0.5775,-0.7528,,-0.6154,-0.4030,,-0.7933,-1.3174,,-1.2156,-1.2290,,-1.2222,-0.8250,,-0.2575,-0.6255,,-0.8005,-1.0774,,-1.0778,-0.5366,,-0.8046,-0.9946,,-0.7662,-0.7752,,-0.9028
41637,1914,-1.0571,,-1.2761,-1.1087,,-1.3315,-0.5275,,-0.4434,-0.4104,,-0.7547,-0.3572,,-0.5166,-0.0267,,-0.6132,-0.7110,,-0.6094,-0.7425,,-0.8829,-0.7222,,-0.3237,-0.6354,,-0.7364,-0.9070,,-0.9224,-0.3570,,-0.7396,-0.6859,,-0.6494,-0.5915,,-0.8646
42002,1915,-1.0034,,-1.0036,-1.1556,,-1.1091,-0.7798,,-0.7232,-0.5518,,-0.8455,-0.5920,,-0.4628,0.0755,,-0.6905,-0.5910,,-0.5091,-0.6094,,-0.8030,-0.8874,,-0.7244,-0.6654,,-0.9893,-0.8796,,-0.8864,-0.2644,,-0.8360,-0.7737,,-0.6953,-0.5848,,-0.8882
42367,1916,-1.0235,,-0.8802,-1.1730,,-1.2716,-1.2280,,-1.1035,-1.0145,,-1.3656,-1.0531,,-0.9295,-0.6719,,-1.3035,-1.2507,,-1.1285,-1.2123,,-1.3318,-0.8907,,-0.7415,-0.9500,,-1.0729,-1.2282,,-1.2605,-0.6832,,-0.9346,-1.0940,,-0.9719,-1.0052,,-1.2590
42733,1917,-1.4895,,-1.4949,-1.5612,,-1.3871,-1.0412,,-0.8133,-0.7499,,-1.1788,-1.0106,,-0.7449,-0.4719,,-1.2624,-1.4447,,-1.3096,-1.1459,,-1.4038,-1.0848,,-0.9154,-1.4965,,-1.3464,-1.4163,,-1.4047,-0.7440,,-0.9495,-1.2212,,-1.0789,-1.0875,,-1.3076
43098,1918,-1.3605,,-1.4720,-1.4881,,-1.7269,-1.2251,,-1.2891,-1.0214,,-1.6895,-1.1366,,-0.8848,-0.4427,,-1.4738,-1.1533,,-1.0537,-0.8977,,-1.3876,-1.3308,,-0.8497,-1.3268,,-1.1817,-1.2548,,-1.1895,-0.5803,,-0.9098,-1.2416,,-1.1254,-1.0343,,-1.4734
43463,1919,-1.1931,,-1.1240,-1.2095,,-1.2513,-0.8201,,-0.6804,-0.5803,,-1.0259,-0.6979,,-0.4124,0.0682,,-0.8314,-0.6004,,-0.5573,-0.5423,,-0.9475,-0.9191,,-0.6837,-0.9048,,-0.8375,-0.9674,,-0.9999,-0.4480,,-0.7960,-0.8475,,-0.7079,-0.6401,,-0.9756
43828,1920,-1.0738,,-1.1000,-1.3226,,-1.5331,-0.9838,,-1.2149,-1.0379,,-1.3683,-1.1978,,-1.0986,-0.3534,,-1.1796,-1.1951,,-1.0666,-1.2010,,-1.2382,-0.7006,,-0.4210,-0.6428,,-0.8863,-1.2359,,-1.2428,-0.6431,,-0.8075,-1.0312,,-0.9840,-0.9182,,-1.2275
44194,1921,-1.3216,,-1.3802,-1.2273,,-1.6956,-0.9527,,-0.9711,-0.6166,,-1.3810,-0.8394,,-0.6846,-0.4530,,-1.1351,-0.9661,,-0.8529,-0.9652,,-1.0662,-0.8872,,-0.7871,-0.9874,,-1.1140,-1.2154,,-1.3653,-0.7126,,-0.9936,-0.9980,,-0.9527,-0.8561,,-1.2694
44559,1922,-1.0869,,-1.1632,-1.1534,,-1.2457,-0.7580,,-0.9534,-0.7848,,-1.1996,-0.9685,,-0.7844,-0.1544,,-0.8792,-1.0872,,-0.9939,-0.8836,,-1.0655,-0.4653,,-0.1686,-0.4376,,-0.7307,-1.2849,,-1.5191,-0.8478,,-0.8662,-0.8797,,-0.8330,-0.6973,,-1.0219
44924,1923,-1.3905,,-1.4815,-1.6235,,-1.6641,-0.8388,,-1.0409,-0.8755,,-1.5370,-1.0310,,-0.8056,-0.4523,,-1.0601,-1.1490,,-0.9725,-0.9393,,-1.0860,-0.7467,,-0.5428,-0.7911,,-0.8005,-0.7267,,-0.7372,-0.2498,,-0.6704,-1.0226,,-0.9692,-0.9282,,-1.2160
45289,1924,-0.7944,,-0.8330,-0.9255,,-0.8853,-0.6115,,-0.9757,-0.7130,,-0.8849,-0.6882,,-0.4545,0.0858,,-0.8822,-0.7295,,-0.5667,-0.3629,,-0.8489,-0.9813,,-0.7161,-0.8270,,-1.0440,-1.0277,,-1.0873,-0.5586,,-0.8419,-0.7666,,-0.7262,-0.5598,,-0.9078
45655,1925,-1.2039,,-1.4169,-1.4589,,-1.3085,-0.7990,,-0.8977,-1.0297,,-1.1706,-0.9512,,-0.5628,-0.8870,,-1.0377,-0.9081,,-0.7230,-0.7804,,-0.9621,-1.1610,,-0.8070,-1.4215,,-1.0633,-0.6894,,-0.6626,-0.1549,,-0.6515,-0.9965,,-0.8860,-1.0951,,-1.0981
46020,1926,-0.6959,,-0.8680,-0.8886,,-0.8342,-0.4897,,-0.5343,-0.6226,,-0.7925,-0.6970,,-0.5628,-0.6360,,-0.7533,-0.8278,,-0.5890,-0.6517,,-0.7726,-0.7691,,-0.5393,-1.0966,,-0.7173,-0.4451,,-0.3501,0.1081,,-0.5170,-0.6911,,-0.6138,-0.7617,,-0.7687
46385,1927,-0.7424,,-0.6942,-0.9174,,-0.9039,-0.9456,,-0.8933,-1.0167,,-1.1057,-0.7303,,-0.4215,-0.5012,,-0.8744,-0.8532,,-0.5400,-0.5399,,-0.8433,-0.7285,,-0.6065,-1.0992,,-0.6968,-1.0070,,-0.9645,-0.4596,,-0.7745,-0.8064,,-0.6465,-0.8115,,-0.8822
46750,1928,-0.8151,,-0.8408,-0.9530,,-1.1392,-0.9793,,-0.7304,-1.0900,,-1.1170,-0.7401,,-0.1476,-0.2870,,-0.7015,-0.7330,,-0.3496,-0.3742,,-0.5935,-0.7318,,-0.4919,-1.1127,,-0.7101,-0.7854,,-0.6720,-0.3112,,-0.7880,-0.8005,,-0.5282,-0.7614,,-0.8503
47116,1929,-1.3758,,-1.2959,-1.2677,,-1.4220,-1.2008,,-1.1012,-1.1233,,-1.3890,-1.1481,,-0.7791,-0.6585,,-0.9347,-0.9416,,-0.7025,-0.8012,,-0.8932,-0.7693,,-0.5348,-1.2537,,-0.7986,-0.8378,,-0.7002,-0.2852,,-0.7573,-1.0774,,-0.8797,-1.0106,,-1.0804
47481,1930,-0.8234,,-0.7744,-1.1130,,-0.9041,-0.7408,,-0.8015,-0.7185,,-1.0092,-0.9263,,-0.6690,-0.3687,,-0.9478,-1.0175,,-0.8072,-1.0427,,-0.8904,-1.1454,,-0.9516,-1.3415,,-1.1385,-1.1868,,-1.1346,-0.6334,,-0.9073,-0.9368,,-0.8137,-0.9219,,-0.9768
47846,1931,-0.5175,,-0.6095,-0.7294,,-0.6527,-0.3240,,-0.3510,-0.1603,,-0.4797,-0.2603,,-0.0635,-0.4113,,-0.4328,-0.5518,,-0.3222,-0.5075,,-0.4614,-0.7211,,-0.3642,-0.9062,,-0.6591,-0.7406,,-0.5687,-0.5460,,-0.5520,-0.4859,,-0.3578,-0.5430,,-0.5387
48211,1932,-0.7894,,-1.0499,-1.3055,,-1.2374,-0.7874,,-0.8705,-0.7641,,-1.0663,-0.7088,,-0.4853,-0.6765,,-0.8193,-1.0589,,-0.7515,-0.7302,,-0.8249,-0.9380,,-0.6143,-1.2071,,-0.8056,-0.9574,,-0.8243,-0.6093,,-0.8480,-0.8644,,-0.7662,-0.9305,,-0.9489
48577,1933,-0.9722,,-1.0881,-1.1767,,-1.2070,-0.8076,,-0.7675,-0.7116,,-0.9480,-0.6615,,-0.3134,-0.4523,,-0.6320,-0.7501,,-0.5188,-0.3388,,-0.6582,-0.9019,,-0.5412,-1.0445,,-0.7187,-1.1536,,-0.8408,-0.6551,,-0.8759,-0.8271,,-0.6595,-0.7429,,-0.8341
48942,1934,-1.1479,,-1.0521,-1.3420,,-1.2511,-1.0711,,-0.8054,-0.7594,,-1.1275,-0.8472,,-0.4736,-0.8712,,-0.8238,-0.9403,,-0.6557,-0.7859,,-0.8102,-0.9030,,-0.4325,-1.2433,,-0.6698,-0.9499,,-0.8132,-0.6733,,-0.8174,-0.9819,,-0.6925,-0.9904,,-0.9334
49307,1935,-1.1781,,-1.0121,-1.0321,,-1.0891,-1.0364,,-0.8609,-0.2764,,-1.0902,-0.7405,,-0.7204,-0.8087,,-0.9639,-0.9082,,-0.6393,-0.7484,,-0.8621,-1.3171,,-0.8895,-1.4856,,-1.1185,-1.1130,,-0.9028,-0.6900,,-0.8888,-1.0410,,-0.8269,-0.8633,,-1.0207
49672,1936,-1.0152,,-0.8844,-0.7824,,-0.9628,-1.1492,,-0.8476,-0.5217,,-1.0553,-0.6587,,-0.6210,-0.8951,,-0.9355,-0.8263,,-0.5721,-0.6353,,-0.8112,-1.2250,,-0.7575,-1.3971,,-0.9427,-0.6668,,-0.5092,-0.3485,,-0.7045,-0.9735,,-0.7338,-0.8319,,-0.9348
50038,1937,-0.5194,,-0.4766,-0.5197,,-0.6398,-0.6473,,-0.7634,-0.1670,,-0.9083,-0.5952,,-0.7935,-0.8329,,-0.7840,-0.9532,,-0.7115,-0.7856,,-0.8921,-1.0426,,-0.5287,-1.1730,,-0.6666,-0.6495,,-0.4793,-0.3846,,-0.7174,-0.7543,,-0.6481,-0.6853,,-0.7776
50403,1938,-1.3926,,-1.3252,-1.1568,,-1.3121,-0.7361,,-0.7123,-0.1504,,-0.9790,-0.5486,,-0.6221,-0.6612,,-0.6956,-0.9175,,-0.7097,-0.8967,,-0.8523,-0.9119,,-0.3922,-1.0968,,-0.6818,-0.7711,,-0.6148,-0.4086,,-0.7849,-0.9020,,-0.7509,-0.7835,,-0.9023
50768,1939,-0.9047,,-0.9274,-0.9505,,-1.0435,-0.8219,,-0.7846,-0.4263,,-1.0663,-0.6561,,-0.6939,-0.6769,,-0.8937,-0.6789,,-0.5419,-0.5814,,-0.7141,-1.2625,,-0.9032,-1.3280,,-1.0564,-0.7678,,-0.6765,-0.3904,,-0.7534,-0.8649,,-0.7680,-0.7824,,-0.9492
51133,1940,-0.9640,,-1.0471,-1.0053,,-0.9644,-0.5141,,-0.6470,-0.3948,,-0.8059,-0.5446,,-0.4391,-0.5463,,-0.5652,-0.5448,,-0.3782,-0.4379,,-0.6470,-0.7730,,-0.4554,-0.8146,,-0.5669,-0.5980,,-0.3045,-0.4890,,-0.4233,-0.6659,,-0.5887,-0.6331,,-0.7050
51499,1941,-0.7336,,-0.9055,-0.7272,,-0.7937,-0.2147,,-0.4423,-0.1300,,-0.5268,-0.2556,,-0.0645,0.0088,,-0.2702,-0.3980,,-0.1049,-0.4257,,-0.3487,-0.3309,,-0.1013,-0.3953,,-0.2286,-0.5640,,-0.2492,-0.1987,,-0.2166,-0.3910,,-0.3233,-0.3368,,-0.4296
51864,1942,-0.7522,,-0.7565,-0.6905,,-0.7837,-0.5177,,-0.6773,-0.4147,,-0.6552,-0.4732,,-0.3960,-0.3306,,-0.5698,-0.6328,,-0.3843,-0.6690,,-0.5695,-0.6001,,-0.2388,-0.6361,,-0.5105,-0.8468,,-0.4933,-0.3229,,-0.3406,-0.6021,,-0.4919,-0.5481,,-0.6115
52229,1943,-1.0882,,-0.9494,-1.0288,,-1.2935,-1.0551,,-1.0925,-0.9483,,-1.2652,-0.8011,,-0.8430,-0.7075,,-1.0432,-0.9269,,-0.7426,-1.1446,,-0.9052,-0.9882,,-0.7281,-1.0290,,-0.8811,-1.1650,,-0.8025,-0.7069,,-0.6381,-0.9778,,-0.8693,-0.9721,,-1.0654
52594,1944,-1.1450,,-1.1468,-1.0404,,-1.1664,-0.6696,,-0.8038,-0.5797,,-0.9724,-0.7097,,-0.6719,-0.5648,,-0.7110,-0.7155,,-0.5733,-0.8893,,-0.7817,-0.6604,,-0.4026,-0.6484,,-0.5171,-0.8341,,-0.5971,-0.3976,,-0.4558,-0.7781,,-0.7132,-0.7389,,-0.8207
52960,1945,-0.9104,,-0.8714,-1.0318,,-1.0647,-0.7775,,-0.9548,-0.7675,,-1.0011,-0.6243,,-0.6923,-0.6758,,-0.9467,-0.8265,,-0.6858,-1.0251,,-0.8668,-0.8465,,-0.5761,-0.8970,,-0.6612,-0.8935,,-0.6931,-0.5256,,-0.4485,-0.8006,,-0.7545,-0.8741,,-0.8943
53325,1946,-0.6839,,-0.8222,-0.6844,,-0.8895,-0.8670,,-1.1326,-0.8405,,-1.1345,-0.7420,,-0.6756,-0.3354,,-0.8450,-0.8018,,-0.6341,-0.9801,,-0.8125,-0.6452,,-0.4782,-0.7881,,-0.6055,-0.7943,,-0.5779,-0.4703,,-0.5195,-0.7502,,-0.7470,-0.7320,,-0.8507
53690,1947,-0.3461,,-0.3686,-0.5045,,-0.4707,-0.5670,,-0.7609,-0.5250,,-0.8480,-0.5142,,-0.5573,-0.1395,,-0.6710,-0.7275,,-0.6354,-0.9088,,-0.7754,-0.5879,,-0.3389,-0.7155,,-0.5492,-0.8575,,-0.6701,-0.4512,,-0.6460,-0.5584,,-0.5373,-0.5689,,-0.6648
54055,1948,-1.1083,,-1.0554,-1.1811,,-1.2334,-1.0337,,-1.2434,-1.0142,,-1.3132,-0.8071,,-0.8528,-0.4901,,-1.0127,-1.0343,,-0.8932,-1.1247,,-1.0174,-0.8410,,-0.6105,-0.9600,,-0.7552,-0.6940,,-0.5905,-0.4327,,-0.7209,-0.9626,,-0.9263,-0.9531,,-1.0588
54421,1949,-1.1888,,-0.9970,-1.2247,,-1.1435,-0.7051,,-0.8528,-0.6726,,-0.9502,-0.6457,,-0.5625,-0.3646,,-0.7347,-0.9478,,-0.7791,-1.1260,,-0.8488,-0.5456,,-0.2284,-0.6474,,-0.3970,-0.6714,,-0.6035,-0.4801,,-0.6862,-0.8057,,-0.6852,-0.8092,,-0.8125
54786,1950,-1.1963,,-0.9564,-1.2846,,-1.2059,-1.2281,,-1.2816,-1.1550,,-1.3734,-0.8996,,-1.0055,-0.8423,,-1.1219,-1.0793,,-0.9621,-1.2296,,-1.1149,-0.9278,,-0.5721,-1.0369,,-0.7140,-1.1524,,-0.9842,-0.7817,,-0.8206,-1.0697,,-0.9558,-1.1069,,-1.0986
55151,1951,-0.7555,,-0.8311,-0.9496,,-0.8508,-0.8147,,-0.9971,-0.7034,,-1.0039,-0.7936,,-0.8212,-0.5375,,-0.9600,-0.9997,,-0.9084,-1.0718,,-0.9644,-0.9341,,-0.7747,-1.0544,,-0.9254,-0.9466,,-0.8630,-0.8042,,-0.9393,-0.8639,,-0.8683,-0.8689,,-0.9406
55516,1952,-0.7258,,-0.6893,-0.8776,,-0.8254,-1.0701,,-1.1412,-0.9471,,-1.1728,-0.6530,,-0.6256,-0.3188,,-0.7289,-0.6533,,-0.5472,-0.6679,,-0.7195,-0.6091,,-0.5014,-0.7211,,-0.5738,-0.7685,,-0.6164,-0.5491,,-0.6398,-0.7448,,-0.7013,-0.7104,,-0.8023
55882,1953,-1.0809,,-1.0963,-1.2419,,-1.1893,-0.9329,,-1.0912,-0.8598,,-1.1070,-0.8174,,-0.7549,-0.4954,,-0.9011,-0.7737,,-0.7098,-0.8550,,-0.8462,-1.0256,,-0.7997,-1.1086,,-0.8675,-0.7578,,-0.6827,-0.5514,,-0.6744,-0.9218,,-0.8870,-0.9095,,-0.9742
56247,1954,-1.2729,,-1.2322,-1.4555,,-1.3309,-1.1397,,-1.2217,-1.0961,,-1.2872,-0.9799,,-0.8627,-0.6761,,-0.9849,-0.8461,,-0.7663,-0.9230,,-0.9286,-1.0734,,-0.8039,-1.1316,,-0.9206,-0.6190,,-0.6568,-0.6066,,-0.7839,-1.0514,,-0.9707,-1.0506,,-1.0829
56612,1955,-0.0295,,-0.2352,-0.3840,,-0.2897,-0.8488,,-1.0741,-0.8313,,-1.0213,-1.0544,,-0.9440,-0.7269,,-1.0536,-0.9337,,-0.8260,-0.9369,,-1.0125,-1.2881,,-1.0286,-1.3710,,-1.1346,-0.8812,,-0.8670,-0.8445,,-0.9201,-0.8325,,-0.8241,-0.8551,,-0.9037
56977,1956,-1.2497,,-1.3377,-1.3792,,-1.3436,-1.0658,,-1.1876,-1.0282,,-1.2483,-1.0654,,-0.9842,-0.8144,,-1.0766,-1.1461,,-1.0415,-1.1794,,-1.1226,-1.1717,,-0.9453,-1.2300,,-1.0427,-0.9170,,-0.8324,-0.7852,,-0.8518,-1.1350,,-1.0945,-1.1236,,-1.1599
57343,1957,-1.1267,,-1.1064,-1.3664,,-1.2432,-1.0462,,-1.1544,-1.0145,,-1.2142,-0.8144,,-0.7448,-0.5842,,-0.8325,-0.9182,,-0.8383,-1.0096,,-0.9170,-0.6603,,-0.4501,-0.6783,,-0.5608,-0.6700,,-0.5553,-0.5852,,-0.6347,-0.9091,,-0.8546,-0.9285,,-0.9474
57708,1958,-0.4870,,-0.6088,-0.7776,-0.5768,-0.5730,-0.5861,,-0.7299,-0.6020,-0.5233,-0.7415,-0.5472,,-0.4576,-0.3093,-0.2447,-0.5771,-0.5034,,-0.3672,-0.6367,-0.6871,-0.5520,-0.7119,,-0.5686,-0.8297,-0.5127,-0.5897,-0.6121,,-0.4294,-0.5229,-0.5476,-0.5664,-0.5690,,-0.5451,-0.6345,-0.5178,-0.6065
58073,1959,-0.9624,,-1.0667,-1.1514,-1.0602,-1.1634,-0.7911,,-0.9621,-0.7867,-0.7900,-0.9787,-0.7205,,-0.6671,-0.5570,-0.1823,-0.7858,-0.7792,,-0.6685,-0.9645,-0.8936,-0.8324,-0.6853,,-0.5006,-0.7565,-0.5183,-0.5923,-0.7827,,-0.6402,-0.8124,-0.6472,-0.7544,-0.7880,,-0.7709,-0.8476,-0.7002,-0.8675
58438,1960,-0.3978,,-0.5285,-0.6701,-0.4754,-0.5782,-0.7984,,-0.9340,-0.8170,-0.6688,-0.9386,-0.6875,,-0.5946,-0.4916,-0.4022,-0.7021,-0.6443,,-0.5377,-0.8176,-0.5274,-0.7264,-0.7476,,-0.5624,-0.8455,-0.5538,-0.6499,-0.9015,,-0.7573,-0.8409,-0.7143,-0.8962,-0.6612,,-0.6354,-0.7364,-0.5330,-0.7239
58804,1961,-0.9734,,-0.8893,-1.1269,-1.1689,-1.0364,-1.1035,,-1.2065,-1.0511,-1.0569,-1.2362,-1.0970,,-0.9878,-0.9077,-1.0122,-1.0389,-1.0082,,-0.8753,-1.1671,-0.9896,-1.0443,-0.6467,,-0.4887,-0.7863,-0.5409,-0.5327,-0.1676,,-0.0990,-0.0216,-0.4369,-0.2584,-0.9463,,-0.8716,-0.9892,-0.9400,-0.9611
59169,1962,-0.6546,,-0.6875,-0.8535,-0.9242,-0.6956,-0.8584,,-0.9780,-0.8837,-0.8116,-0.9892,-0.8907,,-0.8017,-0.7046,-0.8995,-0.8158,-0.8465,,-0.7829,-1.0202,-0.7552,-0.8952,-0.7049,,-0.4992,-0.8673,-0.5028,-0.5708,-0.7649,,-0.6539,-0.5671,-0.8511,-0.6512,-0.7889,,-0.7475,-0.8634,-0.7756,-0.7907
59534,1963,-0.4790,,-0.6321,-0.7395,-0.7163,-0.5885,-0.5914,,-0.7038,-0.5741,-0.7405,-0.7154,-0.6750,,-0.6269,-0.5080,-0.6996,-0.7132,-0.7697,,-0.7265,-0.8845,-0.6587,-0.8037,-1.0040,,-0.7389,-1.1223,-0.9273,-0.7960,-1.0407,,-0.9707,-0.8639,-1.2110,-0.8642,-0.7117,,-0.6925,-0.7723,-0.7570,-0.7263
59899,1964,-0.9794,,-0.9662,-1.1389,-0.7588,-1.0118,-0.9253,,-1.0587,-0.8756,-0.8370,-1.1049,-0.9496,,-0.9271,-0.7801,-0.8104,-1.0183,-1.1631,,-1.1538,-1.3248,-1.1952,-1.1932,-0.9721,,-0.8226,-1.1092,-0.8004,-0.8961,-1.1039,,-1.0213,-1.0183,-0.8725,-0.9738,-1.0018,,-0.9895,-1.0513,-0.8850,-1.0444
60265,1965,-1.1293,,-1.0922,-1.2316,-0.9874,-1.1596,-1.1648,,-1.2383,-1.1076,-0.8365,-1.2591,-0.9611,,-0.8500,-0.7280,-0.7434,-0.9343,-1.0198,,-0.9300,-1.1570,-0.9823,-1.0174,-0.9728,,-0.7502,-1.0842,-0.5145,-0.8652,-1.2513,,-1.1675,-1.1646,-1.0744,-1.0841,-1.0545,,-0.9783,-1.0700,-0.8203,-1.0488
60630,1966,-0.6615,,-0.6747,-0.8820,-0.5965,-0.6168,-0.6775,,-0.8127,-0.7030,-0.4815,-0.8074,-0.7626,,-0.6353,-0.5407,-0.5695,-0.6977,-0.7413,,-0.6518,-0.8627,-0.8688,-0.7663,-0.5660,,-0.3947,-0.6858,-0.3692,-0.4772,-0.6399,,-0.5777,-0.5343,-0.5600,-0.6133,-0.6790,,-0.6325,-0.7337,-0.5784,-0.6717
60995,1967,-1.2228,,-1.2211,-1.3840,-1.3348,-1.3652,-1.1301,,-1.1918,-1.0801,-1.0179,-1.2152,-0.9297,,-0.8863,-0.8362,-0.8873,-0.9827,-1.1469,,-1.1031,-1.3140,-1.1823,-1.1445,-0.9377,,-0.7849,-1.0131,-0.8227,-0.8197,-0.3772,,-0.3704,-0.3556,-0.5685,-0.5115,-1.0620,,-1.0273,-1.1150,-1.0416,-1.0936
61360,1968,-0.9362,,-0.9270,-1.0268,-0.9538,-0.9638,-0.9263,,-1.0152,-0.8101,-0.7768,-1.0468,-0.9361,,-0.8716,-0.7535,-0.8930,-0.9852,-1.1810,,-1.1340,-1.3415,-1.2397,-1.1483,-1.0234,,-0.8256,-1.0806,-0.5708,-0.8956,-1.0725,,-1.0050,-0.9881,-0.9734,-0.9160,-1.0046,,-0.9590,-1.0088,-0.8907,-1.0070
61726,1969,-0.5061,,-0.7358,-0.6532,-0.4709,-0.5674,-0.3214,,-0.4030,-0.2015,-0.0943,-0.4021,-0.4679,,-0.4247,-0.2877,-0.4519,-0.5250,-0.4536,,-0.3905,-0.6365,-0.5174,-0.4756,-0.5903,,-0.4058,-0.6809,-0.1346,-0.4848,-0.1668,,-0.1596,-0.1531,-0.2389,-0.1856,-0.4614,,-0.4646,-0.4890,-0.3296,-0.4831
62091,1970,-0.8904,,-0.9270,-0.9937,-0.8808,-0.8208,-0.6191,,-0.6737,-0.5391,-0.4095,-0.7092,-0.6552,,-0.6087,-0.5613,-0.6863,-0.6642,-0.7810,,-0.7031,-0.8556,-0.8586,-0.7988,-0.4993,,-0.2834,-0.5996,-0.2773,-0.3803,-0.5353,,-0.4269,-0.5122,-0.3407,-0.4820,-0.6855,,-0.6343,-0.7074,-0.6147,-0.6707
62456,1971,-1.3095,,-1.3063,-1.3648,-1.2598,-1.2548,-0.9979,,-1.0276,-0.9032,-0.8069,-1.0821,-0.9435,,-0.8949,-0.9526,-1.0327,-0.9429,-1.1317,,-1.0735,-1.2651,-1.2530,-1.0507,-0.9283,,-0.7569,-1.0361,-0.6878,-0.8453,-0.9806,,-0.9163,-0.8554,-0.5945,-0.7202,-1.0612,,-1.0108,-1.1008,-0.9984,-1.0285
62821,1972,-1.2504,,-1.2799,-1.2381,-1.0991,-1.3001,-0.8293,,-0.7813,-0.7005,-0.5202,-0.8421,-0.5938,,-0.5441,-0.5871,-0.7468,-0.6371,-0.6154,,-0.6003,-0.8245,-0.7316,-0.6433,-0.7577,,-0.5888,-0.8585,-0.5772,-0.6596,-0.7649,,-0.6151,-0.6122,-0.2621,-0.4941,-0.8086,,-0.7565,-0.8395,-0.7220,-0.8090
63187,1973,-1.0779,,-1.0344,-1.2338,-1.0424,-1.0433,-0.4496,,-0.3868,-0.4285,-0.2207,-0.4605,-0.2942,,-0.2222,-0.3417,-0.4187,-0.3223,-0.4193,,-0.3268,-0.5925,-0.4522,-0.4350,-0.5019,,-0.3521,-0.5968,-0.3473,-0.3947,-0.7458,,-0.5518,-0.5647,-0.2871,-0.4053,-0.5526,,-0.4663,-0.6380,-0.4880,-0.5282
63552,1974,-1.3071,,-1.3481,-1.4680,-1.2986,-1.3306,-1.2182,,-1.1965,-1.1807,-1.0743,-1.2656,-0.9140,,-0.8631,-0.9196,-1.1413,-0.9381,-1.0184,,-0.9584,-1.0545,-1.1135,-0.9620,-1.2044,,-0.9318,-1.2393,-1.3276,-0.9594,-1.0375,,-0.8664,-0.8033,-0.7278,-0.6543,-1.1320,,-1.0569,-1.1661,-1.1791,-1.0821
63917,1975,-1.2609,,-1.2896,-1.4066,-1.2244,-1.3665,-1.1598,,-1.1303,-1.1465,-1.0215,-1.1860,-0.8804,,-0.8306,-0.8934,-1.0831,-0.9056,-0.9634,,-0.8705,-1.0461,-1.2026,-0.9349,-0.9760,,-0.7765,-1.0641,-0.8722,-0.8336,-1.0043,,-0.8285,-0.8638,-0.6899,-0.6923,-1.0484,,-0.9768,-1.1078,-1.0708,-1.0374
64282,1976,-1.4181,,-1.4306,-1.4579,-1.3309,-1.5506,-1.2452,,-1.1652,-1.1627,-1.1113,-1.2125,-0.7584,,-0.7396,-0.8421,-0.8638,-0.8757,-0.6723,,-0.6531,-0.7042,-0.9813,-0.6848,-1.2314,,-0.9901,-1.3297,-1.2567,-1.0417,-0.7144,,-0.5720,-0.6058,-0.5093,-0.5124,-1.0594,,-0.9877,-1.0890,-1.0986,-1.0594
64648,1977,-0.6963,,-0.8870,-0.8861,-0.6061,-0.7548,-0.7146,,-0.6888,-0.6845,-0.5793,-0.7295,-0.5909,,-0.5812,-0.6499,-0.7636,-0.6608,-0.7887,,-0.7838,-0.8472,-1.1772,-0.7935,-0.5661,,-0.3515,-0.6756,-0.4071,-0.4079,-0.2859,,-0.1587,-0.2508,-0.1883,-0.1670,-0.6660,,-0.6496,-0.7402,-0.6981,-0.6598
65013,1978,-0.7786,,-0.9959,-0.9270,-0.7121,-0.8973,-0.6461,,-0.6599,-0.6275,-0.5288,-0.6627,-0.5924,,-0.6091,-0.6269,-0.7154,-0.6953,-0.6602,,-0.7110,-0.6975,-1.0207,-0.7175,-0.8518,,-0.6158,-0.9531,-0.7643,-0.6786,-0.1949,,-0.1852,-0.3060,-0.2615,-0.2162,-0.6972,,-0.7077,-0.7579,-0.7403,-0.7188
65378,1979,-0.5283,-0.7978,-0.6515,-0.6006,-0.5472,-0.5507,-0.3843,-0.4720,-0.3806,-0.3893,-0.2558,-0.3712,-0.3306,-0.6246,-0.3542,-0.2984,-0.4505,-0.4345,-0.4535,-0.6166,-0.4872,-0.5035,-0.5329,-0.5492,-0.5449,-0.6577,-0.3338,-0.6580,-0.4756,-0.4107,-0.4489,-0.4203,-0.3418,-0.4761,-0.5487,-0.3799,-0.4501,-0.6267,-0.4399,-0.4925,-0.4529,-0.4616
65743,1980,-0.7730,-0.9218,-0.9823,-0.8953,-0.7567,-0.7760,-0.3601,-0.3202,-0.3427,-0.3727,-0.2833,-0.3738,-0.3280,-0.5871,-0.3522,-0.3422,-0.5146,-0.4138,-0.2581,-0.4408,-0.2596,-0.3611,-0.4010,-0.3658,-0.6300,-0.5426,-0.4991,-0.7467,-0.3280,-0.5128,-0.4561,-0.4166,-0.3940,-0.4844,-0.3513,-0.3883,-0.4689,-0.5546,-0.4826,-0.5421,-0.4500,-0.4847
66109,1981,-0.5586,-0.7971,-0.7065,-0.7558,-0.6929,-0.6493,-0.5008,-0.6142,-0.5021,-0.5774,-0.4914,-0.5353,-0.5591,-0.7654,-0.6335,-0.6040,-0.6620,-0.8052,-0.5913,-0.6605,-0.5963,-0.6060,-0.4706,-0.6612,-0.8973,-0.8807,-0.8664,-0.9797,-0.6859,-0.8697,-0.5454,-0.5396,-0.5196,-0.4545,-0.4151,-0.3955,-0.6208,-0.7362,-0.6568,-0.6994,-0.5917,-0.6943
66474,1982,-0.9165,-1.2269,-0.9255,-1.0336,-1.0893,-1.0512,-0.7893,-0.8478,-0.7415,-0.7883,-0.7609,-0.7658,-0.5773,-0.8184,-0.6446,-0.6632,-0.6919,-0.7438,-0.6127,-0.8492,-0.6409,-0.6484,-0.7289,-0.6471,-0.5749,-0.4993,-0.4461,-0.6416,-0.3118,-0.5656,-0.5004,-0.5496,-0.3917,-0.4748,-0.5378,-0.3170,-0.6914,-0.8397,-0.6737,-0.7484,-0.7110,-0.7428
66839,1983,-0.7108,-0.9067,-0.8535,-0.8356,-0.8371,-0.8419,-0.1930,-0.2151,-0.2135,-0.2224,-0.1489,-0.2525,-0.3467,-0.4206,-0.4037,-0.3879,-0.3242,-0.4109,-0.4497,-0.5989,-0.5026,-0.4895,-0.5377,-0.5558,-0.0061,0.0750,0.1125,-0.0931,0.2517,0.0469,-0.2270,-0.1304,-0.1888,-0.1979,-0.1227,-0.0893,-0.3377,-0.4050,-0.3661,-0.3993,-0.3129,-0.3945
67204,1984,-0.8851,-1.1262,-1.0302,-0.9884,-0.9509,-1.0096,-0.4439,-0.5813,-0.4248,-0.3854,-0.3591,-0.5253,-0.4783,-0.6938,-0.4618,-0.4879,-0.5476,-0.5159,-0.5200,-0.7239,-0.4981,-0.5506,-0.5559,-0.5725,-0.2847,-0.3043,-0.1571,-0.3537,-0.2600,-0.2524,-0.8146,-0.8241,-0.7424,-0.7823,-0.7608,-0.6068,-0.5259,-0.6840,-0.5161,-0.5552,-0.5344,-0.5732
67570,1985,-0.5048,-0.6666,-0.6009,-0.7019,-0.5150,-0.5997,-0.5604,-0.6868,-0.5479,-0.5710,-0.4865,-0.6245,-0.5853,-0.9015,-0.6282,-0.6473,-0.7137,-0.6370,-0.6460,-0.9838,-0.6491,-0.6588,-0.8655,-0.6442,-0.5198,-0.4989,-0.3460,-0.5691,-0.3970,-0.4097,-0.6072,-0.7814,-0.5806,-0.6195,-0.7410,-0.4657,-0.5648,-0.7456,-0.5541,-0.6283,-0.5969,-0.5800
67935,1986,-0.7979,-0.9661,-0.8277,-0.9329,-0.8508,-0.8410,-0.6506,-0.6910,-0.6112,-0.7062,-0.6576,-0.6843,-0.4869,-0.6314,-0.4999,-0.5698,-0.6061,-0.5398,-0.6036,-0.7880,-0.6225,-0.6067,-0.7341,-0.5936,-0.5036,-0.5175,-0.3429,-0.5550,-0.4171,-0.3545,-0.7390,-0.7643,-0.6319,-0.6477,-0.8434,-0.4973,-0.6126,-0.7195,-0.5830,-0.6734,-0.6565,-0.6005
68300,1987,-0.2239,-0.2742,-0.2997,-0.3584,-0.2156,-0.1966,0.2304,0.2430,0.2052,0.1375,0.3163,0.1398,-0.0770,-0.1454,-0.1201,-0.1303,-0.0153,-0.1183,-0.1160,-0.2030,-0.1246,-0.1848,-0.2266,-0.1912,0.0867,0.1723,0.1917,-0.0381,0.3253,0.1339,-0.0768,-0.1260,-0.0654,-0.1994,-0.0634,-0.0682,-0.0194,-0.0401,-0.0276,-0.1148,0.0364,-0.0456
68665,1988,-0.2885,-0.3103,-0.3590,-0.4110,-0.2502,-0.3539,-0.4067,-0.3857,-0.4142,-0.4562,-0.3326,-0.4019,-0.3770,-0.4075,-0.4515,-0.3414,-0.2130,-0.4659,-0.3426,-0.2827,-0.3218,-0.3289,-0.1172,-0.3944,-0.4043,-0.3910,-0.3036,-0.4706,-0.2604,-0.3343,-0.1675,-0.1277,-0.1542,-0.1929,-0.0719,-0.1518,-0.3598,-0.3487,-0.3639,-0.3979,-0.2304,-0.3837
69031,1989,-0.4619,-0.5608,-0.4723,-0.6472,-0.5043,-0.5774,-0.6559,-0.6003,-0.6862,-0.6988,-0.5848,-0.7178,-0.7640,-0.7908,-0.9210,-0.7522,-0.7270,-0.9252,-0.9534,-0.9163,-0.9816,-0.9164,-0.6816,-0.9843,-0.5884,-0.5712,-0.5643,-0.6527,-0.5297,-0.5740,-0.5450,-0.4604,-0.5641,-0.5132,-0.5529,-0.4448,-0.6829,-0.6820,-0.7204,-0.7293,-0.6016,-0.7476
69396,1990,-0.2353,-0.3122,-0.2656,-0.4542,-0.2861,-0.2139,-0.1130,-0.1051,-0.1244,-0.1428,-0.1138,-0.1558,-0.2876,-0.1729,-0.2838,-0.3235,-0.0999,-0.2980,-0.3823,-0.2027,-0.4378,-0.3520,-0.0202,-0.4170,-0.1594,-0.1608,-0.1767,-0.2863,-0.1488,-0.2072,-0.5077,-0.2504,-0.4634,-0.4169,-0.2851,-0.3193,-0.2411,-0.1913,-0.2636,-0.3123,-0.1359,-0.2608
69761,1991,-0.8345,-0.9599,-0.9474,-0.8847,-0.9681,-0.8181,-0.3908,-0.4451,-0.4585,-0.3857,-0.4391,-0.5229,-0.4411,-0.4195,-0.4914,-0.2483,-0.3535,-0.4605,-0.4047,-0.3346,-0.4730,-0.4610,-0.1646,-0.5020,-0.4603,-0.4289,-0.4212,-0.4967,-0.4410,-0.3770,-0.2622,-0.2975,-0.3446,-0.1726,-0.4338,-0.2343,-0.4988,-0.5098,-0.5513,-0.4906,-0.4688,-0.5291
70126,1992,-1.1152,-1.3384,-1.1149,-1.1869,-1.3284,-1.1970,-0.7423,-0.8288,-0.7234,-0.7656,-0.8078,-0.8095,-0.6615,-0.7456,-0.8090,-0.5612,-0.6874,-0.7439,-0.6399,-0.7232,-0.7433,-0.8201,-0.5367,-0.7142,0.1026,0.1367,0.1485,-0.0905,0.1573,-0.0497,-0.3280,-0.4892,-0.2269,-0.1626,-0.4902,-0.2866,-0.6021,-0.6907,-0.6351,-0.6753,-0.6319,-0.6906
70492,1993,-0.5622,-0.6710,-0.6549,-0.5968,-0.6470,-0.6523,-0.3247,-0.3776,-0.2679,-0.3700,-0.4685,-0.3154,-0.4079,-0.4610,-0.4271,-0.4390,-0.4818,-0.4808,-0.4801,-0.3947,-0.5314,-0.5421,-0.2712,-0.4872,-0.1929,-0.1207,-0.1297,-0.2354,-0.1018,-0.1762,-0.2985,-0.5247,-0.3149,-0.3575,-0.4585,-0.3410,-0.3908,-0.4039,-0.3992,-0.4347,-0.3906,-0.4182
70857,1994,-0.3830,-0.4762,-0.2859,-0.5082,-0.3696,-0.4265,-0.5901,-0.6735,-0.6007,-0.7561,-0.6473,-0.6166,-0.4330,-0.5800,-0.4366,-0.6407,-0.4707,-0.6233,-0.4465,-0.4894,-0.4646,-0.5384,-0.3051,-0.4840,-0.4611,-0.3479,-0.4530,-0.5473,-0.3037,-0.4729,-0.2911,-0.4362,-0.4237,-0.2340,-0.3512,-0.4185,-0.4602,-0.5102,-0.4493,-0.5898,-0.4166,-0.5203
71222,1995,-0.2681,-0.3649,-0.2778,-0.3207,-0.2811,-0.3763,-0.1832,-0.3859,-0.2009,-0.2819,-0.3109,-0.1924,-0.2560,-0.3460,-0.2954,-0.4253,-0.1048,-0.2905,-0.2774,-0.3035,-0.2837,-0.3856,0.0454,-0.3820,0.0927,0.1045,0.0496,-0.0876,0.2184,-0.0386,-0.1617,-0.1745,-0.2869,-0.3042,-0.1668,-0.1973,-0.1766,-0.2554,-0.2013,-0.2975,-0.0867,-0.2536
71587,1996,-0.2541,-0.3309,-0.3629,-0.3353,-0.2426,-0.2478,0.0237,-0.1994,-0.0017,-0.0989,-0.0175,0.0082,-0.3585,-0.4354,-0.4029,-0.3354,-0.2226,-0.4659,-0.3202,-0.5021,-0.3464,-0.3376,-0.2616,-0.3760,-0.4547,-0.4574,-0.5280,-0.4208,-0.3406,-0.5320,-0.2750,-0.3721,-0.4530,-0.3622,-0.3176,-0.3155,-0.2707,-0.3840,-0.3281,-0.3055,-0.2189,-0.3194
71953,1997,-0.3065,-0.3731,-0.2451,-0.3155,-0.2490,-0.3311,-0.1526,-0.2861,-0.1562,-0.1062,-0.0710,-0.1824,-0.1032,-0.3402,-0.1369,0.0198,-0.1484,-0.4054,-0.2441,-0.4228,-0.3362,-0.1313,-0.1918,-0.3514,-0.3556,-0.3911,-0.3877,-0.3729,-0.3001,-0.4022,-0.0395,-0.2297,-0.1346,-0.2578,-0.2834,-0.1504,-0.2308,-0.3598,-0.2537,-0.1856,-0.1940,-0.3285
72318,1998,-0.0685,-0.1397,-0.1248,-0.0893,-0.0064,0.0712,0.2503,0.1696,0.2465,0.2173,0.3712,0.2478,0.2258,0.2148,0.2141,0.1044,0.5603,0.1413,-0.0685,-0.0032,-0.1750,-0.0764,0.1746,-0.0691,0.2661,0.2623,0.2298,0.2200,0.3159,0.1662,0.1899,0.0791,0.1513,0.0665,0.0255,0.0871,0.1205,0.1000,0.0769,0.0752,0.2732,0.1096
72683,1999,0.1599,0.0327,0.1683,0.0629,0.1705,0.1602,-0.3603,-0.5435,-0.3601,-0.3514,-0.3012,-0.2612,-0.3165,-0.5043,-0.3018,-0.3712,-0.0231,-0.2779,-0.3077,-0.2169,-0.3401,-0.3550,-0.0602,-0.3031,-0.0423,-0.1496,0.0162,-0.1592,-0.0783,-0.0482,-0.1632,-0.2793,-0.2570,-0.2647,-0.3423,-0.1770,-0.1737,-0.2725,-0.1664,-0.2349,-0.0672,-0.1471
73048,2000,-0.3672,-0.5036,-0.2814,-0.3549,-0.3961,-0.3011,-0.3209,-0.3879,-0.2942,-0.3582,-0.1647,-0.2732,-0.3038,-0.5733,-0.2951,-0.3204,-0.2194,-0.4268,-0.3107,-0.3872,-0.2776,-0.2444,-0.3157,-0.3364,-0.4340,-0.6027,-0.5527,-0.4368,-0.4564,-0.4435,-0.1941,-0.2530,-0.2942,-0.2702,-0.3692,-0.2484,-0.3438,-0.4815,-0.3394,-0.3404,-0.3116,-0.3515
73414,2001,0.2872,0.2617,0.2918,0.2305,0.3388,0.3049,-0.1304,-0.0800,-0.1485,-0.1086,0.0637,-0.0816,-0.2290,-0.4105,-0.3464,-0.2548,-0.1744,-0.3375,-0.2014,-0.2968,-0.2356,-0.1599,-0.0398,-0.2976,-0.1659,-0.3494,-0.2902,-0.2311,-0.2288,-0.2457,0.0184,-0.0647,-0.1116,-0.0647,-0.0928,-0.1262,-0.0859,-0.1704,-0.1439,-0.1029,-0.0082,-0.1306
73779,2002,0.0865,0.0584,0.0722,0.0582,0.0940,0.0985,0.0034,-0.0087,0.0234,-0.0105,0.0635,0.0317,0.0618,-0.1726,-0.0018,-0.0943,-0.0845,-0.0075,0.0891,-0.0451,0.0802,0.1168,0.1322,0.0188,0.0602,-0.0366,-0.0463,-0.1224,-0.0064,-0.0312,0.0290,0.0006,-0.1479,-0.0819,-0.0821,-0.1569,0.0590,-0.0374,0.0225,-0.0094,0.0407,0.0183
74144,2003,0.0720,0.0062,0.1391,0.1133,0.0445,0.0920,0.0004,0.0989,0.0449,0.0518,0.1257,0.0213,0.1002,-0.0243,0.1459,-0.0340,0.0446,0.1602,0.1546,0.0598,0.1261,0.1630,0.1817,0.0929,0.2350,0.1209,0.2116,0.0417,0.1006,0.1629,0.0902,-0.0289,-0.0592,-0.0491,0.0301,-0.0856,0.1123,0.0530,0.1286,0.0674,0.1002,0.1002
74509,2004,-0.1421,-0.1888,-0.1273,-0.0357,-0.1341,-0.0947,0.0826,0.0513,0.1105,0.1280,0.0818,0.0579,0.1175,-0.0251,0.1253,0.0641,-0.1509,0.0802,0.0657,-0.0240,0.0374,0.0781,-0.0668,-0.0063,-0.1706,-0.2091,-0.1173,-0.0970,-0.2519,-0.0182,-0.0682,-0.0189,-0.2493,-0.1777,-0.0822,-0.1219,-0.0118,-0.0774,-0.0010,0.0234,-0.1018,-0.0003
74875,2005,-0.0311,0.0739,-0.1199,0.0264,0.0158,0.0073,0.2710,0.3127,0.3212,0.2569,0.3319,0.2960,0.5148,0.2365,0.3402,0.5365,0.1726,0.3282,0.3806,0.2520,0.2979,0.3242,0.1784,0.1742,0.4202,0.4063,0.3293,0.4236,0.3171,0.2793,0.0933,0.0050,-0.0424,0.0340,0.1303,0.0530,0.3035,0.2517,0.2279,0.3033,0.2026,0.2114
75240,2006,0.0061,0.0348,0.0604,0.0273,-0.0726,0.1571,0.0701,0.0378,0.0855,0.0004,0.1109,0.1134,0.2550,-0.0046,0.0847,0.2450,-0.0478,-0.0196,0.0392,-0.0028,-0.0128,0.0268,-0.0588,0.0246,-0.2841,-0.4996,-0.4018,-0.0662,-0.5849,-0.3401,0.2319,0.2149,0.0250,-0.0085,0.0757,0.0219,0.0168,-0.0821,-0.0382,0.0408,-0.1269,-0.0124
75605,2007,-0.0819,0.0346,-0.0470,0.0222,-0.0300,-0.0275,0.0174,-0.0275,0.0833,0.0699,0.0997,0.0157,0.0493,-0.0093,0.0153,0.1245,-0.1896,0.0208,-0.0829,-0.0111,-0.1392,0.0518,-0.1025,-0.0422,0.0739,-0.0686,-0.0140,0.1640,-0.1137,-0.0464,0.1457,0.0315,0.0598,0.1030,0.0776,0.0700,-0.0028,-0.0156,-0.0200,0.0855,-0.0614,-0.0150
75970,2008,-0.0216,0.0694,0.0111,0.0923,0.0140,-0.0203,-0.1924,-0.2464,-0.1860,-0.1944,-0.1538,-0.1659,-0.0564,-0.1953,-0.0979,-0.0407,-0.3258,-0.1300,-0.0737,-0.0726,-0.0596,0.0206,-0.1390,-0.0912,-0.1391,-0.2354,-0.1513,0.0413,-0.2741,-0.1323,-0.2118,-0.1954,-0.2313,-0.2762,-0.1856,-0.1805,-0.0999,-0.1363,-0.0997,-0.0218,-0.1725,-0.1089
76336,2009,0.0807,0.1480,0.0985,0.1738,0.0733,0.1205,0.1877,0.3208,0.1291,0.2552,0.3385,0.1396,0.2805,0.2553,0.2431,0.3620,0.0361,0.1990,0.4402,0.4733,0.4674,0.5042,0.3662,0.3705,-0.1805,-0.2238,-0.1964,0.0053,-0.2784,-0.1306,0.1127,0.1690,0.1117,0.1577,0.2527,0.0888,0.1605,0.1953,0.1481,0.2574,0.1145,0.1391
76701,2010,1.1608,1.3503,0.8597,1.1738,1.2421,1.0904,0.6903,0.8869,0.5555,0.7572,0.8675,0.6063,0.4504,0.5229,0.5368,0.5982,0.4748,0.5137,0.4564,0.4988,0.5442,0.6467,0.4525,0.4294,0.2150,0.1696,0.3213,0.1824,0.1526,0.3080,0.3073,0.4181,0.3696,0.3241,0.4817,0.3183,0.5861,0.6770,0.5573,0.6613,0.6323,0.5797
77066,2011,-0.1202,-0.1676,-0.0524,-0.0346,-0.1200,-0.0945,0.1140,0.2658,0.0620,0.2114,0.2096,0.0874,-0.1153,0.0275,-0.0289,-0.0087,-0.0024,-0.0556,0.1091,-0.0708,0.1564,0.1728,-0.0117,0.1282,-0.4186,-0.4612,-0.2989,-0.1811,-0.4445,-0.2661,0.1553,0.1845,0.2740,0.2608,0.2367,0.2649,-0.0781,-0.0764,-0.0242,0.0394,-0.0671,-0.0310
77431,2012,0.0453,0.0683,0.1098,0.1213,0.0307,0.0697,-0.2115,-0.0685,-0.2110,-0.0777,-0.1411,-0.1208,-0.1873,0.0393,-0.0107,-0.0782,-0.0578,-0.0154,0.1296,0.0711,0.1537,0.0717,0.0210,0.1831,-0.2902,-0.1108,-0.1561,0.1073,-0.1220,-0.1363,-0.1505,0.0636,0.0718,0.0154,0.0124,0.0796,-0.1008,0.0002,-0.0210,0.0302,-0.0523,-0.0008
77797,2013,0.1459,0.2255,0.0669,0.1791,0.1554,0.1157,0.1164,0.2167,0.0670,0.2372,0.1378,0.1108,0.0612,0.3620,0.1410,0.1848,0.2845,0.1206,0.1641,0.1720,0.2582,0.1265,0.2136,0.1941,-0.0359,0.1152,-0.0423,0.2194,0.1650,-0.0574,-0.2385,0.0621,-0.0047,-0.0466,0.0390,0.0071,0.0847,0.2108,0.0965,0.1839,0.1862,0.0953
78162,2014,0.4958,0.4995,0.4355,0.3407,0.4918,0.4060,0.0855,0.1484,0.0768,0.1632,0.1129,0.0887,0.1118,0.3159,0.0547,0.0406,0.1459,0.1281,0.1602,0.2149,0.2014,0.1461,0.1108,0.2122,-0.1352,-0.0220,-0.0718,-0.0828,-0.0890,-0.0472,-0.0387,0.1778,0.1146,0.2936,0.3266,0.1695,0.1378,0.2254,0.1389,0.1256,0.1551,0.1569
78527,2015,0.1146,0.1235,0.1713,0.2286,0.0592,0.0739,0.0790,0.1087,0.1030,0.1712,-0.0599,0.1443,0.1147,0.3859,0.1941,0.0926,0.2214,0.4226,0.4055,0.4835,0.4743,0.4075,0.2446,0.4295,0.5605,0.6683,0.6734,0.5406,0.6066,0.6421,0.1008,0.2014,0.3831,0.2911,0.2885,0.3660,0.2566,0.3512,0.3287,0.2938,0.2158,0.3430
78892,2016,0.7054,0.8250,0.6545,0.8014,0.8274,0.6127,0.4894,0.5976,0.5113,0.5149,0.3775,0.5170,0.4604,0.7044,0.5737,0.4528,0.5225,0.7111,0.4890,0.6240,0.5291,0.4811,0.3858,0.5895,0.6717,0.7874,0.6749,0.4707,0.7134,0.7013,0.0497,0.1351,0.3113,0.1762,0.2365,0.2318,0.5528,0.6930,0.5821,0.5358,0.5550,0.6152
79258,2017,0.1349,0.1219,0.2500,0.1575,0.1119,0.1735,0.3553,0.3700,0.3519,0.2578,0.1653,0.3014,0.2325,0.4891,0.3616,0.1596,0.2749,0.3885,0.3843,0.5725,0.4948,0.3267,0.1710,0.4561,0.0625,0.1690,0.1030,0.1154,0.0568,0.2100,0.3328,0.4313,0.4786,0.4341,0.2466,0.4014,0.2388,0.3463,0.3174,0.2115,0.1561,0.3086
79623,2018,0.4431,0.6546,0.4452,0.3603,0.5336,0.4002,0.1209,0.2161,0.1434,0.1666,-0.1059,0.1134,0.1788,0.4576,0.2479,0.2380,0.2269,0.3861,0.0277,0.2115,0.0939,0.0661,-0.0913,0.3163,0.3974,0.4341,0.5107,0.3923,0.3922,0.3906,0.0956,0.1819,0.2492,0.2152,0.1569,0.1802,0.2285,0.3839,0.2850,0.2416,0.1834,0.3151
79988,2019,0.1024,0.2852,0.2193,0.0654,0.1254,0.1544,0.2508,0.2202,0.2839,0.0864,0.0488,0.2317,0.3518,0.5945,0.4628,0.4236,0.3683,0.6763,0.2687,0.4463,0.3314,0.2412,0.1255,0.4605,0.8483,1.0340,0.9300,0.6605,0.9328,0.8691,0.5647,0.6241,0.6431,0.5678,0.6547,0.5364,0.3695,0.5151,0.4491,0.2978,0.3244,0.4762
80353,2020,0.5157,0.6406,0.5880,0.4271,0.5164,0.4792,0.3909,0.5375,0.4100,0.3216,0.1825,0.4092,0.3026,0.6411,0.3412,0.2143,0.4119,0.4623,0.0935,0.2213,0.1720,0.0800,-0.1864,0.3615,0.2149,0.3064,0.0607,0.0550,0.2871,0.2623,0.2037,0.3842,0.3389,0.1512,0.3844,0.1642,0.2996,0.4607,0.3123,0.2173,0.2368,0.3882
80719,2021,0.8753,1.0615,0.8882,0.7520,0.8592,0.9426,0.6499,0.7886,0.6481,0.5995,0.5426,0.7215,0.2907,0.7099,0.3989,0.2238,0.3652,0.4781,0.2186,0.4766,0.4282,0.1219,0.1377,0.4582,0.0064,0.0039,-0.1239,-0.1852,-0.0068,0.0118,0.2701,0.3419,0.3159,0.2082,0.3785,0.1896,0.4041,0.5960,0.4440,0.2991,0.3753,0.5132
81084,2022,0.4441,0.6143,0.6472,0.4508,0.4099,0.4309,0.0698,0.1408,0.0561,-0.0298,-0.1801,0.0920,0.0036,0.3678,0.0243,0.0013,0.1348,0.1620,0.0169,0.2820,0.1351,0.0639,0.1162,0.2148,0.1673,0.0381,-0.0303,-0.1877,-0.0732,0.1222,0.0493,-0.0013,0.0848,0.0699,-0.0366,0.0221,0.1390,0.2783,0.1648,0.0595,0.0760,0.2004
end data
