Conventions,G,BADC-CSV,1
title,G,Regional mean temperature for Middle East Arab Countries
last_revised_date,G,2023-11-05
date_valid,G,2023-11-05
feature_type,G,area average
creator,G,WMO
source,G,Produced by climind version 1.0
observation_station,G,derived data
location,G,90.,-180.,-90.,180.
activity,G,WMO
history,G,""Data set created from file ['HadCRUT.5.0.1.0.analysis.anomalies.ensemble_mean.nc'] downloaded from ['https://www.metoffice.gov.uk/hadobs/hadcrut5/data/current/analysis/HadCRUT.5.0.1.0.analysis.anomalies.ensemble_mean.nc'] at ['2023-10-31 16:06:13']""
history,G,""Regridded to 1 degree latitude-longitude resolution""
history,G,""Rebaselined to 1991-2020""
history,G,""Calculated area-average""
history,G,""Calculated annual average from monthly averages using arithmetic mean""
history,G,""Selected years within the range 1900 to 2023.""
history,G,""Wrote to file arab_subregion_4_HadCRUT5.csv""
history,G,"Data set created from file ['arab_subregion_4_HadCRUT5.csv'] downloaded from [''] at ['2023-11-01 16:38:34']"
reference,G,"Morice, C. P., Kennedy, J. J., Rayner, N. A., Winn, J. P., Hogan, E., Killick, R. E., et al. (2021). An updated assessment of near-surface temperature change from 1850: the HadCRUT5 data set. Journal of Geophysical Research: Atmospheres, 126, e2019JD032361. https://doi.org/10.1029/2019JD032361"
rights,G,TBD
comments,G,Data produced by climind version 1.0
comments,G,Format description https://help.ceda.ac.uk/article/105-badc-csv
comments,G,"Original data acknowledgement: HadCRUT.5.0.1.0 data were obtained from http://www.metoffice.gov.uk/hadobs/hadcrut5 on 2023-10-31 16:06:13 and are © British Crown Copyright, Met Office 2023, provided under an Open Government License, http://www.nationalarchives.gov.uk/doc/open-government-licence/version/3/"
long_name,time,time,days since 1800-01-01 00:00:00.0
type,time,int
long_name,year,year,1
type,year,int
long_name,data,arab_subregion_4,degC
type,data,float
coordinate_variable,time,t
data
time,year,data
36524,1900,-0.8295
36889,1901,-0.4200
37254,1902,-0.6129
37619,1903,-1.4551
37984,1904,-1.3223
38350,1905,-1.2928
38715,1906,-1.2958
39080,1907,-1.6164
39445,1908,-1.4243
39811,1909,-0.7576
40176,1910,-1.4942
40541,1911,-1.8353
40906,1912,-1.2118
41272,1913,-1.4502
41637,1914,-1.1938
42002,1915,-0.6824
42367,1916,-0.9622
42733,1917,-1.0145
43098,1918,-1.2768
43463,1919,-0.6610
43828,1920,-1.0623
44194,1921,-0.9505
44559,1922,-0.9049
44924,1923,-1.0304
45289,1924,-0.7341
45655,1925,-1.0174
46020,1926,-0.8857
46385,1927,-0.7936
46750,1928,-0.6682
47116,1929,-0.7779
47481,1930,-0.5624
47846,1931,-0.6537
48211,1932,-0.8823
48577,1933,-1.2645
48942,1934,-0.9920
49307,1935,-0.4956
49672,1936,-0.7664
50038,1937,-0.7400
50403,1938,-1.0541
50768,1939,-0.7898
51133,1940,-0.6224
51499,1941,-0.6658
51864,1942,-0.8483
52229,1943,-1.2771
52594,1944,-0.8814
52960,1945,-1.1660
53325,1946,-0.9088
53690,1947,-0.4385
54055,1948,-1.2474
54421,1949,-1.4416
54786,1950,-1.3123
55151,1951,-0.4464
55516,1952,-0.5314
55882,1953,-0.8220
56247,1954,-0.5100
56612,1955,-0.7092
56977,1956,-1.1490
57343,1957,-1.1791
57708,1958,-0.6353
58073,1959,-1.5328
58438,1960,-0.5144
58804,1961,-0.9728
59169,1962,-0.3745
59534,1963,-0.6082
59899,1964,-1.2978
60265,1965,-0.8212
60630,1966,-0.3156
60995,1967,-1.3104
61360,1968,-1.0613
61726,1969,-0.4865
62091,1970,-0.5845
62456,1971,-1.2639
62821,1972,-1.3072
63187,1973,-0.9092
63552,1974,-1.0423
63917,1975,-1.1685
64282,1976,-1.1295
64648,1977,-0.7387
65013,1978,-0.7249
65378,1979,-0.3404
65743,1980,-0.5979
66109,1981,-0.5582
66474,1982,-1.1518
66839,1983,-1.1361
67204,1984,-0.9267
67570,1985,-0.6865
67935,1986,-0.7092
68300,1987,-0.2281
68665,1988,-0.3856
69031,1989,-0.7932
69396,1990,-0.4684
69761,1991,-0.6057
70126,1992,-1.4703
70492,1993,-0.7067
70857,1994,-0.3496
71222,1995,-0.4750
71587,1996,-0.2624
71953,1997,-0.7174
72318,1998,0.2611
72683,1999,0.1402
73048,2000,-0.1683
73414,2001,0.1270
73779,2002,0.0445
74144,2003,0.1399
74509,2004,-0.0815
74875,2005,-0.1614
75240,2006,-0.0867
75605,2007,0.0102
75970,2008,-0.2252
76336,2009,0.1036
76701,2010,0.9637
77066,2011,-0.2033
77431,2012,0.1826
77797,2013,-0.0989
78162,2014,0.3199
78527,2015,0.5064
78892,2016,0.4816
79258,2017,0.6632
79623,2018,0.6487
79988,2019,0.5782
80353,2020,0.4416
80719,2021,0.9289
81084,2022,0.6179
81449,2023,0.6448
end data
