Conventions,G,BADC-CSV,1
title,G,Regional mean temperature for Middle East Arab Countries
last_revised_date,G,2024-01-23
date_valid,G,2024-01-23
feature_type,G,area average
creator,G,WMO
source,G,Produced by climind version 1.0
observation_station,G,derived data
location,G,90.,-180.,-90.,180.
rights,G,TBD
activity,G,WMO
comments,G,Format description https://help.ceda.ac.uk/article/105-badc-csv
history,arab_subregion_4_Berkeley_Earth,""Data set created from file ['Land_and_Ocean_LatLong1.nc'] downloaded from ['https://berkeley-earth-temperature.s3.us-west-1.amazonaws.com/Global/Gridded/Land_and_Ocean_LatLong1.nc'] at ['2024-01-17 10:19:03']""
history,arab_subregion_4_Berkeley_Earth,""Rebaselined to 1991-2020""
history,arab_subregion_4_Berkeley_Earth,""Calculated area-average""
history,arab_subregion_4_Berkeley_Earth,""Calculated annual average from monthly averages using arithmetic mean""
history,arab_subregion_4_Berkeley_Earth,""Selected years within the range 1900 to 2023.""
history,arab_subregion_4_Berkeley_Earth,""Wrote to file arab_subregion_4_Berkeley Earth.csv""
history,arab_subregion_4_Berkeley_Earth,"Data set created from file ['arab_subregion_4_Berkeley Earth.csv'] downloaded from [''] at ['2024-01-17 11:06:26']"
reference,arab_subregion_4_Berkeley_Earth,"Rohde, R. A. and Hausfather, Z.: The Berkeley Earth Land/Ocean Temperature Record, Earth Syst. Sci. Data, 12, 3469-3479, https://doi.org/10.5194/essd-12-3469-2020, 2020"
comments,arab_subregion_4_Berkeley_Earth,"Original data acknowledgement: "
history,arab_subregion_4_ERA5,""Gridded dataset created from file ['era5_2m_tas_2024.nc'] downloaded from ['']""
history,arab_subregion_4_ERA5,""Regridded to 1 degree latitude-longitude resolution""
history,arab_subregion_4_ERA5,""Rebaselined to 1991-2020""
history,arab_subregion_4_ERA5,""Calculated area-average""
history,arab_subregion_4_ERA5,""Calculated annual average from monthly averages using arithmetic mean""
history,arab_subregion_4_ERA5,""Selected years within the range 1900 to 2023.""
history,arab_subregion_4_ERA5,""Wrote to file arab_subregion_4_ERA5.csv""
history,arab_subregion_4_ERA5,"Data set created from file ['arab_subregion_4_ERA5.csv'] downloaded from [''] at ['2024-01-17 11:06:45']"
reference,arab_subregion_4_ERA5,"Hersbach H, Bell B, Berrisford P et al. 2020. The ERA5 global reanalysis. Q. J. R. Meteorol. Soc. 146: 1999-2049. https://doi.org/10.1002/qj.3803"
comments,arab_subregion_4_ERA5,"Original data acknowledgement: Contains using Copernicus Climate Change Service information [2024]. Neither the European Commission nor ECMWF is responsible for any use that may be made of the Copernicus information or data it contains."
history,arab_subregion_4_GISTEMP,""Data set created from file ['gistemp1200_GHCNv4_ERSSTv5.nc.gz'] downloaded from ['https://data.giss.nasa.gov/pub/gistemp/gistemp1200_GHCNv4_ERSSTv5.nc.gz'] at ['2024-01-15 11:20:46']""
history,arab_subregion_4_GISTEMP,""Regridded to 1 degree latitude-longitude resolution""
history,arab_subregion_4_GISTEMP,""Rebaselined to 1991-2020""
history,arab_subregion_4_GISTEMP,""Calculated area-average""
history,arab_subregion_4_GISTEMP,""Calculated annual average from monthly averages using arithmetic mean""
history,arab_subregion_4_GISTEMP,""Selected years within the range 1900 to 2023.""
history,arab_subregion_4_GISTEMP,""Wrote to file arab_subregion_4_GISTEMP.csv""
history,arab_subregion_4_GISTEMP,"Data set created from file ['arab_subregion_4_GISTEMP.csv'] downloaded from [''] at ['2024-01-17 11:07:24']"
reference,arab_subregion_4_GISTEMP,"Lenssen, N., G. Schmidt, J. Hansen, M. Menne, A. Persin, R. Ruedy, and D. Zyss, 2019: Improvements in the GISTEMP uncertainty model. J. Geophys. Res. Atmos., 124, no. 12, 6307-6326, doi:10.1029/2018JD029522"
comments,arab_subregion_4_GISTEMP,"Original data acknowledgement: "
history,arab_subregion_4_HadCRUT5,""Data set created from file ['HadCRUT.5.0.2.0.analysis.anomalies.ensemble_mean.nc'] downloaded from ['https://www.metoffice.gov.uk/hadobs/hadcrut5/data/HadCRUT.5.0.2.0/analysis/HadCRUT.5.0.2.0.analysis.anomalies.ensemble_mean.nc'] at ['2024-01-15 11:56:27']""
history,arab_subregion_4_HadCRUT5,""Regridded to 1 degree latitude-longitude resolution""
history,arab_subregion_4_HadCRUT5,""Rebaselined to 1991-2020""
history,arab_subregion_4_HadCRUT5,""Calculated area-average""
history,arab_subregion_4_HadCRUT5,""Calculated annual average from monthly averages using arithmetic mean""
history,arab_subregion_4_HadCRUT5,""Selected years within the range 1900 to 2023.""
history,arab_subregion_4_HadCRUT5,""Wrote to file arab_subregion_4_HadCRUT5.csv""
history,arab_subregion_4_HadCRUT5,"Data set created from file ['arab_subregion_4_HadCRUT5.csv'] downloaded from [''] at ['2024-01-17 11:08:30']"
reference,arab_subregion_4_HadCRUT5,"Morice, C. P., Kennedy, J. J., Rayner, N. A., Winn, J. P., Hogan, E., Killick, R. E., et al. (2021). An updated assessment of near-surface temperature change from 1850: the HadCRUT5 data set. Journal of Geophysical Research: Atmospheres, 126, e2019JD032361. https://doi.org/10.1029/2019JD032361"
comments,arab_subregion_4_HadCRUT5,"Original data acknowledgement: HadCRUT.5.0.2.0 data were obtained from http://www.metoffice.gov.uk/hadobs/hadcrut5 on 2024-01-15 11:56:27 and are © British Crown Copyright, Met Office 2024, provided under an Open Government License, http://www.nationalarchives.gov.uk/doc/open-government-licence/version/3/"
history,arab_subregion_4_JRA-55,""Data set created from file ['anl_surf125.011_tmp.202401_202412', 'anl_surf125.2024MMMM'] downloaded from ['', ''] at ['2024-01-15 11:20:51']""
history,arab_subregion_4_JRA-55,""Regridded to 1 degree latitude-longitude resolution""
history,arab_subregion_4_JRA-55,""Rebaselined to 1991-2020""
history,arab_subregion_4_JRA-55,""Calculated area-average""
history,arab_subregion_4_JRA-55,""Calculated annual average from monthly averages using arithmetic mean""
history,arab_subregion_4_JRA-55,""Selected years within the range 1900 to 2023.""
history,arab_subregion_4_JRA-55,""Wrote to file arab_subregion_4_JRA-55.csv""
history,arab_subregion_4_JRA-55,"Data set created from file ['arab_subregion_4_JRA-55.csv'] downloaded from [''] at ['2024-01-17 11:08:56']"
reference,arab_subregion_4_JRA-55,"Kobayashi, S., Ota, Y., Harada, Y., Ebita, A., Moriya, M., Onoda, H., Onogi, K., Kamahori, H., Kobayashi, C., Endo, H. and Miyaoka, K., (2015). The JRA-55 reanalysis: General specifications and basic characteristics. Journal of the Meteorological Society of Japan. Ser. II, 93(1), pp.5-48."
comments,arab_subregion_4_JRA-55,"Original data acknowledgement: "
history,arab_subregion_4_Kadow,""Data set created from file ['HadCRUT5.anomalies.Kadow_et_al_2020_20crAI-infilled.ensemble_mean_185001-*.nc'] downloaded from [''] at ['2024-01-17 10:11:02']""
history,arab_subregion_4_Kadow,""Regridded to 1 degree latitude-longitude resolution""
history,arab_subregion_4_Kadow,""Rebaselined to 1991-2020""
history,arab_subregion_4_Kadow,""Calculated area-average""
history,arab_subregion_4_Kadow,""Calculated annual average from monthly averages using arithmetic mean""
history,arab_subregion_4_Kadow,""Selected years within the range 1900 to 2023.""
history,arab_subregion_4_Kadow,""Wrote to file arab_subregion_4_Kadow.csv""
history,arab_subregion_4_Kadow,"Data set created from file ['arab_subregion_4_Kadow.csv'] downloaded from [''] at ['2024-01-17 11:09:43']"
reference,arab_subregion_4_Kadow,"Kadow, C., Hall, D.M. & Ulbrich, U. Artificial intelligence reconstructs missing climate information. Nat. Geosci. (2020). https://doi.org/10.1038/s41561-020-0582-5"
comments,arab_subregion_4_Kadow,"Original data acknowledgement: "
history,arab_subregion_4_NOAA_Interim,""Data set created from file ['NOAAGlobalTemp_v*.nc'] downloaded from ['https://www.ncei.noaa.gov/data/noaa-global-surface-temperature/v5.1/access/gridded/NOAAGlobalTemp_v.*.nc'] at ['2024-01-17 10:19:08']""
history,arab_subregion_4_NOAA_Interim,""Data set created from file ['NOAAGlobalTemp_v*.nc'] downloaded from ['https://www.ncei.noaa.gov/data/noaa-global-surface-temperature/v5.1/access/gridded/NOAAGlobalTemp_v.*.nc'] at ['2024-01-17 10:19:08']""
history,arab_subregion_4_NOAA_Interim,""Regridded to 1 degree latitude-longitude resolution""
history,arab_subregion_4_NOAA_Interim,""Rebaselined to 1991-2020""
history,arab_subregion_4_NOAA_Interim,""Calculated area-average""
history,arab_subregion_4_NOAA_Interim,""Calculated annual average from monthly averages using arithmetic mean""
history,arab_subregion_4_NOAA_Interim,""Selected years within the range 1900 to 2023.""
history,arab_subregion_4_NOAA_Interim,""Wrote to file arab_subregion_4_NOAA Interim.csv""
history,arab_subregion_4_NOAA_Interim,"Data set created from file ['arab_subregion_4_NOAA Interim.csv'] downloaded from [''] at ['2024-01-17 11:10:49']"
reference,arab_subregion_4_NOAA_Interim,"Vose, R.S., B. Huang, X. Yin., D. Arndt, D.R. Easterling, J.H. Lawrimore, M.J. Menne, A. Sanchez-Lugo, H.-M. Zhang, 2021: Implementing full spatial coverage in NOAA’s global temperature analysis. Geophysical Research Letters, 48, e2020GL090873. https://doi.org/10.1029/2020GL090873"
comments,arab_subregion_4_NOAA_Interim,"Original data acknowledgement: "
long_name,time,time,days since 1800-01-01 00:00:00.0
type,time,int
long_name,year,year,1
type,year,int
long_name,arab_subregion_4_Berkeley_Earth,arab_subregion_4,degC
type,arab_subregion_4_Berkeley_Earth,float
long_name,arab_subregion_4_ERA5,arab_subregion_4,degC
type,arab_subregion_4_ERA5,float
long_name,arab_subregion_4_GISTEMP,arab_subregion_4,degC
type,arab_subregion_4_GISTEMP,float
long_name,arab_subregion_4_HadCRUT5,arab_subregion_4,degC
type,arab_subregion_4_HadCRUT5,float
long_name,arab_subregion_4_JRA-55,arab_subregion_4,degC
type,arab_subregion_4_JRA-55,float
long_name,arab_subregion_4_Kadow,arab_subregion_4,degC
type,arab_subregion_4_Kadow,float
long_name,arab_subregion_4_NOAA_Interim,arab_subregion_4,degC
type,arab_subregion_4_NOAA_Interim,float
coordinate_variable,time,t
data
time,year,arab_subregion_4_Berkeley_Earth,arab_subregion_4_ERA5,arab_subregion_4_GISTEMP,arab_subregion_4_HadCRUT5,arab_subregion_4_JRA-55,arab_subregion_4_Kadow,arab_subregion_4_NOAA_Interim
36524,1900,-0.9998,,-0.8381,-0.8295,,-1.0305,-1.2230
36889,1901,-0.6555,,-0.5154,-0.4199,,-0.7366,-0.8705
37254,1902,-0.8308,,-0.6475,-0.6128,,-0.8533,-1.0941
37619,1903,-1.5833,,-1.3337,-1.4550,,-1.4846,-1.7766
37984,1904,-1.3084,,-1.1083,-1.3222,,-1.3965,-1.6066
38350,1905,-1.5326,,-1.1634,-1.2926,,-1.2357,-1.6147
38715,1906,-1.2486,,-1.1512,-1.2956,,-1.2385,-1.4900
39080,1907,-1.6752,,-1.4054,-1.6162,,-1.4275,-1.7895
39445,1908,-1.4017,,-1.3889,-1.4241,,-1.3516,-1.5671
39811,1909,-0.8470,,-0.8385,-0.7574,,-0.9100,-1.1921
40176,1910,-1.5152,,-1.3481,-1.4940,,-1.2729,-1.6084
40541,1911,-1.8578,,-1.7027,-1.8350,,-1.6530,-1.8958
40906,1912,-1.3070,,-1.2564,-1.2115,,-1.0694,-1.4091
41272,1913,-1.6177,,-1.4457,-1.4498,,-1.3553,-1.7624
41637,1914,-1.3291,,-0.8904,-1.1934,,-1.2221,-1.4260
42002,1915,-0.7132,,-0.4692,-0.6819,,-1.0160,-1.0410
42367,1916,-1.2287,,-1.0356,-0.9617,,-1.1257,-1.3457
42733,1917,-1.1823,,-1.1649,-1.0140,,-1.0772,-1.5858
43098,1918,-1.5133,,-1.1668,-1.2763,,-1.3776,-1.6445
43463,1919,-0.8873,,-0.9425,-0.6604,,-0.9582,-1.1521
43828,1920,-1.4108,,-1.4104,-1.0618,,-1.0245,-1.5145
44194,1921,-1.5196,,-1.4044,-0.9499,,-0.9177,-1.2042
44559,1922,-0.9600,,-0.8520,-0.9042,,-0.9094,-1.3019
44924,1923,-1.1069,,-1.0200,-1.0297,,-1.2122,-1.4559
45289,1924,-0.6942,,-0.7212,-0.7334,,-0.8917,-1.0798
45655,1925,-1.1568,,-1.0643,-1.0167,,-1.2415,-1.4769
46020,1926,-0.9475,,-0.9039,-0.8850,,-0.8630,-1.2464
46385,1927,-0.9966,,-0.9321,-0.7928,,-1.0440,-1.2012
46750,1928,-0.9593,,-0.9168,-0.6674,,-0.7072,-1.0278
47116,1929,-0.8780,,-0.9622,-0.7771,,-0.7802,-1.0977
47481,1930,-0.9065,,-0.8052,-0.5624,,-0.7648,-0.9279
47846,1931,-0.9563,,-0.8613,-0.6537,,-0.7117,-0.9183
48211,1932,-1.2897,,-1.1692,-0.8823,,-1.0039,-1.2078
48577,1933,-1.4385,,-1.4102,-1.2645,,-1.1733,-1.3374
48942,1934,-1.2669,,-1.0992,-0.9920,,-0.9332,-1.3030
49307,1935,-0.8223,,-0.7126,-0.4957,,-0.5629,-0.8403
49672,1936,-1.0429,,-0.8493,-0.7664,,-0.7403,-1.0590
50038,1937,-1.0998,,-0.8154,-0.7400,,-0.5758,-0.9410
50403,1938,-1.3203,,-1.0832,-1.0541,,-0.9789,-1.2634
50768,1939,-1.1923,,-0.9235,-0.7899,,-0.7930,-1.0719
51133,1940,-0.7941,,-0.7326,-0.6225,,-0.8462,-0.9368
51499,1941,-0.7449,,-0.6094,-0.6659,,-0.7779,-0.8549
51864,1942,-0.7494,,-0.7061,-0.8484,,-0.8981,-0.9331
52229,1943,-1.2219,,-1.1615,-1.2772,,-1.1177,-1.3353
52594,1944,-0.7969,,-0.7682,-0.8815,,-0.8841,-1.0526
52960,1945,-1.1230,,-1.2458,-1.1660,,-1.0212,-1.2902
53325,1946,-1.0979,,-1.0427,-0.9088,,-0.7687,-1.1570
53690,1947,-0.5395,,-0.5328,-0.4385,,-0.4952,-0.7123
54055,1948,-1.2987,,-1.4397,-1.2474,,-1.1220,-1.3746
54421,1949,-1.5184,,-1.7264,-1.4416,,-1.2989,-1.5700
54786,1950,-1.4028,,-1.5512,-1.3123,,-1.3447,-1.5567
55151,1951,-0.6254,,-0.8806,-0.4464,,-0.4527,-0.9234
55516,1952,-0.7467,,-0.8072,-0.5314,,-0.5916,-0.9997
55882,1953,-0.9848,,-1.1473,-0.8220,,-0.7874,-1.1744
56247,1954,-0.6666,,-0.8131,-0.5101,,-0.5030,-0.9796
56612,1955,-0.8715,,-0.7494,-0.7092,,-0.7232,-0.9984
56977,1956,-1.2247,,-1.3384,-1.1490,,-1.2162,-1.4530
57343,1957,-1.2701,,-1.3208,-1.1792,,-1.2963,-1.3512
57708,1958,-0.6021,,-0.6786,-0.6354,-0.8202,-0.7113,-0.7820
58073,1959,-1.4562,,-1.4342,-1.5328,-1.7916,-1.6408,-1.3750
58438,1960,-0.6091,,-0.5858,-0.5145,-0.5933,-0.6225,-0.7011
58804,1961,-1.0681,,-1.1643,-0.9728,-1.1236,-1.0136,-1.2733
59169,1962,-0.4307,,-0.4452,-0.3746,-0.5391,-0.2981,-0.6912
59534,1963,-0.7788,,-0.6683,-0.6082,-0.8908,-0.6332,-0.8331
59899,1964,-1.4605,,-1.5503,-1.2978,-1.7940,-1.2980,-1.4400
60265,1965,-1.0072,,-0.9995,-0.8212,-0.9551,-0.7956,-1.0649
60630,1966,-0.4517,,-0.3502,-0.3156,-0.5827,-0.2972,-0.6207
60995,1967,-1.4715,,-1.6350,-1.3105,-1.6181,-1.3401,-1.6456
61360,1968,-1.1803,,-1.1491,-1.0613,-1.0793,-1.0184,-1.2060
61726,1969,-0.5897,,-0.6767,-0.4865,-0.4527,-0.4078,-0.6401
62091,1970,-0.7249,,-0.6811,-0.5846,-0.7031,-0.5707,-0.8573
62456,1971,-1.2830,,-1.2156,-1.2639,-1.3351,-1.2899,-1.2892
62821,1972,-1.4372,,-1.5690,-1.3073,-1.6331,-1.3360,-1.4102
63187,1973,-0.7565,,-1.0269,-0.9092,-0.6784,-0.8968,-0.9918
63552,1974,-1.1010,,-1.2667,-1.0424,-1.1120,-1.0369,-1.2219
63917,1975,-1.4057,,-1.2522,-1.1686,-1.2601,-1.2222,-1.2916
64282,1976,-1.2167,,-1.2719,-1.1295,-1.4004,-1.1702,-1.2193
64648,1977,-0.5109,,-0.8088,-0.7387,-1.0137,-0.7615,-0.9523
65013,1978,-0.6253,,-0.8149,-0.7249,-0.8620,-0.6927,-0.9168
65378,1979,-0.2554,-0.5022,-0.3023,-0.3404,-0.3469,-0.3052,-0.4894
65743,1980,-0.4708,-0.6226,-0.6615,-0.5979,-0.5323,-0.5908,-0.7215
66109,1981,-0.5563,-0.7300,-0.6020,-0.5582,-0.6353,-0.5005,-0.7263
66474,1982,-1.4804,-1.6643,-1.4532,-1.1518,-1.7041,-1.0796,-1.3394
66839,1983,-1.4553,-1.6120,-1.3363,-1.1362,-1.6619,-1.0502,-1.3146
67204,1984,-1.4255,-1.2242,-1.1272,-0.9267,-1.2707,-0.9266,-1.2062
67570,1985,-1.0451,-0.9043,-0.7719,-0.6865,-1.0033,-0.6664,-0.8278
67935,1986,-0.9057,-0.9780,-0.8123,-0.7092,-0.9217,-0.7123,-0.9009
68300,1987,-0.4121,-0.4716,-0.5727,-0.2281,-0.4321,-0.1471,-0.4772
68665,1988,-0.5710,-0.6918,-0.6435,-0.3856,-0.6730,-0.3601,-0.5974
69031,1989,-1.0798,-1.0865,-1.0282,-0.7932,-1.0837,-0.7987,-1.0374
69396,1990,-0.4662,-0.5073,-0.6287,-0.4684,-0.5085,-0.4393,-0.6150
69761,1991,-0.7459,-0.7118,-0.8489,-0.6058,-0.8039,-0.6368,-0.7772
70126,1992,-1.7016,-1.8270,-1.8059,-1.4704,-1.9699,-1.3878,-1.6451
70492,1993,-0.8580,-0.8914,-0.9202,-0.7067,-1.0365,-0.6592,-0.8774
70857,1994,-0.2885,-0.4250,-0.4417,-0.3496,-0.4614,-0.2485,-0.4818
71222,1995,-0.6225,-0.6331,-0.6520,-0.4751,-0.6795,-0.4590,-0.6021
71587,1996,-0.3280,-0.2330,-0.3675,-0.2624,-0.2807,-0.1842,-0.3487
71953,1997,-0.8060,-0.7492,-0.8954,-0.7174,-0.7701,-0.6388,-0.7510
72318,1998,0.2484,0.3347,0.2444,0.2611,0.3305,0.2678,0.2624
72683,1999,0.2184,0.2602,0.2969,0.1402,0.3159,0.2465,0.2473
73048,2000,-0.0931,-0.1539,-0.1994,-0.1683,-0.0976,-0.1450,-0.1670
73414,2001,0.0761,0.0432,0.1332,0.1270,0.1336,0.1419,0.0755
73779,2002,-0.0693,-0.1393,-0.0350,0.0445,-0.0417,0.0529,-0.0005
74144,2003,0.1235,0.0616,0.0421,0.1398,0.1357,0.1221,0.1100
74509,2004,-0.0882,-0.0945,-0.1387,-0.0815,-0.1047,-0.1169,-0.1364
74875,2005,-0.1332,-0.0447,-0.0773,-0.1614,-0.0758,-0.1488,-0.0802
75240,2006,-0.0486,0.0303,-0.0425,-0.0867,-0.0024,-0.0620,0.0182
75605,2007,0.0663,0.1158,0.0515,0.0101,0.0831,-0.0512,0.0651
75970,2008,-0.1801,-0.1810,-0.1146,-0.2252,-0.0888,-0.2145,-0.1479
76336,2009,0.1760,0.2283,0.1880,0.1036,0.3016,0.0878,0.1779
76701,2010,0.9383,1.0009,1.0269,0.9637,1.0938,1.0110,0.9197
77066,2011,-0.1563,-0.1704,-0.1610,-0.2034,-0.0442,-0.1670,-0.1651
77431,2012,0.2498,0.2863,0.3232,0.1825,0.3905,0.0786,0.2804
77797,2013,-0.0793,-0.1188,0.0932,-0.0989,-0.0403,-0.0688,0.0633
78162,2014,0.3387,0.2698,0.3367,0.3199,0.3510,0.2034,0.3012
78527,2015,0.6595,0.6331,0.6216,0.5063,0.7274,0.3571,0.5544
78892,2016,0.5419,0.5143,0.5991,0.4816,0.5527,0.4986,0.5939
79258,2017,0.6459,0.6946,0.6528,0.6632,0.6077,0.6714,0.6357
79623,2018,0.7775,0.7674,0.9389,0.6487,0.7180,0.6172,0.7852
79988,2019,0.5963,0.6161,0.5868,0.5782,0.4424,0.4501,0.5228
80353,2020,0.5418,0.5164,0.5649,0.4423,0.3136,0.3822,0.5671
80719,2021,0.9942,0.9994,1.0723,0.9302,0.8498,0.8176,0.9648
81084,2022,0.7224,0.6864,0.7073,0.6184,0.6044,0.4697,0.6624
81449,2023,0.8636,0.9391,0.9697,0.8239,0.8794,0.7875,0.9058
end data
