Conventions,G,BADC-CSV,1
title,G,Global lower troposphere temperature
last_revised_date,G,2023-11-15
date_valid,G,2023-11-15
feature_type,G,area average
creator,G,WMO
source,G,Produced by climind version 1.0
observation_station,G,derived data
location,G,90.,-180.,-90.,180.
activity,G,WMO
history,G,"Data set created from file ['RSS_Monthly_MSU_AMSU_Channel_TLT_Anomalies_Land_and_Ocean_v04_0.txt'] downloaded from ['http://data.remss.com/msu/monthly_time_series/RSS_Monthly_MSU_AMSU_Channel_TLT_Anomalies_Land_and_Ocean_v04_0.txt'] at ['2023-11-15 09:28:50']"
history,G,"Rebaselined to 1981-2010 for each month separately by calculating the arithmetic mean of the data over the baseline period and subtracting the mean from all data values. This is done for each month separately (Januarys, Februarys etc)."
history,G,"Calculated annual average from monthly averages using arithmetic mean"
reference,G,"Mears, C. A., and F. J. Wentz, 2009: Construction of the Remote Sensing Systems V3.2 Atmospheric Temperature Records from the MSU and AMSU Microwave Sounders. J. Atmos. Oceanic Technol., 26, 1040–1056, https://doi.org/10.1175/2008JTECHA1176.1."
rights,G,TBD
comments,G,Data produced by climind version 1.0
comments,G,Format description https://help.ceda.ac.uk/article/105-badc-csv
comments,G,"Original data acknowledgement: "
long_name,time,time,days since 1800-01-01 00:00:00.0
type,time,int
long_name,year,year,1
type,year,int
long_name,data,tlt,degC
type,data,float
coordinate_variable,time,t
data
time,year,data
65378,1979,-0.2803
65743,1980,-0.1275
66109,1981,-0.1419
66474,1982,-0.3432
66839,1983,-0.1123
67204,1984,-0.3747
67570,1985,-0.4299
67935,1986,-0.3134
68300,1987,-0.0170
68665,1988,-0.0487
69031,1989,-0.2514
69396,1990,-0.0761
69761,1991,-0.0295
70126,1992,-0.3017
70492,1993,-0.2386
70857,1994,-0.1025
71222,1995,0.0386
71587,1996,-0.0619
71953,1997,-0.0275
72318,1998,0.4402
72683,1999,-0.0263
73048,2000,-0.0321
73414,2001,0.1354
73779,2002,0.2490
74144,2003,0.2641
74509,2004,0.1942
74875,2005,0.3280
75240,2006,0.2379
75605,2007,0.2739
75970,2008,0.0654
76336,2009,0.2281
76701,2010,0.4736
77066,2011,0.1472
77431,2012,0.2113
77797,2013,0.2871
78162,2014,0.3441
78527,2015,0.4768
78892,2016,0.6766
79258,2017,0.5488
79623,2018,0.4085
79988,2019,0.6165
80353,2020,0.6815
80719,2021,0.4849
81084,2022,0.4660
81449,2023,0.7014
end data
