Conventions,G,BADC-CSV,1
title,G,Global lower troposphere temperature
last_revised_date,G,2023-11-15
date_valid,G,2023-11-15
feature_type,G,area average
creator,G,WMO
source,G,Produced by climind version 1.0
observation_station,G,derived data
location,G,90.,-180.,-90.,180.
rights,G,TBD
activity,G,WMO
comments,G,Format description https://help.ceda.ac.uk/article/105-badc-csv
history,RSS,"Data set created from file ['RSS_Monthly_MSU_AMSU_Channel_TLT_Anomalies_Land_and_Ocean_v04_0.txt'] downloaded from ['http://data.remss.com/msu/monthly_time_series/RSS_Monthly_MSU_AMSU_Channel_TLT_Anomalies_Land_and_Ocean_v04_0.txt'] at ['2023-11-15 09:28:50']"
history,RSS,"Rebaselined to 1981-2010 for each month separately by calculating the arithmetic mean of the data over the baseline period and subtracting the mean from all data values. This is done for each month separately (Januarys, Februarys etc)."
history,RSS,"Calculated annual average from monthly averages using arithmetic mean"
reference,RSS,"Mears, C. A., and F. J. Wentz, 2009: Construction of the Remote Sensing Systems V3.2 Atmospheric Temperature Records from the MSU and AMSU Microwave Sounders. J. Atmos. Oceanic Technol., 26, 1040–1056, https://doi.org/10.1175/2008JTECHA1176.1."
comments,RSS,"Original data acknowledgement: "
history,UAH,"Data set created from file ['uahncdc_lt_6.0.txt'] downloaded from ['https://www.nsstc.uah.edu/data/msu/v6.0/tlt/uahncdc_lt_6.0.txt'] at ['2023-11-15 09:28:51']"
history,UAH,"Rebaselined to 1981-2010 for each month separately by calculating the arithmetic mean of the data over the baseline period and subtracting the mean from all data values. This is done for each month separately (Januarys, Februarys etc)."
history,UAH,"Calculated annual average from monthly averages using arithmetic mean"
reference,UAH,"Spencer, R.W., Christy, J.R. & Braswell, W.D. UAH Version 6 global satellite temperature products: Methodology and results. Asia-Pacific J Atmos Sci 53, 121–130 (2017). https://doi.org/10.1007/s13143-017-0010-y"
comments,UAH,"Original data acknowledgement: "
long_name,time,time,days since 1800-01-01 00:00:00.0
type,time,int
long_name,year,year,1
type,year,int
long_name,RSS,tlt,degC
type,RSS,float
long_name,UAH,tlt,degC
type,UAH,float
coordinate_variable,time,t
data
time,year,RSS,UAH
65013,1978,,-0.3593
65378,1979,-0.2803,-0.2106
65743,1980,-0.1275,-0.0406
66109,1981,-0.1419,-0.1106
66474,1982,-0.3432,-0.2964
66839,1983,-0.1123,-0.0414
67204,1984,-0.3747,-0.2372
67570,1985,-0.4299,-0.3614
67935,1986,-0.3134,-0.2197
68300,1987,-0.0170,0.0486
68665,1988,-0.0487,0.0378
69031,1989,-0.2514,-0.2072
69396,1990,-0.0761,0.0136
69761,1991,-0.0295,0.0211
70126,1992,-0.3017,-0.2797
70492,1993,-0.2386,-0.2031
70857,1994,-0.1025,-0.0639
71222,1995,0.0386,0.0703
71587,1996,-0.0619,-0.0081
71953,1997,-0.0275,-0.0064
72318,1998,0.4402,0.4844
72683,1999,-0.0263,-0.0156
73048,2000,-0.0321,-0.0206
73414,2001,0.1354,0.1153
73779,2002,0.2490,0.2178
74144,2003,0.2641,0.1869
74509,2004,0.1942,0.0803
74875,2005,0.3280,0.1994
75240,2006,0.2379,0.1144
75605,2007,0.2739,0.1603
75970,2008,0.0654,-0.1014
76336,2009,0.2281,0.0919
76701,2010,0.4736,0.3303
77066,2011,0.1472,0.0169
77431,2012,0.2113,0.0519
77797,2013,0.2871,0.1411
78162,2014,0.3441,0.1853
78527,2015,0.4768,0.2803
78892,2016,0.6766,0.5294
79258,2017,0.5488,0.4103
79623,2018,0.4085,0.2311
79988,2019,0.6165,0.4453
80353,2020,0.6815,0.4994
80719,2021,0.4849,0.2803
81084,2022,0.4660,0.3161
81449,2023,0.7014,0.5758
end data
