Conventions,G,BADC-CSV,1
title,G,Regional mean temperature for Central America
last_revised_date,G,2023-08-28
date_valid,G,2023-08-28
feature_type,G,area average
creator,G,WMO
source,G,Produced by climind version 0.1
observation_station,G,derived data
location,G,90.,-180.,-90.,180.
activity,G,WMO
history,G,""Data set created from file ['HadCRUT.5.0.1.0.analysis.anomalies.ensemble_mean.nc'] downloaded from ['https://www.metoffice.gov.uk/hadobs/hadcrut5/data/current/analysis/HadCRUT.5.0.1.0.analysis.anomalies.ensemble_mean.nc'] at ['2023-08-07 16:14:34']""
history,G,""Regridded to 1 degree latitude-longitude resolution""
history,G,""Rebaselined to 1991-2020""
history,G,""Calculated area-average""
history,G,""Calculated annual average from monthly averages using arithmetic mean""
history,G,""Selected years within the range 1900 to 2022.""
history,G,""Wrote to file lac_subregion_5_HadCRUT5.csv""
history,G,"Data set created from file ['lac_subregion_5_HadCRUT5.csv'] downloaded from [''] at ['2023-08-09 11:02:13']"
history,G,"Calculated 10-year moving average"
reference,G,"Morice, C. P., Kennedy, J. J., Rayner, N. A., Winn, J. P., Hogan, E., Killick, R. E., et al. (2021). An updated assessment of near-surface temperature change from 1850: the HadCRUT5 data set. Journal of Geophysical Research: Atmospheres, 126, e2019JD032361. https://doi.org/10.1029/2019JD032361"
rights,G,TBD
comments,G,Data produced by climind version 0.1
comments,G,Format description https://help.ceda.ac.uk/article/105-badc-csv
comments,G,"Original data acknowledgement: HadCRUT.5.0.1.0 data were obtained from http://www.metoffice.gov.uk/hadobs/hadcrut5 on 2023-08-07 16:14:34 and are © British Crown Copyright, Met Office 2023, provided under an Open Government License, http://www.nationalarchives.gov.uk/doc/open-government-licence/version/3/"
long_name,time,time,days since 1800-01-01 00:00:00.0
type,time,int
long_name,year,year,1
type,year,int
long_name,data,lac_subregion_5,degC
type,data,float
coordinate_variable,time,t
data
time,year,data
36524,1900,
36889,1901,
37254,1902,
37619,1903,
37984,1904,
38350,1905,
38715,1906,
39080,1907,
39445,1908,
39811,1909,-1.0614
40176,1910,-1.1353
40541,1911,-1.0787
40906,1912,-1.0595
41272,1913,-1.0626
41637,1914,-1.0306
42002,1915,-0.9984
42367,1916,-0.9961
42733,1917,-1.0392
43098,1918,-1.0278
43463,1919,-0.9747
43828,1920,-0.9089
44194,1921,-0.9319
44559,1922,-0.9441
44924,1923,-0.9320
45289,1924,-0.9379
45655,1925,-0.9562
46020,1926,-0.9003
46385,1927,-0.8140
46750,1928,-0.7674
47116,1929,-0.7802
47481,1930,-0.7358
47846,1931,-0.6802
48211,1932,-0.6339
48577,1933,-0.6084
48942,1934,-0.5714
49307,1935,-0.5724
49672,1936,-0.5728
50038,1937,-0.5527
50403,1938,-0.5792
50768,1939,-0.5805
51133,1940,-0.5881
51499,1941,-0.5662
51864,1942,-0.5744
52229,1943,-0.5786
52594,1944,-0.5794
52960,1945,-0.5520
53325,1946,-0.5479
53690,1947,-0.5223
54055,1948,-0.4618
54421,1949,-0.4445
54786,1950,-0.4911
55151,1951,-0.5269
55516,1952,-0.5263
55882,1953,-0.4795
56247,1954,-0.4944
56612,1955,-0.5191
56977,1956,-0.5579
57343,1957,-0.5664
57708,1958,-0.5502
58073,1959,-0.5303
58438,1960,-0.4851
58804,1961,-0.4852
59169,1962,-0.5080
59534,1963,-0.5448
59899,1964,-0.5378
60265,1965,-0.5103
60630,1966,-0.4910
60995,1967,-0.5427
61360,1968,-0.6157
61726,1969,-0.5923
62091,1970,-0.6117
62456,1971,-0.6470
62821,1972,-0.6128
63187,1973,-0.5991
63552,1974,-0.6259
63917,1975,-0.6600
64282,1976,-0.6736
64648,1977,-0.6302
65013,1978,-0.5860
65378,1979,-0.6000
65743,1980,-0.5488
66109,1981,-0.5089
66474,1982,-0.4965
66839,1983,-0.4273
67204,1984,-0.3983
67570,1985,-0.3799
67935,1986,-0.3532
68300,1987,-0.3079
68665,1988,-0.3031
69031,1989,-0.3220
69396,1990,-0.3166
69761,1991,-0.2728
70126,1992,-0.2560
70492,1993,-0.2995
70857,1994,-0.2538
71222,1995,-0.1875
71587,1996,-0.1848
71953,1997,-0.1668
72318,1998,-0.0886
72683,1999,-0.0853
73048,2000,-0.1123
73414,2001,-0.1327
73779,2002,-0.1352
74144,2003,-0.1111
74509,2004,-0.1050
74875,2005,-0.1044
75240,2006,-0.0657
75605,2007,-0.0985
75970,2008,-0.1628
76336,2009,-0.1081
76701,2010,-0.0605
77066,2011,-0.0478
77431,2012,-0.0407
77797,2013,-0.0549
78162,2014,-0.0341
78527,2015,0.0111
78892,2016,0.0673
79258,2017,0.1002
79623,2018,0.1122
79988,2019,0.1318
80353,2020,0.1728
80719,2021,0.1986
81084,2022,0.2018
end data
