Conventions,G,BADC-CSV,1
title,G,Regional mean temperature for Central America
last_revised_date,G,2023-08-28
date_valid,G,2023-08-28
feature_type,G,area average
creator,G,WMO
source,G,Produced by climind version 0.1
observation_station,G,derived data
location,G,90.,-180.,-90.,180.
activity,G,WMO
history,G,""Data set created from file ['anl_surf125.011_tmp.202301_202312', 'anl_surf125.2023MMMM'] downloaded from ['', ''] at ['2023-08-07 16:16:00']""
history,G,""Regridded to 1 degree latitude-longitude resolution""
history,G,""Rebaselined to 1991-2020""
history,G,""Calculated area-average""
history,G,""Calculated annual average from monthly averages using arithmetic mean""
history,G,""Selected years within the range 1900 to 2022.""
history,G,""Wrote to file lac_subregion_5_JRA-55.csv""
history,G,"Data set created from file ['lac_subregion_5_JRA-55.csv'] downloaded from [''] at ['2023-08-09 11:02:37']"
history,G,"Calculated 10-year moving average"
reference,G,"Kobayashi, S., Ota, Y., Harada, Y., Ebita, A., Moriya, M., Onoda, H., Onogi, K., Kamahori, H., Kobayashi, C., Endo, H. and Miyaoka, K., (2015). The JRA-55 reanalysis: General specifications and basic characteristics. Journal of the Meteorological Society of Japan. Ser. II, 93(1), pp.5-48."
rights,G,TBD
comments,G,Data produced by climind version 0.1
comments,G,Format description https://help.ceda.ac.uk/article/105-badc-csv
comments,G,"Original data acknowledgement: "
long_name,time,time,days since 1800-01-01 00:00:00.0
type,time,int
long_name,year,year,1
type,year,int
long_name,data,lac_subregion_5,degC
type,data,float
coordinate_variable,time,t
data
time,year,data
57708,1958,
58073,1959,
58438,1960,
58804,1961,
59169,1962,
59534,1963,
59899,1964,
60265,1965,
60630,1966,
60995,1967,-0.7229
61360,1968,-0.7695
61726,1969,-0.6956
62091,1970,-0.6641
62456,1971,-0.6365
62821,1972,-0.5429
63187,1973,-0.5086
63552,1974,-0.5393
63917,1975,-0.5499
64282,1976,-0.5621
64648,1977,-0.5273
65013,1978,-0.4863
65378,1979,-0.5006
65743,1980,-0.4590
66109,1981,-0.4288
66474,1982,-0.4206
66839,1983,-0.3624
67204,1984,-0.3378
67570,1985,-0.3210
67935,1986,-0.2842
68300,1987,-0.2364
68665,1988,-0.2058
69031,1989,-0.2220
69396,1990,-0.2110
69761,1991,-0.1711
70126,1992,-0.1739
70492,1993,-0.2326
70857,1994,-0.1874
71222,1995,-0.1373
71587,1996,-0.1483
71953,1997,-0.1657
72318,1998,-0.1328
72683,1999,-0.1699
73048,2000,-0.2152
73414,2001,-0.2504
73779,2002,-0.2426
74144,2003,-0.2014
74509,2004,-0.1834
74875,2005,-0.1734
75240,2006,-0.1228
75605,2007,-0.1301
75970,2008,-0.1872
76336,2009,-0.1151
76701,2010,-0.0704
77066,2011,-0.0447
77431,2012,-0.0475
77797,2013,-0.0458
78162,2014,-0.0281
78527,2015,0.0215
78892,2016,0.0816
79258,2017,0.1162
79623,2018,0.1521
79988,2019,0.2130
80353,2020,0.2856
80719,2021,0.3402
81084,2022,0.3589
end data
