Conventions,G,BADC-CSV,1
title,G,Regional mean temperature for Central America
last_revised_date,G,2023-08-28
date_valid,G,2023-08-28
feature_type,G,area average
creator,G,WMO
source,G,Produced by climind version 0.1
observation_station,G,derived data
location,G,90.,-180.,-90.,180.
activity,G,WMO
history,G,""Data set created from file ['NOAAGlobalTemp_v*.nc'] downloaded from ['https://www.ncei.noaa.gov/data/noaa-global-surface-temperature/v5/access/gridded/NOAAGlobalTemp_v.*.nc'] at ['2023-08-07 16:18:17']""
history,G,""Data set created from file ['NOAAGlobalTemp_v*.nc'] downloaded from ['https://www.ncei.noaa.gov/data/noaa-global-surface-temperature/v5/access/gridded/NOAAGlobalTemp_v.*.nc'] at ['2023-08-07 16:18:17']""
history,G,""Regridded to 1 degree latitude-longitude resolution""
history,G,""Rebaselined to 1991-2020""
history,G,""Calculated area-average""
history,G,""Calculated annual average from monthly averages using arithmetic mean""
history,G,""Selected years within the range 1900 to 2022.""
history,G,""Wrote to file lac_subregion_5_NOAAGlobalTemp.csv""
history,G,"Data set created from file ['lac_subregion_5_NOAAGlobalTemp.csv'] downloaded from [''] at ['2023-08-09 12:24:23']"
history,G,"Calculated 10-year moving average"
reference,G,"Huang, B., M. J. Menne, T. Boyer, E. Freeman, B. E. Gleason, J. H. Lawrimore, C. Liu, J. J. Rennie, C. Schreck, F. Sun, R. Vose, C. N. Williams, X. Yin, H.-M. Zhang, 2020: Uncertainty estimates for sea surface temperature and land surface air temperature in NOAAGlobalTemp version 5. , J. Climate, 33, 1351-1379, DOI: 10.1175/JCLI-D-19-0395.1"
reference,G,"Zhang, Huai-Min, Jay H. Lawrimore, Boyin Huang, Matthew J. Menne, Xungang Yin, Ahira Sȧnchez-Lugo, Byron E. Gleason, Russell Vose, Derek Arndt, J. Jared Rennie, and Claude N. Williams. (2019) Updated Temperature Data Give a Sharper View of Climate Trends. Eos, 100, https://doi.org/10.1029/2019EO128229"
rights,G,TBD
comments,G,Data produced by climind version 0.1
comments,G,Format description https://help.ceda.ac.uk/article/105-badc-csv
comments,G,"Original data acknowledgement: "
long_name,time,time,days since 1800-01-01 00:00:00.0
type,time,int
long_name,year,year,1
type,year,int
long_name,data,lac_subregion_5,degC
type,data,float
coordinate_variable,time,t
data
time,year,data
36524,1900,
36889,1901,
37254,1902,
37619,1903,
37984,1904,
38350,1905,
38715,1906,
39080,1907,
39445,1908,
39811,1909,-0.8090
40176,1910,-0.8920
40541,1911,-0.9036
40906,1912,-0.9118
41272,1913,-0.9462
41637,1914,-0.9373
42002,1915,-0.9100
42367,1916,-0.8962
42733,1917,-0.9087
43098,1918,-0.8870
43463,1919,-0.8299
43828,1920,-0.7694
44194,1921,-0.7820
44559,1922,-0.7938
44924,1923,-0.7711
45289,1924,-0.7884
45655,1925,-0.8292
46020,1926,-0.7922
46385,1927,-0.7379
46750,1928,-0.7177
47116,1929,-0.7314
47481,1930,-0.7025
47846,1931,-0.6566
48211,1932,-0.6118
48577,1933,-0.5883
48942,1934,-0.5548
49307,1935,-0.5402
49672,1936,-0.5358
50038,1937,-0.5037
50403,1938,-0.5263
50768,1939,-0.5098
51133,1940,-0.4702
51499,1941,-0.4023
51864,1942,-0.3830
52229,1943,-0.3709
52594,1944,-0.3610
52960,1945,-0.3371
53325,1946,-0.3335
53690,1947,-0.3539
54055,1948,-0.3173
54421,1949,-0.3211
54786,1950,-0.3977
55151,1951,-0.4586
55516,1952,-0.4733
55882,1953,-0.4469
56247,1954,-0.4704
56612,1955,-0.5068
56977,1956,-0.5310
57343,1957,-0.4971
57708,1958,-0.4487
58073,1959,-0.4140
58438,1960,-0.3525
58804,1961,-0.3461
59169,1962,-0.3551
59534,1963,-0.3708
59899,1964,-0.3461
60265,1965,-0.3089
60630,1966,-0.2905
60995,1967,-0.3435
61360,1968,-0.4175
61726,1969,-0.3978
62091,1970,-0.4258
62456,1971,-0.4705
62821,1972,-0.4509
63187,1973,-0.4554
63552,1974,-0.4851
63917,1975,-0.5182
64282,1976,-0.5453
64648,1977,-0.5179
65013,1978,-0.4925
65378,1979,-0.5243
65743,1980,-0.4897
66109,1981,-0.4505
66474,1982,-0.4420
66839,1983,-0.3800
67204,1984,-0.3608
67570,1985,-0.3517
67935,1986,-0.3266
68300,1987,-0.2797
68665,1988,-0.2722
69031,1989,-0.2904
69396,1990,-0.2932
69761,1991,-0.2665
70126,1992,-0.2638
70492,1993,-0.3076
70857,1994,-0.2702
71222,1995,-0.2123
71587,1996,-0.2136
71953,1997,-0.2093
72318,1998,-0.1527
72683,1999,-0.1482
73048,2000,-0.1741
73414,2001,-0.1955
73779,2002,-0.1907
74144,2003,-0.1625
74509,2004,-0.1528
74875,2005,-0.1481
75240,2006,-0.1017
75605,2007,-0.1232
75970,2008,-0.1716
76336,2009,-0.1259
76701,2010,-0.0825
77066,2011,-0.0627
77431,2012,-0.0541
77797,2013,-0.0660
78162,2014,-0.0367
78527,2015,0.0229
78892,2016,0.0798
79258,2017,0.1179
79623,2018,0.1594
79988,2019,0.1998
80353,2020,0.2566
80719,2021,0.2911
81084,2022,0.2994
end data
