Conventions,G,BADC-CSV,1
title,G,Regional mean temperature for WMO RA 1 Africa
last_revised_date,G,2023-11-05
date_valid,G,2023-11-05
feature_type,G,area average
creator,G,WMO
source,G,Produced by climind version 1.0
observation_station,G,derived data
location,G,90.,-180.,-90.,180.
rights,G,TBD
activity,G,WMO
comments,G,Format description https://help.ceda.ac.uk/article/105-badc-csv
history,wmo_ra_1_Berkeley_Earth,""Data set created from file ['Land_and_Ocean_LatLong1.nc'] downloaded from ['https://berkeley-earth-temperature.s3.us-west-1.amazonaws.com/Global/Gridded/Land_and_Ocean_LatLong1.nc'] at ['2023-10-31 16:14:45']""
history,wmo_ra_1_Berkeley_Earth,""Rebaselined to 1991-2020""
history,wmo_ra_1_Berkeley_Earth,""Calculated area-average""
history,wmo_ra_1_Berkeley_Earth,""Calculated annual average from monthly averages using arithmetic mean""
history,wmo_ra_1_Berkeley_Earth,""Selected years within the range 1900 to 2023.""
history,wmo_ra_1_Berkeley_Earth,""Wrote to file wmo_ra_1_Berkeley Earth.csv""
history,wmo_ra_1_Berkeley_Earth,"Data set created from file ['wmo_ra_1_Berkeley Earth.csv'] downloaded from [''] at ['2023-11-01 16:35:25']"
reference,wmo_ra_1_Berkeley_Earth,"Rohde, R. A. and Hausfather, Z.: The Berkeley Earth Land/Ocean Temperature Record, Earth Syst. Sci. Data, 12, 3469-3479, https://doi.org/10.5194/essd-12-3469-2020, 2020"
comments,wmo_ra_1_Berkeley_Earth,"Original data acknowledgement: "
history,wmo_ra_1_ERA5,""Gridded dataset created from file ['era5_2m_tas_2023.nc'] downloaded from ['']""
history,wmo_ra_1_ERA5,""Regridded to 1 degree latitude-longitude resolution""
history,wmo_ra_1_ERA5,""Rebaselined to 1991-2020""
history,wmo_ra_1_ERA5,""Calculated area-average""
history,wmo_ra_1_ERA5,""Calculated annual average from monthly averages using arithmetic mean""
history,wmo_ra_1_ERA5,""Selected years within the range 1900 to 2023.""
history,wmo_ra_1_ERA5,""Wrote to file wmo_ra_1_ERA5.csv""
history,wmo_ra_1_ERA5,"Data set created from file ['wmo_ra_1_ERA5.csv'] downloaded from [''] at ['2023-11-01 16:36:30']"
reference,wmo_ra_1_ERA5,"Hersbach H, Bell B, Berrisford P et al. 2020. The ERA5 global reanalysis. Q. J. R. Meteorol. Soc. 146: 1999-2049. https://doi.org/10.1002/qj.3803"
comments,wmo_ra_1_ERA5,"Original data acknowledgement: Contains using Copernicus Climate Change Service information [2023]. Neither the European Commission nor ECMWF is responsible for any use that may be made of the Copernicus information or data it contains."
history,wmo_ra_1_GISTEMP,""Data set created from file ['gistemp1200_GHCNv4_ERSSTv5.nc.gz'] downloaded from ['https://data.giss.nasa.gov/pub/gistemp/gistemp1200_GHCNv4_ERSSTv5.nc.gz'] at ['2023-10-13 17:19:30']""
history,wmo_ra_1_GISTEMP,""Regridded to 1 degree latitude-longitude resolution""
history,wmo_ra_1_GISTEMP,""Rebaselined to 1991-2020""
history,wmo_ra_1_GISTEMP,""Calculated area-average""
history,wmo_ra_1_GISTEMP,""Calculated annual average from monthly averages using arithmetic mean""
history,wmo_ra_1_GISTEMP,""Selected years within the range 1900 to 2023.""
history,wmo_ra_1_GISTEMP,""Wrote to file wmo_ra_1_GISTEMP.csv""
history,wmo_ra_1_GISTEMP,"Data set created from file ['wmo_ra_1_GISTEMP.csv'] downloaded from [''] at ['2023-11-01 16:36:49']"
reference,wmo_ra_1_GISTEMP,"Lenssen, N., G. Schmidt, J. Hansen, M. Menne, A. Persin, R. Ruedy, and D. Zyss, 2019: Improvements in the GISTEMP uncertainty model. J. Geophys. Res. Atmos., 124, no. 12, 6307-6326, doi:10.1029/2018JD029522"
comments,wmo_ra_1_GISTEMP,"Original data acknowledgement: "
history,wmo_ra_1_HadCRUT5,""Data set created from file ['HadCRUT.5.0.1.0.analysis.anomalies.ensemble_mean.nc'] downloaded from ['https://www.metoffice.gov.uk/hadobs/hadcrut5/data/current/analysis/HadCRUT.5.0.1.0.analysis.anomalies.ensemble_mean.nc'] at ['2023-10-31 16:06:13']""
history,wmo_ra_1_HadCRUT5,""Regridded to 1 degree latitude-longitude resolution""
history,wmo_ra_1_HadCRUT5,""Rebaselined to 1991-2020""
history,wmo_ra_1_HadCRUT5,""Calculated area-average""
history,wmo_ra_1_HadCRUT5,""Calculated annual average from monthly averages using arithmetic mean""
history,wmo_ra_1_HadCRUT5,""Selected years within the range 1900 to 2023.""
history,wmo_ra_1_HadCRUT5,""Wrote to file wmo_ra_1_HadCRUT5.csv""
history,wmo_ra_1_HadCRUT5,"Data set created from file ['wmo_ra_1_HadCRUT5.csv'] downloaded from [''] at ['2023-11-01 16:37:31']"
reference,wmo_ra_1_HadCRUT5,"Morice, C. P., Kennedy, J. J., Rayner, N. A., Winn, J. P., Hogan, E., Killick, R. E., et al. (2021). An updated assessment of near-surface temperature change from 1850: the HadCRUT5 data set. Journal of Geophysical Research: Atmospheres, 126, e2019JD032361. https://doi.org/10.1029/2019JD032361"
comments,wmo_ra_1_HadCRUT5,"Original data acknowledgement: HadCRUT.5.0.1.0 data were obtained from http://www.metoffice.gov.uk/hadobs/hadcrut5 on 2023-10-31 16:06:13 and are © British Crown Copyright, Met Office 2023, provided under an Open Government License, http://www.nationalarchives.gov.uk/doc/open-government-licence/version/3/"
history,wmo_ra_1_JRA-55,""Data set created from file ['anl_surf125.011_tmp.202301_202312', 'anl_surf125.2023MMMM'] downloaded from ['', ''] at ['2023-10-06 11:01:38']""
history,wmo_ra_1_JRA-55,""Regridded to 1 degree latitude-longitude resolution""
history,wmo_ra_1_JRA-55,""Rebaselined to 1991-2020""
history,wmo_ra_1_JRA-55,""Calculated area-average""
history,wmo_ra_1_JRA-55,""Calculated annual average from monthly averages using arithmetic mean""
history,wmo_ra_1_JRA-55,""Selected years within the range 1900 to 2023.""
history,wmo_ra_1_JRA-55,""Wrote to file wmo_ra_1_JRA-55.csv""
history,wmo_ra_1_JRA-55,"Data set created from file ['wmo_ra_1_JRA-55.csv'] downloaded from [''] at ['2023-11-01 16:38:36']"
reference,wmo_ra_1_JRA-55,"Kobayashi, S., Ota, Y., Harada, Y., Ebita, A., Moriya, M., Onoda, H., Onogi, K., Kamahori, H., Kobayashi, C., Endo, H. and Miyaoka, K., (2015). The JRA-55 reanalysis: General specifications and basic characteristics. Journal of the Meteorological Society of Japan. Ser. II, 93(1), pp.5-48."
comments,wmo_ra_1_JRA-55,"Original data acknowledgement: "
history,wmo_ra_1_Kadow,""Data set created from file ['HadCRUT.5.0.1.0.anomalies.Kadow_et_al_2020_20crAI-infilled.ensemble_mean_185001-*.nc'] downloaded from [''] at ['2023-11-02 09:03:42']""
history,wmo_ra_1_Kadow,""Regridded to 1 degree latitude-longitude resolution""
history,wmo_ra_1_Kadow,""Rebaselined to 1991-2020""
history,wmo_ra_1_Kadow,""Calculated area-average""
history,wmo_ra_1_Kadow,""Calculated annual average from monthly averages using arithmetic mean""
history,wmo_ra_1_Kadow,""Selected years within the range 1900 to 2023.""
history,wmo_ra_1_Kadow,""Wrote to file wmo_ra_1_Kadow.csv""
history,wmo_ra_1_Kadow,"Data set created from file ['wmo_ra_1_Kadow.csv'] downloaded from [''] at ['2023-11-02 09:20:20']"
reference,wmo_ra_1_Kadow,"Kadow, C., Hall, D.M. & Ulbrich, U. Artificial intelligence reconstructs missing climate information. Nat. Geosci. (2020). https://doi.org/10.1038/s41561-020-0582-5"
comments,wmo_ra_1_Kadow,"Original data acknowledgement: "
history,wmo_ra_1_NOAA_Interim,""Data set created from file ['NOAAGlobalTemp_v*.nc'] downloaded from ['https://www.ncei.noaa.gov/data/noaa-global-surface-temperature/v5.1/access/gridded/NOAAGlobalTemp_v.*.nc'] at ['2023-10-14 08:45:48']""
history,wmo_ra_1_NOAA_Interim,""Data set created from file ['NOAAGlobalTemp_v*.nc'] downloaded from ['https://www.ncei.noaa.gov/data/noaa-global-surface-temperature/v5.1/access/gridded/NOAAGlobalTemp_v.*.nc'] at ['2023-10-14 08:45:48']""
history,wmo_ra_1_NOAA_Interim,""Regridded to 1 degree latitude-longitude resolution""
history,wmo_ra_1_NOAA_Interim,""Rebaselined to 1991-2020""
history,wmo_ra_1_NOAA_Interim,""Calculated area-average""
history,wmo_ra_1_NOAA_Interim,""Calculated annual average from monthly averages using arithmetic mean""
history,wmo_ra_1_NOAA_Interim,""Selected years within the range 1900 to 2023.""
history,wmo_ra_1_NOAA_Interim,""Wrote to file wmo_ra_1_NOAA Interim.csv""
history,wmo_ra_1_NOAA_Interim,"Data set created from file ['wmo_ra_1_NOAA Interim.csv'] downloaded from [''] at ['2023-11-01 16:39:54']"
reference,wmo_ra_1_NOAA_Interim,"Vose, R.S., B. Huang, X. Yin., D. Arndt, D.R. Easterling, J.H. Lawrimore, M.J. Menne, A. Sanchez-Lugo, H.-M. Zhang, 2021: Implementing full spatial coverage in NOAA’s global temperature analysis. Geophysical Research Letters, 48, e2020GL090873. https://doi.org/10.1029/2020GL090873"
comments,wmo_ra_1_NOAA_Interim,"Original data acknowledgement: "
long_name,time,time,days since 1800-01-01 00:00:00.0
type,time,int
long_name,year,year,1
type,year,int
long_name,wmo_ra_1_Berkeley_Earth,wmo_ra_1,degC
type,wmo_ra_1_Berkeley_Earth,float
long_name,wmo_ra_1_ERA5,wmo_ra_1,degC
type,wmo_ra_1_ERA5,float
long_name,wmo_ra_1_GISTEMP,wmo_ra_1,degC
type,wmo_ra_1_GISTEMP,float
long_name,wmo_ra_1_HadCRUT5,wmo_ra_1,degC
type,wmo_ra_1_HadCRUT5,float
long_name,wmo_ra_1_JRA-55,wmo_ra_1,degC
type,wmo_ra_1_JRA-55,float
long_name,wmo_ra_1_Kadow,wmo_ra_1,degC
type,wmo_ra_1_Kadow,float
long_name,wmo_ra_1_NOAA_Interim,wmo_ra_1,degC
type,wmo_ra_1_NOAA_Interim,float
coordinate_variable,time,t
data
time,year,wmo_ra_1_Berkeley_Earth,wmo_ra_1_ERA5,wmo_ra_1_GISTEMP,wmo_ra_1_HadCRUT5,wmo_ra_1_JRA-55,wmo_ra_1_Kadow,wmo_ra_1_NOAA_Interim
36524,1900,-0.8844,,-0.6197,-0.8918,,-1.0124,-0.9454
36889,1901,-0.8857,,-0.8427,-0.8865,,-0.9807,-0.9249
37254,1902,-0.9902,,-0.5401,-0.9186,,-0.9877,-0.9614
37619,1903,-1.3889,,-0.8331,-1.2786,,-1.4423,-1.0194
37984,1904,-1.6113,,-1.1067,-1.5159,,-1.6624,-1.4288
38350,1905,-1.3072,,-0.7042,-1.1232,,-1.2777,-1.0822
38715,1906,-1.4123,,-1.0152,-1.0637,,-1.2311,-1.1148
39080,1907,-1.5833,,-1.1441,-1.2487,,-1.3918,-1.3753
39445,1908,-1.2650,,-0.9578,-1.0060,,-1.1239,-1.0963
39811,1909,-1.2020,,-0.9611,-0.9437,,-1.0132,-1.1302
40176,1910,-1.3201,,-1.0190,-1.1699,,-1.2995,-1.2365
40541,1911,-1.4770,,-1.1575,-1.0893,,-1.3228,-1.3266
40906,1912,-1.1375,,-0.9563,-0.7312,,-0.9934,-1.1718
41272,1913,-1.0657,,-0.7874,-0.7752,,-1.0094,-1.0362
41637,1914,-0.7503,,-0.6705,-0.5915,,-0.8488,-0.9283
42002,1915,-0.8317,,-0.7378,-0.5848,,-0.7174,-0.9132
42367,1916,-1.1591,,-0.9928,-1.0052,,-1.0523,-1.1832
42733,1917,-1.2820,,-1.1074,-1.0875,,-1.0740,-1.2651
43098,1918,-1.3591,,-1.1394,-1.0343,,-1.1597,-1.3118
43463,1919,-0.9801,,-0.7323,-0.6401,,-0.7332,-0.8693
43828,1920,-1.1602,,-1.0154,-0.9182,,-1.0408,-1.1683
44194,1921,-1.0706,,-0.9463,-0.8561,,-1.0810,-1.1642
44559,1922,-0.9355,,-0.8525,-0.6973,,-0.9472,-1.0671
44924,1923,-1.0723,,-0.9881,-0.9282,,-1.0738,-1.1193
45289,1924,-0.8098,,-0.7551,-0.5598,,-0.6911,-0.8049
45655,1925,-1.0331,,-0.9011,-1.0951,,-1.1151,-1.0511
46020,1926,-0.7024,,-0.5818,-0.7617,,-0.7881,-0.7546
46385,1927,-0.8183,,-0.6607,-0.8115,,-0.8443,-0.7937
46750,1928,-0.8224,,-0.5578,-0.7614,,-0.8659,-0.8033
47116,1929,-1.0903,,-0.8996,-1.0106,,-1.1055,-1.0380
47481,1930,-0.9473,,-0.8405,-0.9219,,-0.9652,-0.8934
47846,1931,-0.5042,,-0.3785,-0.5430,,-0.5943,-0.4790
48211,1932,-0.8967,,-0.7839,-0.9305,,-1.0399,-0.8722
48577,1933,-0.8621,,-0.6963,-0.7429,,-0.8023,-0.8092
48942,1934,-1.0088,,-0.7006,-0.9904,,-0.9544,-0.8636
49307,1935,-1.0592,,-0.8540,-0.8633,,-0.9940,-0.9107
49672,1936,-0.9942,,-0.7549,-0.8319,,-0.9017,-0.7840
50038,1937,-0.8073,,-0.6693,-0.6853,,-0.7134,-0.7535
50403,1938,-0.9443,,-0.7708,-0.7835,,-0.9033,-0.8806
50768,1939,-0.9097,,-0.7815,-0.7824,,-0.8922,-0.7969
51133,1940,-0.7079,,-0.6059,-0.6331,,-0.6754,-0.6628
51499,1941,-0.4422,,-0.3427,-0.3368,,-0.3855,-0.4132
51864,1942,-0.6624,,-0.4960,-0.5481,,-0.5914,-0.5921
52229,1943,-1.0401,,-0.8729,-0.9721,,-1.0537,-0.9602
52594,1944,-0.8382,,-0.7186,-0.7389,,-0.8161,-0.8007
52960,1945,-0.8688,,-0.7646,-0.8741,,-0.9711,-0.8593
53325,1946,-0.8312,,-0.7588,-0.7320,,-0.8067,-0.8300
53690,1947,-0.6355,,-0.5466,-0.5689,,-0.6320,-0.6501
54055,1948,-1.0394,,-0.9278,-0.9531,,-1.0785,-1.0016
54421,1949,-0.8860,,-0.6822,-0.8092,,-0.8925,-0.8220
54786,1950,-1.1478,,-0.9498,-1.1069,,-1.1864,-1.0443
55151,1951,-0.9249,,-0.8663,-0.8689,,-0.9101,-0.8759
55516,1952,-0.8017,,-0.7002,-0.7104,,-0.7308,-0.7933
55882,1953,-0.9738,,-0.8877,-0.9095,,-0.9459,-0.9022
56247,1954,-1.1031,,-0.9698,-1.0506,,-1.0987,-1.0206
56612,1955,-0.8893,,-0.8208,-0.8551,,-0.9117,-0.8181
56977,1956,-1.1886,,-1.0867,-1.1236,,-1.1767,-1.0995
57343,1957,-0.9638,,-0.8436,-0.9285,,-0.9813,-0.8826
57708,1958,-0.6255,,-0.5258,-0.6345,-0.5178,-0.6703,-0.5751
58073,1959,-0.8451,,-0.7526,-0.8476,-0.7002,-0.9130,-0.8059
58438,1960,-0.7182,,-0.6198,-0.7364,-0.5330,-0.7822,-0.6833
58804,1961,-1.0059,,-0.8608,-0.9892,-0.9400,-1.0308,-0.9288
59169,1962,-0.8429,,-0.7337,-0.8634,-0.7756,-0.8859,-0.7604
59534,1963,-0.7611,,-0.6773,-0.7723,-0.7570,-0.7801,-0.6732
59899,1964,-1.0484,,-0.9765,-1.0513,-0.8850,-1.0573,-0.9947
60265,1965,-1.0927,,-0.9676,-1.0700,-0.8203,-1.1036,-1.0004
60630,1966,-0.7132,,-0.6236,-0.7337,-0.5784,-0.7690,-0.6426
60995,1967,-1.0901,,-1.0141,-1.1150,-1.0416,-1.1614,-1.0413
61360,1968,-1.0334,,-0.9431,-1.0088,-0.8907,-1.0464,-0.9479
61726,1969,-0.4897,,-0.4495,-0.4890,-0.3296,-0.4943,-0.4284
62091,1970,-0.7085,,-0.6185,-0.7074,-0.6147,-0.7228,-0.6779
62456,1971,-1.0841,,-0.9947,-1.1008,-0.9984,-1.1283,-1.0168
62821,1972,-0.8309,,-0.7429,-0.8395,-0.7220,-0.8694,-0.7604
63187,1973,-0.5713,,-0.4530,-0.6380,-0.4880,-0.6633,-0.5106
63552,1974,-1.1531,,-1.0382,-1.1661,-1.1791,-1.2163,-1.0501
63917,1975,-1.0684,,-0.9582,-1.1078,-1.0708,-1.1599,-0.9950
64282,1976,-1.0759,,-0.9723,-1.0890,-1.0986,-1.1337,-0.9709
64648,1977,-0.6812,,-0.6310,-0.7402,-0.6981,-0.7694,-0.6814
65013,1978,-0.7136,,-0.6890,-0.7579,-0.7403,-0.7773,-0.6891
65378,1979,-0.4617,-0.6267,-0.4210,-0.4925,-0.4529,-0.4925,-0.4052
65743,1980,-0.4788,-0.5546,-0.4599,-0.5421,-0.4500,-0.5567,-0.4582
66109,1981,-0.6311,-0.7362,-0.6333,-0.6994,-0.5917,-0.7217,-0.6417
66474,1982,-0.6977,-0.8397,-0.6416,-0.7484,-0.7110,-0.7649,-0.6669
66839,1983,-0.3492,-0.4050,-0.3344,-0.3993,-0.3129,-0.4027,-0.3919
67204,1984,-0.5359,-0.6840,-0.4854,-0.5552,-0.5344,-0.5613,-0.5376
67570,1985,-0.5715,-0.7456,-0.5183,-0.6283,-0.5969,-0.6285,-0.5180
67935,1986,-0.6231,-0.7195,-0.5522,-0.6734,-0.6565,-0.6904,-0.5404
68300,1987,-0.0170,-0.0401,-0.0014,-0.1148,0.0364,-0.1103,-0.0606
68665,1988,-0.3664,-0.3487,-0.3477,-0.3979,-0.2304,-0.4050,-0.3447
69031,1989,-0.6918,-0.6820,-0.7079,-0.7293,-0.6016,-0.7541,-0.6975
69396,1990,-0.2441,-0.1913,-0.2570,-0.3123,-0.1359,-0.2953,-0.2569
69761,1991,-0.5067,-0.5098,-0.5460,-0.4906,-0.4688,-0.4957,-0.4778
70126,1992,-0.6124,-0.6907,-0.6325,-0.6753,-0.6319,-0.7184,-0.6673
70492,1993,-0.3915,-0.4039,-0.4111,-0.4347,-0.3906,-0.4323,-0.4069
70857,1994,-0.4592,-0.5102,-0.4652,-0.5898,-0.4166,-0.5699,-0.5199
71222,1995,-0.1823,-0.2554,-0.2130,-0.2975,-0.0867,-0.2858,-0.2350
71587,1996,-0.2672,-0.3840,-0.3301,-0.3055,-0.2189,-0.3041,-0.2791
71953,1997,-0.2279,-0.3598,-0.2586,-0.1856,-0.1940,-0.1794,-0.2638
72318,1998,0.1256,0.1000,0.0716,0.0752,0.2732,0.0846,0.1035
72683,1999,-0.1741,-0.2725,-0.1795,-0.2349,-0.0672,-0.2109,-0.1817
73048,2000,-0.3325,-0.4815,-0.3446,-0.3404,-0.3116,-0.3466,-0.3512
73414,2001,-0.0801,-0.1704,-0.1473,-0.1029,-0.0082,-0.0686,-0.1429
73779,2002,0.0732,-0.0374,0.0166,-0.0094,0.0407,-0.0201,0.0202
74144,2003,0.1252,0.0530,0.1236,0.0674,0.1002,0.0700,0.0605
74509,2004,-0.0073,-0.0774,-0.0032,0.0234,-0.1018,-0.0101,-0.0112
74875,2005,0.2973,0.2517,0.2268,0.3033,0.2026,0.2476,0.2177
75240,2006,0.0151,-0.0821,-0.0399,0.0408,-0.1269,0.0288,0.0023
75605,2007,0.0005,-0.0156,-0.0122,0.0855,-0.0614,0.0978,-0.0108
75970,2008,-0.0862,-0.1363,-0.0973,-0.0218,-0.1725,-0.0363,-0.0991
76336,2009,0.1663,0.1953,0.1548,0.2574,0.1145,0.2788,0.1752
76701,2010,0.5943,0.6770,0.5681,0.6613,0.6323,0.6458,0.5688
77066,2011,-0.0659,-0.0764,-0.0191,0.0394,-0.0671,0.0791,-0.0217
77431,2012,-0.0847,0.0002,-0.0095,0.0302,-0.0523,0.0209,0.0153
77797,2013,0.0987,0.2108,0.1087,0.1839,0.1862,0.1819,0.1320
78162,2014,0.1340,0.2254,0.1497,0.1256,0.1551,0.1707,0.1785
78527,2015,0.2493,0.3512,0.3364,0.2938,0.2158,0.2938,0.2816
78892,2016,0.5396,0.6930,0.5878,0.5358,0.5550,0.5404,0.5607
79258,2017,0.2202,0.3463,0.3137,0.2115,0.1561,0.2006,0.2829
79623,2018,0.2115,0.3839,0.2807,0.2416,0.1834,0.1924,0.2715
79988,2019,0.3518,0.5151,0.4467,0.2978,0.3244,0.3004,0.4109
80353,2020,0.2754,0.4607,0.3236,0.2173,0.2368,0.2447,0.3869
80719,2021,0.3920,0.5960,0.4592,0.2991,0.3753,0.3810,0.4815
81084,2022,0.1272,0.2783,0.1674,0.0595,0.0760,0.1081,0.1903
81449,2023,0.4448,0.6799,0.5145,0.3673,0.3932,0.2649,0.5731
end data
