Conventions,G,BADC-CSV,1
title,G,Regional mean temperature for WMO RA 1 Africa
last_revised_date,G,2023-11-02
date_valid,G,2023-11-02
feature_type,G,area average
creator,G,WMO
source,G,Produced by climind version 1.0
observation_station,G,derived data
location,G,90.,-180.,-90.,180.
activity,G,WMO
history,G,""Data set created from file ['anl_surf125.011_tmp.202301_202312', 'anl_surf125.2023MMMM'] downloaded from ['', ''] at ['2023-10-06 11:01:38']""
history,G,""Regridded to 1 degree latitude-longitude resolution""
history,G,""Rebaselined to 1991-2020""
history,G,""Calculated area-average""
history,G,""Calculated annual average from monthly averages using arithmetic mean""
history,G,""Selected years within the range 1900 to 2023.""
history,G,""Wrote to file wmo_ra_1_JRA-55.csv""
history,G,"Data set created from file ['wmo_ra_1_JRA-55.csv'] downloaded from [''] at ['2023-11-01 16:38:36']"
reference,G,"Kobayashi, S., Ota, Y., Harada, Y., Ebita, A., Moriya, M., Onoda, H., Onogi, K., Kamahori, H., Kobayashi, C., Endo, H. and Miyaoka, K., (2015). The JRA-55 reanalysis: General specifications and basic characteristics. Journal of the Meteorological Society of Japan. Ser. II, 93(1), pp.5-48."
rights,G,TBD
comments,G,Data produced by climind version 1.0
comments,G,Format description https://help.ceda.ac.uk/article/105-badc-csv
comments,G,"Original data acknowledgement: "
long_name,time,time,days since 1800-01-01 00:00:00.0
type,time,int
long_name,year,year,1
type,year,int
long_name,data,wmo_ra_1,degC
type,data,float
coordinate_variable,time,t
data
time,year,data
57708,1958,-0.5178
58073,1959,-0.7002
58438,1960,-0.5330
58804,1961,-0.9400
59169,1962,-0.7756
59534,1963,-0.7570
59899,1964,-0.8850
60265,1965,-0.8203
60630,1966,-0.5784
60995,1967,-1.0416
61360,1968,-0.8907
61726,1969,-0.3296
62091,1970,-0.6147
62456,1971,-0.9984
62821,1972,-0.7220
63187,1973,-0.4880
63552,1974,-1.1791
63917,1975,-1.0708
64282,1976,-1.0986
64648,1977,-0.6981
65013,1978,-0.7403
65378,1979,-0.4529
65743,1980,-0.4500
66109,1981,-0.5917
66474,1982,-0.7110
66839,1983,-0.3129
67204,1984,-0.5344
67570,1985,-0.5969
67935,1986,-0.6565
68300,1987,0.0364
68665,1988,-0.2304
69031,1989,-0.6016
69396,1990,-0.1359
69761,1991,-0.4688
70126,1992,-0.6319
70492,1993,-0.3906
70857,1994,-0.4166
71222,1995,-0.0867
71587,1996,-0.2189
71953,1997,-0.1940
72318,1998,0.2732
72683,1999,-0.0672
73048,2000,-0.3116
73414,2001,-0.0082
73779,2002,0.0407
74144,2003,0.1002
74509,2004,-0.1018
74875,2005,0.2026
75240,2006,-0.1269
75605,2007,-0.0614
75970,2008,-0.1725
76336,2009,0.1145
76701,2010,0.6323
77066,2011,-0.0671
77431,2012,-0.0523
77797,2013,0.1862
78162,2014,0.1551
78527,2015,0.2158
78892,2016,0.5550
79258,2017,0.1561
79623,2018,0.1834
79988,2019,0.3244
80353,2020,0.2368
80719,2021,0.3753
81084,2022,0.0760
81449,2023,0.3932
end data
