Conventions,G,BADC-CSV,1
title,G,Regional mean temperature for WMO RA 3 South America
last_revised_date,G,2022-09-02
date_valid,G,2022-09-02
feature_type,G,area average
creator,G,WMO
source,G,Produced by climind version 0.1
observation_station,G,derived data
location,G,90.,-180.,-90.,180.
activity,G,WMO
history,G,""Data set created from file ['NOAAGlobalTemp_v*.nc'] downloaded from ['https://www.ncei.noaa.gov/data/noaa-global-surface-temperature/v5/access/gridded/NOAAGlobalTemp_v.*.nc'] at ['2022-08-23 10:32:43']""
history,G,""Data set created from file ['NOAAGlobalTemp_v*.nc'] downloaded from ['https://www.ncei.noaa.gov/data/noaa-global-surface-temperature/v5/access/gridded/NOAAGlobalTemp_v.*.nc'] at ['2022-08-23 10:32:43']""
history,G,""Regridded to 1 degree latitude-longitude resolution""
history,G,""Rebaselined to 1981-2010""
history,G,""Calculated area-average""
history,G,""Calculated annual average from monthly averages using arithmetic mean""
history,G,""Selected year range 1900 to 2021""
history,G,""Wrote to file wmo_ra_3_NOAAGlobalTemp.csv""
history,G,"Data set created from file ['wmo_ra_3_NOAAGlobalTemp.csv'] downloaded from [''] at ['2022-09-01 17:56:53']"
reference,G,"Huang, B., M. J. Menne, T. Boyer, E. Freeman, B. E. Gleason, J. H. Lawrimore, C. Liu, J. J. Rennie, C. Schreck, F. Sun, R. Vose, C. N. Williams, X. Yin, H.-M. Zhang, 2020: Uncertainty estimates for sea surface temperature and land surface air temperature in NOAAGlobalTemp version 5. , J. Climate, 33, 1351-1379, DOI: 10.1175/JCLI-D-19-0395.1"
reference,G,"Zhang, Huai-Min, Jay H. Lawrimore, Boyin Huang, Matthew J. Menne, Xungang Yin, Ahira Sȧnchez-Lugo, Byron E. Gleason, Russell Vose, Derek Arndt, J. Jared Rennie, and Claude N. Williams. (2019) Updated Temperature Data Give a Sharper View of Climate Trends. Eos, 100, https://doi.org/10.1029/2019EO128229"
rights,G,TBD
comments,G,Data produced by climind version 0.1
comments,G,Format description https://help.ceda.ac.uk/article/105-badc-csv
long_name,time,time,
type,time,int
long_name,year,year,1
type,year,int
long_name,data,wmo_ra_3,degC
type,data,float
coordinate_variable,time,t
data
time,year,data
36524,1900,-0.5023
36889,1901,-0.5785
37254,1902,-0.5248
37619,1903,-0.7797
37984,1904,-0.7964
38350,1905,-0.6850
38715,1906,-0.6390
39080,1907,-0.9035
39445,1908,-0.8447
39811,1909,-0.8876
40176,1910,-0.9469
40541,1911,-1.0494
40906,1912,-0.7709
41272,1913,-0.6987
41637,1914,-0.8303
42002,1915,-0.7702
42367,1916,-1.1829
42733,1917,-1.4078
43098,1918,-1.1363
43463,1919,-0.7901
43828,1920,-0.9641
44194,1921,-1.1209
44559,1922,-1.0895
44924,1923,-1.1118
45289,1924,-1.2018
45655,1925,-0.9501
46020,1926,-0.7025
46385,1927,-0.8987
46750,1928,-0.9520
47116,1929,-0.9223
47481,1930,-0.7311
47846,1931,-0.8442
48211,1932,-0.6173
48577,1933,-0.9154
48942,1934,-0.9871
49307,1935,-0.7864
49672,1936,-0.6950
50038,1937,-0.6597
50403,1938,-0.8338
50768,1939,-0.6017
51133,1940,-0.4518
51499,1941,-0.4180
51864,1942,-0.6824
52229,1943,-0.7075
52594,1944,-0.4144
52960,1945,-0.4324
53325,1946,-0.5741
53690,1947,-0.6315
54055,1948,-0.5568
54421,1949,-0.7266
54786,1950,-0.7782
55151,1951,-0.5632
55516,1952,-0.5446
55882,1953,-0.3721
56247,1954,-0.7255
56612,1955,-0.8869
56977,1956,-0.9990
57343,1957,-0.4739
57708,1958,-0.2579
58073,1959,-0.4610
58438,1960,-0.5210
58804,1961,-0.3432
59169,1962,-0.5760
59534,1963,-0.3437
59899,1964,-0.6691
60265,1965,-0.3860
60630,1966,-0.4470
60995,1967,-0.4530
61360,1968,-0.6014
61726,1969,-0.1063
62091,1970,-0.3369
62456,1971,-0.7258
62821,1972,-0.3349
63187,1973,-0.3468
63552,1974,-0.7160
63917,1975,-0.5914
64282,1976,-0.6401
64648,1977,-0.1783
65013,1978,-0.3226
65378,1979,-0.3387
65743,1980,-0.1579
66109,1981,-0.3006
66474,1982,-0.1859
66839,1983,0.0068
67204,1984,-0.3993
67570,1985,-0.3130
67935,1986,-0.1917
68300,1987,0.1273
68665,1988,-0.2357
69031,1989,-0.3094
69396,1990,-0.1552
69761,1991,-0.0970
70126,1992,-0.2184
70492,1993,-0.0885
70857,1994,0.0626
71222,1995,0.0558
71587,1996,-0.1236
71953,1997,0.2489
72318,1998,0.4522
72683,1999,-0.1343
73048,2000,-0.1950
73414,2001,0.0814
73779,2002,0.2677
74144,2003,0.2170
74509,2004,0.1499
74875,2005,0.2417
75240,2006,0.2409
75605,2007,0.0355
75970,2008,0.1170
76336,2009,0.3386
76701,2010,0.3043
77066,2011,0.1422
77431,2012,0.3392
77797,2013,0.2242
78162,2014,0.4285
78527,2015,0.7664
78892,2016,0.5178
79258,2017,0.5574
79623,2018,0.3116
79988,2019,0.5945
80353,2020,0.6939
80719,2021,0.3871
end data
