Conventions,G,BADC-CSV,1
title,G,Regional mean temperature for WMO RA 3 South America
last_revised_date,G,2023-11-01
date_valid,G,2023-11-01
feature_type,G,area average
creator,G,WMO
source,G,Produced by climind version 1.0
observation_station,G,derived data
location,G,90.,-180.,-90.,180.
rights,G,TBD
activity,G,WMO
comments,G,Format description https://help.ceda.ac.uk/article/105-badc-csv
history,wmo_ra_3_Berkeley_Earth,""Data set created from file ['Land_and_Ocean_LatLong1.nc'] downloaded from ['https://berkeley-earth-temperature.s3.us-west-1.amazonaws.com/Global/Gridded/Land_and_Ocean_LatLong1.nc'] at ['2023-10-31 16:14:45']""
history,wmo_ra_3_Berkeley_Earth,""Rebaselined to 1991-2020""
history,wmo_ra_3_Berkeley_Earth,""Calculated area-average""
history,wmo_ra_3_Berkeley_Earth,""Calculated annual average from monthly averages using arithmetic mean""
history,wmo_ra_3_Berkeley_Earth,""Selected years within the range 1900 to 2023.""
history,wmo_ra_3_Berkeley_Earth,""Wrote to file wmo_ra_3_Berkeley Earth.csv""
history,wmo_ra_3_Berkeley_Earth,"Data set created from file ['wmo_ra_3_Berkeley Earth.csv'] downloaded from [''] at ['2023-11-01 16:35:30']"
reference,wmo_ra_3_Berkeley_Earth,"Rohde, R. A. and Hausfather, Z.: The Berkeley Earth Land/Ocean Temperature Record, Earth Syst. Sci. Data, 12, 3469-3479, https://doi.org/10.5194/essd-12-3469-2020, 2020"
comments,wmo_ra_3_Berkeley_Earth,"Original data acknowledgement: "
history,wmo_ra_3_ERA5,""Gridded dataset created from file ['era5_2m_tas_2023.nc'] downloaded from ['']""
history,wmo_ra_3_ERA5,""Regridded to 1 degree latitude-longitude resolution""
history,wmo_ra_3_ERA5,""Rebaselined to 1991-2020""
history,wmo_ra_3_ERA5,""Calculated area-average""
history,wmo_ra_3_ERA5,""Calculated annual average from monthly averages using arithmetic mean""
history,wmo_ra_3_ERA5,""Selected years within the range 1900 to 2023.""
history,wmo_ra_3_ERA5,""Wrote to file wmo_ra_3_ERA5.csv""
history,wmo_ra_3_ERA5,"Data set created from file ['wmo_ra_3_ERA5.csv'] downloaded from [''] at ['2023-11-01 16:36:31']"
reference,wmo_ra_3_ERA5,"Hersbach H, Bell B, Berrisford P et al. 2020. The ERA5 global reanalysis. Q. J. R. Meteorol. Soc. 146: 1999-2049. https://doi.org/10.1002/qj.3803"
comments,wmo_ra_3_ERA5,"Original data acknowledgement: Contains using Copernicus Climate Change Service information [2023]. Neither the European Commission nor ECMWF is responsible for any use that may be made of the Copernicus information or data it contains."
history,wmo_ra_3_GISTEMP,""Data set created from file ['gistemp1200_GHCNv4_ERSSTv5.nc.gz'] downloaded from ['https://data.giss.nasa.gov/pub/gistemp/gistemp1200_GHCNv4_ERSSTv5.nc.gz'] at ['2023-10-13 17:19:30']""
history,wmo_ra_3_GISTEMP,""Regridded to 1 degree latitude-longitude resolution""
history,wmo_ra_3_GISTEMP,""Rebaselined to 1991-2020""
history,wmo_ra_3_GISTEMP,""Calculated area-average""
history,wmo_ra_3_GISTEMP,""Calculated annual average from monthly averages using arithmetic mean""
history,wmo_ra_3_GISTEMP,""Selected years within the range 1900 to 2023.""
history,wmo_ra_3_GISTEMP,""Wrote to file wmo_ra_3_GISTEMP.csv""
history,wmo_ra_3_GISTEMP,"Data set created from file ['wmo_ra_3_GISTEMP.csv'] downloaded from [''] at ['2023-11-01 16:36:52']"
reference,wmo_ra_3_GISTEMP,"Lenssen, N., G. Schmidt, J. Hansen, M. Menne, A. Persin, R. Ruedy, and D. Zyss, 2019: Improvements in the GISTEMP uncertainty model. J. Geophys. Res. Atmos., 124, no. 12, 6307-6326, doi:10.1029/2018JD029522"
comments,wmo_ra_3_GISTEMP,"Original data acknowledgement: "
history,wmo_ra_3_HadCRUT5,""Data set created from file ['HadCRUT.5.0.1.0.analysis.anomalies.ensemble_mean.nc'] downloaded from ['https://www.metoffice.gov.uk/hadobs/hadcrut5/data/current/analysis/HadCRUT.5.0.1.0.analysis.anomalies.ensemble_mean.nc'] at ['2023-10-31 16:06:13']""
history,wmo_ra_3_HadCRUT5,""Regridded to 1 degree latitude-longitude resolution""
history,wmo_ra_3_HadCRUT5,""Rebaselined to 1991-2020""
history,wmo_ra_3_HadCRUT5,""Calculated area-average""
history,wmo_ra_3_HadCRUT5,""Calculated annual average from monthly averages using arithmetic mean""
history,wmo_ra_3_HadCRUT5,""Selected years within the range 1900 to 2023.""
history,wmo_ra_3_HadCRUT5,""Wrote to file wmo_ra_3_HadCRUT5.csv""
history,wmo_ra_3_HadCRUT5,"Data set created from file ['wmo_ra_3_HadCRUT5.csv'] downloaded from [''] at ['2023-11-01 16:37:36']"
reference,wmo_ra_3_HadCRUT5,"Morice, C. P., Kennedy, J. J., Rayner, N. A., Winn, J. P., Hogan, E., Killick, R. E., et al. (2021). An updated assessment of near-surface temperature change from 1850: the HadCRUT5 data set. Journal of Geophysical Research: Atmospheres, 126, e2019JD032361. https://doi.org/10.1029/2019JD032361"
comments,wmo_ra_3_HadCRUT5,"Original data acknowledgement: HadCRUT.5.0.1.0 data were obtained from http://www.metoffice.gov.uk/hadobs/hadcrut5 on 2023-10-31 16:06:13 and are © British Crown Copyright, Met Office 2023, provided under an Open Government License, http://www.nationalarchives.gov.uk/doc/open-government-licence/version/3/"
history,wmo_ra_3_JRA-55,""Data set created from file ['anl_surf125.011_tmp.202301_202312', 'anl_surf125.2023MMMM'] downloaded from ['', ''] at ['2023-10-06 11:01:38']""
history,wmo_ra_3_JRA-55,""Regridded to 1 degree latitude-longitude resolution""
history,wmo_ra_3_JRA-55,""Rebaselined to 1991-2020""
history,wmo_ra_3_JRA-55,""Calculated area-average""
history,wmo_ra_3_JRA-55,""Calculated annual average from monthly averages using arithmetic mean""
history,wmo_ra_3_JRA-55,""Selected years within the range 1900 to 2023.""
history,wmo_ra_3_JRA-55,""Wrote to file wmo_ra_3_JRA-55.csv""
history,wmo_ra_3_JRA-55,"Data set created from file ['wmo_ra_3_JRA-55.csv'] downloaded from [''] at ['2023-11-01 16:38:38']"
reference,wmo_ra_3_JRA-55,"Kobayashi, S., Ota, Y., Harada, Y., Ebita, A., Moriya, M., Onoda, H., Onogi, K., Kamahori, H., Kobayashi, C., Endo, H. and Miyaoka, K., (2015). The JRA-55 reanalysis: General specifications and basic characteristics. Journal of the Meteorological Society of Japan. Ser. II, 93(1), pp.5-48."
comments,wmo_ra_3_JRA-55,"Original data acknowledgement: "
history,wmo_ra_3_Kadow,""Data set created from file ['HadCRUT.5.0.1.0.anomalies.Kadow_et_al_2020_20crAI-infilled.ensemble_mean_185001-*.nc'] downloaded from [''] at ['2023-10-23 09:13:55']""
history,wmo_ra_3_Kadow,""Regridded to 1 degree latitude-longitude resolution""
history,wmo_ra_3_Kadow,""Rebaselined to 1991-2020""
history,wmo_ra_3_Kadow,""Calculated area-average""
history,wmo_ra_3_Kadow,""Calculated annual average from monthly averages using arithmetic mean""
history,wmo_ra_3_Kadow,""Selected years within the range 1900 to 2023.""
history,wmo_ra_3_Kadow,""Wrote to file wmo_ra_3_Kadow.csv""
history,wmo_ra_3_Kadow,"Data set created from file ['wmo_ra_3_Kadow.csv'] downloaded from [''] at ['2023-11-01 16:39:07']"
reference,wmo_ra_3_Kadow,"Kadow, C., Hall, D.M. & Ulbrich, U. Artificial intelligence reconstructs missing climate information. Nat. Geosci. (2020). https://doi.org/10.1038/s41561-020-0582-5"
comments,wmo_ra_3_Kadow,"Original data acknowledgement: "
history,wmo_ra_3_NOAA_Interim,""Data set created from file ['NOAAGlobalTemp_v*.nc'] downloaded from ['https://www.ncei.noaa.gov/data/noaa-global-surface-temperature/v5.1/access/gridded/NOAAGlobalTemp_v.*.nc'] at ['2023-10-14 08:45:48']""
history,wmo_ra_3_NOAA_Interim,""Data set created from file ['NOAAGlobalTemp_v*.nc'] downloaded from ['https://www.ncei.noaa.gov/data/noaa-global-surface-temperature/v5.1/access/gridded/NOAAGlobalTemp_v.*.nc'] at ['2023-10-14 08:45:48']""
history,wmo_ra_3_NOAA_Interim,""Regridded to 1 degree latitude-longitude resolution""
history,wmo_ra_3_NOAA_Interim,""Rebaselined to 1991-2020""
history,wmo_ra_3_NOAA_Interim,""Calculated area-average""
history,wmo_ra_3_NOAA_Interim,""Calculated annual average from monthly averages using arithmetic mean""
history,wmo_ra_3_NOAA_Interim,""Selected years within the range 1900 to 2023.""
history,wmo_ra_3_NOAA_Interim,""Wrote to file wmo_ra_3_NOAA Interim.csv""
history,wmo_ra_3_NOAA_Interim,"Data set created from file ['wmo_ra_3_NOAA Interim.csv'] downloaded from [''] at ['2023-11-01 16:39:59']"
reference,wmo_ra_3_NOAA_Interim,"Vose, R.S., B. Huang, X. Yin., D. Arndt, D.R. Easterling, J.H. Lawrimore, M.J. Menne, A. Sanchez-Lugo, H.-M. Zhang, 2021: Implementing full spatial coverage in NOAA’s global temperature analysis. Geophysical Research Letters, 48, e2020GL090873. https://doi.org/10.1029/2020GL090873"
comments,wmo_ra_3_NOAA_Interim,"Original data acknowledgement: "
long_name,time,time,days since 1800-01-01 00:00:00.0
type,time,int
long_name,year,year,1
type,year,int
long_name,wmo_ra_3_Berkeley_Earth,wmo_ra_3,degC
type,wmo_ra_3_Berkeley_Earth,float
long_name,wmo_ra_3_ERA5,wmo_ra_3,degC
type,wmo_ra_3_ERA5,float
long_name,wmo_ra_3_GISTEMP,wmo_ra_3,degC
type,wmo_ra_3_GISTEMP,float
long_name,wmo_ra_3_HadCRUT5,wmo_ra_3,degC
type,wmo_ra_3_HadCRUT5,float
long_name,wmo_ra_3_JRA-55,wmo_ra_3,degC
type,wmo_ra_3_JRA-55,float
long_name,wmo_ra_3_Kadow,wmo_ra_3,degC
type,wmo_ra_3_Kadow,float
long_name,wmo_ra_3_NOAA_Interim,wmo_ra_3,degC
type,wmo_ra_3_NOAA_Interim,float
coordinate_variable,time,t
data
time,year,wmo_ra_3_Berkeley_Earth,wmo_ra_3_ERA5,wmo_ra_3_GISTEMP,wmo_ra_3_HadCRUT5,wmo_ra_3_JRA-55,wmo_ra_3_Kadow,wmo_ra_3_NOAA_Interim
36524,1900,-0.6131,,-0.4589,-0.4803,,-0.3894,-0.9280
36889,1901,-0.7804,,-0.6181,-0.3938,,-0.3856,-0.8202
37254,1902,-0.8435,,-0.6284,-0.4504,,-0.4210,-0.7065
37619,1903,-1.0827,,-0.8479,-0.6671,,-0.9195,-0.8489
37984,1904,-1.3895,,-1.0988,-0.8549,,-1.0387,-1.2133
38350,1905,-0.9718,,-0.7227,-0.6323,,-0.7506,-0.8999
38715,1906,-1.0034,,-0.8704,-0.6626,,-0.8442,-0.9647
39080,1907,-1.3197,,-1.1314,-0.9545,,-1.1813,-1.1930
39445,1908,-1.1678,,-1.0537,-0.8507,,-1.0924,-1.1581
39811,1909,-1.2171,,-1.1663,-0.8039,,-1.0918,-1.1427
40176,1910,-1.2916,,-1.2532,-0.9059,,-1.1845,-1.2542
40541,1911,-1.2830,,-1.2882,-1.0001,,-1.1548,-1.3539
40906,1912,-0.9933,,-0.9838,-0.6533,,-0.8194,-1.0475
41272,1913,-0.8442,,-0.9040,-0.5450,,-0.6196,-1.0015
41637,1914,-0.7172,,-0.8770,-0.3592,,-0.5381,-0.8645
42002,1915,-0.5626,,-0.9040,-0.2296,,-0.2696,-0.8084
42367,1916,-1.1878,,-1.4859,-0.8143,,-1.1325,-1.3845
42733,1917,-1.5760,,-1.7230,-1.1667,,-1.2557,-1.8907
43098,1918,-1.2989,,-1.4465,-0.9383,,-0.8848,-1.4321
43463,1919,-0.8281,,-0.9836,-0.5259,,-0.5953,-0.9979
43828,1920,-1.1888,,-1.2243,-0.8404,,-0.9464,-1.3269
44194,1921,-1.3193,,-1.4384,-1.0731,,-1.1296,-1.4288
44559,1922,-1.2702,,-1.4082,-1.0395,,-1.1878,-1.4326
44924,1923,-1.3650,,-1.4461,-1.0945,,-1.1197,-1.4175
45289,1924,-1.3063,,-1.5602,-1.0059,,-1.2185,-1.5477
45655,1925,-1.0995,,-1.1861,-0.8158,,-0.8000,-1.2499
46020,1926,-0.7583,,-0.9828,-0.5014,,-0.5576,-0.9281
46385,1927,-1.0086,,-1.2029,-0.7872,,-0.8866,-1.2948
46750,1928,-0.9611,,-1.1593,-0.7631,,-0.8960,-1.1770
47116,1929,-1.0806,,-1.1851,-0.8791,,-0.9402,-1.2464
47481,1930,-0.8728,,-0.9257,-0.6485,,-0.6961,-0.9504
47846,1931,-1.0380,,-1.0175,-0.7573,,-0.7639,-1.1274
48211,1932,-0.8088,,-0.7546,-0.5621,,-0.4913,-0.9065
48577,1933,-1.1408,,-1.1460,-0.9136,,-0.9622,-1.1434
48942,1934,-1.1996,,-1.2650,-0.9899,,-1.0618,-1.1772
49307,1935,-1.0121,,-1.0326,-0.8071,,-0.8452,-1.0552
49672,1936,-0.8574,,-0.9185,-0.6267,,-0.7301,-0.9292
50038,1937,-0.8775,,-0.9276,-0.6266,,-0.6501,-0.9749
50403,1938,-1.0018,,-1.0698,-0.7810,,-0.8301,-1.0378
50768,1939,-0.8578,,-0.8921,-0.6536,,-0.5993,-0.8757
51133,1940,-0.6647,,-0.7133,-0.4600,,-0.4040,-0.6953
51499,1941,-0.6226,,-0.6389,-0.4364,,-0.4003,-0.6567
51864,1942,-0.8902,,-0.9326,-0.7254,,-0.6965,-0.9898
52229,1943,-0.9733,,-0.9605,-0.8128,,-0.7620,-1.0358
52594,1944,-0.6763,,-0.6572,-0.4681,,-0.3898,-0.6609
52960,1945,-0.7788,,-0.7065,-0.5818,,-0.5396,-0.7530
53325,1946,-0.8438,,-0.8670,-0.7002,,-0.6836,-0.8478
53690,1947,-0.9431,,-0.9177,-0.7597,,-0.7628,-0.9743
54055,1948,-0.8447,,-0.8225,-0.7430,,-0.7587,-0.8872
54421,1949,-0.9334,,-0.9857,-0.8638,,-0.8851,-0.9820
54786,1950,-0.9610,,-1.0087,-0.8816,,-0.9260,-1.0714
55151,1951,-0.8301,,-0.8260,-0.7123,,-0.7322,-0.9459
55516,1952,-0.7301,,-0.7806,-0.6258,,-0.6336,-0.8276
55882,1953,-0.6132,,-0.6300,-0.4612,,-0.4575,-0.6231
56247,1954,-0.8597,,-0.9919,-0.6810,,-0.7021,-0.9555
56612,1955,-1.0331,,-1.1760,-0.8459,,-0.8730,-1.1630
56977,1956,-1.2484,,-1.3739,-1.0985,,-1.0968,-1.3246
57343,1957,-0.7723,,-0.8321,-0.6567,,-0.6566,-0.8232
57708,1958,-0.4305,,-0.5085,-0.2772,-0.0659,-0.2864,-0.5274
58073,1959,-0.6649,,-0.7648,-0.5245,0.0161,-0.5322,-0.7844
58438,1960,-0.7946,,-0.8916,-0.6001,-0.0526,-0.6102,-0.8925
58804,1961,-0.5450,,-0.6986,-0.3364,-0.1461,-0.3256,-0.6618
59169,1962,-0.7771,,-0.9361,-0.5502,-0.5501,-0.5344,-0.8933
59534,1963,-0.5300,,-0.6533,-0.3037,-0.3016,-0.2913,-0.6040
59899,1964,-0.9074,,-1.0833,-0.6741,-0.7090,-0.6500,-0.9894
60265,1965,-0.6267,,-0.7418,-0.4045,-0.5056,-0.3801,-0.7098
60630,1966,-0.6251,,-0.8177,-0.4494,-0.4338,-0.4124,-0.7480
60995,1967,-0.6379,,-0.8094,-0.4625,-0.5727,-0.4331,-0.7589
61360,1968,-0.8267,,-0.9713,-0.6663,-0.6562,-0.6553,-0.9375
61726,1969,-0.2750,,-0.4090,-0.1442,-0.0712,-0.1210,-0.3887
62091,1970,-0.5003,,-0.6471,-0.3650,-0.2241,-0.3437,-0.5971
62456,1971,-0.9853,,-1.0919,-0.8944,-0.7356,-0.8840,-1.0302
62821,1972,-0.5421,,-0.6672,-0.4852,-0.2760,-0.4781,-0.6499
63187,1973,-0.4548,,-0.6683,-0.4785,-0.3729,-0.4885,-0.5864
63552,1974,-0.8788,,-1.0468,-0.9200,-0.8536,-0.9447,-1.0119
63917,1975,-0.7500,,-0.9357,-0.7830,-0.7503,-0.7937,-0.8758
64282,1976,-0.8377,,-0.9914,-0.8814,-0.8530,-0.8731,-0.9334
64648,1977,-0.3278,,-0.4869,-0.3674,-0.3877,-0.3552,-0.4919
65013,1978,-0.4813,,-0.6518,-0.5097,-0.4887,-0.5095,-0.6382
65378,1979,-0.5241,-0.5337,-0.6279,-0.5031,-0.5884,-0.5082,-0.6260
65743,1980,-0.3341,-0.3571,-0.4139,-0.3532,-0.2885,-0.3668,-0.4162
66109,1981,-0.4738,-0.4888,-0.5564,-0.4872,-0.4297,-0.5085,-0.5526
66474,1982,-0.3389,-0.4026,-0.4458,-0.3393,-0.2547,-0.3561,-0.4935
66839,1983,-0.1609,-0.2132,-0.2502,-0.1886,-0.1051,-0.1792,-0.2581
67204,1984,-0.5956,-0.7305,-0.6990,-0.6074,-0.6055,-0.6235,-0.6670
67570,1985,-0.5306,-0.6562,-0.6118,-0.5129,-0.5396,-0.5216,-0.6171
67935,1986,-0.4495,-0.5475,-0.4825,-0.4376,-0.4566,-0.4312,-0.4796
68300,1987,-0.0621,-0.1022,-0.1341,-0.0785,-0.0271,-0.0728,-0.1202
68665,1988,-0.4411,-0.4170,-0.5274,-0.4575,-0.3637,-0.4469,-0.4690
69031,1989,-0.5513,-0.5619,-0.6047,-0.5357,-0.4642,-0.5304,-0.5971
69396,1990,-0.3179,-0.3610,-0.3995,-0.3511,-0.2934,-0.3419,-0.4156
69761,1991,-0.3149,-0.4012,-0.3502,-0.3641,-0.3228,-0.3506,-0.3541
70126,1992,-0.4238,-0.5438,-0.4869,-0.5166,-0.4462,-0.5272,-0.4853
70492,1993,-0.3219,-0.3659,-0.3659,-0.3957,-0.2713,-0.3945,-0.3777
70857,1994,-0.1500,-0.1849,-0.2117,-0.1903,-0.0807,-0.1970,-0.2355
71222,1995,-0.0932,-0.1736,-0.2004,-0.1127,-0.1066,-0.1235,-0.2006
71587,1996,-0.3291,-0.4176,-0.3989,-0.3662,-0.3186,-0.3629,-0.3891
71953,1997,0.0473,-0.0344,0.0084,0.0547,0.0179,0.0215,-0.0275
72318,1998,0.2332,0.2278,0.1808,0.2332,0.2650,0.2503,0.2057
72683,1999,-0.3781,-0.4489,-0.4460,-0.3634,-0.3529,-0.3732,-0.4122
73048,2000,-0.4768,-0.5829,-0.4907,-0.4027,-0.4746,-0.4034,-0.4468
73414,2001,-0.1667,-0.2286,-0.1439,-0.0583,-0.1437,-0.0652,-0.1544
73779,2002,0.0613,0.0169,0.0376,0.1169,0.0680,0.1289,0.0601
74144,2003,0.0478,-0.0005,-0.0054,0.0734,-0.0058,0.0731,-0.0083
74509,2004,-0.0680,-0.0681,-0.0741,0.0047,-0.1268,-0.0017,-0.0668
74875,2005,0.0308,0.0772,0.0258,0.1009,-0.0287,0.0867,0.0338
75240,2006,0.0016,0.0604,0.0256,0.0805,-0.0151,0.0610,0.0115
75605,2007,-0.1924,-0.0600,-0.2033,-0.0810,-0.2141,-0.1033,-0.1576
75970,2008,-0.1588,-0.0941,-0.1386,-0.0687,-0.2283,-0.0794,-0.1511
76336,2009,0.0865,0.1237,0.0990,0.1540,0.0513,0.1364,0.0637
76701,2010,0.0894,0.2214,0.0795,0.1883,0.1391,0.1796,0.1018
77066,2011,-0.0852,-0.0411,-0.0810,-0.0306,-0.0404,-0.0410,-0.0926
77431,2012,0.1369,0.2018,0.1735,0.1267,0.1944,0.1342,0.1760
77797,2013,-0.0121,0.1159,0.0134,0.0058,0.0816,0.0255,0.0596
78162,2014,0.1593,0.2136,0.2591,0.1129,0.1706,0.1308,0.2540
78527,2015,0.5555,0.6026,0.6701,0.5073,0.5287,0.5101,0.6107
78892,2016,0.3690,0.4462,0.3900,0.2883,0.3789,0.3241,0.4034
79258,2017,0.3501,0.3772,0.4294,0.2652,0.3054,0.2704,0.4091
79623,2018,0.0643,0.1057,0.1529,-0.0234,0.0526,-0.0116,0.1323
79988,2019,0.3973,0.4550,0.4870,0.2769,0.4509,0.3288,0.4735
80353,2020,0.5406,0.4004,0.5653,0.3866,0.4721,0.3734,0.5645
80719,2021,0.2123,0.1361,0.2369,0.0227,0.1680,0.0980,0.2839
81084,2022,-0.0193,-0.0866,0.0076,-0.0986,-0.0583,-0.0562,0.0608
81449,2023,0.6255,0.5658,0.8360,0.6574,0.5702,0.4850,0.7431
end data
