Conventions,G,BADC-CSV,1
title,G,Regional mean temperature for WMO RA 3 South America
last_revised_date,G,2023-02-23
date_valid,G,2023-02-23
feature_type,G,area average
creator,G,WMO
source,G,Produced by climind version 0.1
observation_station,G,derived data
location,G,90.,-180.,-90.,180.
activity,G,WMO
history,G,""Gridded dataset created from file ['era5_2m_tas_2023.nc'] downloaded from ['extension']""
history,G,""Regridded to 1 degree latitude-longitude resolution""
history,G,""Rebaselined to 1991-2020""
history,G,""Calculated area-average""
history,G,""Calculated annual average from monthly averages using arithmetic mean""
history,G,""Selected years within the range 1900 to 2022.""
history,G,""Wrote to file wmo_ra_3_ERA5.csv""
history,G,"Data set created from file ['wmo_ra_3_ERA5.csv'] downloaded from [''] at ['2023-02-23 17:01:05']"
reference,G,"Hersbach H, Bell B, Berrisford P et al. 2020. The ERA5 global reanalysis. Q. J. R. Meteorol. Soc. 146: 1999-2049. https://doi.org/10.1002/qj.3803"
reference,G,"Bell, B., Hersbach, H., Simmons, A., Berrisford, P., Dahlgren, P., Horányi, A., et al. (2021) The ERA5 global reanalysis: Preliminary extension to 1950. Q J R Meteorol Soc, 147 741, 4186-4227. https://doi.org/10.1002/qj.4174"
rights,G,TBD
comments,G,Data produced by climind version 0.1
comments,G,Format description https://help.ceda.ac.uk/article/105-badc-csv
long_name,time,time,days since 1800-01-01 00:00:00.0
type,time,int
long_name,year,year,1
type,year,int
long_name,data,wmo_ra_3,degC
type,data,float
coordinate_variable,time,t
data
time,year,data
58073,1959,-0.5523
58438,1960,-0.6236
58804,1961,-0.1835
59169,1962,-0.7032
59534,1963,-0.2509
59899,1964,-0.8414
60265,1965,-0.6650
60630,1966,-0.6429
60995,1967,-0.6378
61360,1968,-0.7750
61726,1969,-0.1915
62091,1970,-0.4738
62456,1971,-0.9970
62821,1972,-0.4986
63187,1973,-0.5215
63552,1974,-1.0247
63917,1975,-0.9015
64282,1976,-0.9691
64648,1977,-0.4364
65013,1978,-0.5328
65378,1979,-0.5337
65743,1980,-0.3571
66109,1981,-0.4888
66474,1982,-0.4026
66839,1983,-0.2132
67204,1984,-0.7305
67570,1985,-0.6562
67935,1986,-0.5475
68300,1987,-0.1022
68665,1988,-0.4170
69031,1989,-0.5619
69396,1990,-0.3610
69761,1991,-0.4012
70126,1992,-0.5438
70492,1993,-0.3659
70857,1994,-0.1849
71222,1995,-0.1736
71587,1996,-0.4176
71953,1997,-0.0344
72318,1998,0.2278
72683,1999,-0.4489
73048,2000,-0.5829
73414,2001,-0.2286
73779,2002,0.0169
74144,2003,-0.0005
74509,2004,-0.0681
74875,2005,0.0772
75240,2006,0.0604
75605,2007,-0.0600
75970,2008,-0.0941
76336,2009,0.1237
76701,2010,0.2214
77066,2011,-0.0411
77431,2012,0.2018
77797,2013,0.1159
78162,2014,0.2136
78527,2015,0.6026
78892,2016,0.4462
79258,2017,0.3772
79623,2018,0.1057
79988,2019,0.4550
80353,2020,0.4004
80719,2021,0.1361
81084,2022,-0.0866
end data
