Conventions,G,BADC-CSV,1
title,G,Regional mean temperature for WMO RA 3 South America
last_revised_date,G,2022-08-29
date_valid,G,2022-08-29
feature_type,G,area average
creator,G,WMO
source,G,Produced by climind version 0.1
observation_station,G,derived data
location,G,90.,-180.,-90.,180.
activity,G,WMO
history,G,""Gridded dataset created from file ['NOAAGlobalTemp_v*.nc'] downloaded from ['https://www.ncei.noaa.gov/data/noaa-global-surface-temperature/v5/access/gridded/NOAAGlobalTemp_v.*.nc']""history,G,""Regridded to 1 degree latitude-longitude resolution""history,G,""Rebaselined to 1981-2010""history,G,""Calculated area-average""history,G,""Calculated annual average""history,G,""Wrote to file wmo_ra_3_NOAAGlobalTemp.csv""history,G,"Time series created from file ['wmo_ra_3_NOAAGlobalTemp.csv'] downloaded from ['']"
reference,G,"Huang, B., M. J. Menne, T. Boyer, E. Freeman, B. E. Gleason, J. H. Lawrimore, C. Liu, J. J. Rennie, C. Schreck, F. Sun, R. Vose, C. N. Williams, X. Yin, H.-M. Zhang, 2020: Uncertainty estimates for sea surface temperature and land surface air temperature in NOAAGlobalTemp version 5. , J. Climate, 33, 1351-1379, DOI: 10.1175/JCLI-D-19-0395.1"reference,G,"Zhang, Huai-Min, Jay H. Lawrimore, Boyin Huang, Matthew J. Menne, Xungang Yin, Ahira Sȧnchez-Lugo, Byron E. Gleason, Russell Vose, Derek Arndt, J. Jared Rennie, and Claude N. Williams. (2019) Updated Temperature Data Give a Sharper View of Climate Trends. Eos, 100, https://doi.org/10.1029/2019EO128229"
rights,G,TBD
comments,G,Data produced by climind version 0.1
comments,G,Format description https://help.ceda.ac.uk/article/105-badc-csv
long_name,time,time,
type,time,int
long_name,year,year,1
type,year,int
long_name,data,wmo_ra_3,degC
type,data,float
coordinate_variable,time,t
data
time,year,data
36524,1900,-0.5185
36889,1901,-0.5665
37254,1902,-0.5119
37619,1903,-0.7733
37984,1904,-0.7457
38350,1905,-0.6387
38715,1906,-0.5857
39080,1907,-0.8476
39445,1908,-0.7904
39811,1909,-0.8339
40176,1910,-0.9076
40541,1911,-0.9960
40906,1912,-0.7370
41272,1913,-0.6642
41637,1914,-0.7896
42002,1915,-0.7203
42367,1916,-1.1592
42733,1917,-1.3912
43098,1918,-1.1272
43463,1919,-0.7994
43828,1920,-0.9617
44194,1921,-1.1228
44559,1922,-1.1085
44924,1923,-1.1331
45289,1924,-1.2160
45655,1925,-0.9575
46020,1926,-0.7090
46385,1927,-0.9024
46750,1928,-0.9690
47116,1929,-0.9495
47481,1930,-0.6941
47846,1931,-0.8475
48211,1932,-0.6339
48577,1933,-0.9297
48942,1934,-0.9981
49307,1935,-0.7943
49672,1936,-0.7042
50038,1937,-0.6628
50403,1938,-0.8310
50768,1939,-0.6047
51133,1940,-0.4553
51499,1941,-0.4258
51864,1942,-0.6888
52229,1943,-0.7131
52594,1944,-0.4162
52960,1945,-0.4346
53325,1946,-0.5840
53690,1947,-0.6495
54055,1948,-0.5776
54421,1949,-0.7559
54786,1950,-0.8079
55151,1951,-0.5970
55516,1952,-0.5628
55882,1953,-0.3887
56247,1954,-0.7453
56612,1955,-0.9039
56977,1956,-1.0128
57343,1957,-0.4838
57708,1958,-0.2669
58073,1959,-0.4724
58438,1960,-0.5335
58804,1961,-0.3639
59169,1962,-0.5935
59534,1963,-0.3543
59899,1964,-0.6791
60265,1965,-0.3942
60630,1966,-0.4571
60995,1967,-0.4618
61360,1968,-0.6017
61726,1969,-0.1028
62091,1970,-0.3273
62456,1971,-0.7093
62821,1972,-0.3138
63187,1973,-0.3270
63552,1974,-0.7005
63917,1975,-0.5788
64282,1976,-0.6255
64648,1977,-0.1676
65013,1978,-0.3089
65378,1979,-0.3262
65743,1980,-0.1445
66109,1981,-0.2906
66474,1982,-0.1710
66839,1983,0.0187
67204,1984,-0.3926
67570,1985,-0.3036
67935,1986,-0.1807
68300,1987,0.1386
68665,1988,-0.2232
69031,1989,-0.2940
69396,1990,-0.1402
69761,1991,-0.0839
70126,1992,-0.2026
70492,1993,-0.0761
70857,1994,0.0716
71222,1995,0.0657
71587,1996,-0.1160
71953,1997,0.2573
72318,1998,0.4509
72683,1999,-0.1329
73048,2000,-0.2027
73414,2001,0.0697
73779,2002,0.2659
74144,2003,0.2063
74509,2004,0.1400
74875,2005,0.2292
75240,2006,0.2281
75605,2007,0.0061
75970,2008,0.0759
76336,2009,0.3027
76701,2010,0.2834
77066,2011,0.1295
77431,2012,0.3397
77797,2013,0.2242
78162,2014,0.4240
78527,2015,0.7681
78892,2016,0.5252
79258,2017,0.5691
79623,2018,0.3256
79988,2019,0.6104
80353,2020,0.7184
80719,2021,0.4244
end data
