Conventions,G,BADC-CSV,1
title,G,Regional mean temperature for WMO RA 3 South America
last_revised_date,G,2022-11-24
date_valid,G,2022-11-24
feature_type,G,area average
creator,G,WMO
source,G,Produced by climind version 0.1
observation_station,G,derived data
location,G,90.,-180.,-90.,180.
activity,G,WMO
history,G,""Data set created from file ['anl_surf125.011_tmp.202201_202212', 'anl_surf125.2022MMMM'] downloaded from ['', ''] at ['2022-11-08 14:59:36']""
history,G,""Regridded to 1 degree latitude-longitude resolution""
history,G,""Rebaselined to 1981-2010""
history,G,""Calculated area-average""
history,G,""Calculated annual average from monthly averages using arithmetic mean""
history,G,""Selected years within the range 1900 to 2022.""
history,G,""Wrote to file wmo_ra_3_JRA-55.csv""
history,G,"Data set created from file ['wmo_ra_3_JRA-55.csv'] downloaded from [''] at ['2022-11-23 19:14:46']"
reference,G,"Kobayashi, S., Ota, Y., Harada, Y., Ebita, A., Moriya, M., Onoda, H., Onogi, K., Kamahori, H., Kobayashi, C., Endo, H. and Miyaoka, K., (2015). The JRA-55 reanalysis: General specifications and basic characteristics. Journal of the Meteorological Society of Japan. Ser. II, 93(1), pp.5-48."
rights,G,TBD
comments,G,Data produced by climind version 0.1
comments,G,Format description https://help.ceda.ac.uk/article/105-badc-csv
long_name,time,time,days since 1800-01-01 00:00:00.0
type,time,int
long_name,year,year,1
type,year,int
long_name,data,wmo_ra_3,degC
type,data,float
coordinate_variable,time,t
data
time,year,data
57708,1958,0.1386
58073,1959,0.2206
58438,1960,0.1519
58804,1961,0.0584
59169,1962,-0.3456
59534,1963,-0.0971
59899,1964,-0.5045
60265,1965,-0.3011
60630,1966,-0.2293
60995,1967,-0.3683
61360,1968,-0.4517
61726,1969,0.1333
62091,1970,-0.0196
62456,1971,-0.5312
62821,1972,-0.0715
63187,1973,-0.1684
63552,1974,-0.6491
63917,1975,-0.5458
64282,1976,-0.6485
64648,1977,-0.1832
65013,1978,-0.2842
65378,1979,-0.3839
65743,1980,-0.0840
66109,1981,-0.2253
66474,1982,-0.0503
66839,1983,0.0994
67204,1984,-0.4010
67570,1985,-0.3351
67935,1986,-0.2522
68300,1987,0.1774
68665,1988,-0.1593
69031,1989,-0.2597
69396,1990,-0.0889
69761,1991,-0.1183
70126,1992,-0.2417
70492,1993,-0.0668
70857,1994,0.1238
71222,1995,0.0978
71587,1996,-0.1141
71953,1997,0.2224
72318,1998,0.4695
72683,1999,-0.1484
73048,2000,-0.2701
73414,2001,0.0608
73779,2002,0.2725
74144,2003,0.1987
74509,2004,0.0776
74875,2005,0.1758
75240,2006,0.1894
75605,2007,-0.0096
75970,2008,-0.0238
76336,2009,0.2558
76701,2010,0.3436
77066,2011,0.1641
77431,2012,0.3989
77797,2013,0.2861
78162,2014,0.3750
78527,2015,0.7332
78892,2016,0.5834
79258,2017,0.5098
79623,2018,0.2571
79988,2019,0.6553
80353,2020,0.6766
80719,2021,0.3725
81084,2022,0.1496
end data
