Conventions,G,BADC-CSV,1
title,G,Global ocean heat content
last_revised_date,G,2022-08-29
date_valid,G,2022-08-29
feature_type,G,area average
creator,G,WMO
source,G,Produced by climind version 0.1
observation_station,G,derived data
location,G,90.,-180.,-90.,180.
activity,G,WMO
history,G,"Time series created from file ['ohc_global_1955.txt'] downloaded from ['https://www.data.jma.go.jp/gmd/kaiyou/data/english/ohc/ohc_global_1955.txt']"history,G,"Rebaselined to 1981-2010 by subtracting mean for that period"
reference,G,"Ishii, M., Y. Fukuda, H. Hirahara, S. Yasui, T. Suzuki, and K. Sato, 2017: Accuracy of Global Upper Ocean Heat Content Estimation Expected from Present Observational Data Sets. SOLA, Vol. 13, 163 – 167, doi:10.2151/sola.2017-030."
rights,G,TBD
comments,G,Data produced by climind version 0.1
comments,G,Format description https://help.ceda.ac.uk/article/105-badc-csv
long_name,time,time,
type,time,int
long_name,year,year,1
type,year,int
long_name,data,ohc,zJ
type,data,float
coordinate_variable,time,t
data
time,year,data
56612,1955,-13.4193
56977,1956,-11.8193
57343,1957,-12.8693
57708,1958,-9.6293
58073,1959,-11.2693
58438,1960,-9.6093
58804,1961,-7.9693
59169,1962,-6.8493
59534,1963,-7.6193
59899,1964,-8.5293
60265,1965,-8.9493
60630,1966,-8.2493
60995,1967,-9.7593
61360,1968,-10.9993
61726,1969,-10.3893
62091,1970,-9.5593
62456,1971,-8.0993
62821,1972,-7.2593
63187,1973,-7.2493
63552,1974,-7.6393
63917,1975,-6.2393
64282,1976,-6.9693
64648,1977,-7.0793
65013,1978,-6.7393
65378,1979,-6.1193
65743,1980,-4.2393
66109,1981,-2.9893
66474,1982,-4.0393
66839,1983,-5.7093
67204,1984,-4.7193
67570,1985,-3.6893
67935,1986,-4.2693
68300,1987,-5.0593
68665,1988,-3.1993
69031,1989,-3.3893
69396,1990,-3.0393
69761,1991,-2.2293
70126,1992,-1.1693
70492,1993,-1.3893
70857,1994,-1.1993
71222,1995,-2.9493
71587,1996,-0.9493
71953,1997,-0.8393
72318,1998,-0.7093
72683,1999,1.2707
73048,2000,0.2407
73414,2001,1.3607
73779,2002,3.8107
74144,2003,5.8907
74509,2004,5.1007
74875,2005,4.9407
75240,2006,5.7007
75605,2007,4.2507
75970,2008,5.6707
76336,2009,6.7107
76701,2010,6.5907
77066,2011,7.3207
77431,2012,7.1007
77797,2013,8.9307
78162,2014,9.1607
78527,2015,10.5907
78892,2016,9.6007
79258,2017,11.8207
79623,2018,12.7207
79988,2019,13.9507
80353,2020,14.1507
80719,2021,15.1907
end data
