Conventions,G,BADC-CSV,1
title,G,Global ocean pH
last_revised_date,G,2022-08-29
date_valid,G,2022-08-29
feature_type,G,area average
creator,G,WMO
source,G,Produced by climind version 0.1
observation_station,G,derived data
location,G,90.,-180.,-90.,180.
activity,G,WMO
history,G,"Time series created from file ['global_omi_health_carbon_ph_area_averaged_1985_P*.nc'] downloaded from ['ftp://my.cmems-du.eu/Core/GLOBAL_OMI_HEALTH_carbon_ph_area_averaged/global_omi_health_carbon_ph_area_averaged/global_omi_health_carbon_ph_area_averaged_1985_P*.nc']"
reference,G,"Gehlen M., Thi Tuyet Trang Chau, Anna Conchon, Anna Denvil-Sommer, Frédéric Chevallier, Mathieu Vrac, Carlos Mejia (2020). Ocean acidification. In: Copernicus Marine Service Ocean State Report, Issue 4, Journal of Operational Oceanography, 13:sup1, s88–s91; DOI: 10.1080/1755876X.2020.1785097"
rights,G,TBD
comments,G,Data produced by climind version 0.1
comments,G,Format description https://help.ceda.ac.uk/article/105-badc-csv
long_name,time,time,
type,time,int
long_name,year,year,1
type,year,int
long_name,data,ph,ph
type,data,float
coordinate_variable,time,t
data
time,year,data
67570,1985,8.1097
67935,1986,8.1088
68300,1987,8.1072
68665,1988,8.1050
69031,1989,8.1039
69396,1990,8.1028
69761,1991,8.1018
70126,1992,8.1010
70492,1993,8.1004
70857,1994,8.0987
71222,1995,8.0967
71587,1996,8.0950
71953,1997,8.0950
72318,1998,8.0917
72683,1999,8.0891
73048,2000,8.0879
73414,2001,8.0866
73779,2002,8.0853
74144,2003,8.0832
74509,2004,8.0816
74875,2005,8.0798
75240,2006,8.0782
75605,2007,8.0763
75970,2008,8.0742
76336,2009,8.0733
76701,2010,8.0718
77066,2011,8.0697
77431,2012,8.0679
77797,2013,8.0655
78162,2014,8.0644
78527,2015,8.0630
78892,2016,8.0602
79258,2017,8.0582
79623,2018,8.0566
79988,2019,8.0550
80353,2020,8.0534
end data
