Conventions,G,BADC-CSV,1
title,G,Regional mean temperature for WMO RA 1 Southern Africa
last_revised_date,G,2023-11-02
date_valid,G,2023-11-02
feature_type,G,area average
creator,G,WMO
source,G,Produced by climind version 1.0
observation_station,G,derived data
location,G,90.,-180.,-90.,180.
rights,G,TBD
activity,G,WMO
comments,G,Format description https://help.ceda.ac.uk/article/105-badc-csv
history,africa_subregion_5_Berkeley_Earth,""Data set created from file ['Land_and_Ocean_LatLong1.nc'] downloaded from ['https://berkeley-earth-temperature.s3.us-west-1.amazonaws.com/Global/Gridded/Land_and_Ocean_LatLong1.nc'] at ['2023-10-31 16:14:45']""
history,africa_subregion_5_Berkeley_Earth,""Rebaselined to 1991-2020""
history,africa_subregion_5_Berkeley_Earth,""Calculated area-average""
history,africa_subregion_5_Berkeley_Earth,""Calculated annual average from monthly averages using arithmetic mean""
history,africa_subregion_5_Berkeley_Earth,""Selected years within the range 1900 to 2023.""
history,africa_subregion_5_Berkeley_Earth,""Wrote to file africa_subregion_5_Berkeley Earth.csv""
history,africa_subregion_5_Berkeley_Earth,"Data set created from file ['africa_subregion_5_Berkeley Earth.csv'] downloaded from [''] at ['2023-11-01 16:36:01']"
reference,africa_subregion_5_Berkeley_Earth,"Rohde, R. A. and Hausfather, Z.: The Berkeley Earth Land/Ocean Temperature Record, Earth Syst. Sci. Data, 12, 3469-3479, https://doi.org/10.5194/essd-12-3469-2020, 2020"
comments,africa_subregion_5_Berkeley_Earth,"Original data acknowledgement: "
history,africa_subregion_5_ERA5,""Gridded dataset created from file ['era5_2m_tas_2023.nc'] downloaded from ['']""
history,africa_subregion_5_ERA5,""Regridded to 1 degree latitude-longitude resolution""
history,africa_subregion_5_ERA5,""Rebaselined to 1991-2020""
history,africa_subregion_5_ERA5,""Calculated area-average""
history,africa_subregion_5_ERA5,""Calculated annual average from monthly averages using arithmetic mean""
history,africa_subregion_5_ERA5,""Selected years within the range 1900 to 2023.""
history,africa_subregion_5_ERA5,""Wrote to file africa_subregion_5_ERA5.csv""
history,africa_subregion_5_ERA5,"Data set created from file ['africa_subregion_5_ERA5.csv'] downloaded from [''] at ['2023-11-01 16:36:39']"
reference,africa_subregion_5_ERA5,"Hersbach H, Bell B, Berrisford P et al. 2020. The ERA5 global reanalysis. Q. J. R. Meteorol. Soc. 146: 1999-2049. https://doi.org/10.1002/qj.3803"
comments,africa_subregion_5_ERA5,"Original data acknowledgement: Contains using Copernicus Climate Change Service information [2023]. Neither the European Commission nor ECMWF is responsible for any use that may be made of the Copernicus information or data it contains."
history,africa_subregion_5_GISTEMP,""Data set created from file ['gistemp1200_GHCNv4_ERSSTv5.nc.gz'] downloaded from ['https://data.giss.nasa.gov/pub/gistemp/gistemp1200_GHCNv4_ERSSTv5.nc.gz'] at ['2023-10-13 17:19:30']""
history,africa_subregion_5_GISTEMP,""Regridded to 1 degree latitude-longitude resolution""
history,africa_subregion_5_GISTEMP,""Rebaselined to 1991-2020""
history,africa_subregion_5_GISTEMP,""Calculated area-average""
history,africa_subregion_5_GISTEMP,""Calculated annual average from monthly averages using arithmetic mean""
history,africa_subregion_5_GISTEMP,""Selected years within the range 1900 to 2023.""
history,africa_subregion_5_GISTEMP,""Wrote to file africa_subregion_5_GISTEMP.csv""
history,africa_subregion_5_GISTEMP,"Data set created from file ['africa_subregion_5_GISTEMP.csv'] downloaded from [''] at ['2023-11-01 16:37:10']"
reference,africa_subregion_5_GISTEMP,"Lenssen, N., G. Schmidt, J. Hansen, M. Menne, A. Persin, R. Ruedy, and D. Zyss, 2019: Improvements in the GISTEMP uncertainty model. J. Geophys. Res. Atmos., 124, no. 12, 6307-6326, doi:10.1029/2018JD029522"
comments,africa_subregion_5_GISTEMP,"Original data acknowledgement: "
history,africa_subregion_5_HadCRUT5,""Data set created from file ['HadCRUT.5.0.1.0.analysis.anomalies.ensemble_mean.nc'] downloaded from ['https://www.metoffice.gov.uk/hadobs/hadcrut5/data/current/analysis/HadCRUT.5.0.1.0.analysis.anomalies.ensemble_mean.nc'] at ['2023-10-31 16:06:13']""
history,africa_subregion_5_HadCRUT5,""Regridded to 1 degree latitude-longitude resolution""
history,africa_subregion_5_HadCRUT5,""Rebaselined to 1991-2020""
history,africa_subregion_5_HadCRUT5,""Calculated area-average""
history,africa_subregion_5_HadCRUT5,""Calculated annual average from monthly averages using arithmetic mean""
history,africa_subregion_5_HadCRUT5,""Selected years within the range 1900 to 2023.""
history,africa_subregion_5_HadCRUT5,""Wrote to file africa_subregion_5_HadCRUT5.csv""
history,africa_subregion_5_HadCRUT5,"Data set created from file ['africa_subregion_5_HadCRUT5.csv'] downloaded from [''] at ['2023-11-01 16:38:07']"
reference,africa_subregion_5_HadCRUT5,"Morice, C. P., Kennedy, J. J., Rayner, N. A., Winn, J. P., Hogan, E., Killick, R. E., et al. (2021). An updated assessment of near-surface temperature change from 1850: the HadCRUT5 data set. Journal of Geophysical Research: Atmospheres, 126, e2019JD032361. https://doi.org/10.1029/2019JD032361"
comments,africa_subregion_5_HadCRUT5,"Original data acknowledgement: HadCRUT.5.0.1.0 data were obtained from http://www.metoffice.gov.uk/hadobs/hadcrut5 on 2023-10-31 16:06:13 and are © British Crown Copyright, Met Office 2023, provided under an Open Government License, http://www.nationalarchives.gov.uk/doc/open-government-licence/version/3/"
history,africa_subregion_5_JRA-55,""Data set created from file ['anl_surf125.011_tmp.202301_202312', 'anl_surf125.2023MMMM'] downloaded from ['', ''] at ['2023-10-06 11:01:38']""
history,africa_subregion_5_JRA-55,""Regridded to 1 degree latitude-longitude resolution""
history,africa_subregion_5_JRA-55,""Rebaselined to 1991-2020""
history,africa_subregion_5_JRA-55,""Calculated area-average""
history,africa_subregion_5_JRA-55,""Calculated annual average from monthly averages using arithmetic mean""
history,africa_subregion_5_JRA-55,""Selected years within the range 1900 to 2023.""
history,africa_subregion_5_JRA-55,""Wrote to file africa_subregion_5_JRA-55.csv""
history,africa_subregion_5_JRA-55,"Data set created from file ['africa_subregion_5_JRA-55.csv'] downloaded from [''] at ['2023-11-01 16:38:50']"
reference,africa_subregion_5_JRA-55,"Kobayashi, S., Ota, Y., Harada, Y., Ebita, A., Moriya, M., Onoda, H., Onogi, K., Kamahori, H., Kobayashi, C., Endo, H. and Miyaoka, K., (2015). The JRA-55 reanalysis: General specifications and basic characteristics. Journal of the Meteorological Society of Japan. Ser. II, 93(1), pp.5-48."
comments,africa_subregion_5_JRA-55,"Original data acknowledgement: "
history,africa_subregion_5_Kadow,""Data set created from file ['HadCRUT.5.0.1.0.anomalies.Kadow_et_al_2020_20crAI-infilled.ensemble_mean_185001-*.nc'] downloaded from [''] at ['2023-11-02 09:03:42']""
history,africa_subregion_5_Kadow,""Regridded to 1 degree latitude-longitude resolution""
history,africa_subregion_5_Kadow,""Rebaselined to 1991-2020""
history,africa_subregion_5_Kadow,""Calculated area-average""
history,africa_subregion_5_Kadow,""Calculated annual average from monthly averages using arithmetic mean""
history,africa_subregion_5_Kadow,""Selected years within the range 1900 to 2023.""
history,africa_subregion_5_Kadow,""Wrote to file africa_subregion_5_Kadow.csv""
history,africa_subregion_5_Kadow,"Data set created from file ['africa_subregion_5_Kadow.csv'] downloaded from [''] at ['2023-11-02 09:21:05']"
reference,africa_subregion_5_Kadow,"Kadow, C., Hall, D.M. & Ulbrich, U. Artificial intelligence reconstructs missing climate information. Nat. Geosci. (2020). https://doi.org/10.1038/s41561-020-0582-5"
comments,africa_subregion_5_Kadow,"Original data acknowledgement: "
history,africa_subregion_5_NOAA_Interim,""Data set created from file ['NOAAGlobalTemp_v*.nc'] downloaded from ['https://www.ncei.noaa.gov/data/noaa-global-surface-temperature/v5.1/access/gridded/NOAAGlobalTemp_v.*.nc'] at ['2023-10-14 08:45:48']""
history,africa_subregion_5_NOAA_Interim,""Data set created from file ['NOAAGlobalTemp_v*.nc'] downloaded from ['https://www.ncei.noaa.gov/data/noaa-global-surface-temperature/v5.1/access/gridded/NOAAGlobalTemp_v.*.nc'] at ['2023-10-14 08:45:48']""
history,africa_subregion_5_NOAA_Interim,""Regridded to 1 degree latitude-longitude resolution""
history,africa_subregion_5_NOAA_Interim,""Rebaselined to 1991-2020""
history,africa_subregion_5_NOAA_Interim,""Calculated area-average""
history,africa_subregion_5_NOAA_Interim,""Calculated annual average from monthly averages using arithmetic mean""
history,africa_subregion_5_NOAA_Interim,""Selected years within the range 1900 to 2023.""
history,africa_subregion_5_NOAA_Interim,""Wrote to file africa_subregion_5_NOAA Interim.csv""
history,africa_subregion_5_NOAA_Interim,"Data set created from file ['africa_subregion_5_NOAA Interim.csv'] downloaded from [''] at ['2023-11-01 16:40:30']"
reference,africa_subregion_5_NOAA_Interim,"Vose, R.S., B. Huang, X. Yin., D. Arndt, D.R. Easterling, J.H. Lawrimore, M.J. Menne, A. Sanchez-Lugo, H.-M. Zhang, 2021: Implementing full spatial coverage in NOAA’s global temperature analysis. Geophysical Research Letters, 48, e2020GL090873. https://doi.org/10.1029/2020GL090873"
comments,africa_subregion_5_NOAA_Interim,"Original data acknowledgement: "
long_name,time,time,days since 1800-01-01 00:00:00.0
type,time,int
long_name,year,year,1
type,year,int
long_name,africa_subregion_5_Berkeley_Earth,africa_subregion_5,degC
type,africa_subregion_5_Berkeley_Earth,float
long_name,africa_subregion_5_ERA5,africa_subregion_5,degC
type,africa_subregion_5_ERA5,float
long_name,africa_subregion_5_GISTEMP,africa_subregion_5,degC
type,africa_subregion_5_GISTEMP,float
long_name,africa_subregion_5_HadCRUT5,africa_subregion_5,degC
type,africa_subregion_5_HadCRUT5,float
long_name,africa_subregion_5_JRA-55,africa_subregion_5,degC
type,africa_subregion_5_JRA-55,float
long_name,africa_subregion_5_Kadow,africa_subregion_5,degC
type,africa_subregion_5_Kadow,float
long_name,africa_subregion_5_NOAA_Interim,africa_subregion_5,degC
type,africa_subregion_5_NOAA_Interim,float
coordinate_variable,time,t
data
time,year,africa_subregion_5_Berkeley_Earth,africa_subregion_5_ERA5,africa_subregion_5_GISTEMP,africa_subregion_5_HadCRUT5,africa_subregion_5_JRA-55,africa_subregion_5_Kadow,africa_subregion_5_NOAA_Interim
36524,1900,-0.6425,,-0.0082,-0.7797,,-0.5209,-0.8685
36889,1901,-1.0690,,-0.5673,-1.2007,,-1.1241,-0.9942
37254,1902,-1.1001,,-0.4940,-1.0914,,-1.0414,-0.9933
37619,1903,-1.2501,,-0.5544,-1.2383,,-1.4217,-0.9821
37984,1904,-1.6782,,-1.2156,-1.7894,,-1.7775,-1.3036
38350,1905,-1.1954,,-0.6308,-1.1175,,-1.3502,-1.0435
38715,1906,-1.5281,,-1.1775,-1.6317,,-1.6393,-1.0844
39080,1907,-1.6450,,-1.2860,-1.6996,,-1.6643,-1.1823
39445,1908,-1.2099,,-0.7809,-1.2535,,-1.2777,-1.1092
39811,1909,-1.0596,,-0.7031,-1.1882,,-1.0729,-1.0646
40176,1910,-1.3800,,-1.0716,-1.5032,,-1.3855,-1.1018
40541,1911,-1.4768,,-1.1749,-1.3021,,-1.4447,-1.2090
40906,1912,-0.9530,,-0.6890,-0.6960,,-0.8245,-0.9227
41272,1913,-0.8393,,-0.2639,-0.6255,,-0.6947,-0.9089
41637,1914,-0.7457,,-0.3174,-0.6354,,-0.8053,-0.7815
42002,1915,-0.9080,,-0.7360,-0.6654,,-0.9257,-0.8365
42367,1916,-0.9060,,-0.7583,-0.9500,,-0.9298,-0.9645
42733,1917,-1.1298,,-0.9452,-1.4965,,-1.3671,-1.0123
43098,1918,-1.4139,,-0.8815,-1.3268,,-1.4066,-0.9883
43463,1919,-1.0113,,-0.7080,-0.9048,,-1.1063,-0.8030
43828,1920,-0.7495,,-0.4560,-0.6428,,-0.7089,-0.8926
44194,1921,-0.9398,,-0.8268,-0.9874,,-1.0427,-0.9588
44559,1922,-0.5071,,-0.2301,-0.4376,,-0.6557,-0.7642
44924,1923,-0.7840,,-0.5956,-0.7911,,-0.8650,-0.8027
45289,1924,-1.0155,,-0.7671,-0.8270,,-0.9596,-0.8811
45655,1925,-1.1920,,-0.8548,-1.4215,,-1.3777,-0.9102
46020,1926,-0.7714,,-0.6002,-1.0966,,-1.1462,-0.7451
46385,1927,-0.7274,,-0.6682,-1.0992,,-1.2100,-0.8070
46750,1928,-0.7368,,-0.5623,-1.1127,,-1.1783,-0.7776
47116,1929,-0.7626,,-0.6040,-1.2537,,-1.2964,-0.8627
47481,1930,-1.1383,,-1.0253,-1.3415,,-1.4418,-0.9636
47846,1931,-0.7183,,-0.4521,-0.9062,,-1.0421,-0.6821
48211,1932,-0.9386,,-0.7099,-1.2071,,-1.3737,-0.8207
48577,1933,-0.8956,,-0.6901,-1.0445,,-1.1177,-0.7563
48942,1934,-0.8950,,-0.4575,-1.2433,,-1.1634,-0.7235
49307,1935,-1.3130,,-0.9909,-1.4856,,-1.5185,-0.9410
49672,1936,-1.2202,,-0.8577,-1.3971,,-1.4676,-0.8282
50038,1937,-1.0612,,-0.6394,-1.1730,,-1.0897,-0.6931
50403,1938,-0.9220,,-0.5040,-1.0968,,-1.0854,-0.6398
50768,1939,-1.2824,,-1.0005,-1.3280,,-1.3784,-0.8491
51133,1940,-0.7816,,-0.5429,-0.8146,,-0.9485,-0.6056
51499,1941,-0.3579,,-0.1917,-0.3953,,-0.4563,-0.3350
51864,1942,-0.6060,,-0.3300,-0.6361,,-0.7210,-0.4956
52229,1943,-0.9986,,-0.8156,-1.0290,,-1.1182,-0.8117
52594,1944,-0.6856,,-0.4579,-0.6484,,-0.6759,-0.5556
52960,1945,-0.8759,,-0.6263,-0.8970,,-0.9606,-0.6906
53325,1946,-0.6753,,-0.5389,-0.7881,,-0.8720,-0.6180
53690,1947,-0.6190,,-0.4173,-0.7155,,-0.7170,-0.5667
54055,1948,-0.8751,,-0.6806,-0.9600,,-1.0795,-0.7174
54421,1949,-0.5851,,-0.2771,-0.6474,,-0.6546,-0.5248
54786,1950,-0.9658,,-0.6169,-1.0369,,-1.1151,-0.7381
55151,1951,-0.9644,,-0.8245,-1.0544,,-1.1316,-0.8082
55516,1952,-0.6303,,-0.5435,-0.7211,,-0.7328,-0.6024
55882,1953,-1.0289,,-0.8557,-1.1086,,-1.1747,-0.7933
56247,1954,-1.0689,,-0.8549,-1.1316,,-1.2127,-0.8015
56612,1955,-1.2833,,-1.0707,-1.3710,,-1.4541,-0.9077
56977,1956,-1.1657,,-0.9815,-1.2300,,-1.2778,-0.9018
57343,1957,-0.6510,,-0.4795,-0.6783,,-0.7201,-0.5232
57708,1958,-0.7048,,-0.5871,-0.8297,-0.5127,-0.9257,-0.5700
58073,1959,-0.6689,,-0.5298,-0.7565,-0.5183,-0.7989,-0.5841
58438,1960,-0.7336,,-0.5901,-0.8455,-0.5538,-0.8798,-0.6719
58804,1961,-0.6436,,-0.5220,-0.7863,-0.5409,-0.7935,-0.5680
59169,1962,-0.6958,,-0.5288,-0.8673,-0.5028,-0.8632,-0.5763
59534,1963,-0.9885,,-0.7694,-1.1223,-0.9273,-1.1737,-0.7695
59899,1964,-0.9578,,-0.8483,-1.1092,-0.8004,-1.1320,-0.8141
60265,1965,-0.9575,,-0.7767,-1.0842,-0.5145,-1.0996,-0.8004
60630,1966,-0.5574,,-0.4246,-0.6858,-0.3692,-0.7124,-0.4895
60995,1967,-0.9236,,-0.8180,-1.0131,-0.8227,-1.0576,-0.7732
61360,1968,-1.0088,,-0.8595,-1.0806,-0.5708,-1.0996,-0.8183
61726,1969,-0.5793,,-0.4366,-0.6809,-0.1346,-0.6960,-0.4880
62091,1970,-0.4865,,-0.3155,-0.5996,-0.2773,-0.5899,-0.4275
62456,1971,-0.9112,,-0.7941,-1.0361,-0.6878,-1.0612,-0.7779
62821,1972,-0.7450,,-0.6266,-0.8585,-0.5772,-0.9092,-0.6157
63187,1973,-0.4894,,-0.3957,-0.5968,-0.3473,-0.6315,-0.4257
63552,1974,-1.1967,,-0.9730,-1.2393,-1.3276,-1.3197,-0.8971
63917,1975,-0.9605,,-0.8113,-1.0641,-0.8722,-1.0837,-0.7675
64282,1976,-1.2074,,-1.0191,-1.3297,-1.2567,-1.3851,-0.8821
64648,1977,-0.5470,,-0.3787,-0.6756,-0.4071,-0.7043,-0.4532
65013,1978,-0.8305,,-0.6397,-0.9531,-0.7643,-1.0105,-0.6151
65378,1979,-0.5317,-0.6577,-0.3529,-0.6580,-0.4756,-0.6740,-0.3783
65743,1980,-0.6154,-0.5426,-0.5195,-0.7467,-0.3280,-0.7729,-0.4475
66109,1981,-0.8794,-0.8807,-0.8735,-0.9797,-0.6859,-1.0012,-0.7409
66474,1982,-0.5541,-0.4993,-0.4224,-0.6416,-0.3118,-0.6648,-0.4688
66839,1983,0.0132,0.0750,0.1311,-0.0931,0.2517,-0.1032,-0.0243
67204,1984,-0.2655,-0.3043,-0.1345,-0.3537,-0.2600,-0.3693,-0.2738
67570,1985,-0.5045,-0.4989,-0.3215,-0.5691,-0.3970,-0.5907,-0.3852
67935,1986,-0.4857,-0.5175,-0.3296,-0.5550,-0.4171,-0.5853,-0.3243
68300,1987,0.1005,0.1723,0.1999,-0.0381,0.3253,-0.0694,0.0282
68665,1988,-0.3903,-0.3910,-0.3118,-0.4706,-0.2604,-0.4981,-0.2945
69031,1989,-0.5737,-0.5712,-0.5731,-0.6527,-0.5297,-0.7046,-0.4976
69396,1990,-0.1431,-0.1608,-0.2054,-0.2863,-0.1488,-0.3093,-0.2319
69761,1991,-0.4458,-0.4289,-0.4574,-0.4967,-0.4410,-0.5169,-0.3324
70126,1992,0.1185,0.1367,0.1038,-0.0905,0.1573,-0.0928,-0.1042
70492,1993,-0.1754,-0.1207,-0.1679,-0.2354,-0.1018,-0.2535,-0.2248
70857,1994,-0.4443,-0.3479,-0.5044,-0.5473,-0.3037,-0.5272,-0.4555
71222,1995,0.0985,0.1045,0.0184,-0.0876,0.2184,-0.0151,-0.1010
71587,1996,-0.4519,-0.4574,-0.5390,-0.4208,-0.3406,-0.3719,-0.3989
71953,1997,-0.3511,-0.3911,-0.4178,-0.3729,-0.3001,-0.3109,-0.3072
72318,1998,0.2731,0.2623,0.2010,0.2200,0.3159,0.3090,0.1254
72683,1999,-0.0401,-0.1496,-0.0172,-0.1592,-0.0783,-0.1182,-0.0771
73048,2000,-0.4225,-0.6027,-0.5793,-0.4368,-0.4564,-0.4369,-0.3894
73414,2001,-0.1554,-0.3494,-0.3047,-0.2311,-0.2288,-0.1608,-0.2388
73779,2002,0.0651,-0.0366,-0.0633,-0.1224,-0.0064,-0.1071,-0.0531
74144,2003,0.2487,0.1209,0.1993,0.0417,0.1006,0.0642,0.0412
74509,2004,-0.1583,-0.2091,-0.1309,-0.0970,-0.2519,-0.1845,-0.0664
74875,2005,0.4226,0.4063,0.3386,0.4236,0.3171,0.4292,0.2414
75240,2006,-0.2868,-0.4996,-0.3948,-0.0662,-0.5849,-0.0600,-0.1858
75605,2007,0.0738,-0.0686,-0.0031,0.1640,-0.1137,0.1554,-0.0306
75970,2008,-0.1336,-0.2354,-0.1398,0.0413,-0.2741,0.0158,-0.1412
76336,2009,-0.1700,-0.2238,-0.1761,0.0053,-0.2784,0.0332,-0.0323
76701,2010,0.2340,0.1696,0.3611,0.1824,0.1526,0.1622,0.2290
77066,2011,-0.3899,-0.4612,-0.2614,-0.1811,-0.4445,-0.0510,-0.1603
77431,2012,-0.2505,-0.1108,-0.0924,0.1073,-0.1220,0.0878,-0.0396
77797,2013,-0.0003,0.1152,0.0142,0.2194,0.1650,0.1721,0.0847
78162,2014,-0.1178,-0.0220,-0.0008,-0.0828,-0.0890,-0.0704,0.0905
78527,2015,0.5544,0.6683,0.7159,0.5406,0.6066,0.5396,0.4719
78892,2016,0.6312,0.7874,0.7023,0.4707,0.7134,0.3996,0.5687
79258,2017,-0.0049,0.1690,0.0942,0.1154,0.0568,0.0308,0.1857
79623,2018,0.3275,0.4341,0.4904,0.3923,0.3922,0.1187,0.3506
79988,2019,0.7897,1.0340,0.9064,0.6605,0.9328,0.5896,0.6732
80353,2020,0.1616,0.3064,0.1045,0.0550,0.2871,0.1701,0.2763
80719,2021,-0.0488,0.0039,-0.0958,-0.1852,-0.0068,-0.0130,0.0896
81084,2022,0.1469,0.0381,-0.0397,-0.1877,-0.0732,-0.0517,0.1227
81449,2023,0.3771,0.3924,0.2196,0.2202,0.2357,0.1266,0.3292
end data
