Conventions,G,BADC-CSV,1
title,G,Regional mean temperature for Southern Africa
last_revised_date,G,2022-08-31
date_valid,G,2022-08-31
feature_type,G,area average
creator,G,WMO
source,G,Produced by climind version 0.1
observation_station,G,derived data
location,G,90.,-180.,-90.,180.
activity,G,WMO
history,G,""Gridded dataset created from file ['era5_2m_tas_2022.nc'] downloaded from ['']""history,G,""Regridded to 1 degree latitude-longitude resolution""history,G,""Rebaselined to 1981-2010""history,G,""Calculated area-average""history,G,""Calculated annual average""history,G,""Wrote to file africa_subregion_5_ERA5.csv""history,G,"Data set created from file ['africa_subregion_5_ERA5.csv'] downloaded from [''] at ['2022-08-13 18:54:33']"
reference,G,"Hersbach H, Bell B, Berrisford P et al. 2020. The ERA5 global reanalysis. Q. J. R. Meteorol. Soc. 146: 1999– 2049. https://doi.org/10.1002/qj.3803"
rights,G,TBD
comments,G,Data produced by climind version 0.1
comments,G,Format description https://help.ceda.ac.uk/article/105-badc-csv
long_name,time,time,
type,time,int
long_name,year,year,1
type,year,int
long_name,data,africa_subregion_5,degC
type,data,float
coordinate_variable,time,t
data
time,year,data
65378,1979,-0.4411
65743,1980,-0.3261
66109,1981,-0.6642
66474,1982,-0.2827
66839,1983,0.2915
67204,1984,-0.0877
67570,1985,-0.2823
67935,1986,-0.3009
68300,1987,0.3888
68665,1988,-0.1745
69031,1989,-0.3546
69396,1990,0.0557
69761,1991,-0.2123
70126,1992,0.3533
70492,1993,0.0958
70857,1994,-0.1313
71222,1995,0.3211
71587,1996,-0.2408
71953,1997,-0.1745
72318,1998,0.4788
72683,1999,0.0669
73048,2000,-0.3861
73414,2001,-0.1329
73779,2002,0.1800
74144,2003,0.3374
74509,2004,0.0074
74875,2005,0.6228
75240,2006,-0.2830
75605,2007,0.1480
75970,2008,-0.0189
76336,2009,-0.0073
76701,2010,0.3862
77066,2011,-0.2446
77431,2012,0.1057
77797,2013,0.3318
78162,2014,0.1946
78527,2015,0.8848
78892,2016,1.0040
79258,2017,0.3856
79623,2018,0.6507
79988,2019,1.2506
80353,2020,0.5229
80719,2021,0.2204
end data
