Conventions,G,BADC-CSV,1
title,G,Regional mean temperature for Southern Africa
last_revised_date,G,2022-09-02
date_valid,G,2022-09-02
feature_type,G,area average
creator,G,WMO
source,G,Produced by climind version 0.1
observation_station,G,derived data
location,G,90.,-180.,-90.,180.
activity,G,WMO
history,G,""Data set created from file ['NOAAGlobalTemp_v*.nc'] downloaded from ['https://www.ncei.noaa.gov/data/noaa-global-surface-temperature/v5/access/gridded/NOAAGlobalTemp_v.*.nc'] at ['2022-08-23 10:32:43']""
history,G,""Data set created from file ['NOAAGlobalTemp_v*.nc'] downloaded from ['https://www.ncei.noaa.gov/data/noaa-global-surface-temperature/v5/access/gridded/NOAAGlobalTemp_v.*.nc'] at ['2022-08-23 10:32:43']""
history,G,""Regridded to 1 degree latitude-longitude resolution""
history,G,""Rebaselined to 1981-2010""
history,G,""Calculated area-average""
history,G,""Calculated annual average from monthly averages using arithmetic mean""
history,G,""Selected year range 1900 to 2021""
history,G,""Wrote to file africa_subregion_5_NOAAGlobalTemp.csv""
history,G,"Data set created from file ['africa_subregion_5_NOAAGlobalTemp.csv'] downloaded from [''] at ['2022-09-01 17:57:05']"
reference,G,"Huang, B., M. J. Menne, T. Boyer, E. Freeman, B. E. Gleason, J. H. Lawrimore, C. Liu, J. J. Rennie, C. Schreck, F. Sun, R. Vose, C. N. Williams, X. Yin, H.-M. Zhang, 2020: Uncertainty estimates for sea surface temperature and land surface air temperature in NOAAGlobalTemp version 5. , J. Climate, 33, 1351-1379, DOI: 10.1175/JCLI-D-19-0395.1"
reference,G,"Zhang, Huai-Min, Jay H. Lawrimore, Boyin Huang, Matthew J. Menne, Xungang Yin, Ahira Sȧnchez-Lugo, Byron E. Gleason, Russell Vose, Derek Arndt, J. Jared Rennie, and Claude N. Williams. (2019) Updated Temperature Data Give a Sharper View of Climate Trends. Eos, 100, https://doi.org/10.1029/2019EO128229"
rights,G,TBD
comments,G,Data produced by climind version 0.1
comments,G,Format description https://help.ceda.ac.uk/article/105-badc-csv
long_name,time,time,
type,time,int
long_name,year,year,1
type,year,int
long_name,data,africa_subregion_5,degC
type,data,float
coordinate_variable,time,t
data
time,year,data
36524,1900,-0.3002
36889,1901,-0.8352
37254,1902,-0.8133
37619,1903,-0.8439
37984,1904,-1.2875
38350,1905,-0.8797
38715,1906,-1.2326
39080,1907,-1.3355
39445,1908,-0.9215
39811,1909,-0.9490
40176,1910,-1.1577
40541,1911,-1.1996
40906,1912,-0.6578
41272,1913,-0.5310
41637,1914,-0.4638
42002,1915,-0.7067
42367,1916,-0.8057
42733,1917,-1.0913
43098,1918,-0.9254
43463,1919,-0.5640
43828,1920,-0.6179
44194,1921,-0.8410
44559,1922,-0.4713
44924,1923,-0.5417
45289,1924,-0.7901
45655,1925,-0.8180
46020,1926,-0.4890
46385,1927,-0.4663
46750,1928,-0.4893
47116,1929,-0.5728
47481,1930,-0.9194
47846,1931,-0.4415
48211,1932,-0.5415
48577,1933,-0.4816
48942,1934,-0.4395
49307,1935,-0.8776
49672,1936,-0.7102
50038,1937,-0.4329
50403,1938,-0.4611
50768,1939,-0.8455
51133,1940,-0.3866
51499,1941,-0.0373
51864,1942,-0.3113
52229,1943,-0.6976
52594,1944,-0.3303
52960,1945,-0.4640
53325,1946,-0.4128
53690,1947,-0.3576
54055,1948,-0.5564
54421,1949,-0.2070
54786,1950,-0.5342
55151,1951,-0.7553
55516,1952,-0.3947
55882,1953,-0.6928
56247,1954,-0.7436
56612,1955,-0.9610
56977,1956,-0.8729
57343,1957,-0.3797
57708,1958,-0.4146
58073,1959,-0.4303
58438,1960,-0.4769
58804,1961,-0.3494
59169,1962,-0.3931
59534,1963,-0.6183
59899,1964,-0.7180
60265,1965,-0.6875
60630,1966,-0.3011
60995,1967,-0.6399
61360,1968,-0.7098
61726,1969,-0.2892
62091,1970,-0.1860
62456,1971,-0.6557
62821,1972,-0.4752
63187,1973,-0.2216
63552,1974,-0.7928
63917,1975,-0.6621
64282,1976,-0.8680
64648,1977,-0.2283
65013,1978,-0.4962
65378,1979,-0.2305
65743,1980,-0.3374
66109,1981,-0.6928
66474,1982,-0.3792
66839,1983,0.2258
67204,1984,-0.0760
67570,1985,-0.2331
67935,1986,-0.1818
68300,1987,0.3103
68665,1988,-0.1527
69031,1989,-0.3939
69396,1990,-0.0268
69761,1991,-0.1943
70126,1992,0.1433
70492,1993,0.0104
70857,1994,-0.2982
71222,1995,0.1177
71587,1996,-0.3670
71953,1997,-0.2064
72318,1998,0.3625
72683,1999,0.1423
73048,2000,-0.2527
73414,2001,-0.0381
73779,2002,0.1885
74144,2003,0.3912
74509,2004,0.2210
74875,2005,0.5150
75240,2006,-0.1001
75605,2007,0.1906
75970,2008,0.0921
76336,2009,0.1103
76701,2010,0.5723
77066,2011,-0.0011
77431,2012,0.1442
77797,2013,0.2420
78162,2014,0.2365
78527,2015,0.9316
78892,2016,1.0240
79258,2017,0.5432
79623,2018,0.7025
79988,2019,1.1887
80353,2020,0.5720
80719,2021,0.2993
end data
