Conventions,G,BADC-CSV,1
title,G,Regional mean temperature for WMO RA 1 Southern Africa
last_revised_date,G,2024-02-08
date_valid,G,2024-02-08
feature_type,G,area average
creator,G,WMO
source,G,Produced by climind version 1.0
observation_station,G,derived data
location,G,90.,-180.,-90.,180.
rights,G,TBD
activity,G,WMO
comments,G,Format description https://help.ceda.ac.uk/article/105-badc-csv
history,africa_subregion_5_Berkeley_Earth,""Data set created from file ['Land_and_Ocean_LatLong1.nc'] downloaded from ['https://berkeley-earth-temperature.s3.us-west-1.amazonaws.com/Global/Gridded/Land_and_Ocean_LatLong1.nc'] at ['2024-01-17 10:19:03']""
history,africa_subregion_5_Berkeley_Earth,""Rebaselined to 1991-2020""
history,africa_subregion_5_Berkeley_Earth,""Calculated area-average""
history,africa_subregion_5_Berkeley_Earth,""Calculated annual average from monthly averages using arithmetic mean""
history,africa_subregion_5_Berkeley_Earth,""Selected years within the range 1900 to 2023.""
history,africa_subregion_5_Berkeley_Earth,""Wrote to file africa_subregion_5_Berkeley Earth.csv""
history,africa_subregion_5_Berkeley_Earth,"Data set created from file ['africa_subregion_5_Berkeley Earth.csv'] downloaded from [''] at ['2024-01-17 11:06:00']"
reference,africa_subregion_5_Berkeley_Earth,"Rohde, R. A. and Hausfather, Z.: The Berkeley Earth Land/Ocean Temperature Record, Earth Syst. Sci. Data, 12, 3469-3479, https://doi.org/10.5194/essd-12-3469-2020, 2020"
comments,africa_subregion_5_Berkeley_Earth,"Original data acknowledgement: "
history,africa_subregion_5_ERA5,""Gridded dataset created from file ['era5_2m_tas_2024.nc'] downloaded from ['']""
history,africa_subregion_5_ERA5,""Regridded to 1 degree latitude-longitude resolution""
history,africa_subregion_5_ERA5,""Rebaselined to 1991-2020""
history,africa_subregion_5_ERA5,""Calculated area-average""
history,africa_subregion_5_ERA5,""Calculated annual average from monthly averages using arithmetic mean""
history,africa_subregion_5_ERA5,""Selected years within the range 1900 to 2023.""
history,africa_subregion_5_ERA5,""Wrote to file africa_subregion_5_ERA5.csv""
history,africa_subregion_5_ERA5,"Data set created from file ['africa_subregion_5_ERA5.csv'] downloaded from [''] at ['2024-01-17 11:06:38']"
reference,africa_subregion_5_ERA5,"Hersbach H, Bell B, Berrisford P et al. 2020. The ERA5 global reanalysis. Q. J. R. Meteorol. Soc. 146: 1999-2049. https://doi.org/10.1002/qj.3803"
comments,africa_subregion_5_ERA5,"Original data acknowledgement: Contains using Copernicus Climate Change Service information [2024]. Neither the European Commission nor ECMWF is responsible for any use that may be made of the Copernicus information or data it contains."
history,africa_subregion_5_GISTEMP,""Data set created from file ['gistemp1200_GHCNv4_ERSSTv5.nc.gz'] downloaded from ['https://data.giss.nasa.gov/pub/gistemp/gistemp1200_GHCNv4_ERSSTv5.nc.gz'] at ['2024-01-15 11:20:46']""
history,africa_subregion_5_GISTEMP,""Regridded to 1 degree latitude-longitude resolution""
history,africa_subregion_5_GISTEMP,""Rebaselined to 1991-2020""
history,africa_subregion_5_GISTEMP,""Calculated area-average""
history,africa_subregion_5_GISTEMP,""Calculated annual average from monthly averages using arithmetic mean""
history,africa_subregion_5_GISTEMP,""Selected years within the range 1900 to 2023.""
history,africa_subregion_5_GISTEMP,""Wrote to file africa_subregion_5_GISTEMP.csv""
history,africa_subregion_5_GISTEMP,"Data set created from file ['africa_subregion_5_GISTEMP.csv'] downloaded from [''] at ['2024-01-17 11:07:09']"
reference,africa_subregion_5_GISTEMP,"Lenssen, N., G. Schmidt, J. Hansen, M. Menne, A. Persin, R. Ruedy, and D. Zyss, 2019: Improvements in the GISTEMP uncertainty model. J. Geophys. Res. Atmos., 124, no. 12, 6307-6326, doi:10.1029/2018JD029522"
comments,africa_subregion_5_GISTEMP,"Original data acknowledgement: "
history,africa_subregion_5_HadCRUT5,""Data set created from file ['HadCRUT.5.0.2.0.analysis.anomalies.ensemble_mean.nc'] downloaded from ['https://www.metoffice.gov.uk/hadobs/hadcrut5/data/HadCRUT.5.0.2.0/analysis/HadCRUT.5.0.2.0.analysis.anomalies.ensemble_mean.nc'] at ['2024-01-15 11:56:27']""
history,africa_subregion_5_HadCRUT5,""Regridded to 1 degree latitude-longitude resolution""
history,africa_subregion_5_HadCRUT5,""Rebaselined to 1991-2020""
history,africa_subregion_5_HadCRUT5,""Calculated area-average""
history,africa_subregion_5_HadCRUT5,""Calculated annual average from monthly averages using arithmetic mean""
history,africa_subregion_5_HadCRUT5,""Selected years within the range 1900 to 2023.""
history,africa_subregion_5_HadCRUT5,""Wrote to file africa_subregion_5_HadCRUT5.csv""
history,africa_subregion_5_HadCRUT5,"Data set created from file ['africa_subregion_5_HadCRUT5.csv'] downloaded from [''] at ['2024-01-17 11:08:04']"
reference,africa_subregion_5_HadCRUT5,"Morice, C. P., Kennedy, J. J., Rayner, N. A., Winn, J. P., Hogan, E., Killick, R. E., et al. (2021). An updated assessment of near-surface temperature change from 1850: the HadCRUT5 data set. Journal of Geophysical Research: Atmospheres, 126, e2019JD032361. https://doi.org/10.1029/2019JD032361"
comments,africa_subregion_5_HadCRUT5,"Original data acknowledgement: HadCRUT.5.0.2.0 data were obtained from http://www.metoffice.gov.uk/hadobs/hadcrut5 on 2024-01-15 11:56:27 and are © British Crown Copyright, Met Office 2024, provided under an Open Government License, http://www.nationalarchives.gov.uk/doc/open-government-licence/version/3/"
history,africa_subregion_5_JRA-55,""Data set created from file ['anl_surf125.011_tmp.202401_202412', 'anl_surf125.2024MMMM'] downloaded from ['', ''] at ['2024-01-15 11:20:51']""
history,africa_subregion_5_JRA-55,""Regridded to 1 degree latitude-longitude resolution""
history,africa_subregion_5_JRA-55,""Rebaselined to 1991-2020""
history,africa_subregion_5_JRA-55,""Calculated area-average""
history,africa_subregion_5_JRA-55,""Calculated annual average from monthly averages using arithmetic mean""
history,africa_subregion_5_JRA-55,""Selected years within the range 1900 to 2023.""
history,africa_subregion_5_JRA-55,""Wrote to file africa_subregion_5_JRA-55.csv""
history,africa_subregion_5_JRA-55,"Data set created from file ['africa_subregion_5_JRA-55.csv'] downloaded from [''] at ['2024-01-17 11:08:46']"
reference,africa_subregion_5_JRA-55,"Kobayashi, S., Ota, Y., Harada, Y., Ebita, A., Moriya, M., Onoda, H., Onogi, K., Kamahori, H., Kobayashi, C., Endo, H. and Miyaoka, K., (2015). The JRA-55 reanalysis: General specifications and basic characteristics. Journal of the Meteorological Society of Japan. Ser. II, 93(1), pp.5-48."
comments,africa_subregion_5_JRA-55,"Original data acknowledgement: "
history,africa_subregion_5_NOAA_Interim,""Data set created from file ['NOAAGlobalTemp_v*.nc'] downloaded from ['https://www.ncei.noaa.gov/data/noaa-global-surface-temperature/v5.1/access/gridded/NOAAGlobalTemp_v.*.nc'] at ['2024-01-17 10:19:08']""
history,africa_subregion_5_NOAA_Interim,""Data set created from file ['NOAAGlobalTemp_v*.nc'] downloaded from ['https://www.ncei.noaa.gov/data/noaa-global-surface-temperature/v5.1/access/gridded/NOAAGlobalTemp_v.*.nc'] at ['2024-01-17 10:19:08']""
history,africa_subregion_5_NOAA_Interim,""Regridded to 1 degree latitude-longitude resolution""
history,africa_subregion_5_NOAA_Interim,""Rebaselined to 1991-2020""
history,africa_subregion_5_NOAA_Interim,""Calculated area-average""
history,africa_subregion_5_NOAA_Interim,""Calculated annual average from monthly averages using arithmetic mean""
history,africa_subregion_5_NOAA_Interim,""Selected years within the range 1900 to 2023.""
history,africa_subregion_5_NOAA_Interim,""Wrote to file africa_subregion_5_NOAA Interim.csv""
history,africa_subregion_5_NOAA_Interim,"Data set created from file ['africa_subregion_5_NOAA Interim.csv'] downloaded from [''] at ['2024-01-17 11:10:23']"
reference,africa_subregion_5_NOAA_Interim,"Vose, R.S., B. Huang, X. Yin., D. Arndt, D.R. Easterling, J.H. Lawrimore, M.J. Menne, A. Sanchez-Lugo, H.-M. Zhang, 2021: Implementing full spatial coverage in NOAA’s global temperature analysis. Geophysical Research Letters, 48, e2020GL090873. https://doi.org/10.1029/2020GL090873"
comments,africa_subregion_5_NOAA_Interim,"Original data acknowledgement: "
long_name,time,time,days since 1800-01-01 00:00:00.0
type,time,int
long_name,year,year,1
type,year,int
long_name,africa_subregion_5_Berkeley_Earth,africa_subregion_5,degC
type,africa_subregion_5_Berkeley_Earth,float
long_name,africa_subregion_5_ERA5,africa_subregion_5,degC
type,africa_subregion_5_ERA5,float
long_name,africa_subregion_5_GISTEMP,africa_subregion_5,degC
type,africa_subregion_5_GISTEMP,float
long_name,africa_subregion_5_HadCRUT5,africa_subregion_5,degC
type,africa_subregion_5_HadCRUT5,float
long_name,africa_subregion_5_JRA-55,africa_subregion_5,degC
type,africa_subregion_5_JRA-55,float
long_name,africa_subregion_5_NOAA_Interim,africa_subregion_5,degC
type,africa_subregion_5_NOAA_Interim,float
coordinate_variable,time,t
data
time,year,africa_subregion_5_Berkeley_Earth,africa_subregion_5_ERA5,africa_subregion_5_GISTEMP,africa_subregion_5_HadCRUT5,africa_subregion_5_JRA-55,africa_subregion_5_NOAA_Interim
36524,1900,-0.6725,,-0.0329,-0.7797,,-0.7624
36889,1901,-1.1067,,-0.5883,-1.2006,,-0.8868
37254,1902,-1.1335,,-0.5251,-1.0913,,-0.8930
37619,1903,-1.2851,,-0.5887,-1.2382,,-0.9009
37984,1904,-1.7170,,-1.2371,-1.7893,,-1.2337
38350,1905,-1.2371,,-0.6515,-1.1173,,-0.9730
38715,1906,-1.5673,,-1.2017,-1.6316,,-1.0131
39080,1907,-1.7092,,-1.3015,-1.6995,,-1.1220
39445,1908,-1.2676,,-0.7399,-1.2534,,-1.0526
39811,1909,-1.1100,,-0.7105,-1.1880,,-1.0176
40176,1910,-1.4209,,-1.0682,-1.5030,,-1.0626
40541,1911,-1.4942,,-1.1705,-1.3019,,-1.1652
40906,1912,-0.9328,,-0.6851,-0.6958,,-0.8855
41272,1913,-0.8683,,-0.2614,-0.6252,,-0.8768
41637,1914,-0.7401,,-0.3173,-0.6351,,-0.7435
42002,1915,-0.8816,,-0.7396,-0.6651,,-0.7967
42367,1916,-0.8720,,-0.7586,-0.9496,,-0.9337
42733,1917,-1.1192,,-0.9444,-1.4961,,-0.9880
43098,1918,-1.3897,,-0.8766,-1.3264,,-0.9685
43463,1919,-0.9687,,-0.7203,-0.9044,,-0.7742
43828,1920,-0.7876,,-0.4837,-0.6424,,-0.8702
44194,1921,-0.9632,,-0.8421,-0.9869,,-0.9355
44559,1922,-0.5050,,-0.2528,-0.4372,,-0.7524
44924,1923,-0.7440,,-0.6285,-0.7907,,-0.7955
45289,1924,-0.9768,,-0.8069,-0.8266,,-0.8848
45655,1925,-1.1642,,-0.8934,-1.4211,,-0.9166
46020,1926,-0.7997,,-0.6376,-1.0961,,-0.7566
46385,1927,-0.7626,,-0.7059,-1.0986,,-0.8287
46750,1928,-0.7612,,-0.5983,-1.1121,,-0.7975
47116,1929,-0.7968,,-0.6436,-1.2530,,-0.8854
47481,1930,-1.1743,,-1.0657,-1.3415,,-0.9882
47846,1931,-0.7487,,-0.4861,-0.9062,,-0.7056
48211,1932,-0.9653,,-0.7465,-1.2071,,-0.8404
48577,1933,-0.9233,,-0.7279,-1.0445,,-0.7937
48942,1934,-0.9228,,-0.4991,-1.2433,,-0.7685
49307,1935,-1.3414,,-1.0425,-1.4856,,-0.9881
49672,1936,-1.2522,,-0.9102,-1.3972,,-0.8802
50038,1937,-1.0599,,-0.6810,-1.1730,,-0.7421
50403,1938,-0.9322,,-0.5504,-1.0968,,-0.6930
50768,1939,-1.3001,,-1.0442,-1.3280,,-0.9078
51133,1940,-0.8098,,-0.5758,-0.8146,,-0.6629
51499,1941,-0.3753,,-0.2125,-0.3953,,-0.3910
51864,1942,-0.6397,,-0.3461,-0.6361,,-0.5581
52229,1943,-1.0340,,-0.8235,-1.0290,,-0.8782
52594,1944,-0.7150,,-0.4862,-0.6484,,-0.6318
52960,1945,-0.9085,,-0.6670,-0.8970,,-0.7544
53325,1946,-0.7102,,-0.5639,-0.7881,,-0.6748
53690,1947,-0.6494,,-0.4380,-0.7155,,-0.6152
54055,1948,-0.9055,,-0.7090,-0.9600,,-0.7614
54421,1949,-0.5966,,-0.3079,-0.6474,,-0.5762
54786,1950,-0.9718,,-0.6765,-1.0370,,-0.7937
55151,1951,-0.9744,,-0.8956,-1.0544,,-0.8552
55516,1952,-0.6370,,-0.5970,-0.7211,,-0.6510
55882,1953,-1.0432,,-0.9065,-1.1086,,-0.8450
56247,1954,-1.0833,,-0.9084,-1.1316,,-0.8534
56612,1955,-1.2905,,-1.1212,-1.3710,,-0.9563
56977,1956,-1.1718,,-1.0410,-1.2300,,-0.9582
57343,1957,-0.6565,,-0.5468,-0.6783,,-0.5795
57708,1958,-0.7084,,-0.6514,-0.8297,-0.5127,-0.6242
58073,1959,-0.6777,,-0.5817,-0.7565,-0.5183,-0.6351
58438,1960,-0.7429,,-0.6368,-0.8455,-0.5538,-0.7057
58804,1961,-0.6456,,-0.5699,-0.7863,-0.5409,-0.6093
59169,1962,-0.6977,,-0.5685,-0.8673,-0.5028,-0.6196
59534,1963,-0.9934,,-0.8203,-1.1223,-0.9273,-0.8187
59899,1964,-0.9595,,-0.9003,-1.1092,-0.8004,-0.8636
60265,1965,-0.9616,,-0.8285,-1.0842,-0.5145,-0.8484
60630,1966,-0.5578,,-0.4741,-0.6858,-0.3692,-0.5333
60995,1967,-0.9238,,-0.8702,-1.0131,-0.8227,-0.8198
61360,1968,-1.0105,,-0.9109,-1.0806,-0.5708,-0.8640
61726,1969,-0.5784,,-0.4895,-0.6809,-0.1346,-0.5356
62091,1970,-0.4891,,-0.3653,-0.5996,-0.2773,-0.4712
62456,1971,-0.9216,,-0.8450,-1.0361,-0.6878,-0.8200
62821,1972,-0.7509,,-0.6771,-0.8585,-0.5772,-0.6567
63187,1973,-0.4943,,-0.4450,-0.5968,-0.3473,-0.4678
63552,1974,-1.2000,,-1.0141,-1.2393,-1.3276,-0.9356
63917,1975,-0.9718,,-0.8525,-1.0641,-0.8722,-0.8080
64282,1976,-1.2212,,-1.0602,-1.3297,-1.2567,-0.9220
64648,1977,-0.5615,,-0.4149,-0.6756,-0.4071,-0.4948
65013,1978,-0.8492,,-0.6783,-0.9531,-0.7643,-0.6562
65378,1979,-0.5473,-0.6577,-0.4018,-0.6580,-0.4756,-0.4285
65743,1980,-0.6331,-0.5426,-0.5715,-0.7467,-0.3280,-0.5000
66109,1981,-0.8944,-0.8807,-0.9242,-0.9797,-0.6859,-0.7946
66474,1982,-0.5677,-0.4993,-0.4796,-0.6416,-0.3118,-0.5313
66839,1983,-0.0033,0.0750,0.0748,-0.0931,0.2517,-0.0856
67204,1984,-0.2789,-0.3043,-0.1887,-0.3537,-0.2600,-0.3331
67570,1985,-0.5169,-0.4989,-0.3782,-0.5691,-0.3970,-0.4386
67935,1986,-0.4879,-0.5175,-0.3755,-0.5550,-0.4171,-0.3713
68300,1987,0.1040,0.1723,0.1570,-0.0381,0.3253,-0.0098
68665,1988,-0.3915,-0.3910,-0.3409,-0.4707,-0.2604,-0.3272
69031,1989,-0.5753,-0.5712,-0.6065,-0.6527,-0.5297,-0.5280
69396,1990,-0.1424,-0.1608,-0.2235,-0.2863,-0.1488,-0.2522
69761,1991,-0.4459,-0.4289,-0.4704,-0.4967,-0.4410,-0.3482
70126,1992,0.1200,0.1367,0.1072,-0.0905,0.1573,-0.1127
70492,1993,-0.1803,-0.1207,-0.1724,-0.2354,-0.1018,-0.2360
70857,1994,-0.4538,-0.3479,-0.5072,-0.5473,-0.3037,-0.4570
71222,1995,0.0908,0.1045,0.0114,-0.0876,0.2184,-0.1080
71587,1996,-0.4520,-0.4574,-0.5532,-0.4208,-0.3406,-0.4102
71953,1997,-0.3521,-0.3911,-0.4246,-0.3729,-0.3001,-0.3118
72318,1998,0.2663,0.2623,0.1947,0.2200,0.3159,0.1216
72683,1999,-0.0518,-0.1496,-0.0182,-0.1592,-0.0783,-0.0852
73048,2000,-0.4353,-0.6027,-0.5891,-0.4368,-0.4564,-0.4007
73414,2001,-0.1709,-0.3494,-0.3167,-0.2311,-0.2288,-0.2472
73779,2002,0.0577,-0.0366,-0.0730,-0.1224,-0.0064,-0.0587
74144,2003,0.2333,0.1209,0.1799,0.0417,0.1006,0.0240
74509,2004,-0.1807,-0.2091,-0.1431,-0.0970,-0.2519,-0.0656
74875,2005,0.3925,0.4063,0.3116,0.4236,0.3171,0.2294
75240,2006,-0.3227,-0.4996,-0.4296,-0.0662,-0.5849,-0.2022
75605,2007,0.0433,-0.0686,-0.0565,0.1640,-0.1137,-0.0565
75970,2008,-0.1644,-0.2354,-0.1636,0.0413,-0.2741,-0.1472
76336,2009,-0.1903,-0.2238,-0.1914,0.0053,-0.2784,-0.0358
76701,2010,0.2180,0.1696,0.3288,0.1824,0.1526,0.2173
77066,2011,-0.3945,-0.4612,-0.2985,-0.1811,-0.4445,-0.1812
77431,2012,-0.2715,-0.1108,-0.1401,0.1073,-0.1220,-0.0593
77797,2013,-0.0112,0.1152,-0.0241,0.2194,0.1650,0.0650
78162,2014,-0.1029,-0.0220,-0.0367,-0.0829,-0.0890,0.0789
78527,2015,0.5688,0.6683,0.7237,0.5406,0.6066,0.4794
78892,2016,0.6918,0.7874,0.7322,0.4707,0.7134,0.5874
79258,2017,0.0513,0.1690,0.1777,0.1154,0.0568,0.2285
79623,2018,0.4146,0.4341,0.5995,0.3923,0.3922,0.4172
79988,2019,0.8208,1.0340,1.0316,0.6605,0.9328,0.7433
80353,2020,0.2110,0.3064,0.2101,0.0552,0.2871,0.3314
80719,2021,-0.0354,0.0039,0.0355,-0.1858,-0.0068,0.1517
81084,2022,0.1497,0.0381,0.0841,-0.1879,-0.0732,0.1775
81449,2023,0.1993,0.5784,0.4714,0.3241,0.3869,0.4558
end data
