Conventions,G,BADC-CSV,1
title,G,Regional mean temperature for WMO RA 1 Southern Africa
last_revised_date,G,2023-11-02
date_valid,G,2023-11-02
feature_type,G,area average
creator,G,WMO
source,G,Produced by climind version 1.0
observation_station,G,derived data
location,G,90.,-180.,-90.,180.
activity,G,WMO
history,G,""Data set created from file ['HadCRUT.5.0.1.0.analysis.anomalies.ensemble_mean.nc'] downloaded from ['https://www.metoffice.gov.uk/hadobs/hadcrut5/data/current/analysis/HadCRUT.5.0.1.0.analysis.anomalies.ensemble_mean.nc'] at ['2023-10-31 16:06:13']""
history,G,""Regridded to 1 degree latitude-longitude resolution""
history,G,""Rebaselined to 1991-2020""
history,G,""Calculated area-average""
history,G,""Calculated annual average from monthly averages using arithmetic mean""
history,G,""Selected years within the range 1900 to 2023.""
history,G,""Wrote to file africa_subregion_5_HadCRUT5.csv""
history,G,"Data set created from file ['africa_subregion_5_HadCRUT5.csv'] downloaded from [''] at ['2023-11-01 16:38:07']"
reference,G,"Morice, C. P., Kennedy, J. J., Rayner, N. A., Winn, J. P., Hogan, E., Killick, R. E., et al. (2021). An updated assessment of near-surface temperature change from 1850: the HadCRUT5 data set. Journal of Geophysical Research: Atmospheres, 126, e2019JD032361. https://doi.org/10.1029/2019JD032361"
rights,G,TBD
comments,G,Data produced by climind version 1.0
comments,G,Format description https://help.ceda.ac.uk/article/105-badc-csv
comments,G,"Original data acknowledgement: HadCRUT.5.0.1.0 data were obtained from http://www.metoffice.gov.uk/hadobs/hadcrut5 on 2023-10-31 16:06:13 and are © British Crown Copyright, Met Office 2023, provided under an Open Government License, http://www.nationalarchives.gov.uk/doc/open-government-licence/version/3/"
long_name,time,time,days since 1800-01-01 00:00:00.0
type,time,int
long_name,year,year,1
type,year,int
long_name,data,africa_subregion_5,degC
type,data,float
coordinate_variable,time,t
data
time,year,data
36524,1900,-0.7797
36889,1901,-1.2007
37254,1902,-1.0914
37619,1903,-1.2383
37984,1904,-1.7894
38350,1905,-1.1175
38715,1906,-1.6317
39080,1907,-1.6996
39445,1908,-1.2535
39811,1909,-1.1882
40176,1910,-1.5032
40541,1911,-1.3021
40906,1912,-0.6960
41272,1913,-0.6255
41637,1914,-0.6354
42002,1915,-0.6654
42367,1916,-0.9500
42733,1917,-1.4965
43098,1918,-1.3268
43463,1919,-0.9048
43828,1920,-0.6428
44194,1921,-0.9874
44559,1922,-0.4376
44924,1923,-0.7911
45289,1924,-0.8270
45655,1925,-1.4215
46020,1926,-1.0966
46385,1927,-1.0992
46750,1928,-1.1127
47116,1929,-1.2537
47481,1930,-1.3415
47846,1931,-0.9062
48211,1932,-1.2071
48577,1933,-1.0445
48942,1934,-1.2433
49307,1935,-1.4856
49672,1936,-1.3971
50038,1937,-1.1730
50403,1938,-1.0968
50768,1939,-1.3280
51133,1940,-0.8146
51499,1941,-0.3953
51864,1942,-0.6361
52229,1943,-1.0290
52594,1944,-0.6484
52960,1945,-0.8970
53325,1946,-0.7881
53690,1947,-0.7155
54055,1948,-0.9600
54421,1949,-0.6474
54786,1950,-1.0369
55151,1951,-1.0544
55516,1952,-0.7211
55882,1953,-1.1086
56247,1954,-1.1316
56612,1955,-1.3710
56977,1956,-1.2300
57343,1957,-0.6783
57708,1958,-0.8297
58073,1959,-0.7565
58438,1960,-0.8455
58804,1961,-0.7863
59169,1962,-0.8673
59534,1963,-1.1223
59899,1964,-1.1092
60265,1965,-1.0842
60630,1966,-0.6858
60995,1967,-1.0131
61360,1968,-1.0806
61726,1969,-0.6809
62091,1970,-0.5996
62456,1971,-1.0361
62821,1972,-0.8585
63187,1973,-0.5968
63552,1974,-1.2393
63917,1975,-1.0641
64282,1976,-1.3297
64648,1977,-0.6756
65013,1978,-0.9531
65378,1979,-0.6580
65743,1980,-0.7467
66109,1981,-0.9797
66474,1982,-0.6416
66839,1983,-0.0931
67204,1984,-0.3537
67570,1985,-0.5691
67935,1986,-0.5550
68300,1987,-0.0381
68665,1988,-0.4706
69031,1989,-0.6527
69396,1990,-0.2863
69761,1991,-0.4967
70126,1992,-0.0905
70492,1993,-0.2354
70857,1994,-0.5473
71222,1995,-0.0876
71587,1996,-0.4208
71953,1997,-0.3729
72318,1998,0.2200
72683,1999,-0.1592
73048,2000,-0.4368
73414,2001,-0.2311
73779,2002,-0.1224
74144,2003,0.0417
74509,2004,-0.0970
74875,2005,0.4236
75240,2006,-0.0662
75605,2007,0.1640
75970,2008,0.0413
76336,2009,0.0053
76701,2010,0.1824
77066,2011,-0.1811
77431,2012,0.1073
77797,2013,0.2194
78162,2014,-0.0828
78527,2015,0.5406
78892,2016,0.4707
79258,2017,0.1154
79623,2018,0.3923
79988,2019,0.6605
80353,2020,0.0550
80719,2021,-0.1852
81084,2022,-0.1877
81449,2023,0.2202
end data
