Conventions,G,BADC-CSV,1
title,G,Regional mean temperature for League of Arab States
last_revised_date,G,2023-11-01
date_valid,G,2023-11-01
feature_type,G,area average
creator,G,WMO
source,G,Produced by climind version 1.0
observation_station,G,derived data
location,G,90.,-180.,-90.,180.
rights,G,TBD
activity,G,WMO
comments,G,Format description https://help.ceda.ac.uk/article/105-badc-csv
history,arab_subregion_1_Berkeley_Earth,""Data set created from file ['Land_and_Ocean_LatLong1.nc'] downloaded from ['https://berkeley-earth-temperature.s3.us-west-1.amazonaws.com/Global/Gridded/Land_and_Ocean_LatLong1.nc'] at ['2023-10-31 16:14:45']""
history,arab_subregion_1_Berkeley_Earth,""Rebaselined to 1991-2020""
history,arab_subregion_1_Berkeley_Earth,""Calculated area-average""
history,arab_subregion_1_Berkeley_Earth,""Calculated annual average from monthly averages using arithmetic mean""
history,arab_subregion_1_Berkeley_Earth,""Selected years within the range 1900 to 2023.""
history,arab_subregion_1_Berkeley_Earth,""Wrote to file arab_subregion_1_Berkeley Earth.csv""
history,arab_subregion_1_Berkeley_Earth,"Data set created from file ['arab_subregion_1_Berkeley Earth.csv'] downloaded from [''] at ['2023-11-01 16:36:20']"
reference,arab_subregion_1_Berkeley_Earth,"Rohde, R. A. and Hausfather, Z.: The Berkeley Earth Land/Ocean Temperature Record, Earth Syst. Sci. Data, 12, 3469-3479, https://doi.org/10.5194/essd-12-3469-2020, 2020"
comments,arab_subregion_1_Berkeley_Earth,"Original data acknowledgement: "
history,arab_subregion_1_ERA5,""Gridded dataset created from file ['era5_2m_tas_2023.nc'] downloaded from ['']""
history,arab_subregion_1_ERA5,""Regridded to 1 degree latitude-longitude resolution""
history,arab_subregion_1_ERA5,""Rebaselined to 1991-2020""
history,arab_subregion_1_ERA5,""Calculated area-average""
history,arab_subregion_1_ERA5,""Calculated annual average from monthly averages using arithmetic mean""
history,arab_subregion_1_ERA5,""Selected years within the range 1900 to 2023.""
history,arab_subregion_1_ERA5,""Wrote to file arab_subregion_1_ERA5.csv""
history,arab_subregion_1_ERA5,"Data set created from file ['arab_subregion_1_ERA5.csv'] downloaded from [''] at ['2023-11-01 16:36:44']"
reference,arab_subregion_1_ERA5,"Hersbach H, Bell B, Berrisford P et al. 2020. The ERA5 global reanalysis. Q. J. R. Meteorol. Soc. 146: 1999-2049. https://doi.org/10.1002/qj.3803"
comments,arab_subregion_1_ERA5,"Original data acknowledgement: Contains using Copernicus Climate Change Service information [2023]. Neither the European Commission nor ECMWF is responsible for any use that may be made of the Copernicus information or data it contains."
history,arab_subregion_1_GISTEMP,""Data set created from file ['gistemp1200_GHCNv4_ERSSTv5.nc.gz'] downloaded from ['https://data.giss.nasa.gov/pub/gistemp/gistemp1200_GHCNv4_ERSSTv5.nc.gz'] at ['2023-10-13 17:19:30']""
history,arab_subregion_1_GISTEMP,""Regridded to 1 degree latitude-longitude resolution""
history,arab_subregion_1_GISTEMP,""Rebaselined to 1991-2020""
history,arab_subregion_1_GISTEMP,""Calculated area-average""
history,arab_subregion_1_GISTEMP,""Calculated annual average from monthly averages using arithmetic mean""
history,arab_subregion_1_GISTEMP,""Selected years within the range 1900 to 2023.""
history,arab_subregion_1_GISTEMP,""Wrote to file arab_subregion_1_GISTEMP.csv""
history,arab_subregion_1_GISTEMP,"Data set created from file ['arab_subregion_1_GISTEMP.csv'] downloaded from [''] at ['2023-11-01 16:37:21']"
reference,arab_subregion_1_GISTEMP,"Lenssen, N., G. Schmidt, J. Hansen, M. Menne, A. Persin, R. Ruedy, and D. Zyss, 2019: Improvements in the GISTEMP uncertainty model. J. Geophys. Res. Atmos., 124, no. 12, 6307-6326, doi:10.1029/2018JD029522"
comments,arab_subregion_1_GISTEMP,"Original data acknowledgement: "
history,arab_subregion_1_HadCRUT5,""Data set created from file ['HadCRUT.5.0.1.0.analysis.anomalies.ensemble_mean.nc'] downloaded from ['https://www.metoffice.gov.uk/hadobs/hadcrut5/data/current/analysis/HadCRUT.5.0.1.0.analysis.anomalies.ensemble_mean.nc'] at ['2023-10-31 16:06:13']""
history,arab_subregion_1_HadCRUT5,""Regridded to 1 degree latitude-longitude resolution""
history,arab_subregion_1_HadCRUT5,""Rebaselined to 1991-2020""
history,arab_subregion_1_HadCRUT5,""Calculated area-average""
history,arab_subregion_1_HadCRUT5,""Calculated annual average from monthly averages using arithmetic mean""
history,arab_subregion_1_HadCRUT5,""Selected years within the range 1900 to 2023.""
history,arab_subregion_1_HadCRUT5,""Wrote to file arab_subregion_1_HadCRUT5.csv""
history,arab_subregion_1_HadCRUT5,"Data set created from file ['arab_subregion_1_HadCRUT5.csv'] downloaded from [''] at ['2023-11-01 16:38:27']"
reference,arab_subregion_1_HadCRUT5,"Morice, C. P., Kennedy, J. J., Rayner, N. A., Winn, J. P., Hogan, E., Killick, R. E., et al. (2021). An updated assessment of near-surface temperature change from 1850: the HadCRUT5 data set. Journal of Geophysical Research: Atmospheres, 126, e2019JD032361. https://doi.org/10.1029/2019JD032361"
comments,arab_subregion_1_HadCRUT5,"Original data acknowledgement: HadCRUT.5.0.1.0 data were obtained from http://www.metoffice.gov.uk/hadobs/hadcrut5 on 2023-10-31 16:06:13 and are © British Crown Copyright, Met Office 2023, provided under an Open Government License, http://www.nationalarchives.gov.uk/doc/open-government-licence/version/3/"
history,arab_subregion_1_JRA-55,""Data set created from file ['anl_surf125.011_tmp.202301_202312', 'anl_surf125.2023MMMM'] downloaded from ['', ''] at ['2023-10-06 11:01:38']""
history,arab_subregion_1_JRA-55,""Regridded to 1 degree latitude-longitude resolution""
history,arab_subregion_1_JRA-55,""Rebaselined to 1991-2020""
history,arab_subregion_1_JRA-55,""Calculated area-average""
history,arab_subregion_1_JRA-55,""Calculated annual average from monthly averages using arithmetic mean""
history,arab_subregion_1_JRA-55,""Selected years within the range 1900 to 2023.""
history,arab_subregion_1_JRA-55,""Wrote to file arab_subregion_1_JRA-55.csv""
history,arab_subregion_1_JRA-55,"Data set created from file ['arab_subregion_1_JRA-55.csv'] downloaded from [''] at ['2023-11-01 16:38:58']"
reference,arab_subregion_1_JRA-55,"Kobayashi, S., Ota, Y., Harada, Y., Ebita, A., Moriya, M., Onoda, H., Onogi, K., Kamahori, H., Kobayashi, C., Endo, H. and Miyaoka, K., (2015). The JRA-55 reanalysis: General specifications and basic characteristics. Journal of the Meteorological Society of Japan. Ser. II, 93(1), pp.5-48."
comments,arab_subregion_1_JRA-55,"Original data acknowledgement: "
history,arab_subregion_1_Kadow,""Data set created from file ['HadCRUT.5.0.1.0.anomalies.Kadow_et_al_2020_20crAI-infilled.ensemble_mean_185001-*.nc'] downloaded from [''] at ['2023-10-23 09:13:55']""
history,arab_subregion_1_Kadow,""Regridded to 1 degree latitude-longitude resolution""
history,arab_subregion_1_Kadow,""Rebaselined to 1991-2020""
history,arab_subregion_1_Kadow,""Calculated area-average""
history,arab_subregion_1_Kadow,""Calculated annual average from monthly averages using arithmetic mean""
history,arab_subregion_1_Kadow,""Selected years within the range 1900 to 2023.""
history,arab_subregion_1_Kadow,""Wrote to file arab_subregion_1_Kadow.csv""
history,arab_subregion_1_Kadow,"Data set created from file ['arab_subregion_1_Kadow.csv'] downloaded from [''] at ['2023-11-01 16:39:44']"
reference,arab_subregion_1_Kadow,"Kadow, C., Hall, D.M. & Ulbrich, U. Artificial intelligence reconstructs missing climate information. Nat. Geosci. (2020). https://doi.org/10.1038/s41561-020-0582-5"
comments,arab_subregion_1_Kadow,"Original data acknowledgement: "
history,arab_subregion_1_NOAA_Interim,""Data set created from file ['NOAAGlobalTemp_v*.nc'] downloaded from ['https://www.ncei.noaa.gov/data/noaa-global-surface-temperature/v5.1/access/gridded/NOAAGlobalTemp_v.*.nc'] at ['2023-10-14 08:45:48']""
history,arab_subregion_1_NOAA_Interim,""Data set created from file ['NOAAGlobalTemp_v*.nc'] downloaded from ['https://www.ncei.noaa.gov/data/noaa-global-surface-temperature/v5.1/access/gridded/NOAAGlobalTemp_v.*.nc'] at ['2023-10-14 08:45:48']""
history,arab_subregion_1_NOAA_Interim,""Regridded to 1 degree latitude-longitude resolution""
history,arab_subregion_1_NOAA_Interim,""Rebaselined to 1991-2020""
history,arab_subregion_1_NOAA_Interim,""Calculated area-average""
history,arab_subregion_1_NOAA_Interim,""Calculated annual average from monthly averages using arithmetic mean""
history,arab_subregion_1_NOAA_Interim,""Selected years within the range 1900 to 2023.""
history,arab_subregion_1_NOAA_Interim,""Wrote to file arab_subregion_1_NOAA Interim.csv""
history,arab_subregion_1_NOAA_Interim,"Data set created from file ['arab_subregion_1_NOAA Interim.csv'] downloaded from [''] at ['2023-11-01 16:40:49']"
reference,arab_subregion_1_NOAA_Interim,"Vose, R.S., B. Huang, X. Yin., D. Arndt, D.R. Easterling, J.H. Lawrimore, M.J. Menne, A. Sanchez-Lugo, H.-M. Zhang, 2021: Implementing full spatial coverage in NOAA’s global temperature analysis. Geophysical Research Letters, 48, e2020GL090873. https://doi.org/10.1029/2020GL090873"
comments,arab_subregion_1_NOAA_Interim,"Original data acknowledgement: "
long_name,time,time,days since 1800-01-01 00:00:00.0
type,time,int
long_name,year,year,1
type,year,int
long_name,arab_subregion_1_Berkeley_Earth,arab_subregion_1,degC
type,arab_subregion_1_Berkeley_Earth,float
long_name,arab_subregion_1_ERA5,arab_subregion_1,degC
type,arab_subregion_1_ERA5,float
long_name,arab_subregion_1_GISTEMP,arab_subregion_1,degC
type,arab_subregion_1_GISTEMP,float
long_name,arab_subregion_1_HadCRUT5,arab_subregion_1,degC
type,arab_subregion_1_HadCRUT5,float
long_name,arab_subregion_1_JRA-55,arab_subregion_1,degC
type,arab_subregion_1_JRA-55,float
long_name,arab_subregion_1_Kadow,arab_subregion_1,degC
type,arab_subregion_1_Kadow,float
long_name,arab_subregion_1_NOAA_Interim,arab_subregion_1,degC
type,arab_subregion_1_NOAA_Interim,float
coordinate_variable,time,t
data
time,year,arab_subregion_1_Berkeley_Earth,arab_subregion_1_ERA5,arab_subregion_1_GISTEMP,arab_subregion_1_HadCRUT5,arab_subregion_1_JRA-55,arab_subregion_1_Kadow,arab_subregion_1_NOAA_Interim
36524,1900,-1.0229,,-0.9214,-1.0793,,-1.3777,-1.1401
36889,1901,-0.8253,,-0.9174,-0.8504,,-1.0788,-0.8774
37254,1902,-0.9306,,-0.7382,-0.9712,,-1.1828,-0.9854
37619,1903,-1.5191,,-1.2986,-1.5600,,-1.7603,-1.4354
37984,1904,-1.3964,,-1.1773,-1.5398,,-1.7455,-1.5376
38350,1905,-1.4069,,-1.1612,-1.3935,,-1.4660,-1.3570
38715,1906,-1.3505,,-1.1820,-1.1627,,-1.2312,-1.3701
39080,1907,-1.7090,,-1.4199,-1.5111,,-1.6098,-1.7710
39445,1908,-1.3571,,-1.2644,-1.2791,,-1.4462,-1.2975
39811,1909,-1.0850,,-1.0738,-0.9686,,-1.0800,-1.2170
40176,1910,-1.4211,,-1.3051,-1.4420,,-1.5698,-1.4687
40541,1911,-1.5498,,-1.3718,-1.5516,,-1.6706,-1.6057
40906,1912,-1.3494,,-1.3111,-1.1882,,-1.3744,-1.4055
41272,1913,-1.3736,,-1.2854,-1.2876,,-1.5611,-1.3421
41637,1914,-1.0553,,-1.0016,-1.0993,,-1.3258,-1.3018
42002,1915,-0.8732,,-0.7506,-0.9459,,-1.1682,-1.0678
42367,1916,-1.1915,,-1.0028,-1.2031,,-1.3434,-1.2486
42733,1917,-1.4368,,-1.3935,-1.4046,,-1.5142,-1.4816
43098,1918,-1.4376,,-1.3336,-1.3823,,-1.5852,-1.5774
43463,1919,-1.0441,,-0.8955,-0.9119,,-1.0626,-1.0487
43828,1920,-1.3207,,-1.2312,-1.3142,,-1.4721,-1.3567
44194,1921,-1.3388,,-1.2647,-1.1559,,-1.4440,-1.3538
44559,1922,-1.0840,,-1.0672,-1.1036,,-1.2900,-1.2729
44924,1923,-1.2631,,-1.2408,-1.3578,,-1.5688,-1.4532
45289,1924,-0.7939,,-0.7695,-0.8427,,-0.9656,-0.8475
45655,1925,-1.1548,,-1.1637,-1.2598,,-1.4570,-1.2841
46020,1926,-0.7879,,-0.7716,-0.9000,,-1.0198,-0.9430
46385,1927,-0.8692,,-0.7524,-0.8889,,-0.9187,-0.8860
46750,1928,-0.8660,,-0.7626,-0.8018,,-0.9120,-0.9227
47116,1929,-1.1886,,-1.0885,-1.0983,,-1.2113,-1.1572
47481,1930,-0.9266,,-0.8064,-1.0010,,-1.0679,-0.9122
47846,1931,-0.6824,,-0.6185,-0.6948,,-0.7234,-0.5536
48211,1932,-1.0149,,-1.0410,-1.1145,,-1.2189,-1.0458
48577,1933,-1.1168,,-1.0514,-1.0920,,-1.1914,-1.0666
48942,1934,-1.2165,,-1.0084,-1.1706,,-1.1774,-1.1134
49307,1935,-1.0723,,-0.8603,-0.8131,,-0.9604,-0.9473
49672,1936,-1.0121,,-0.7909,-0.7185,,-0.7360,-0.8211
50038,1937,-0.8075,,-0.6071,-0.6263,,-0.6716,-0.7706
50403,1938,-1.2719,,-1.0894,-1.0314,,-1.1526,-1.2007
50768,1939,-0.9611,,-0.8330,-0.8073,,-0.9028,-0.9189
51133,1940,-0.8348,,-0.7906,-0.7585,,-0.8077,-0.8003
51499,1941,-0.7127,,-0.6471,-0.6762,,-0.7499,-0.6529
51864,1942,-0.7824,,-0.6413,-0.7710,,-0.7932,-0.7557
52229,1943,-1.2072,,-0.9746,-1.2006,,-1.1915,-1.1420
52594,1944,-0.9930,,-0.8903,-1.0081,,-1.0976,-1.0201
52960,1945,-1.0295,,-0.9152,-1.1097,,-1.1779,-1.0433
53325,1946,-0.9555,,-0.8826,-0.8907,,-0.9377,-0.9933
53690,1947,-0.5688,,-0.4682,-0.6145,,-0.7191,-0.5895
54055,1948,-1.2616,,-1.1568,-1.2352,,-1.3021,-1.2555
54421,1949,-1.3457,,-1.1899,-1.3039,,-1.3313,-1.1962
54786,1950,-1.3113,,-1.1255,-1.3232,,-1.3897,-1.2536
55151,1951,-0.8606,,-0.8807,-0.9173,,-0.9618,-0.8907
55516,1952,-0.8045,,-0.7182,-0.8288,,-0.8880,-0.9051
55882,1953,-1.0685,,-1.0417,-1.1338,,-1.1593,-1.0824
56247,1954,-1.1061,,-1.0284,-1.1762,,-1.2189,-1.1532
56612,1955,-0.5209,,-0.5135,-0.6596,,-0.7021,-0.6217
56977,1956,-1.2709,,-1.2488,-1.3119,,-1.3890,-1.2925
57343,1957,-1.1975,,-1.1091,-1.2997,,-1.3902,-1.1666
57708,1958,-0.5711,,-0.5518,-0.7569,-0.6250,-0.7794,-0.6362
58073,1959,-1.1506,,-1.0820,-1.3133,-1.2560,-1.4140,-1.1218
58438,1960,-0.5629,,-0.5196,-0.7090,-0.5235,-0.7646,-0.6124
58804,1961,-1.0983,,-0.9664,-1.1558,-1.1476,-1.2088,-1.1256
59169,1962,-0.6629,,-0.5986,-0.7779,-0.7307,-0.7883,-0.7127
59534,1963,-0.6572,,-0.6102,-0.7511,-0.7520,-0.7597,-0.6554
59899,1964,-1.1935,,-1.1421,-1.2634,-1.1889,-1.2600,-1.1722
60265,1965,-1.1354,,-1.0392,-1.1569,-0.9966,-1.1918,-1.1278
60630,1966,-0.6192,,-0.5532,-0.7340,-0.6406,-0.7589,-0.6405
60995,1967,-1.3359,,-1.3303,-1.4225,-1.3971,-1.4794,-1.3929
61360,1968,-1.0837,,-1.0177,-1.1232,-0.9968,-1.1487,-1.0551
61726,1969,-0.5181,,-0.5883,-0.5904,-0.3732,-0.5779,-0.4900
62091,1970,-0.8223,,-0.7700,-0.8578,-0.7461,-0.8663,-0.8472
62456,1971,-1.3037,,-1.2203,-1.3438,-1.2712,-1.3709,-1.2707
62821,1972,-1.2209,,-1.2008,-1.2034,-1.1685,-1.2274,-1.1761
63187,1973,-0.8555,,-0.8372,-1.0098,-0.7788,-1.0232,-0.8809
63552,1974,-1.2502,,-1.2402,-1.2913,-1.2154,-1.3253,-1.2635
63917,1975,-1.2936,,-1.1721,-1.3018,-1.2114,-1.3950,-1.2847
64282,1976,-1.2660,,-1.2095,-1.2215,-1.2872,-1.2879,-1.2307
64648,1977,-0.7216,,-0.8261,-0.8670,-0.8332,-0.8908,-0.8857
65013,1978,-0.7311,,-0.8466,-0.8165,-0.7624,-0.8253,-0.8799
65378,1979,-0.4074,-0.5727,-0.4468,-0.4668,-0.3632,-0.4432,-0.4674
65743,1980,-0.5883,-0.6827,-0.6806,-0.6800,-0.5599,-0.6907,-0.6921
66109,1981,-0.5877,-0.7150,-0.6132,-0.6838,-0.6002,-0.7020,-0.6895
66474,1982,-1.0733,-1.2955,-1.0059,-1.0278,-1.2158,-1.0351,-1.0176
66839,1983,-0.8738,-1.0037,-0.8518,-0.8402,-0.9448,-0.8331,-0.8612
67204,1984,-0.9454,-1.0536,-0.8757,-0.8577,-0.9067,-0.8777,-0.8706
67570,1985,-0.6882,-0.7787,-0.6065,-0.6725,-0.6919,-0.6977,-0.6206
67935,1986,-0.8540,-0.9440,-0.7672,-0.8476,-0.8463,-0.8908,-0.7841
68300,1987,-0.2344,-0.2586,-0.2764,-0.2646,-0.1928,-0.2460,-0.2398
68665,1988,-0.4445,-0.4331,-0.4301,-0.4365,-0.3549,-0.4543,-0.4176
69031,1989,-0.7480,-0.7482,-0.7061,-0.7438,-0.6937,-0.7668,-0.7538
69396,1990,-0.2938,-0.2643,-0.3387,-0.4151,-0.2147,-0.3998,-0.3410
69761,1991,-0.7103,-0.7129,-0.7617,-0.7120,-0.7068,-0.7365,-0.7109
70126,1992,-1.2163,-1.3481,-1.2068,-1.2287,-1.3468,-1.2494,-1.1744
70492,1993,-0.6161,-0.6715,-0.6601,-0.6118,-0.6772,-0.5852,-0.6205
70857,1994,-0.3972,-0.5260,-0.3952,-0.5455,-0.4351,-0.5132,-0.5334
71222,1995,-0.3847,-0.4688,-0.3622,-0.4064,-0.3308,-0.4007,-0.3482
71587,1996,-0.2239,-0.3367,-0.3033,-0.2616,-0.2313,-0.2198,-0.2180
71953,1997,-0.4399,-0.5237,-0.4261,-0.3550,-0.3994,-0.3273,-0.4005
72318,1998,0.0649,0.0467,0.0207,0.0358,0.1349,0.0215,0.0881
72683,1999,0.0695,0.0330,0.0843,-0.0188,0.1466,0.0453,0.0357
73048,2000,-0.2825,-0.3679,-0.2733,-0.3024,-0.2862,-0.2760,-0.2917
73414,2001,0.1195,0.1405,0.1314,0.0863,0.2407,0.1394,0.0918
73779,2002,0.0358,-0.0048,0.0491,0.0369,0.0778,0.0327,0.0770
74144,2003,0.0836,0.0523,0.0971,0.0965,0.1118,0.0893,0.0855
74509,2004,-0.0737,-0.1206,-0.0736,-0.0125,-0.0821,-0.0408,-0.0788
74875,2005,0.0131,0.0827,-0.0046,0.0300,0.0500,0.0093,0.0517
75240,2006,-0.0107,0.0180,0.0070,-0.0340,-0.0333,-0.0311,0.0436
75605,2007,-0.0595,0.0241,-0.0481,0.0043,-0.0259,-0.0243,-0.0390
75970,2008,-0.0664,-0.0179,-0.0345,-0.0177,-0.0350,-0.0335,-0.0494
76336,2009,0.1747,0.2432,0.1836,0.2153,0.2331,0.1842,0.1676
76701,2010,1.0150,1.1554,0.8534,1.0596,1.1209,1.0699,0.9468
77066,2011,-0.0729,-0.1303,-0.0581,-0.0401,-0.0585,-0.0119,-0.0563
77431,2012,0.0897,0.1052,0.1274,0.1405,0.1121,0.0864,0.1072
77797,2013,0.1130,0.1439,0.1137,0.1413,0.1428,0.1838,0.1029
78162,2014,0.3576,0.3655,0.3113,0.2891,0.3718,0.3342,0.2892
78527,2015,0.3065,0.3316,0.3283,0.3701,0.2487,0.3068,0.2568
78892,2016,0.6190,0.6735,0.6022,0.6631,0.6247,0.6895,0.6042
79258,2017,0.3672,0.3926,0.4181,0.3651,0.2621,0.3555,0.3511
79623,2018,0.4409,0.5370,0.4888,0.3952,0.3694,0.3837,0.4639
79988,2019,0.2634,0.3478,0.3189,0.2537,0.1285,0.1771,0.2847
80353,2020,0.4206,0.5361,0.4723,0.3637,0.2725,0.3413,0.4734
80719,2021,0.7972,0.9296,0.8375,0.7113,0.6738,0.6663,0.8249
81084,2022,0.4154,0.5234,0.5358,0.4054,0.3115,0.3679,0.4398
81449,2023,0.5418,0.7388,0.7015,0.5707,0.4401,0.3142,0.7026
end data
