Conventions,G,BADC-CSV,1
title,G,Regional mean temperature for League of Arab States
last_revised_date,G,2023-11-05
date_valid,G,2023-11-05
feature_type,G,area average
creator,G,WMO
source,G,Produced by climind version 1.0
observation_station,G,derived data
location,G,90.,-180.,-90.,180.
activity,G,WMO
history,G,""Data set created from file ['HadCRUT.5.0.1.0.analysis.anomalies.ensemble_mean.nc'] downloaded from ['https://www.metoffice.gov.uk/hadobs/hadcrut5/data/current/analysis/HadCRUT.5.0.1.0.analysis.anomalies.ensemble_mean.nc'] at ['2023-10-31 16:06:13']""
history,G,""Regridded to 1 degree latitude-longitude resolution""
history,G,""Rebaselined to 1991-2020""
history,G,""Calculated area-average""
history,G,""Calculated annual average from monthly averages using arithmetic mean""
history,G,""Selected years within the range 1900 to 2023.""
history,G,""Wrote to file arab_subregion_1_HadCRUT5.csv""
history,G,"Data set created from file ['arab_subregion_1_HadCRUT5.csv'] downloaded from [''] at ['2023-11-01 16:38:27']"
reference,G,"Morice, C. P., Kennedy, J. J., Rayner, N. A., Winn, J. P., Hogan, E., Killick, R. E., et al. (2021). An updated assessment of near-surface temperature change from 1850: the HadCRUT5 data set. Journal of Geophysical Research: Atmospheres, 126, e2019JD032361. https://doi.org/10.1029/2019JD032361"
rights,G,TBD
comments,G,Data produced by climind version 1.0
comments,G,Format description https://help.ceda.ac.uk/article/105-badc-csv
comments,G,"Original data acknowledgement: HadCRUT.5.0.1.0 data were obtained from http://www.metoffice.gov.uk/hadobs/hadcrut5 on 2023-10-31 16:06:13 and are © British Crown Copyright, Met Office 2023, provided under an Open Government License, http://www.nationalarchives.gov.uk/doc/open-government-licence/version/3/"
long_name,time,time,days since 1800-01-01 00:00:00.0
type,time,int
long_name,year,year,1
type,year,int
long_name,data,arab_subregion_1,degC
type,data,float
coordinate_variable,time,t
data
time,year,data
36524,1900,-1.0793
36889,1901,-0.8504
37254,1902,-0.9712
37619,1903,-1.5600
37984,1904,-1.5398
38350,1905,-1.3935
38715,1906,-1.1627
39080,1907,-1.5111
39445,1908,-1.2791
39811,1909,-0.9686
40176,1910,-1.4420
40541,1911,-1.5516
40906,1912,-1.1882
41272,1913,-1.2876
41637,1914,-1.0993
42002,1915,-0.9459
42367,1916,-1.2031
42733,1917,-1.4046
43098,1918,-1.3823
43463,1919,-0.9119
43828,1920,-1.3142
44194,1921,-1.1559
44559,1922,-1.1036
44924,1923,-1.3578
45289,1924,-0.8427
45655,1925,-1.2598
46020,1926,-0.9000
46385,1927,-0.8889
46750,1928,-0.8018
47116,1929,-1.0983
47481,1930,-1.0010
47846,1931,-0.6948
48211,1932,-1.1145
48577,1933,-1.0920
48942,1934,-1.1706
49307,1935,-0.8131
49672,1936,-0.7185
50038,1937,-0.6263
50403,1938,-1.0314
50768,1939,-0.8073
51133,1940,-0.7585
51499,1941,-0.6762
51864,1942,-0.7710
52229,1943,-1.2006
52594,1944,-1.0081
52960,1945,-1.1097
53325,1946,-0.8907
53690,1947,-0.6145
54055,1948,-1.2352
54421,1949,-1.3039
54786,1950,-1.3232
55151,1951,-0.9173
55516,1952,-0.8288
55882,1953,-1.1338
56247,1954,-1.1762
56612,1955,-0.6596
56977,1956,-1.3119
57343,1957,-1.2997
57708,1958,-0.7569
58073,1959,-1.3133
58438,1960,-0.7090
58804,1961,-1.1558
59169,1962,-0.7779
59534,1963,-0.7511
59899,1964,-1.2634
60265,1965,-1.1569
60630,1966,-0.7340
60995,1967,-1.4225
61360,1968,-1.1232
61726,1969,-0.5904
62091,1970,-0.8578
62456,1971,-1.3438
62821,1972,-1.2034
63187,1973,-1.0098
63552,1974,-1.2913
63917,1975,-1.3018
64282,1976,-1.2215
64648,1977,-0.8670
65013,1978,-0.8165
65378,1979,-0.4668
65743,1980,-0.6800
66109,1981,-0.6838
66474,1982,-1.0278
66839,1983,-0.8402
67204,1984,-0.8577
67570,1985,-0.6725
67935,1986,-0.8476
68300,1987,-0.2646
68665,1988,-0.4365
69031,1989,-0.7438
69396,1990,-0.4151
69761,1991,-0.7120
70126,1992,-1.2287
70492,1993,-0.6118
70857,1994,-0.5455
71222,1995,-0.4064
71587,1996,-0.2616
71953,1997,-0.3550
72318,1998,0.0358
72683,1999,-0.0188
73048,2000,-0.3024
73414,2001,0.0863
73779,2002,0.0369
74144,2003,0.0965
74509,2004,-0.0125
74875,2005,0.0300
75240,2006,-0.0340
75605,2007,0.0043
75970,2008,-0.0177
76336,2009,0.2153
76701,2010,1.0596
77066,2011,-0.0401
77431,2012,0.1405
77797,2013,0.1413
78162,2014,0.2891
78527,2015,0.3701
78892,2016,0.6631
79258,2017,0.3651
79623,2018,0.3952
79988,2019,0.2537
80353,2020,0.3637
80719,2021,0.7113
81084,2022,0.4054
81449,2023,0.5707
end data
