Conventions,G,BADC-CSV,1
title,G,Regional mean temperature for League of Arab States
last_revised_date,G,2024-01-25
date_valid,G,2024-01-25
feature_type,G,area average
creator,G,WMO
source,G,Produced by climind version 1.0
observation_station,G,derived data
location,G,90.,-180.,-90.,180.
rights,G,TBD
activity,G,WMO
comments,G,Format description https://help.ceda.ac.uk/article/105-badc-csv
history,arab_subregion_1_Berkeley_Earth,""Data set created from file ['Land_and_Ocean_LatLong1.nc'] downloaded from ['https://berkeley-earth-temperature.s3.us-west-1.amazonaws.com/Global/Gridded/Land_and_Ocean_LatLong1.nc'] at ['2024-01-17 10:19:03']""
history,arab_subregion_1_Berkeley_Earth,""Rebaselined to 1991-2020""
history,arab_subregion_1_Berkeley_Earth,""Calculated area-average""
history,arab_subregion_1_Berkeley_Earth,""Calculated annual average from monthly averages using arithmetic mean""
history,arab_subregion_1_Berkeley_Earth,""Selected years within the range 1900 to 2023.""
history,arab_subregion_1_Berkeley_Earth,""Wrote to file arab_subregion_1_Berkeley Earth.csv""
history,arab_subregion_1_Berkeley_Earth,"Data set created from file ['arab_subregion_1_Berkeley Earth.csv'] downloaded from [''] at ['2024-01-17 11:06:19']"
reference,arab_subregion_1_Berkeley_Earth,"Rohde, R. A. and Hausfather, Z.: The Berkeley Earth Land/Ocean Temperature Record, Earth Syst. Sci. Data, 12, 3469-3479, https://doi.org/10.5194/essd-12-3469-2020, 2020"
comments,arab_subregion_1_Berkeley_Earth,"Original data acknowledgement: "
history,arab_subregion_1_ERA5,""Gridded dataset created from file ['era5_2m_tas_2024.nc'] downloaded from ['']""
history,arab_subregion_1_ERA5,""Regridded to 1 degree latitude-longitude resolution""
history,arab_subregion_1_ERA5,""Rebaselined to 1991-2020""
history,arab_subregion_1_ERA5,""Calculated area-average""
history,arab_subregion_1_ERA5,""Calculated annual average from monthly averages using arithmetic mean""
history,arab_subregion_1_ERA5,""Selected years within the range 1900 to 2023.""
history,arab_subregion_1_ERA5,""Wrote to file arab_subregion_1_ERA5.csv""
history,arab_subregion_1_ERA5,"Data set created from file ['arab_subregion_1_ERA5.csv'] downloaded from [''] at ['2024-01-17 11:06:43']"
reference,arab_subregion_1_ERA5,"Hersbach H, Bell B, Berrisford P et al. 2020. The ERA5 global reanalysis. Q. J. R. Meteorol. Soc. 146: 1999-2049. https://doi.org/10.1002/qj.3803"
comments,arab_subregion_1_ERA5,"Original data acknowledgement: Contains using Copernicus Climate Change Service information [2024]. Neither the European Commission nor ECMWF is responsible for any use that may be made of the Copernicus information or data it contains."
history,arab_subregion_1_GISTEMP,""Data set created from file ['gistemp1200_GHCNv4_ERSSTv5.nc.gz'] downloaded from ['https://data.giss.nasa.gov/pub/gistemp/gistemp1200_GHCNv4_ERSSTv5.nc.gz'] at ['2024-01-15 11:20:46']""
history,arab_subregion_1_GISTEMP,""Regridded to 1 degree latitude-longitude resolution""
history,arab_subregion_1_GISTEMP,""Rebaselined to 1991-2020""
history,arab_subregion_1_GISTEMP,""Calculated area-average""
history,arab_subregion_1_GISTEMP,""Calculated annual average from monthly averages using arithmetic mean""
history,arab_subregion_1_GISTEMP,""Selected years within the range 1900 to 2023.""
history,arab_subregion_1_GISTEMP,""Wrote to file arab_subregion_1_GISTEMP.csv""
history,arab_subregion_1_GISTEMP,"Data set created from file ['arab_subregion_1_GISTEMP.csv'] downloaded from [''] at ['2024-01-17 11:07:20']"
reference,arab_subregion_1_GISTEMP,"Lenssen, N., G. Schmidt, J. Hansen, M. Menne, A. Persin, R. Ruedy, and D. Zyss, 2019: Improvements in the GISTEMP uncertainty model. J. Geophys. Res. Atmos., 124, no. 12, 6307-6326, doi:10.1029/2018JD029522"
comments,arab_subregion_1_GISTEMP,"Original data acknowledgement: "
history,arab_subregion_1_HadCRUT5,""Data set created from file ['HadCRUT.5.0.2.0.analysis.anomalies.ensemble_mean.nc'] downloaded from ['https://www.metoffice.gov.uk/hadobs/hadcrut5/data/HadCRUT.5.0.2.0/analysis/HadCRUT.5.0.2.0.analysis.anomalies.ensemble_mean.nc'] at ['2024-01-15 11:56:27']""
history,arab_subregion_1_HadCRUT5,""Regridded to 1 degree latitude-longitude resolution""
history,arab_subregion_1_HadCRUT5,""Rebaselined to 1991-2020""
history,arab_subregion_1_HadCRUT5,""Calculated area-average""
history,arab_subregion_1_HadCRUT5,""Calculated annual average from monthly averages using arithmetic mean""
history,arab_subregion_1_HadCRUT5,""Selected years within the range 1900 to 2023.""
history,arab_subregion_1_HadCRUT5,""Wrote to file arab_subregion_1_HadCRUT5.csv""
history,arab_subregion_1_HadCRUT5,"Data set created from file ['arab_subregion_1_HadCRUT5.csv'] downloaded from [''] at ['2024-01-17 11:08:23']"
reference,arab_subregion_1_HadCRUT5,"Morice, C. P., Kennedy, J. J., Rayner, N. A., Winn, J. P., Hogan, E., Killick, R. E., et al. (2021). An updated assessment of near-surface temperature change from 1850: the HadCRUT5 data set. Journal of Geophysical Research: Atmospheres, 126, e2019JD032361. https://doi.org/10.1029/2019JD032361"
comments,arab_subregion_1_HadCRUT5,"Original data acknowledgement: HadCRUT.5.0.2.0 data were obtained from http://www.metoffice.gov.uk/hadobs/hadcrut5 on 2024-01-15 11:56:27 and are © British Crown Copyright, Met Office 2024, provided under an Open Government License, http://www.nationalarchives.gov.uk/doc/open-government-licence/version/3/"
history,arab_subregion_1_JRA-55,""Data set created from file ['anl_surf125.011_tmp.202401_202412', 'anl_surf125.2024MMMM'] downloaded from ['', ''] at ['2024-01-15 11:20:51']""
history,arab_subregion_1_JRA-55,""Regridded to 1 degree latitude-longitude resolution""
history,arab_subregion_1_JRA-55,""Rebaselined to 1991-2020""
history,arab_subregion_1_JRA-55,""Calculated area-average""
history,arab_subregion_1_JRA-55,""Calculated annual average from monthly averages using arithmetic mean""
history,arab_subregion_1_JRA-55,""Selected years within the range 1900 to 2023.""
history,arab_subregion_1_JRA-55,""Wrote to file arab_subregion_1_JRA-55.csv""
history,arab_subregion_1_JRA-55,"Data set created from file ['arab_subregion_1_JRA-55.csv'] downloaded from [''] at ['2024-01-17 11:08:54']"
reference,arab_subregion_1_JRA-55,"Kobayashi, S., Ota, Y., Harada, Y., Ebita, A., Moriya, M., Onoda, H., Onogi, K., Kamahori, H., Kobayashi, C., Endo, H. and Miyaoka, K., (2015). The JRA-55 reanalysis: General specifications and basic characteristics. Journal of the Meteorological Society of Japan. Ser. II, 93(1), pp.5-48."
comments,arab_subregion_1_JRA-55,"Original data acknowledgement: "
history,arab_subregion_1_Kadow,""Data set created from file ['HadCRUT5.anomalies.Kadow_et_al_2020_20crAI-infilled.ensemble_mean_185001-*.nc'] downloaded from [''] at ['2024-01-17 10:11:02']""
history,arab_subregion_1_Kadow,""Regridded to 1 degree latitude-longitude resolution""
history,arab_subregion_1_Kadow,""Rebaselined to 1991-2020""
history,arab_subregion_1_Kadow,""Calculated area-average""
history,arab_subregion_1_Kadow,""Calculated annual average from monthly averages using arithmetic mean""
history,arab_subregion_1_Kadow,""Selected years within the range 1900 to 2023.""
history,arab_subregion_1_Kadow,""Wrote to file arab_subregion_1_Kadow.csv""
history,arab_subregion_1_Kadow,"Data set created from file ['arab_subregion_1_Kadow.csv'] downloaded from [''] at ['2024-01-17 11:09:38']"
reference,arab_subregion_1_Kadow,"Kadow, C., Hall, D.M. & Ulbrich, U. Artificial intelligence reconstructs missing climate information. Nat. Geosci. (2020). https://doi.org/10.1038/s41561-020-0582-5"
comments,arab_subregion_1_Kadow,"Original data acknowledgement: "
history,arab_subregion_1_NOAA_Interim,""Data set created from file ['NOAAGlobalTemp_v*.nc'] downloaded from ['https://www.ncei.noaa.gov/data/noaa-global-surface-temperature/v5.1/access/gridded/NOAAGlobalTemp_v.*.nc'] at ['2024-01-17 10:19:08']""
history,arab_subregion_1_NOAA_Interim,""Data set created from file ['NOAAGlobalTemp_v*.nc'] downloaded from ['https://www.ncei.noaa.gov/data/noaa-global-surface-temperature/v5.1/access/gridded/NOAAGlobalTemp_v.*.nc'] at ['2024-01-17 10:19:08']""
history,arab_subregion_1_NOAA_Interim,""Regridded to 1 degree latitude-longitude resolution""
history,arab_subregion_1_NOAA_Interim,""Rebaselined to 1991-2020""
history,arab_subregion_1_NOAA_Interim,""Calculated area-average""
history,arab_subregion_1_NOAA_Interim,""Calculated annual average from monthly averages using arithmetic mean""
history,arab_subregion_1_NOAA_Interim,""Selected years within the range 1900 to 2023.""
history,arab_subregion_1_NOAA_Interim,""Wrote to file arab_subregion_1_NOAA Interim.csv""
history,arab_subregion_1_NOAA_Interim,"Data set created from file ['arab_subregion_1_NOAA Interim.csv'] downloaded from [''] at ['2024-01-17 11:10:42']"
reference,arab_subregion_1_NOAA_Interim,"Vose, R.S., B. Huang, X. Yin., D. Arndt, D.R. Easterling, J.H. Lawrimore, M.J. Menne, A. Sanchez-Lugo, H.-M. Zhang, 2021: Implementing full spatial coverage in NOAA’s global temperature analysis. Geophysical Research Letters, 48, e2020GL090873. https://doi.org/10.1029/2020GL090873"
comments,arab_subregion_1_NOAA_Interim,"Original data acknowledgement: "
long_name,time,time,days since 1800-01-01 00:00:00.0
type,time,int
long_name,year,year,1
type,year,int
long_name,arab_subregion_1_Berkeley_Earth,arab_subregion_1,degC
type,arab_subregion_1_Berkeley_Earth,float
long_name,arab_subregion_1_ERA5,arab_subregion_1,degC
type,arab_subregion_1_ERA5,float
long_name,arab_subregion_1_GISTEMP,arab_subregion_1,degC
type,arab_subregion_1_GISTEMP,float
long_name,arab_subregion_1_HadCRUT5,arab_subregion_1,degC
type,arab_subregion_1_HadCRUT5,float
long_name,arab_subregion_1_JRA-55,arab_subregion_1,degC
type,arab_subregion_1_JRA-55,float
long_name,arab_subregion_1_Kadow,arab_subregion_1,degC
type,arab_subregion_1_Kadow,float
long_name,arab_subregion_1_NOAA_Interim,arab_subregion_1,degC
type,arab_subregion_1_NOAA_Interim,float
coordinate_variable,time,t
data
time,year,arab_subregion_1_Berkeley_Earth,arab_subregion_1_ERA5,arab_subregion_1_GISTEMP,arab_subregion_1_HadCRUT5,arab_subregion_1_JRA-55,arab_subregion_1_Kadow,arab_subregion_1_NOAA_Interim
36524,1900,-1.0481,,-0.9636,-1.0792,,-1.3777,-1.1538
36889,1901,-0.8660,,-0.9491,-0.8504,,-1.0788,-0.8640
37254,1902,-0.9483,,-0.7379,-0.9711,,-1.1828,-0.9126
37619,1903,-1.5159,,-1.2906,-1.5599,,-1.7603,-1.3721
37984,1904,-1.4051,,-1.1891,-1.5397,,-1.7455,-1.5029
38350,1905,-1.4252,,-1.1718,-1.3933,,-1.4660,-1.3264
38715,1906,-1.3584,,-1.1913,-1.1625,,-1.2312,-1.3341
39080,1907,-1.7076,,-1.4349,-1.5109,,-1.6098,-1.7463
39445,1908,-1.3651,,-1.2887,-1.2789,,-1.4462,-1.2847
39811,1909,-1.0975,,-1.0995,-0.9683,,-1.0800,-1.2025
40176,1910,-1.4358,,-1.3453,-1.4417,,-1.5698,-1.4668
40541,1911,-1.5599,,-1.4130,-1.5513,,-1.6706,-1.5912
40906,1912,-1.3699,,-1.3500,-1.1879,,-1.3744,-1.4006
41272,1913,-1.3934,,-1.3307,-1.2873,,-1.5611,-1.3286
41637,1914,-1.0659,,-1.0374,-1.0989,,-1.3258,-1.3053
42002,1915,-0.8998,,-0.7823,-0.9454,,-1.1682,-1.0976
42367,1916,-1.1726,,-1.0349,-1.2027,,-1.3434,-1.2702
42733,1917,-1.4054,,-1.4266,-1.4041,,-1.5142,-1.5131
43098,1918,-1.4239,,-1.3311,-1.3818,,-1.5852,-1.6112
43463,1919,-1.0535,,-0.9208,-0.9113,,-1.0626,-1.0872
43828,1920,-1.3414,,-1.2620,-1.3137,,-1.4721,-1.3938
44194,1921,-1.3533,,-1.2910,-1.1553,,-1.4440,-1.3811
44559,1922,-1.1139,,-1.0962,-1.1030,,-1.2900,-1.2975
44924,1923,-1.2850,,-1.2685,-1.3572,,-1.5688,-1.4744
45289,1924,-0.8111,,-0.7885,-0.8420,,-0.9656,-0.8792
45655,1925,-1.1705,,-1.1891,-1.2591,,-1.4570,-1.3076
46020,1926,-0.8110,,-0.7954,-0.8993,,-1.0198,-0.9738
46385,1927,-0.8849,,-0.7853,-0.8882,,-0.9187,-0.8994
46750,1928,-0.8759,,-0.8014,-0.8010,,-0.9120,-0.9197
47116,1929,-1.2061,,-1.1402,-1.0975,,-1.2113,-1.1683
47481,1930,-0.9385,,-0.8476,-1.0010,,-1.0679,-0.9282
47846,1931,-0.7032,,-0.6646,-0.6948,,-0.7234,-0.5697
48211,1932,-1.0218,,-1.0804,-1.1145,,-1.2189,-1.0556
48577,1933,-1.1037,,-1.0960,-1.0920,,-1.1914,-1.0725
48942,1934,-1.1730,,-1.0511,-1.1706,,-1.1774,-1.1238
49307,1935,-1.0248,,-0.9054,-0.8131,,-0.9604,-0.9520
49672,1936,-0.9677,,-0.8349,-0.7185,,-0.7360,-0.8237
50038,1937,-0.7646,,-0.6537,-0.6263,,-0.6716,-0.7789
50403,1938,-1.2510,,-1.1375,-1.0314,,-1.1526,-1.2021
50768,1939,-0.9356,,-0.8932,-0.8073,,-0.9028,-0.9435
51133,1940,-0.8128,,-0.8528,-0.7585,,-0.8077,-0.8261
51499,1941,-0.6873,,-0.7050,-0.6762,,-0.7499,-0.6695
51864,1942,-0.7562,,-0.7039,-0.7710,,-0.7932,-0.7778
52229,1943,-1.1794,,-1.0354,-1.2006,,-1.1915,-1.1695
52594,1944,-0.9615,,-0.9467,-1.0081,,-1.0976,-1.0431
52960,1945,-0.9950,,-0.9632,-1.1097,,-1.1779,-1.0577
53325,1946,-0.9200,,-0.9224,-0.8907,,-0.9377,-1.0071
53690,1947,-0.5276,,-0.5131,-0.6145,,-0.7191,-0.6012
54055,1948,-1.2206,,-1.1924,-1.2352,,-1.3021,-1.2569
54421,1949,-1.3143,,-1.2314,-1.3039,,-1.3313,-1.2107
54786,1950,-1.2878,,-1.1607,-1.3232,,-1.3897,-1.2565
55151,1951,-0.8515,,-0.9071,-0.9173,,-0.9618,-0.8924
55516,1952,-0.7932,,-0.7415,-0.8288,,-0.8880,-0.9056
55882,1953,-1.0539,,-1.0666,-1.1338,,-1.1593,-1.0861
56247,1954,-1.0852,,-1.0550,-1.1762,,-1.2189,-1.1619
56612,1955,-0.5039,,-0.5422,-0.6596,,-0.7021,-0.6376
56977,1956,-1.2516,,-1.2856,-1.3119,,-1.3890,-1.3096
57343,1957,-1.1776,,-1.1510,-1.2997,,-1.3902,-1.1811
57708,1958,-0.5489,,-0.5998,-0.7569,-0.6250,-0.7794,-0.6577
58073,1959,-1.1287,,-1.1303,-1.3133,-1.2560,-1.4140,-1.1437
58438,1960,-0.5456,,-0.5630,-0.7090,-0.5235,-0.7646,-0.6288
58804,1961,-1.0712,,-1.0124,-1.1558,-1.1476,-1.2088,-1.1471
59169,1962,-0.6354,,-0.6382,-0.7779,-0.7307,-0.7883,-0.7334
59534,1963,-0.6463,,-0.6430,-0.7511,-0.7520,-0.7597,-0.6787
59899,1964,-1.1865,,-1.1733,-1.2634,-1.1889,-1.2600,-1.1860
60265,1965,-1.1298,,-1.0695,-1.1569,-0.9966,-1.1918,-1.1396
60630,1966,-0.6121,,-0.5840,-0.7340,-0.6406,-0.7589,-0.6508
60995,1967,-1.3417,,-1.3584,-1.4225,-1.3971,-1.4794,-1.3992
61360,1968,-1.0742,,-1.0478,-1.1232,-0.9968,-1.1487,-1.0604
61726,1969,-0.5051,,-0.6112,-0.5904,-0.3732,-0.5779,-0.4983
62091,1970,-0.8157,,-0.7961,-0.8578,-0.7461,-0.8663,-0.8591
62456,1971,-1.2929,,-1.2449,-1.3438,-1.2712,-1.3709,-1.2788
62821,1972,-1.2002,,-1.2233,-1.2034,-1.1685,-1.2274,-1.1768
63187,1973,-0.8481,,-0.8598,-1.0098,-0.7788,-1.0232,-0.8848
63552,1974,-1.2336,,-1.2674,-1.2913,-1.2154,-1.3253,-1.2762
63917,1975,-1.2815,,-1.1987,-1.3018,-1.2114,-1.3950,-1.2945
64282,1976,-1.2529,,-1.2313,-1.2215,-1.2872,-1.2879,-1.2325
64648,1977,-0.7085,,-0.8465,-0.8670,-0.8332,-0.8908,-0.8886
65013,1978,-0.7181,,-0.8665,-0.8165,-0.7624,-0.8253,-0.8858
65378,1979,-0.3977,-0.5727,-0.4697,-0.4668,-0.3632,-0.4432,-0.4771
65743,1980,-0.5739,-0.6827,-0.7014,-0.6800,-0.5599,-0.6907,-0.6993
66109,1981,-0.5703,-0.7150,-0.6243,-0.6838,-0.6002,-0.7020,-0.6890
66474,1982,-1.0729,-1.2955,-1.0329,-1.0278,-1.2158,-1.0351,-1.0238
66839,1983,-0.8700,-1.0037,-0.8828,-0.8402,-0.9448,-0.8331,-0.8747
67204,1984,-0.9500,-1.0536,-0.8974,-0.8577,-0.9067,-0.8777,-0.8906
67570,1985,-0.6839,-0.7787,-0.6210,-0.6725,-0.6919,-0.6977,-0.6324
67935,1986,-0.8537,-0.9440,-0.7849,-0.8476,-0.8463,-0.8908,-0.7949
68300,1987,-0.2319,-0.2586,-0.3019,-0.2646,-0.1928,-0.2460,-0.2619
68665,1988,-0.4455,-0.4331,-0.4485,-0.4365,-0.3549,-0.4543,-0.4325
69031,1989,-0.7378,-0.7482,-0.7203,-0.7438,-0.6937,-0.7668,-0.7696
69396,1990,-0.2938,-0.2643,-0.3492,-0.4151,-0.2147,-0.3998,-0.3528
69761,1991,-0.6946,-0.7129,-0.7756,-0.7120,-0.7068,-0.7365,-0.7224
70126,1992,-1.1924,-1.3481,-1.2165,-1.2287,-1.3468,-1.2494,-1.1773
70492,1993,-0.6130,-0.6715,-0.6723,-0.6118,-0.6772,-0.5852,-0.6246
70857,1994,-0.3855,-0.5260,-0.3944,-0.5455,-0.4351,-0.5132,-0.5153
71222,1995,-0.3677,-0.4688,-0.3674,-0.4064,-0.3308,-0.4007,-0.3477
71587,1996,-0.2179,-0.3367,-0.3096,-0.2616,-0.2313,-0.2198,-0.2244
71953,1997,-0.4285,-0.5237,-0.4257,-0.3550,-0.3994,-0.3273,-0.4042
72318,1998,0.0622,0.0467,0.0229,0.0358,0.1349,0.0215,0.0896
72683,1999,0.0648,0.0330,0.0848,-0.0188,0.1466,0.0453,0.0379
73048,2000,-0.2736,-0.3679,-0.2738,-0.3024,-0.2862,-0.2760,-0.2867
73414,2001,0.1238,0.1405,0.1359,0.0863,0.2407,0.1394,0.0943
73779,2002,0.0481,-0.0048,0.0562,0.0369,0.0778,0.0327,0.0775
74144,2003,0.0890,0.0523,0.1063,0.0965,0.1118,0.0893,0.0898
74509,2004,-0.0572,-0.1206,-0.0689,-0.0125,-0.0821,-0.0408,-0.0757
74875,2005,0.0155,0.0827,-0.0015,0.0300,0.0500,0.0093,0.0527
75240,2006,-0.0206,0.0180,0.0101,-0.0340,-0.0333,-0.0311,0.0363
75605,2007,-0.0634,0.0241,-0.0457,0.0043,-0.0259,-0.0243,-0.0392
75970,2008,-0.0759,-0.0179,-0.0378,-0.0177,-0.0350,-0.0335,-0.0556
76336,2009,0.1754,0.2432,0.1834,0.2153,0.2331,0.1842,0.1624
76701,2010,0.9962,1.1554,0.8619,1.0596,1.1209,1.0699,0.9485
77066,2011,-0.0678,-0.1303,-0.0543,-0.0401,-0.0585,-0.0119,-0.0645
77431,2012,0.0823,0.1052,0.1381,0.1405,0.1121,0.0864,0.1108
77797,2013,0.1082,0.1439,0.1254,0.1413,0.1428,0.1838,0.1147
78162,2014,0.3540,0.3655,0.3286,0.2891,0.3718,0.3342,0.2932
78527,2015,0.3191,0.3316,0.3483,0.3701,0.2487,0.3068,0.2690
78892,2016,0.6170,0.6735,0.6136,0.6630,0.6247,0.6895,0.6150
79258,2017,0.3447,0.3926,0.4088,0.3651,0.2621,0.3555,0.3550
79623,2018,0.4218,0.5370,0.4687,0.3952,0.3694,0.3837,0.4652
79988,2019,0.2357,0.3478,0.2959,0.2537,0.1285,0.1771,0.2788
80353,2020,0.4003,0.5361,0.4546,0.3638,0.2725,0.3413,0.4467
80719,2021,0.7687,0.9296,0.8064,0.7117,0.6738,0.6663,0.8028
81084,2022,0.3968,0.5234,0.5030,0.4056,0.3115,0.3679,0.4234
81449,2023,0.7951,0.9731,0.9110,0.7047,0.6831,0.4853,0.8879
end data
