Conventions,G,BADC-CSV,1
title,G,Regional mean temperature for League of Arab States
last_revised_date,G,2023-10-27
date_valid,G,2023-10-27
feature_type,G,area average
creator,G,WMO
source,G,Produced by climind version 1.0
observation_station,G,derived data
location,G,90.,-180.,-90.,180.
rights,G,TBD
activity,G,WMO
comments,G,Format description https://help.ceda.ac.uk/article/105-badc-csv
history,arab_subregion_1_Berkeley_Earth,""Data set created from file ['Land_and_Ocean_LatLong1.nc'] downloaded from ['https://berkeley-earth-temperature.s3.us-west-1.amazonaws.com/Global/Gridded/Land_and_Ocean_LatLong1.nc'] at ['2023-10-13 17:18:41']""
history,arab_subregion_1_Berkeley_Earth,""Rebaselined to 1991-2020""
history,arab_subregion_1_Berkeley_Earth,""Calculated area-average""
history,arab_subregion_1_Berkeley_Earth,""Calculated annual average from monthly averages using arithmetic mean""
history,arab_subregion_1_Berkeley_Earth,""Selected years within the range 1900 to 2023.""
history,arab_subregion_1_Berkeley_Earth,""Wrote to file arab_subregion_1_Berkeley Earth.csv""
history,arab_subregion_1_Berkeley_Earth,"Data set created from file ['arab_subregion_1_Berkeley Earth.csv'] downloaded from [''] at ['2023-10-27 10:54:22']"
reference,arab_subregion_1_Berkeley_Earth,"Rohde, R. A. and Hausfather, Z.: The Berkeley Earth Land/Ocean Temperature Record, Earth Syst. Sci. Data, 12, 3469-3479, https://doi.org/10.5194/essd-12-3469-2020, 2020"
comments,arab_subregion_1_Berkeley_Earth,"Original data acknowledgement: "
history,arab_subregion_1_ERA5,""Gridded dataset created from file ['era5_2m_tas_2023.nc'] downloaded from ['']""
history,arab_subregion_1_ERA5,""Regridded to 1 degree latitude-longitude resolution""
history,arab_subregion_1_ERA5,""Rebaselined to 1991-2020""
history,arab_subregion_1_ERA5,""Calculated area-average""
history,arab_subregion_1_ERA5,""Calculated annual average from monthly averages using arithmetic mean""
history,arab_subregion_1_ERA5,""Selected years within the range 1900 to 2023.""
history,arab_subregion_1_ERA5,""Wrote to file arab_subregion_1_ERA5.csv""
history,arab_subregion_1_ERA5,"Data set created from file ['arab_subregion_1_ERA5.csv'] downloaded from [''] at ['2023-10-27 10:54:47']"
reference,arab_subregion_1_ERA5,"Hersbach H, Bell B, Berrisford P et al. 2020. The ERA5 global reanalysis. Q. J. R. Meteorol. Soc. 146: 1999-2049. https://doi.org/10.1002/qj.3803"
comments,arab_subregion_1_ERA5,"Original data acknowledgement: Contains using Copernicus Climate Change Service information [2023]. Neither the European Commission nor ECMWF is responsible for any use that may be made of the Copernicus information or data it contains."
history,arab_subregion_1_GISTEMP,""Data set created from file ['gistemp1200_GHCNv4_ERSSTv5.nc.gz'] downloaded from ['https://data.giss.nasa.gov/pub/gistemp/gistemp1200_GHCNv4_ERSSTv5.nc.gz'] at ['2023-10-13 17:19:30']""
history,arab_subregion_1_GISTEMP,""Regridded to 1 degree latitude-longitude resolution""
history,arab_subregion_1_GISTEMP,""Rebaselined to 1991-2020""
history,arab_subregion_1_GISTEMP,""Calculated area-average""
history,arab_subregion_1_GISTEMP,""Calculated annual average from monthly averages using arithmetic mean""
history,arab_subregion_1_GISTEMP,""Selected years within the range 1900 to 2023.""
history,arab_subregion_1_GISTEMP,""Wrote to file arab_subregion_1_GISTEMP.csv""
history,arab_subregion_1_GISTEMP,"Data set created from file ['arab_subregion_1_GISTEMP.csv'] downloaded from [''] at ['2023-10-27 10:55:23']"
reference,arab_subregion_1_GISTEMP,"Lenssen, N., G. Schmidt, J. Hansen, M. Menne, A. Persin, R. Ruedy, and D. Zyss, 2019: Improvements in the GISTEMP uncertainty model. J. Geophys. Res. Atmos., 124, no. 12, 6307-6326, doi:10.1029/2018JD029522"
comments,arab_subregion_1_GISTEMP,"Original data acknowledgement: "
history,arab_subregion_1_HadCRUT5,""Data set created from file ['HadCRUT.5.0.1.0.analysis.anomalies.ensemble_mean.nc'] downloaded from ['https://www.metoffice.gov.uk/hadobs/hadcrut5/data/current/analysis/HadCRUT.5.0.1.0.analysis.anomalies.ensemble_mean.nc'] at ['2023-10-13 17:19:31']""
history,arab_subregion_1_HadCRUT5,""Regridded to 1 degree latitude-longitude resolution""
history,arab_subregion_1_HadCRUT5,""Rebaselined to 1991-2020""
history,arab_subregion_1_HadCRUT5,""Calculated area-average""
history,arab_subregion_1_HadCRUT5,""Calculated annual average from monthly averages using arithmetic mean""
history,arab_subregion_1_HadCRUT5,""Selected years within the range 1900 to 2023.""
history,arab_subregion_1_HadCRUT5,""Wrote to file arab_subregion_1_HadCRUT5.csv""
history,arab_subregion_1_HadCRUT5,"Data set created from file ['arab_subregion_1_HadCRUT5.csv'] downloaded from [''] at ['2023-10-27 10:56:25']"
reference,arab_subregion_1_HadCRUT5,"Morice, C. P., Kennedy, J. J., Rayner, N. A., Winn, J. P., Hogan, E., Killick, R. E., et al. (2021). An updated assessment of near-surface temperature change from 1850: the HadCRUT5 data set. Journal of Geophysical Research: Atmospheres, 126, e2019JD032361. https://doi.org/10.1029/2019JD032361"
comments,arab_subregion_1_HadCRUT5,"Original data acknowledgement: HadCRUT.5.0.1.0 data were obtained from http://www.metoffice.gov.uk/hadobs/hadcrut5 on 2023-10-13 17:19:31 and are © British Crown Copyright, Met Office 2023, provided under an Open Government License, http://www.nationalarchives.gov.uk/doc/open-government-licence/version/3/"
history,arab_subregion_1_JRA-55,""Data set created from file ['anl_surf125.011_tmp.202301_202312', 'anl_surf125.2023MMMM'] downloaded from ['', ''] at ['2023-10-06 11:01:38']""
history,arab_subregion_1_JRA-55,""Regridded to 1 degree latitude-longitude resolution""
history,arab_subregion_1_JRA-55,""Rebaselined to 1991-2020""
history,arab_subregion_1_JRA-55,""Calculated area-average""
history,arab_subregion_1_JRA-55,""Calculated annual average from monthly averages using arithmetic mean""
history,arab_subregion_1_JRA-55,""Selected years within the range 1900 to 2023.""
history,arab_subregion_1_JRA-55,""Wrote to file arab_subregion_1_JRA-55.csv""
history,arab_subregion_1_JRA-55,"Data set created from file ['arab_subregion_1_JRA-55.csv'] downloaded from [''] at ['2023-10-27 10:56:55']"
reference,arab_subregion_1_JRA-55,"Kobayashi, S., Ota, Y., Harada, Y., Ebita, A., Moriya, M., Onoda, H., Onogi, K., Kamahori, H., Kobayashi, C., Endo, H. and Miyaoka, K., (2015). The JRA-55 reanalysis: General specifications and basic characteristics. Journal of the Meteorological Society of Japan. Ser. II, 93(1), pp.5-48."
comments,arab_subregion_1_JRA-55,"Original data acknowledgement: "
history,arab_subregion_1_Kadow,""Data set created from file ['HadCRUT.5.0.1.0.anomalies.Kadow_et_al_2020_20crAI-infilled.ensemble_mean_185001-*.nc'] downloaded from [''] at ['2023-10-23 09:13:55']""
history,arab_subregion_1_Kadow,""Regridded to 1 degree latitude-longitude resolution""
history,arab_subregion_1_Kadow,""Rebaselined to 1991-2020""
history,arab_subregion_1_Kadow,""Calculated area-average""
history,arab_subregion_1_Kadow,""Calculated annual average from monthly averages using arithmetic mean""
history,arab_subregion_1_Kadow,""Selected years within the range 1900 to 2023.""
history,arab_subregion_1_Kadow,""Wrote to file arab_subregion_1_Kadow.csv""
history,arab_subregion_1_Kadow,"Data set created from file ['arab_subregion_1_Kadow.csv'] downloaded from [''] at ['2023-10-27 10:57:39']"
reference,arab_subregion_1_Kadow,"Kadow, C., Hall, D.M. & Ulbrich, U. Artificial intelligence reconstructs missing climate information. Nat. Geosci. (2020). https://doi.org/10.1038/s41561-020-0582-5"
comments,arab_subregion_1_Kadow,"Original data acknowledgement: "
history,arab_subregion_1_NOAA_Interim,""Data set created from file ['NOAAGlobalTemp_v*.nc'] downloaded from ['https://www.ncei.noaa.gov/data/noaa-global-surface-temperature/v5.1/access/gridded/NOAAGlobalTemp_v.*.nc'] at ['2023-10-14 08:45:48']""
history,arab_subregion_1_NOAA_Interim,""Data set created from file ['NOAAGlobalTemp_v*.nc'] downloaded from ['https://www.ncei.noaa.gov/data/noaa-global-surface-temperature/v5.1/access/gridded/NOAAGlobalTemp_v.*.nc'] at ['2023-10-14 08:45:48']""
history,arab_subregion_1_NOAA_Interim,""Regridded to 1 degree latitude-longitude resolution""
history,arab_subregion_1_NOAA_Interim,""Rebaselined to 1991-2020""
history,arab_subregion_1_NOAA_Interim,""Calculated area-average""
history,arab_subregion_1_NOAA_Interim,""Calculated annual average from monthly averages using arithmetic mean""
history,arab_subregion_1_NOAA_Interim,""Selected years within the range 1900 to 2023.""
history,arab_subregion_1_NOAA_Interim,""Wrote to file arab_subregion_1_NOAA Interim.csv""
history,arab_subregion_1_NOAA_Interim,"Data set created from file ['arab_subregion_1_NOAA Interim.csv'] downloaded from [''] at ['2023-10-27 10:58:40']"
reference,arab_subregion_1_NOAA_Interim,"Vose, R.S., B. Huang, X. Yin., D. Arndt, D.R. Easterling, J.H. Lawrimore, M.J. Menne, A. Sanchez-Lugo, H.-M. Zhang, 2021: Implementing full spatial coverage in NOAA’s global temperature analysis. Geophysical Research Letters, 48, e2020GL090873. https://doi.org/10.1029/2020GL090873"
comments,arab_subregion_1_NOAA_Interim,"Original data acknowledgement: "
long_name,time,time,days since 1800-01-01 00:00:00.0
type,time,int
long_name,year,year,1
type,year,int
long_name,arab_subregion_1_Berkeley_Earth,arab_subregion_1,degC
type,arab_subregion_1_Berkeley_Earth,float
long_name,arab_subregion_1_ERA5,arab_subregion_1,degC
type,arab_subregion_1_ERA5,float
long_name,arab_subregion_1_GISTEMP,arab_subregion_1,degC
type,arab_subregion_1_GISTEMP,float
long_name,arab_subregion_1_HadCRUT5,arab_subregion_1,degC
type,arab_subregion_1_HadCRUT5,float
long_name,arab_subregion_1_JRA-55,arab_subregion_1,degC
type,arab_subregion_1_JRA-55,float
long_name,arab_subregion_1_Kadow,arab_subregion_1,degC
type,arab_subregion_1_Kadow,float
long_name,arab_subregion_1_NOAA_Interim,arab_subregion_1,degC
type,arab_subregion_1_NOAA_Interim,float
coordinate_variable,time,t
data
time,year,arab_subregion_1_Berkeley_Earth,arab_subregion_1_ERA5,arab_subregion_1_GISTEMP,arab_subregion_1_HadCRUT5,arab_subregion_1_JRA-55,arab_subregion_1_Kadow,arab_subregion_1_NOAA_Interim
36524,1900,-1.0228,,-0.9232,-1.0798,,-1.3832,-1.1419
36889,1901,-0.8216,,-0.9178,-0.8464,,-1.0779,-0.8741
37254,1902,-0.9305,,-0.7356,-0.9722,,-1.1860,-0.9845
37619,1903,-1.5224,,-1.2977,-1.5662,,-1.7660,-1.4370
37984,1904,-1.4002,,-1.1779,-1.5433,,-1.7518,-1.5391
38350,1905,-1.4119,,-1.1621,-1.3994,,-1.4723,-1.3592
38715,1906,-1.3545,,-1.1839,-1.1655,,-1.2336,-1.3725
39080,1907,-1.7124,,-1.4205,-1.5160,,-1.6168,-1.7775
39445,1908,-1.3552,,-1.2587,-1.2826,,-1.4478,-1.2964
39811,1909,-1.0832,,-1.0759,-0.9684,,-1.0826,-1.2159
40176,1910,-1.4304,,-1.3053,-1.4492,,-1.5749,-1.4699
40541,1911,-1.5579,,-1.3739,-1.5574,,-1.6784,-1.6102
40906,1912,-1.3495,,-1.3087,-1.1841,,-1.3763,-1.4060
41272,1913,-1.3739,,-1.2833,-1.2863,,-1.5649,-1.3421
41637,1914,-1.0542,,-1.0040,-1.1011,,-1.3313,-1.3039
42002,1915,-0.8773,,-0.7528,-0.9473,,-1.1751,-1.0674
42367,1916,-1.1903,,-0.9967,-1.2010,,-1.3447,-1.2468
42733,1917,-1.4398,,-1.3940,-1.4071,,-1.5163,-1.4815
43098,1918,-1.4384,,-1.3307,-1.3839,,-1.5868,-1.5796
43463,1919,-1.0464,,-0.8946,-0.9101,,-1.0626,-1.0466
43828,1920,-1.3264,,-1.2346,-1.3161,,-1.4777,-1.3602
44194,1921,-1.3416,,-1.2631,-1.1555,,-1.4453,-1.3543
44559,1922,-1.0816,,-1.0632,-1.1042,,-1.2882,-1.2729
44924,1923,-1.2619,,-1.2404,-1.3608,,-1.5762,-1.4559
45289,1924,-0.7921,,-0.7691,-0.8473,,-0.9654,-0.8450
45655,1925,-1.1545,,-1.1673,-1.2663,,-1.4641,-1.2863
46020,1926,-0.7899,,-0.7755,-0.9054,,-1.0259,-0.9458
46385,1927,-0.8656,,-0.7513,-0.8921,,-0.9178,-0.8842
46750,1928,-0.8634,,-0.7645,-0.8082,,-0.9101,-0.9238
47116,1929,-1.1921,,-1.0947,-1.1050,,-1.2151,-1.1603
47481,1930,-0.9261,,-0.8089,-1.0029,,-1.0695,-0.9129
47846,1931,-0.6803,,-0.6204,-0.7001,,-0.7233,-0.5516
48211,1932,-1.0111,,-1.0430,-1.1225,,-1.2227,-1.0467
48577,1933,-1.1188,,-1.0576,-1.1026,,-1.1942,-1.0692
48942,1934,-1.2147,,-1.0106,-1.1768,,-1.1786,-1.1155
49307,1935,-1.0714,,-0.8621,-0.8157,,-0.9608,-0.9476
49672,1936,-1.0128,,-0.7938,-0.7213,,-0.7389,-0.8226
50038,1937,-0.7990,,-0.6048,-0.6262,,-0.6703,-0.7687
50403,1938,-1.2713,,-1.0943,-1.0316,,-1.1527,-1.2045
50768,1939,-0.9594,,-0.8369,-0.8118,,-0.9043,-0.9216
51133,1940,-0.8357,,-0.7964,-0.7656,,-0.8100,-0.8013
51499,1941,-0.7153,,-0.6553,-0.6854,,-0.7588,-0.6551
51864,1942,-0.7842,,-0.6462,-0.7787,,-0.7944,-0.7576
52229,1943,-1.2109,,-0.9793,-1.2115,,-1.2016,-1.1455
52594,1944,-0.9972,,-0.8977,-1.0186,,-1.1079,-1.0248
52960,1945,-1.0332,,-0.9216,-1.1205,,-1.1902,-1.0481
53325,1946,-0.9557,,-0.8852,-0.8942,,-0.9434,-0.9948
53690,1947,-0.5650,,-0.4676,-0.6151,,-0.7191,-0.5861
54055,1948,-1.2666,,-1.1633,-1.2432,,-1.3117,-1.2606
54421,1949,-1.3521,,-1.1972,-1.3096,,-1.3378,-1.2002
54786,1950,-1.3122,,-1.1269,-1.3266,,-1.3950,-1.2556
55151,1951,-0.8603,,-0.8819,-0.9226,,-0.9691,-0.8919
55516,1952,-0.8020,,-0.7191,-0.8314,,-0.8917,-0.9056
55882,1953,-1.0718,,-1.0478,-1.1406,,-1.1671,-1.0869
56247,1954,-1.1067,,-1.0318,-1.1814,,-1.2237,-1.1559
56612,1955,-0.5089,,-0.5090,-0.6583,,-0.6988,-0.6160
56977,1956,-1.2694,,-1.2518,-1.3184,,-1.3950,-1.2949
57343,1957,-1.1966,,-1.1112,-1.3059,,-1.3946,-1.1696
57708,1958,-0.5709,,-0.5544,-0.7610,-0.6273,-0.7834,-0.6365
58073,1959,-1.1559,,-1.0888,-1.3233,-1.2617,-1.4244,-1.1264
58438,1960,-0.5580,,-0.5171,-0.7085,-0.5215,-0.7648,-0.6096
58804,1961,-1.1013,,-0.9706,-1.1629,-1.1552,-1.2177,-1.1291
59169,1962,-0.6553,,-0.5962,-0.7777,-0.7292,-0.7861,-0.7093
59534,1963,-0.6500,,-0.6082,-0.7525,-0.7546,-0.7613,-0.6525
59899,1964,-1.1961,,-1.1443,-1.2676,-1.1927,-1.2684,-1.1756
60265,1965,-1.1317,,-1.0387,-1.1575,-0.9974,-1.1949,-1.1290
60630,1966,-0.6161,,-0.5505,-0.7342,-0.6369,-0.7611,-0.6382
60995,1967,-1.3405,,-1.3328,-1.4294,-1.4018,-1.4935,-1.3978
61360,1968,-1.0832,,-1.0153,-1.1246,-0.9965,-1.1527,-1.0559
61726,1969,-0.5150,,-0.5879,-0.5907,-0.3743,-0.5775,-0.4884
62091,1970,-0.8208,,-0.7705,-0.8612,-0.7511,-0.8687,-0.8476
62456,1971,-1.3091,,-1.2226,-1.3513,-1.2755,-1.3832,-1.2751
62821,1972,-1.2316,,-1.2092,-1.2125,-1.1760,-1.2423,-1.1839
63187,1973,-0.8600,,-0.8441,-1.0153,-0.7840,-1.0332,-0.8853
63552,1974,-1.2509,,-1.2444,-1.2961,-1.2206,-1.3306,-1.2694
63917,1975,-1.2883,,-1.1770,-1.3007,-1.2177,-1.3884,-1.2901
64282,1976,-1.2661,,-1.2161,-1.2250,-1.2925,-1.2874,-1.2367
64648,1977,-0.7244,,-0.8292,-0.8713,-0.8362,-0.8981,-0.8886
65013,1978,-0.7368,,-0.8501,-0.8227,-0.7661,-0.8345,-0.8826
65378,1979,-0.4068,-0.5769,-0.4464,-0.4665,-0.3631,-0.4428,-0.4660
65743,1980,-0.5927,-0.6905,-0.6880,-0.6845,-0.5626,-0.6950,-0.6943
66109,1981,-0.5858,-0.7170,-0.6135,-0.6853,-0.6030,-0.7055,-0.6898
66474,1982,-1.0787,-1.3076,-1.0128,-1.0364,-1.2284,-1.0436,-1.0241
66839,1983,-0.8782,-1.0129,-0.8580,-0.8469,-0.9547,-0.8406,-0.8657
67204,1984,-0.9448,-1.0558,-0.8781,-0.8582,-0.9070,-0.8745,-0.8711
67570,1985,-0.6849,-0.7796,-0.6054,-0.6736,-0.6903,-0.6966,-0.6204
67935,1986,-0.8555,-0.9460,-0.7684,-0.8524,-0.8491,-0.8953,-0.7859
68300,1987,-0.2318,-0.2583,-0.2768,-0.2651,-0.1908,-0.2458,-0.2386
68665,1988,-0.4464,-0.4373,-0.4327,-0.4418,-0.3596,-0.4585,-0.4187
69031,1989,-0.7470,-0.7505,-0.7043,-0.7479,-0.6942,-0.7705,-0.7552
69396,1990,-0.2947,-0.2714,-0.3375,-0.4192,-0.2182,-0.4017,-0.3412
69761,1991,-0.7149,-0.7204,-0.7671,-0.7180,-0.7134,-0.7409,-0.7150
70126,1992,-1.2250,-1.3623,-1.2163,-1.2393,-1.3642,-1.2598,-1.1833
70492,1993,-0.6142,-0.6752,-0.6592,-0.6136,-0.6837,-0.5872,-0.6235
70857,1994,-0.3973,-0.5259,-0.3945,-0.5456,-0.4368,-0.5110,-0.5345
71222,1995,-0.3866,-0.4733,-0.3635,-0.4075,-0.3365,-0.4034,-0.3485
71587,1996,-0.2205,-0.3352,-0.3026,-0.2590,-0.2332,-0.2156,-0.2156
71953,1997,-0.4427,-0.5272,-0.4278,-0.3551,-0.4026,-0.3316,-0.4036
72318,1998,0.0651,0.0401,0.0220,0.0348,0.1310,0.0179,0.0887
72683,1999,0.0722,0.0354,0.0907,-0.0127,0.1474,0.0443,0.0395
73048,2000,-0.2844,-0.3683,-0.2735,-0.3025,-0.2846,-0.2769,-0.2927
73414,2001,0.1234,0.1437,0.1352,0.0898,0.2439,0.1412,0.0963
73779,2002,0.0368,-0.0057,0.0486,0.0358,0.0736,0.0328,0.0773
74144,2003,0.0834,0.0499,0.0969,0.0956,0.1090,0.0889,0.0863
74509,2004,-0.0727,-0.1220,-0.0731,-0.0096,-0.0810,-0.0394,-0.0792
74875,2005,0.0110,0.0834,-0.0059,0.0301,0.0516,0.0094,0.0519
75240,2006,-0.0119,0.0179,0.0061,-0.0328,-0.0345,-0.0311,0.0440
75605,2007,-0.0615,0.0217,-0.0483,0.0043,-0.0251,-0.0255,-0.0399
75970,2008,-0.0632,-0.0142,-0.0322,-0.0129,-0.0292,-0.0283,-0.0486
76336,2009,0.1749,0.2403,0.1805,0.2155,0.2328,0.1836,0.1670
76701,2010,1.0261,1.1678,0.8622,1.0695,1.1369,1.0826,0.9563
77066,2011,-0.0736,-0.1318,-0.0608,-0.0428,-0.0556,-0.0119,-0.0573
77431,2012,0.0908,0.1070,0.1266,0.1417,0.1173,0.0868,0.1063
77797,2013,0.1128,0.1484,0.1128,0.1439,0.1451,0.1844,0.1021
78162,2014,0.3616,0.3698,0.3123,0.2904,0.3762,0.3366,0.2909
78527,2015,0.3029,0.3331,0.3244,0.3655,0.2490,0.3008,0.2541
78892,2016,0.6208,0.6761,0.6033,0.6659,0.6249,0.6937,0.6062
79258,2017,0.3659,0.3933,0.4169,0.3627,0.2653,0.3534,0.3509
79623,2018,0.4447,0.5464,0.4938,0.3962,0.3777,0.3913,0.4664
79988,2019,0.2586,0.3489,0.3188,0.2488,0.1266,0.1752,0.2825
80353,2020,0.4178,0.5383,0.4737,0.3610,0.2719,0.3399,0.4750
80719,2021,0.8038,0.9407,0.8429,0.7155,0.6817,0.6719,0.8315
81084,2022,0.4154,0.5252,0.5378,0.4051,0.3116,0.3694,0.4419
81449,2023,0.5515,0.7426,0.7080,0.5199,0.4391,0.3162,0.7048
end data
