Conventions,G,BADC-CSV,1
title,G,Global mean temperature
last_revised_date,G,2022-08-23
date_valid,G,2022-08-23
feature_type,G,area average
creator,G,WMO
source,G,Produced by climind version 0.1
observation_station,G,derived data
location,G,90.,-180.,-90.,180.
activity,G,WMO
history,G,"Time series created from file ['JRA-55_tmp2m_global_ts_Clim8110.txt'] downloaded from ['']"history,G,"Calculated annual average"
reference,G,"Kobayashi, S., Ota, Y., Harada, Y., Ebita, A., Moriya, M., Onoda, H., Onogi, K., Kamahori, H., Kobayashi, C., Endo, H. and Miyaoka, K., (2015). The JRA-55 reanalysis: General specifications and basic characteristics. Journal of the Meteorological Society of Japan. Ser. II, 93(1), pp.5-48."
rights,G,TBD
comments,G,Data produced by climind version 0.1
comments,G,Format description https://help.ceda.ac.uk/article/105-badc-csv
long_name,time,time,
type,time,int
long_name,year,year,1
type,year,int
long_name,data,tas,degC
type,data,float
coordinate_variable,time,t
data
time,year,data
57708,1958,-0.2765
58073,1959,-0.3430
58438,1960,-0.3610
58804,1961,-0.3369
59169,1962,-0.3509
59534,1963,-0.3489
59899,1964,-0.5457
60265,1965,-0.4744
60630,1966,-0.4416
60995,1967,-0.4449
61360,1968,-0.4731
61726,1969,-0.3241
62091,1970,-0.3653
62456,1971,-0.4911
62821,1972,-0.3808
63187,1973,-0.2821
63552,1974,-0.5513
63917,1975,-0.4901
64282,1976,-0.5977
64648,1977,-0.3218
65013,1978,-0.3834
65378,1979,-0.2666
65743,1980,-0.1412
66109,1981,-0.1022
66474,1982,-0.2886
66839,1983,-0.1061
67204,1984,-0.2937
67570,1985,-0.3249
67935,1986,-0.2261
68300,1987,-0.0868
68665,1988,-0.0608
69031,1989,-0.1691
69396,1990,0.0188
69761,1991,-0.0262
70126,1992,-0.2182
70492,1993,-0.1818
70857,1994,-0.1119
71222,1995,0.0616
71587,1996,-0.0693
71953,1997,0.0438
72318,1998,0.2406
72683,1999,-0.0068
73048,2000,-0.0059
73414,2001,0.1241
73779,2002,0.2287
74144,2003,0.1830
74509,2004,0.0933
74875,2005,0.2708
75240,2006,0.2223
75605,2007,0.2164
75970,2008,0.0729
76336,2009,0.2115
76701,2010,0.2900
77066,2011,0.1731
77431,2012,0.2153
77797,2013,0.2537
78162,2014,0.2949
78527,2015,0.4270
78892,2016,0.6115
79258,2017,0.4764
79623,2018,0.3927
79988,2019,0.5496
80353,2020,0.5447
80719,2021,0.3913
81084,2022,0.4256
end data
