Conventions,G,BADC-CSV,1
title,G,Global mean temperature
last_revised_date,G,2022-12-16
date_valid,G,2022-12-16
feature_type,G,area average
creator,G,WMO
source,G,Produced by climind version 0.1
observation_station,G,derived data
location,G,90.,-180.,-90.,180.
activity,G,WMO
history,G,"Data set created from file ['ts_1month_anomaly_Global_ERA5_2T_202207_1991-2020_v01.csv'] downloaded from ['https://climate.copernicus.eu/sites/default/files/ftp-data/temperature/2022/07/ERA5_1991-2020/ts_1month_anomaly_Global_ERA5_2T_202207_1991-2020_v01.csv'] at ['2022-09-01 09:15:16']"
history,G,"Calculated annual average from monthly averages using arithmetic mean"
reference,G,"Hersbach H, Bell B, Berrisford P et al. 2020. The ERA5 global reanalysis. Q. J. R. Meteorol. Soc. 146: 1999– 2049. https://doi.org/10.1002/qj.3803"
rights,G,TBD
comments,G,Data produced by climind version 0.1
comments,G,Format description https://help.ceda.ac.uk/article/105-badc-csv
long_name,time,time,days since 1800-01-01 00:00:00.0
type,time,int
long_name,year,year,1
type,year,int
long_name,data,tas,degC
type,data,float
coordinate_variable,time,t
data
time,year,data
65378,1979,-0.4290
65743,1980,-0.2978
66109,1981,-0.2644
66474,1982,-0.4637
66839,1983,-0.2688
67204,1984,-0.4814
67570,1985,-0.5218
67935,1986,-0.4330
68300,1987,-0.2777
68665,1988,-0.2455
69031,1989,-0.3639
69396,1990,-0.1324
69761,1991,-0.1872
70126,1992,-0.4193
70492,1993,-0.3735
70857,1994,-0.3371
71222,1995,-0.1594
71587,1996,-0.2893
71953,1997,-0.1671
72318,1998,0.0215
72683,1999,-0.2474
73048,2000,-0.2524
73414,2001,-0.0924
73779,2002,0.0043
74144,2003,-0.0087
74509,2004,-0.0701
74875,2005,0.0922
75240,2006,0.0441
75605,2007,0.0367
75970,2008,-0.0958
76336,2009,0.0349
76701,2010,0.1305
77066,2011,-0.0113
77431,2012,0.0398
77797,2013,0.0671
78162,2014,0.1062
78527,2015,0.2556
78892,2016,0.4392
79258,2017,0.3436
79623,2018,0.2639
79988,2019,0.3992
80353,2020,0.4322
80719,2021,0.2737
81084,2022,0.3035
end data
