Conventions,G,BADC-CSV,1
title,G,Global mean temperature
last_revised_date,G,2024-01-22
date_valid,G,2024-01-22
feature_type,G,area average
creator,G,WMO
source,G,Produced by climind version 1.0
observation_station,G,derived data
location,G,90.,-180.,-90.,180.
activity,G,WMO
history,G,"Data set created from file ['ts_1month_anomaly_Global_ERA5_2t_202312_1991-2020_v01.1.csv'] downloaded from ['https://climate.copernicus.eu/sites/default/files/ftp-data/temperature/2023/12/ERA5_1991-2020/ts_1month_anomaly_Global_ERA5_2t_202312_1991-2020_v01.1.csv'] at ['2024-01-05 08:43:31']"
history,G,"Calculated annual average from monthly averages using arithmetic mean"
reference,G,"Hersbach H, Bell B, Berrisford P et al. 2020. The ERA5 global reanalysis. Q. J. R. Meteorol. Soc. 146: 1999-2049. https://doi.org/10.1002/qj.3803"
rights,G,TBD
comments,G,Data produced by climind version 1.0
comments,G,Format description https://help.ceda.ac.uk/article/105-badc-csv
comments,G,"Original data acknowledgement: Contains using Copernicus Climate Change Service information [2024]. Neither the European Commission nor ECMWF is responsible for any use that may be made of the Copernicus information or data it contains."
long_name,time,time,days since 1800-01-01 00:00:00.0
type,time,int
long_name,year,year,1
type,year,int
long_name,data,tas,degC
type,data,float
coordinate_variable,time,t
data
time,year,data
51133,1940,-0.6867
51499,1941,-0.6400
51864,1942,-0.7325
52229,1943,-0.7267
52594,1944,-0.5350
52960,1945,-0.6750
53325,1946,-0.6708
53690,1947,-0.6267
54055,1948,-0.6883
54421,1949,-0.6550
54786,1950,-0.7667
55151,1951,-0.6350
55516,1952,-0.6492
55882,1953,-0.5725
56247,1954,-0.7700
56612,1955,-0.7875
56977,1956,-0.8475
57343,1957,-0.5992
57708,1958,-0.5333
58073,1959,-0.5675
58438,1960,-0.6125
58804,1961,-0.5375
59169,1962,-0.5975
59534,1963,-0.5600
59899,1964,-0.7717
60265,1965,-0.7092
60630,1966,-0.6333
60995,1967,-0.6192
61360,1968,-0.6800
61726,1969,-0.5508
62091,1970,-0.5750
62456,1971,-0.7292
62821,1972,-0.5958
63187,1973,-0.4917
63552,1974,-0.7658
63917,1975,-0.7425
64282,1976,-0.8117
64648,1977,-0.5267
65013,1978,-0.5842
65378,1979,-0.4290
65743,1980,-0.2978
66109,1981,-0.2644
66474,1982,-0.4637
66839,1983,-0.2688
67204,1984,-0.4815
67570,1985,-0.5219
67935,1986,-0.4331
68300,1987,-0.2777
68665,1988,-0.2456
69031,1989,-0.3639
69396,1990,-0.1325
69761,1991,-0.1872
70126,1992,-0.4193
70492,1993,-0.3735
70857,1994,-0.3372
71222,1995,-0.1594
71587,1996,-0.2894
71953,1997,-0.1671
72318,1998,0.0215
72683,1999,-0.2474
73048,2000,-0.2525
73414,2001,-0.0924
73779,2002,0.0042
74144,2003,-0.0087
74509,2004,-0.0701
74875,2005,0.0921
75240,2006,0.0440
75605,2007,0.0366
75970,2008,-0.0958
76336,2009,0.0348
76701,2010,0.1305
77066,2011,-0.0114
77431,2012,0.0398
77797,2013,0.0670
78162,2014,0.1063
78527,2015,0.2557
78892,2016,0.4393
79258,2017,0.3438
79623,2018,0.2640
79988,2019,0.3993
80353,2020,0.4323
80719,2021,0.2738
81084,2022,0.3010
81449,2023,0.6008
end data
