Conventions,G,BADC-CSV,1
title,G,Regional mean temperature for WMO RA 1 Africa
last_revised_date,G,2024-02-08
date_valid,G,2024-02-08
feature_type,G,area average
creator,G,WMO
source,G,Produced by climind version 1.0
observation_station,G,derived data
location,G,90.,-180.,-90.,180.
rights,G,TBD
activity,G,WMO
comments,G,Format description https://help.ceda.ac.uk/article/105-badc-csv
history,wmo_ra_1_Berkeley_Earth,""Data set created from file ['Land_and_Ocean_LatLong1.nc'] downloaded from ['https://berkeley-earth-temperature.s3.us-west-1.amazonaws.com/Global/Gridded/Land_and_Ocean_LatLong1.nc'] at ['2024-01-17 10:19:03']""
history,wmo_ra_1_Berkeley_Earth,""Rebaselined to 1991-2020""
history,wmo_ra_1_Berkeley_Earth,""Calculated area-average""
history,wmo_ra_1_Berkeley_Earth,""Calculated annual average from monthly averages using arithmetic mean""
history,wmo_ra_1_Berkeley_Earth,""Selected years within the range 1900 to 2023.""
history,wmo_ra_1_Berkeley_Earth,""Wrote to file wmo_ra_1_Berkeley Earth.csv""
history,wmo_ra_1_Berkeley_Earth,"Data set created from file ['wmo_ra_1_Berkeley Earth.csv'] downloaded from [''] at ['2024-01-17 11:05:25']"
reference,wmo_ra_1_Berkeley_Earth,"Rohde, R. A. and Hausfather, Z.: The Berkeley Earth Land/Ocean Temperature Record, Earth Syst. Sci. Data, 12, 3469-3479, https://doi.org/10.5194/essd-12-3469-2020, 2020"
comments,wmo_ra_1_Berkeley_Earth,"Original data acknowledgement: "
history,wmo_ra_1_ERA5,""Gridded dataset created from file ['era5_2m_tas_2024.nc'] downloaded from ['']""
history,wmo_ra_1_ERA5,""Regridded to 1 degree latitude-longitude resolution""
history,wmo_ra_1_ERA5,""Rebaselined to 1991-2020""
history,wmo_ra_1_ERA5,""Calculated area-average""
history,wmo_ra_1_ERA5,""Calculated annual average from monthly averages using arithmetic mean""
history,wmo_ra_1_ERA5,""Selected years within the range 1900 to 2023.""
history,wmo_ra_1_ERA5,""Wrote to file wmo_ra_1_ERA5.csv""
history,wmo_ra_1_ERA5,"Data set created from file ['wmo_ra_1_ERA5.csv'] downloaded from [''] at ['2024-01-17 11:06:29']"
reference,wmo_ra_1_ERA5,"Hersbach H, Bell B, Berrisford P et al. 2020. The ERA5 global reanalysis. Q. J. R. Meteorol. Soc. 146: 1999-2049. https://doi.org/10.1002/qj.3803"
comments,wmo_ra_1_ERA5,"Original data acknowledgement: Contains using Copernicus Climate Change Service information [2024]. Neither the European Commission nor ECMWF is responsible for any use that may be made of the Copernicus information or data it contains."
history,wmo_ra_1_GISTEMP,""Data set created from file ['gistemp1200_GHCNv4_ERSSTv5.nc.gz'] downloaded from ['https://data.giss.nasa.gov/pub/gistemp/gistemp1200_GHCNv4_ERSSTv5.nc.gz'] at ['2024-01-15 11:20:46']""
history,wmo_ra_1_GISTEMP,""Regridded to 1 degree latitude-longitude resolution""
history,wmo_ra_1_GISTEMP,""Rebaselined to 1991-2020""
history,wmo_ra_1_GISTEMP,""Calculated area-average""
history,wmo_ra_1_GISTEMP,""Calculated annual average from monthly averages using arithmetic mean""
history,wmo_ra_1_GISTEMP,""Selected years within the range 1900 to 2023.""
history,wmo_ra_1_GISTEMP,""Wrote to file wmo_ra_1_GISTEMP.csv""
history,wmo_ra_1_GISTEMP,"Data set created from file ['wmo_ra_1_GISTEMP.csv'] downloaded from [''] at ['2024-01-17 11:06:48']"
reference,wmo_ra_1_GISTEMP,"Lenssen, N., G. Schmidt, J. Hansen, M. Menne, A. Persin, R. Ruedy, and D. Zyss, 2019: Improvements in the GISTEMP uncertainty model. J. Geophys. Res. Atmos., 124, no. 12, 6307-6326, doi:10.1029/2018JD029522"
comments,wmo_ra_1_GISTEMP,"Original data acknowledgement: "
history,wmo_ra_1_HadCRUT5,""Data set created from file ['HadCRUT.5.0.2.0.analysis.anomalies.ensemble_mean.nc'] downloaded from ['https://www.metoffice.gov.uk/hadobs/hadcrut5/data/HadCRUT.5.0.2.0/analysis/HadCRUT.5.0.2.0.analysis.anomalies.ensemble_mean.nc'] at ['2024-01-15 11:56:27']""
history,wmo_ra_1_HadCRUT5,""Regridded to 1 degree latitude-longitude resolution""
history,wmo_ra_1_HadCRUT5,""Rebaselined to 1991-2020""
history,wmo_ra_1_HadCRUT5,""Calculated area-average""
history,wmo_ra_1_HadCRUT5,""Calculated annual average from monthly averages using arithmetic mean""
history,wmo_ra_1_HadCRUT5,""Selected years within the range 1900 to 2023.""
history,wmo_ra_1_HadCRUT5,""Wrote to file wmo_ra_1_HadCRUT5.csv""
history,wmo_ra_1_HadCRUT5,"Data set created from file ['wmo_ra_1_HadCRUT5.csv'] downloaded from [''] at ['2024-01-17 11:07:29']"
reference,wmo_ra_1_HadCRUT5,"Morice, C. P., Kennedy, J. J., Rayner, N. A., Winn, J. P., Hogan, E., Killick, R. E., et al. (2021). An updated assessment of near-surface temperature change from 1850: the HadCRUT5 data set. Journal of Geophysical Research: Atmospheres, 126, e2019JD032361. https://doi.org/10.1029/2019JD032361"
comments,wmo_ra_1_HadCRUT5,"Original data acknowledgement: HadCRUT.5.0.2.0 data were obtained from http://www.metoffice.gov.uk/hadobs/hadcrut5 on 2024-01-15 11:56:27 and are © British Crown Copyright, Met Office 2024, provided under an Open Government License, http://www.nationalarchives.gov.uk/doc/open-government-licence/version/3/"
history,wmo_ra_1_JRA-55,""Data set created from file ['anl_surf125.011_tmp.202401_202412', 'anl_surf125.2024MMMM'] downloaded from ['', ''] at ['2024-01-15 11:20:51']""
history,wmo_ra_1_JRA-55,""Regridded to 1 degree latitude-longitude resolution""
history,wmo_ra_1_JRA-55,""Rebaselined to 1991-2020""
history,wmo_ra_1_JRA-55,""Calculated area-average""
history,wmo_ra_1_JRA-55,""Calculated annual average from monthly averages using arithmetic mean""
history,wmo_ra_1_JRA-55,""Selected years within the range 1900 to 2023.""
history,wmo_ra_1_JRA-55,""Wrote to file wmo_ra_1_JRA-55.csv""
history,wmo_ra_1_JRA-55,"Data set created from file ['wmo_ra_1_JRA-55.csv'] downloaded from [''] at ['2024-01-17 11:08:33']"
reference,wmo_ra_1_JRA-55,"Kobayashi, S., Ota, Y., Harada, Y., Ebita, A., Moriya, M., Onoda, H., Onogi, K., Kamahori, H., Kobayashi, C., Endo, H. and Miyaoka, K., (2015). The JRA-55 reanalysis: General specifications and basic characteristics. Journal of the Meteorological Society of Japan. Ser. II, 93(1), pp.5-48."
comments,wmo_ra_1_JRA-55,"Original data acknowledgement: "
history,wmo_ra_1_NOAA_Interim,""Data set created from file ['NOAAGlobalTemp_v*.nc'] downloaded from ['https://www.ncei.noaa.gov/data/noaa-global-surface-temperature/v5.1/access/gridded/NOAAGlobalTemp_v.*.nc'] at ['2024-01-17 10:19:08']""
history,wmo_ra_1_NOAA_Interim,""Data set created from file ['NOAAGlobalTemp_v*.nc'] downloaded from ['https://www.ncei.noaa.gov/data/noaa-global-surface-temperature/v5.1/access/gridded/NOAAGlobalTemp_v.*.nc'] at ['2024-01-17 10:19:08']""
history,wmo_ra_1_NOAA_Interim,""Regridded to 1 degree latitude-longitude resolution""
history,wmo_ra_1_NOAA_Interim,""Rebaselined to 1991-2020""
history,wmo_ra_1_NOAA_Interim,""Calculated area-average""
history,wmo_ra_1_NOAA_Interim,""Calculated annual average from monthly averages using arithmetic mean""
history,wmo_ra_1_NOAA_Interim,""Selected years within the range 1900 to 2023.""
history,wmo_ra_1_NOAA_Interim,""Wrote to file wmo_ra_1_NOAA Interim.csv""
history,wmo_ra_1_NOAA_Interim,"Data set created from file ['wmo_ra_1_NOAA Interim.csv'] downloaded from [''] at ['2024-01-17 11:09:48']"
reference,wmo_ra_1_NOAA_Interim,"Vose, R.S., B. Huang, X. Yin., D. Arndt, D.R. Easterling, J.H. Lawrimore, M.J. Menne, A. Sanchez-Lugo, H.-M. Zhang, 2021: Implementing full spatial coverage in NOAA’s global temperature analysis. Geophysical Research Letters, 48, e2020GL090873. https://doi.org/10.1029/2020GL090873"
comments,wmo_ra_1_NOAA_Interim,"Original data acknowledgement: "
history,wmo_ra_2_Berkeley_Earth,""Data set created from file ['Land_and_Ocean_LatLong1.nc'] downloaded from ['https://berkeley-earth-temperature.s3.us-west-1.amazonaws.com/Global/Gridded/Land_and_Ocean_LatLong1.nc'] at ['2024-01-17 10:19:03']""
history,wmo_ra_2_Berkeley_Earth,""Rebaselined to 1991-2020""
history,wmo_ra_2_Berkeley_Earth,""Calculated area-average""
history,wmo_ra_2_Berkeley_Earth,""Calculated annual average from monthly averages using arithmetic mean""
history,wmo_ra_2_Berkeley_Earth,""Selected years within the range 1900 to 2023.""
history,wmo_ra_2_Berkeley_Earth,""Wrote to file wmo_ra_2_Berkeley Earth.csv""
history,wmo_ra_2_Berkeley_Earth,"Data set created from file ['wmo_ra_2_Berkeley Earth.csv'] downloaded from [''] at ['2024-01-17 11:05:27']"
reference,wmo_ra_2_Berkeley_Earth,"Rohde, R. A. and Hausfather, Z.: The Berkeley Earth Land/Ocean Temperature Record, Earth Syst. Sci. Data, 12, 3469-3479, https://doi.org/10.5194/essd-12-3469-2020, 2020"
comments,wmo_ra_2_Berkeley_Earth,"Original data acknowledgement: "
history,wmo_ra_2_ERA5,""Gridded dataset created from file ['era5_2m_tas_2024.nc'] downloaded from ['']""
history,wmo_ra_2_ERA5,""Regridded to 1 degree latitude-longitude resolution""
history,wmo_ra_2_ERA5,""Rebaselined to 1991-2020""
history,wmo_ra_2_ERA5,""Calculated area-average""
history,wmo_ra_2_ERA5,""Calculated annual average from monthly averages using arithmetic mean""
history,wmo_ra_2_ERA5,""Selected years within the range 1900 to 2023.""
history,wmo_ra_2_ERA5,""Wrote to file wmo_ra_2_ERA5.csv""
history,wmo_ra_2_ERA5,"Data set created from file ['wmo_ra_2_ERA5.csv'] downloaded from [''] at ['2024-01-17 11:06:29']"
reference,wmo_ra_2_ERA5,"Hersbach H, Bell B, Berrisford P et al. 2020. The ERA5 global reanalysis. Q. J. R. Meteorol. Soc. 146: 1999-2049. https://doi.org/10.1002/qj.3803"
comments,wmo_ra_2_ERA5,"Original data acknowledgement: Contains using Copernicus Climate Change Service information [2024]. Neither the European Commission nor ECMWF is responsible for any use that may be made of the Copernicus information or data it contains."
history,wmo_ra_2_GISTEMP,""Data set created from file ['gistemp1200_GHCNv4_ERSSTv5.nc.gz'] downloaded from ['https://data.giss.nasa.gov/pub/gistemp/gistemp1200_GHCNv4_ERSSTv5.nc.gz'] at ['2024-01-15 11:20:46']""
history,wmo_ra_2_GISTEMP,""Regridded to 1 degree latitude-longitude resolution""
history,wmo_ra_2_GISTEMP,""Rebaselined to 1991-2020""
history,wmo_ra_2_GISTEMP,""Calculated area-average""
history,wmo_ra_2_GISTEMP,""Calculated annual average from monthly averages using arithmetic mean""
history,wmo_ra_2_GISTEMP,""Selected years within the range 1900 to 2023.""
history,wmo_ra_2_GISTEMP,""Wrote to file wmo_ra_2_GISTEMP.csv""
history,wmo_ra_2_GISTEMP,"Data set created from file ['wmo_ra_2_GISTEMP.csv'] downloaded from [''] at ['2024-01-17 11:06:49']"
reference,wmo_ra_2_GISTEMP,"Lenssen, N., G. Schmidt, J. Hansen, M. Menne, A. Persin, R. Ruedy, and D. Zyss, 2019: Improvements in the GISTEMP uncertainty model. J. Geophys. Res. Atmos., 124, no. 12, 6307-6326, doi:10.1029/2018JD029522"
comments,wmo_ra_2_GISTEMP,"Original data acknowledgement: "
history,wmo_ra_2_HadCRUT5,""Data set created from file ['HadCRUT.5.0.2.0.analysis.anomalies.ensemble_mean.nc'] downloaded from ['https://www.metoffice.gov.uk/hadobs/hadcrut5/data/HadCRUT.5.0.2.0/analysis/HadCRUT.5.0.2.0.analysis.anomalies.ensemble_mean.nc'] at ['2024-01-15 11:56:27']""
history,wmo_ra_2_HadCRUT5,""Regridded to 1 degree latitude-longitude resolution""
history,wmo_ra_2_HadCRUT5,""Rebaselined to 1991-2020""
history,wmo_ra_2_HadCRUT5,""Calculated area-average""
history,wmo_ra_2_HadCRUT5,""Calculated annual average from monthly averages using arithmetic mean""
history,wmo_ra_2_HadCRUT5,""Selected years within the range 1900 to 2023.""
history,wmo_ra_2_HadCRUT5,""Wrote to file wmo_ra_2_HadCRUT5.csv""
history,wmo_ra_2_HadCRUT5,"Data set created from file ['wmo_ra_2_HadCRUT5.csv'] downloaded from [''] at ['2024-01-17 11:07:31']"
reference,wmo_ra_2_HadCRUT5,"Morice, C. P., Kennedy, J. J., Rayner, N. A., Winn, J. P., Hogan, E., Killick, R. E., et al. (2021). An updated assessment of near-surface temperature change from 1850: the HadCRUT5 data set. Journal of Geophysical Research: Atmospheres, 126, e2019JD032361. https://doi.org/10.1029/2019JD032361"
comments,wmo_ra_2_HadCRUT5,"Original data acknowledgement: HadCRUT.5.0.2.0 data were obtained from http://www.metoffice.gov.uk/hadobs/hadcrut5 on 2024-01-15 11:56:27 and are © British Crown Copyright, Met Office 2024, provided under an Open Government License, http://www.nationalarchives.gov.uk/doc/open-government-licence/version/3/"
history,wmo_ra_2_JRA-55,""Data set created from file ['anl_surf125.011_tmp.202401_202412', 'anl_surf125.2024MMMM'] downloaded from ['', ''] at ['2024-01-15 11:20:51']""
history,wmo_ra_2_JRA-55,""Regridded to 1 degree latitude-longitude resolution""
history,wmo_ra_2_JRA-55,""Rebaselined to 1991-2020""
history,wmo_ra_2_JRA-55,""Calculated area-average""
history,wmo_ra_2_JRA-55,""Calculated annual average from monthly averages using arithmetic mean""
history,wmo_ra_2_JRA-55,""Selected years within the range 1900 to 2023.""
history,wmo_ra_2_JRA-55,""Wrote to file wmo_ra_2_JRA-55.csv""
history,wmo_ra_2_JRA-55,"Data set created from file ['wmo_ra_2_JRA-55.csv'] downloaded from [''] at ['2024-01-17 11:08:34']"
reference,wmo_ra_2_JRA-55,"Kobayashi, S., Ota, Y., Harada, Y., Ebita, A., Moriya, M., Onoda, H., Onogi, K., Kamahori, H., Kobayashi, C., Endo, H. and Miyaoka, K., (2015). The JRA-55 reanalysis: General specifications and basic characteristics. Journal of the Meteorological Society of Japan. Ser. II, 93(1), pp.5-48."
comments,wmo_ra_2_JRA-55,"Original data acknowledgement: "
history,wmo_ra_2_NOAA_Interim,""Data set created from file ['NOAAGlobalTemp_v*.nc'] downloaded from ['https://www.ncei.noaa.gov/data/noaa-global-surface-temperature/v5.1/access/gridded/NOAAGlobalTemp_v.*.nc'] at ['2024-01-17 10:19:08']""
history,wmo_ra_2_NOAA_Interim,""Data set created from file ['NOAAGlobalTemp_v*.nc'] downloaded from ['https://www.ncei.noaa.gov/data/noaa-global-surface-temperature/v5.1/access/gridded/NOAAGlobalTemp_v.*.nc'] at ['2024-01-17 10:19:08']""
history,wmo_ra_2_NOAA_Interim,""Regridded to 1 degree latitude-longitude resolution""
history,wmo_ra_2_NOAA_Interim,""Rebaselined to 1991-2020""
history,wmo_ra_2_NOAA_Interim,""Calculated area-average""
history,wmo_ra_2_NOAA_Interim,""Calculated annual average from monthly averages using arithmetic mean""
history,wmo_ra_2_NOAA_Interim,""Selected years within the range 1900 to 2023.""
history,wmo_ra_2_NOAA_Interim,""Wrote to file wmo_ra_2_NOAA Interim.csv""
history,wmo_ra_2_NOAA_Interim,"Data set created from file ['wmo_ra_2_NOAA Interim.csv'] downloaded from [''] at ['2024-01-17 11:09:50']"
reference,wmo_ra_2_NOAA_Interim,"Vose, R.S., B. Huang, X. Yin., D. Arndt, D.R. Easterling, J.H. Lawrimore, M.J. Menne, A. Sanchez-Lugo, H.-M. Zhang, 2021: Implementing full spatial coverage in NOAA’s global temperature analysis. Geophysical Research Letters, 48, e2020GL090873. https://doi.org/10.1029/2020GL090873"
comments,wmo_ra_2_NOAA_Interim,"Original data acknowledgement: "
history,wmo_ra_3_Berkeley_Earth,""Data set created from file ['Land_and_Ocean_LatLong1.nc'] downloaded from ['https://berkeley-earth-temperature.s3.us-west-1.amazonaws.com/Global/Gridded/Land_and_Ocean_LatLong1.nc'] at ['2024-01-17 10:19:03']""
history,wmo_ra_3_Berkeley_Earth,""Rebaselined to 1991-2020""
history,wmo_ra_3_Berkeley_Earth,""Calculated area-average""
history,wmo_ra_3_Berkeley_Earth,""Calculated annual average from monthly averages using arithmetic mean""
history,wmo_ra_3_Berkeley_Earth,""Selected years within the range 1900 to 2023.""
history,wmo_ra_3_Berkeley_Earth,""Wrote to file wmo_ra_3_Berkeley Earth.csv""
history,wmo_ra_3_Berkeley_Earth,"Data set created from file ['wmo_ra_3_Berkeley Earth.csv'] downloaded from [''] at ['2024-01-17 11:05:30']"
reference,wmo_ra_3_Berkeley_Earth,"Rohde, R. A. and Hausfather, Z.: The Berkeley Earth Land/Ocean Temperature Record, Earth Syst. Sci. Data, 12, 3469-3479, https://doi.org/10.5194/essd-12-3469-2020, 2020"
comments,wmo_ra_3_Berkeley_Earth,"Original data acknowledgement: "
history,wmo_ra_3_ERA5,""Gridded dataset created from file ['era5_2m_tas_2024.nc'] downloaded from ['']""
history,wmo_ra_3_ERA5,""Regridded to 1 degree latitude-longitude resolution""
history,wmo_ra_3_ERA5,""Rebaselined to 1991-2020""
history,wmo_ra_3_ERA5,""Calculated area-average""
history,wmo_ra_3_ERA5,""Calculated annual average from monthly averages using arithmetic mean""
history,wmo_ra_3_ERA5,""Selected years within the range 1900 to 2023.""
history,wmo_ra_3_ERA5,""Wrote to file wmo_ra_3_ERA5.csv""
history,wmo_ra_3_ERA5,"Data set created from file ['wmo_ra_3_ERA5.csv'] downloaded from [''] at ['2024-01-17 11:06:30']"
reference,wmo_ra_3_ERA5,"Hersbach H, Bell B, Berrisford P et al. 2020. The ERA5 global reanalysis. Q. J. R. Meteorol. Soc. 146: 1999-2049. https://doi.org/10.1002/qj.3803"
comments,wmo_ra_3_ERA5,"Original data acknowledgement: Contains using Copernicus Climate Change Service information [2024]. Neither the European Commission nor ECMWF is responsible for any use that may be made of the Copernicus information or data it contains."
history,wmo_ra_3_GISTEMP,""Data set created from file ['gistemp1200_GHCNv4_ERSSTv5.nc.gz'] downloaded from ['https://data.giss.nasa.gov/pub/gistemp/gistemp1200_GHCNv4_ERSSTv5.nc.gz'] at ['2024-01-15 11:20:46']""
history,wmo_ra_3_GISTEMP,""Regridded to 1 degree latitude-longitude resolution""
history,wmo_ra_3_GISTEMP,""Rebaselined to 1991-2020""
history,wmo_ra_3_GISTEMP,""Calculated area-average""
history,wmo_ra_3_GISTEMP,""Calculated annual average from monthly averages using arithmetic mean""
history,wmo_ra_3_GISTEMP,""Selected years within the range 1900 to 2023.""
history,wmo_ra_3_GISTEMP,""Wrote to file wmo_ra_3_GISTEMP.csv""
history,wmo_ra_3_GISTEMP,"Data set created from file ['wmo_ra_3_GISTEMP.csv'] downloaded from [''] at ['2024-01-17 11:06:51']"
reference,wmo_ra_3_GISTEMP,"Lenssen, N., G. Schmidt, J. Hansen, M. Menne, A. Persin, R. Ruedy, and D. Zyss, 2019: Improvements in the GISTEMP uncertainty model. J. Geophys. Res. Atmos., 124, no. 12, 6307-6326, doi:10.1029/2018JD029522"
comments,wmo_ra_3_GISTEMP,"Original data acknowledgement: "
history,wmo_ra_3_HadCRUT5,""Data set created from file ['HadCRUT.5.0.2.0.analysis.anomalies.ensemble_mean.nc'] downloaded from ['https://www.metoffice.gov.uk/hadobs/hadcrut5/data/HadCRUT.5.0.2.0/analysis/HadCRUT.5.0.2.0.analysis.anomalies.ensemble_mean.nc'] at ['2024-01-15 11:56:27']""
history,wmo_ra_3_HadCRUT5,""Regridded to 1 degree latitude-longitude resolution""
history,wmo_ra_3_HadCRUT5,""Rebaselined to 1991-2020""
history,wmo_ra_3_HadCRUT5,""Calculated area-average""
history,wmo_ra_3_HadCRUT5,""Calculated annual average from monthly averages using arithmetic mean""
history,wmo_ra_3_HadCRUT5,""Selected years within the range 1900 to 2023.""
history,wmo_ra_3_HadCRUT5,""Wrote to file wmo_ra_3_HadCRUT5.csv""
history,wmo_ra_3_HadCRUT5,"Data set created from file ['wmo_ra_3_HadCRUT5.csv'] downloaded from [''] at ['2024-01-17 11:07:34']"
reference,wmo_ra_3_HadCRUT5,"Morice, C. P., Kennedy, J. J., Rayner, N. A., Winn, J. P., Hogan, E., Killick, R. E., et al. (2021). An updated assessment of near-surface temperature change from 1850: the HadCRUT5 data set. Journal of Geophysical Research: Atmospheres, 126, e2019JD032361. https://doi.org/10.1029/2019JD032361"
comments,wmo_ra_3_HadCRUT5,"Original data acknowledgement: HadCRUT.5.0.2.0 data were obtained from http://www.metoffice.gov.uk/hadobs/hadcrut5 on 2024-01-15 11:56:27 and are © British Crown Copyright, Met Office 2024, provided under an Open Government License, http://www.nationalarchives.gov.uk/doc/open-government-licence/version/3/"
history,wmo_ra_3_JRA-55,""Data set created from file ['anl_surf125.011_tmp.202401_202412', 'anl_surf125.2024MMMM'] downloaded from ['', ''] at ['2024-01-15 11:20:51']""
history,wmo_ra_3_JRA-55,""Regridded to 1 degree latitude-longitude resolution""
history,wmo_ra_3_JRA-55,""Rebaselined to 1991-2020""
history,wmo_ra_3_JRA-55,""Calculated area-average""
history,wmo_ra_3_JRA-55,""Calculated annual average from monthly averages using arithmetic mean""
history,wmo_ra_3_JRA-55,""Selected years within the range 1900 to 2023.""
history,wmo_ra_3_JRA-55,""Wrote to file wmo_ra_3_JRA-55.csv""
history,wmo_ra_3_JRA-55,"Data set created from file ['wmo_ra_3_JRA-55.csv'] downloaded from [''] at ['2024-01-17 11:08:35']"
reference,wmo_ra_3_JRA-55,"Kobayashi, S., Ota, Y., Harada, Y., Ebita, A., Moriya, M., Onoda, H., Onogi, K., Kamahori, H., Kobayashi, C., Endo, H. and Miyaoka, K., (2015). The JRA-55 reanalysis: General specifications and basic characteristics. Journal of the Meteorological Society of Japan. Ser. II, 93(1), pp.5-48."
comments,wmo_ra_3_JRA-55,"Original data acknowledgement: "
history,wmo_ra_3_NOAA_Interim,""Data set created from file ['NOAAGlobalTemp_v*.nc'] downloaded from ['https://www.ncei.noaa.gov/data/noaa-global-surface-temperature/v5.1/access/gridded/NOAAGlobalTemp_v.*.nc'] at ['2024-01-17 10:19:08']""
history,wmo_ra_3_NOAA_Interim,""Data set created from file ['NOAAGlobalTemp_v*.nc'] downloaded from ['https://www.ncei.noaa.gov/data/noaa-global-surface-temperature/v5.1/access/gridded/NOAAGlobalTemp_v.*.nc'] at ['2024-01-17 10:19:08']""
history,wmo_ra_3_NOAA_Interim,""Regridded to 1 degree latitude-longitude resolution""
history,wmo_ra_3_NOAA_Interim,""Rebaselined to 1991-2020""
history,wmo_ra_3_NOAA_Interim,""Calculated area-average""
history,wmo_ra_3_NOAA_Interim,""Calculated annual average from monthly averages using arithmetic mean""
history,wmo_ra_3_NOAA_Interim,""Selected years within the range 1900 to 2023.""
history,wmo_ra_3_NOAA_Interim,""Wrote to file wmo_ra_3_NOAA Interim.csv""
history,wmo_ra_3_NOAA_Interim,"Data set created from file ['wmo_ra_3_NOAA Interim.csv'] downloaded from [''] at ['2024-01-17 11:09:53']"
reference,wmo_ra_3_NOAA_Interim,"Vose, R.S., B. Huang, X. Yin., D. Arndt, D.R. Easterling, J.H. Lawrimore, M.J. Menne, A. Sanchez-Lugo, H.-M. Zhang, 2021: Implementing full spatial coverage in NOAA’s global temperature analysis. Geophysical Research Letters, 48, e2020GL090873. https://doi.org/10.1029/2020GL090873"
comments,wmo_ra_3_NOAA_Interim,"Original data acknowledgement: "
history,wmo_ra_4_Berkeley_Earth,""Data set created from file ['Land_and_Ocean_LatLong1.nc'] downloaded from ['https://berkeley-earth-temperature.s3.us-west-1.amazonaws.com/Global/Gridded/Land_and_Ocean_LatLong1.nc'] at ['2024-01-17 10:19:03']""
history,wmo_ra_4_Berkeley_Earth,""Rebaselined to 1991-2020""
history,wmo_ra_4_Berkeley_Earth,""Calculated area-average""
history,wmo_ra_4_Berkeley_Earth,""Calculated annual average from monthly averages using arithmetic mean""
history,wmo_ra_4_Berkeley_Earth,""Selected years within the range 1900 to 2023.""
history,wmo_ra_4_Berkeley_Earth,""Wrote to file wmo_ra_4_Berkeley Earth.csv""
history,wmo_ra_4_Berkeley_Earth,"Data set created from file ['wmo_ra_4_Berkeley Earth.csv'] downloaded from [''] at ['2024-01-17 11:05:32']"
reference,wmo_ra_4_Berkeley_Earth,"Rohde, R. A. and Hausfather, Z.: The Berkeley Earth Land/Ocean Temperature Record, Earth Syst. Sci. Data, 12, 3469-3479, https://doi.org/10.5194/essd-12-3469-2020, 2020"
comments,wmo_ra_4_Berkeley_Earth,"Original data acknowledgement: "
history,wmo_ra_4_ERA5,""Gridded dataset created from file ['era5_2m_tas_2024.nc'] downloaded from ['']""
history,wmo_ra_4_ERA5,""Regridded to 1 degree latitude-longitude resolution""
history,wmo_ra_4_ERA5,""Rebaselined to 1991-2020""
history,wmo_ra_4_ERA5,""Calculated area-average""
history,wmo_ra_4_ERA5,""Calculated annual average from monthly averages using arithmetic mean""
history,wmo_ra_4_ERA5,""Selected years within the range 1900 to 2023.""
history,wmo_ra_4_ERA5,""Wrote to file wmo_ra_4_ERA5.csv""
history,wmo_ra_4_ERA5,"Data set created from file ['wmo_ra_4_ERA5.csv'] downloaded from [''] at ['2024-01-17 11:06:31']"
reference,wmo_ra_4_ERA5,"Hersbach H, Bell B, Berrisford P et al. 2020. The ERA5 global reanalysis. Q. J. R. Meteorol. Soc. 146: 1999-2049. https://doi.org/10.1002/qj.3803"
comments,wmo_ra_4_ERA5,"Original data acknowledgement: Contains using Copernicus Climate Change Service information [2024]. Neither the European Commission nor ECMWF is responsible for any use that may be made of the Copernicus information or data it contains."
history,wmo_ra_4_GISTEMP,""Data set created from file ['gistemp1200_GHCNv4_ERSSTv5.nc.gz'] downloaded from ['https://data.giss.nasa.gov/pub/gistemp/gistemp1200_GHCNv4_ERSSTv5.nc.gz'] at ['2024-01-15 11:20:46']""
history,wmo_ra_4_GISTEMP,""Regridded to 1 degree latitude-longitude resolution""
history,wmo_ra_4_GISTEMP,""Rebaselined to 1991-2020""
history,wmo_ra_4_GISTEMP,""Calculated area-average""
history,wmo_ra_4_GISTEMP,""Calculated annual average from monthly averages using arithmetic mean""
history,wmo_ra_4_GISTEMP,""Selected years within the range 1900 to 2023.""
history,wmo_ra_4_GISTEMP,""Wrote to file wmo_ra_4_GISTEMP.csv""
history,wmo_ra_4_GISTEMP,"Data set created from file ['wmo_ra_4_GISTEMP.csv'] downloaded from [''] at ['2024-01-17 11:06:52']"
reference,wmo_ra_4_GISTEMP,"Lenssen, N., G. Schmidt, J. Hansen, M. Menne, A. Persin, R. Ruedy, and D. Zyss, 2019: Improvements in the GISTEMP uncertainty model. J. Geophys. Res. Atmos., 124, no. 12, 6307-6326, doi:10.1029/2018JD029522"
comments,wmo_ra_4_GISTEMP,"Original data acknowledgement: "
history,wmo_ra_4_HadCRUT5,""Data set created from file ['HadCRUT.5.0.2.0.analysis.anomalies.ensemble_mean.nc'] downloaded from ['https://www.metoffice.gov.uk/hadobs/hadcrut5/data/HadCRUT.5.0.2.0/analysis/HadCRUT.5.0.2.0.analysis.anomalies.ensemble_mean.nc'] at ['2024-01-15 11:56:27']""
history,wmo_ra_4_HadCRUT5,""Regridded to 1 degree latitude-longitude resolution""
history,wmo_ra_4_HadCRUT5,""Rebaselined to 1991-2020""
history,wmo_ra_4_HadCRUT5,""Calculated area-average""
history,wmo_ra_4_HadCRUT5,""Calculated annual average from monthly averages using arithmetic mean""
history,wmo_ra_4_HadCRUT5,""Selected years within the range 1900 to 2023.""
history,wmo_ra_4_HadCRUT5,""Wrote to file wmo_ra_4_HadCRUT5.csv""
history,wmo_ra_4_HadCRUT5,"Data set created from file ['wmo_ra_4_HadCRUT5.csv'] downloaded from [''] at ['2024-01-17 11:07:36']"
reference,wmo_ra_4_HadCRUT5,"Morice, C. P., Kennedy, J. J., Rayner, N. A., Winn, J. P., Hogan, E., Killick, R. E., et al. (2021). An updated assessment of near-surface temperature change from 1850: the HadCRUT5 data set. Journal of Geophysical Research: Atmospheres, 126, e2019JD032361. https://doi.org/10.1029/2019JD032361"
comments,wmo_ra_4_HadCRUT5,"Original data acknowledgement: HadCRUT.5.0.2.0 data were obtained from http://www.metoffice.gov.uk/hadobs/hadcrut5 on 2024-01-15 11:56:27 and are © British Crown Copyright, Met Office 2024, provided under an Open Government License, http://www.nationalarchives.gov.uk/doc/open-government-licence/version/3/"
history,wmo_ra_4_JRA-55,""Data set created from file ['anl_surf125.011_tmp.202401_202412', 'anl_surf125.2024MMMM'] downloaded from ['', ''] at ['2024-01-15 11:20:51']""
history,wmo_ra_4_JRA-55,""Regridded to 1 degree latitude-longitude resolution""
history,wmo_ra_4_JRA-55,""Rebaselined to 1991-2020""
history,wmo_ra_4_JRA-55,""Calculated area-average""
history,wmo_ra_4_JRA-55,""Calculated annual average from monthly averages using arithmetic mean""
history,wmo_ra_4_JRA-55,""Selected years within the range 1900 to 2023.""
history,wmo_ra_4_JRA-55,""Wrote to file wmo_ra_4_JRA-55.csv""
history,wmo_ra_4_JRA-55,"Data set created from file ['wmo_ra_4_JRA-55.csv'] downloaded from [''] at ['2024-01-17 11:08:35']"
reference,wmo_ra_4_JRA-55,"Kobayashi, S., Ota, Y., Harada, Y., Ebita, A., Moriya, M., Onoda, H., Onogi, K., Kamahori, H., Kobayashi, C., Endo, H. and Miyaoka, K., (2015). The JRA-55 reanalysis: General specifications and basic characteristics. Journal of the Meteorological Society of Japan. Ser. II, 93(1), pp.5-48."
comments,wmo_ra_4_JRA-55,"Original data acknowledgement: "
history,wmo_ra_4_NOAA_Interim,""Data set created from file ['NOAAGlobalTemp_v*.nc'] downloaded from ['https://www.ncei.noaa.gov/data/noaa-global-surface-temperature/v5.1/access/gridded/NOAAGlobalTemp_v.*.nc'] at ['2024-01-17 10:19:08']""
history,wmo_ra_4_NOAA_Interim,""Data set created from file ['NOAAGlobalTemp_v*.nc'] downloaded from ['https://www.ncei.noaa.gov/data/noaa-global-surface-temperature/v5.1/access/gridded/NOAAGlobalTemp_v.*.nc'] at ['2024-01-17 10:19:08']""
history,wmo_ra_4_NOAA_Interim,""Regridded to 1 degree latitude-longitude resolution""
history,wmo_ra_4_NOAA_Interim,""Rebaselined to 1991-2020""
history,wmo_ra_4_NOAA_Interim,""Calculated area-average""
history,wmo_ra_4_NOAA_Interim,""Calculated annual average from monthly averages using arithmetic mean""
history,wmo_ra_4_NOAA_Interim,""Selected years within the range 1900 to 2023.""
history,wmo_ra_4_NOAA_Interim,""Wrote to file wmo_ra_4_NOAA Interim.csv""
history,wmo_ra_4_NOAA_Interim,"Data set created from file ['wmo_ra_4_NOAA Interim.csv'] downloaded from [''] at ['2024-01-17 11:09:55']"
reference,wmo_ra_4_NOAA_Interim,"Vose, R.S., B. Huang, X. Yin., D. Arndt, D.R. Easterling, J.H. Lawrimore, M.J. Menne, A. Sanchez-Lugo, H.-M. Zhang, 2021: Implementing full spatial coverage in NOAA’s global temperature analysis. Geophysical Research Letters, 48, e2020GL090873. https://doi.org/10.1029/2020GL090873"
comments,wmo_ra_4_NOAA_Interim,"Original data acknowledgement: "
history,wmo_ra_5_Berkeley_Earth,""Data set created from file ['Land_and_Ocean_LatLong1.nc'] downloaded from ['https://berkeley-earth-temperature.s3.us-west-1.amazonaws.com/Global/Gridded/Land_and_Ocean_LatLong1.nc'] at ['2024-01-17 10:19:03']""
history,wmo_ra_5_Berkeley_Earth,""Rebaselined to 1991-2020""
history,wmo_ra_5_Berkeley_Earth,""Calculated area-average""
history,wmo_ra_5_Berkeley_Earth,""Calculated annual average from monthly averages using arithmetic mean""
history,wmo_ra_5_Berkeley_Earth,""Selected years within the range 1900 to 2023.""
history,wmo_ra_5_Berkeley_Earth,""Wrote to file wmo_ra_5_Berkeley Earth.csv""
history,wmo_ra_5_Berkeley_Earth,"Data set created from file ['wmo_ra_5_Berkeley Earth.csv'] downloaded from [''] at ['2024-01-17 11:05:35']"
reference,wmo_ra_5_Berkeley_Earth,"Rohde, R. A. and Hausfather, Z.: The Berkeley Earth Land/Ocean Temperature Record, Earth Syst. Sci. Data, 12, 3469-3479, https://doi.org/10.5194/essd-12-3469-2020, 2020"
comments,wmo_ra_5_Berkeley_Earth,"Original data acknowledgement: "
history,wmo_ra_5_ERA5,""Gridded dataset created from file ['era5_2m_tas_2024.nc'] downloaded from ['']""
history,wmo_ra_5_ERA5,""Regridded to 1 degree latitude-longitude resolution""
history,wmo_ra_5_ERA5,""Rebaselined to 1991-2020""
history,wmo_ra_5_ERA5,""Calculated area-average""
history,wmo_ra_5_ERA5,""Calculated annual average from monthly averages using arithmetic mean""
history,wmo_ra_5_ERA5,""Selected years within the range 1900 to 2023.""
history,wmo_ra_5_ERA5,""Wrote to file wmo_ra_5_ERA5.csv""
history,wmo_ra_5_ERA5,"Data set created from file ['wmo_ra_5_ERA5.csv'] downloaded from [''] at ['2024-01-17 11:06:31']"
reference,wmo_ra_5_ERA5,"Hersbach H, Bell B, Berrisford P et al. 2020. The ERA5 global reanalysis. Q. J. R. Meteorol. Soc. 146: 1999-2049. https://doi.org/10.1002/qj.3803"
comments,wmo_ra_5_ERA5,"Original data acknowledgement: Contains using Copernicus Climate Change Service information [2024]. Neither the European Commission nor ECMWF is responsible for any use that may be made of the Copernicus information or data it contains."
history,wmo_ra_5_GISTEMP,""Data set created from file ['gistemp1200_GHCNv4_ERSSTv5.nc.gz'] downloaded from ['https://data.giss.nasa.gov/pub/gistemp/gistemp1200_GHCNv4_ERSSTv5.nc.gz'] at ['2024-01-15 11:20:46']""
history,wmo_ra_5_GISTEMP,""Regridded to 1 degree latitude-longitude resolution""
history,wmo_ra_5_GISTEMP,""Rebaselined to 1991-2020""
history,wmo_ra_5_GISTEMP,""Calculated area-average""
history,wmo_ra_5_GISTEMP,""Calculated annual average from monthly averages using arithmetic mean""
history,wmo_ra_5_GISTEMP,""Selected years within the range 1900 to 2023.""
history,wmo_ra_5_GISTEMP,""Wrote to file wmo_ra_5_GISTEMP.csv""
history,wmo_ra_5_GISTEMP,"Data set created from file ['wmo_ra_5_GISTEMP.csv'] downloaded from [''] at ['2024-01-17 11:06:53']"
reference,wmo_ra_5_GISTEMP,"Lenssen, N., G. Schmidt, J. Hansen, M. Menne, A. Persin, R. Ruedy, and D. Zyss, 2019: Improvements in the GISTEMP uncertainty model. J. Geophys. Res. Atmos., 124, no. 12, 6307-6326, doi:10.1029/2018JD029522"
comments,wmo_ra_5_GISTEMP,"Original data acknowledgement: "
history,wmo_ra_5_HadCRUT5,""Data set created from file ['HadCRUT.5.0.2.0.analysis.anomalies.ensemble_mean.nc'] downloaded from ['https://www.metoffice.gov.uk/hadobs/hadcrut5/data/HadCRUT.5.0.2.0/analysis/HadCRUT.5.0.2.0.analysis.anomalies.ensemble_mean.nc'] at ['2024-01-15 11:56:27']""
history,wmo_ra_5_HadCRUT5,""Regridded to 1 degree latitude-longitude resolution""
history,wmo_ra_5_HadCRUT5,""Rebaselined to 1991-2020""
history,wmo_ra_5_HadCRUT5,""Calculated area-average""
history,wmo_ra_5_HadCRUT5,""Calculated annual average from monthly averages using arithmetic mean""
history,wmo_ra_5_HadCRUT5,""Selected years within the range 1900 to 2023.""
history,wmo_ra_5_HadCRUT5,""Wrote to file wmo_ra_5_HadCRUT5.csv""
history,wmo_ra_5_HadCRUT5,"Data set created from file ['wmo_ra_5_HadCRUT5.csv'] downloaded from [''] at ['2024-01-17 11:07:38']"
reference,wmo_ra_5_HadCRUT5,"Morice, C. P., Kennedy, J. J., Rayner, N. A., Winn, J. P., Hogan, E., Killick, R. E., et al. (2021). An updated assessment of near-surface temperature change from 1850: the HadCRUT5 data set. Journal of Geophysical Research: Atmospheres, 126, e2019JD032361. https://doi.org/10.1029/2019JD032361"
comments,wmo_ra_5_HadCRUT5,"Original data acknowledgement: HadCRUT.5.0.2.0 data were obtained from http://www.metoffice.gov.uk/hadobs/hadcrut5 on 2024-01-15 11:56:27 and are © British Crown Copyright, Met Office 2024, provided under an Open Government License, http://www.nationalarchives.gov.uk/doc/open-government-licence/version/3/"
history,wmo_ra_5_JRA-55,""Data set created from file ['anl_surf125.011_tmp.202401_202412', 'anl_surf125.2024MMMM'] downloaded from ['', ''] at ['2024-01-15 11:20:51']""
history,wmo_ra_5_JRA-55,""Regridded to 1 degree latitude-longitude resolution""
history,wmo_ra_5_JRA-55,""Rebaselined to 1991-2020""
history,wmo_ra_5_JRA-55,""Calculated area-average""
history,wmo_ra_5_JRA-55,""Calculated annual average from monthly averages using arithmetic mean""
history,wmo_ra_5_JRA-55,""Selected years within the range 1900 to 2023.""
history,wmo_ra_5_JRA-55,""Wrote to file wmo_ra_5_JRA-55.csv""
history,wmo_ra_5_JRA-55,"Data set created from file ['wmo_ra_5_JRA-55.csv'] downloaded from [''] at ['2024-01-17 11:08:36']"
reference,wmo_ra_5_JRA-55,"Kobayashi, S., Ota, Y., Harada, Y., Ebita, A., Moriya, M., Onoda, H., Onogi, K., Kamahori, H., Kobayashi, C., Endo, H. and Miyaoka, K., (2015). The JRA-55 reanalysis: General specifications and basic characteristics. Journal of the Meteorological Society of Japan. Ser. II, 93(1), pp.5-48."
comments,wmo_ra_5_JRA-55,"Original data acknowledgement: "
history,wmo_ra_5_NOAA_Interim,""Data set created from file ['NOAAGlobalTemp_v*.nc'] downloaded from ['https://www.ncei.noaa.gov/data/noaa-global-surface-temperature/v5.1/access/gridded/NOAAGlobalTemp_v.*.nc'] at ['2024-01-17 10:19:08']""
history,wmo_ra_5_NOAA_Interim,""Data set created from file ['NOAAGlobalTemp_v*.nc'] downloaded from ['https://www.ncei.noaa.gov/data/noaa-global-surface-temperature/v5.1/access/gridded/NOAAGlobalTemp_v.*.nc'] at ['2024-01-17 10:19:08']""
history,wmo_ra_5_NOAA_Interim,""Regridded to 1 degree latitude-longitude resolution""
history,wmo_ra_5_NOAA_Interim,""Rebaselined to 1991-2020""
history,wmo_ra_5_NOAA_Interim,""Calculated area-average""
history,wmo_ra_5_NOAA_Interim,""Calculated annual average from monthly averages using arithmetic mean""
history,wmo_ra_5_NOAA_Interim,""Selected years within the range 1900 to 2023.""
history,wmo_ra_5_NOAA_Interim,""Wrote to file wmo_ra_5_NOAA Interim.csv""
history,wmo_ra_5_NOAA_Interim,"Data set created from file ['wmo_ra_5_NOAA Interim.csv'] downloaded from [''] at ['2024-01-17 11:09:57']"
reference,wmo_ra_5_NOAA_Interim,"Vose, R.S., B. Huang, X. Yin., D. Arndt, D.R. Easterling, J.H. Lawrimore, M.J. Menne, A. Sanchez-Lugo, H.-M. Zhang, 2021: Implementing full spatial coverage in NOAA’s global temperature analysis. Geophysical Research Letters, 48, e2020GL090873. https://doi.org/10.1029/2020GL090873"
comments,wmo_ra_5_NOAA_Interim,"Original data acknowledgement: "
history,wmo_ra_6_Berkeley_Earth,""Data set created from file ['Land_and_Ocean_LatLong1.nc'] downloaded from ['https://berkeley-earth-temperature.s3.us-west-1.amazonaws.com/Global/Gridded/Land_and_Ocean_LatLong1.nc'] at ['2024-01-17 10:19:03']""
history,wmo_ra_6_Berkeley_Earth,""Rebaselined to 1991-2020""
history,wmo_ra_6_Berkeley_Earth,""Calculated area-average""
history,wmo_ra_6_Berkeley_Earth,""Calculated annual average from monthly averages using arithmetic mean""
history,wmo_ra_6_Berkeley_Earth,""Selected years within the range 1900 to 2023.""
history,wmo_ra_6_Berkeley_Earth,""Wrote to file wmo_ra_6_Berkeley Earth.csv""
history,wmo_ra_6_Berkeley_Earth,"Data set created from file ['wmo_ra_6_Berkeley Earth.csv'] downloaded from [''] at ['2024-01-17 11:05:37']"
reference,wmo_ra_6_Berkeley_Earth,"Rohde, R. A. and Hausfather, Z.: The Berkeley Earth Land/Ocean Temperature Record, Earth Syst. Sci. Data, 12, 3469-3479, https://doi.org/10.5194/essd-12-3469-2020, 2020"
comments,wmo_ra_6_Berkeley_Earth,"Original data acknowledgement: "
history,wmo_ra_6_ERA5,""Gridded dataset created from file ['era5_2m_tas_2024.nc'] downloaded from ['']""
history,wmo_ra_6_ERA5,""Regridded to 1 degree latitude-longitude resolution""
history,wmo_ra_6_ERA5,""Rebaselined to 1991-2020""
history,wmo_ra_6_ERA5,""Calculated area-average""
history,wmo_ra_6_ERA5,""Calculated annual average from monthly averages using arithmetic mean""
history,wmo_ra_6_ERA5,""Selected years within the range 1900 to 2023.""
history,wmo_ra_6_ERA5,""Wrote to file wmo_ra_6_ERA5.csv""
history,wmo_ra_6_ERA5,"Data set created from file ['wmo_ra_6_ERA5.csv'] downloaded from [''] at ['2024-01-17 11:06:32']"
reference,wmo_ra_6_ERA5,"Hersbach H, Bell B, Berrisford P et al. 2020. The ERA5 global reanalysis. Q. J. R. Meteorol. Soc. 146: 1999-2049. https://doi.org/10.1002/qj.3803"
comments,wmo_ra_6_ERA5,"Original data acknowledgement: Contains using Copernicus Climate Change Service information [2024]. Neither the European Commission nor ECMWF is responsible for any use that may be made of the Copernicus information or data it contains."
history,wmo_ra_6_GISTEMP,""Data set created from file ['gistemp1200_GHCNv4_ERSSTv5.nc.gz'] downloaded from ['https://data.giss.nasa.gov/pub/gistemp/gistemp1200_GHCNv4_ERSSTv5.nc.gz'] at ['2024-01-15 11:20:46']""
history,wmo_ra_6_GISTEMP,""Regridded to 1 degree latitude-longitude resolution""
history,wmo_ra_6_GISTEMP,""Rebaselined to 1991-2020""
history,wmo_ra_6_GISTEMP,""Calculated area-average""
history,wmo_ra_6_GISTEMP,""Calculated annual average from monthly averages using arithmetic mean""
history,wmo_ra_6_GISTEMP,""Selected years within the range 1900 to 2023.""
history,wmo_ra_6_GISTEMP,""Wrote to file wmo_ra_6_GISTEMP.csv""
history,wmo_ra_6_GISTEMP,"Data set created from file ['wmo_ra_6_GISTEMP.csv'] downloaded from [''] at ['2024-01-17 11:06:55']"
reference,wmo_ra_6_GISTEMP,"Lenssen, N., G. Schmidt, J. Hansen, M. Menne, A. Persin, R. Ruedy, and D. Zyss, 2019: Improvements in the GISTEMP uncertainty model. J. Geophys. Res. Atmos., 124, no. 12, 6307-6326, doi:10.1029/2018JD029522"
comments,wmo_ra_6_GISTEMP,"Original data acknowledgement: "
history,wmo_ra_6_HadCRUT5,""Data set created from file ['HadCRUT.5.0.2.0.analysis.anomalies.ensemble_mean.nc'] downloaded from ['https://www.metoffice.gov.uk/hadobs/hadcrut5/data/HadCRUT.5.0.2.0/analysis/HadCRUT.5.0.2.0.analysis.anomalies.ensemble_mean.nc'] at ['2024-01-15 11:56:27']""
history,wmo_ra_6_HadCRUT5,""Regridded to 1 degree latitude-longitude resolution""
history,wmo_ra_6_HadCRUT5,""Rebaselined to 1991-2020""
history,wmo_ra_6_HadCRUT5,""Calculated area-average""
history,wmo_ra_6_HadCRUT5,""Calculated annual average from monthly averages using arithmetic mean""
history,wmo_ra_6_HadCRUT5,""Selected years within the range 1900 to 2023.""
history,wmo_ra_6_HadCRUT5,""Wrote to file wmo_ra_6_HadCRUT5.csv""
history,wmo_ra_6_HadCRUT5,"Data set created from file ['wmo_ra_6_HadCRUT5.csv'] downloaded from [''] at ['2024-01-17 11:07:41']"
reference,wmo_ra_6_HadCRUT5,"Morice, C. P., Kennedy, J. J., Rayner, N. A., Winn, J. P., Hogan, E., Killick, R. E., et al. (2021). An updated assessment of near-surface temperature change from 1850: the HadCRUT5 data set. Journal of Geophysical Research: Atmospheres, 126, e2019JD032361. https://doi.org/10.1029/2019JD032361"
comments,wmo_ra_6_HadCRUT5,"Original data acknowledgement: HadCRUT.5.0.2.0 data were obtained from http://www.metoffice.gov.uk/hadobs/hadcrut5 on 2024-01-15 11:56:27 and are © British Crown Copyright, Met Office 2024, provided under an Open Government License, http://www.nationalarchives.gov.uk/doc/open-government-licence/version/3/"
history,wmo_ra_6_JRA-55,""Data set created from file ['anl_surf125.011_tmp.202401_202412', 'anl_surf125.2024MMMM'] downloaded from ['', ''] at ['2024-01-15 11:20:51']""
history,wmo_ra_6_JRA-55,""Regridded to 1 degree latitude-longitude resolution""
history,wmo_ra_6_JRA-55,""Rebaselined to 1991-2020""
history,wmo_ra_6_JRA-55,""Calculated area-average""
history,wmo_ra_6_JRA-55,""Calculated annual average from monthly averages using arithmetic mean""
history,wmo_ra_6_JRA-55,""Selected years within the range 1900 to 2023.""
history,wmo_ra_6_JRA-55,""Wrote to file wmo_ra_6_JRA-55.csv""
history,wmo_ra_6_JRA-55,"Data set created from file ['wmo_ra_6_JRA-55.csv'] downloaded from [''] at ['2024-01-17 11:08:37']"
reference,wmo_ra_6_JRA-55,"Kobayashi, S., Ota, Y., Harada, Y., Ebita, A., Moriya, M., Onoda, H., Onogi, K., Kamahori, H., Kobayashi, C., Endo, H. and Miyaoka, K., (2015). The JRA-55 reanalysis: General specifications and basic characteristics. Journal of the Meteorological Society of Japan. Ser. II, 93(1), pp.5-48."
comments,wmo_ra_6_JRA-55,"Original data acknowledgement: "
history,wmo_ra_6_NOAA_Interim,""Data set created from file ['NOAAGlobalTemp_v*.nc'] downloaded from ['https://www.ncei.noaa.gov/data/noaa-global-surface-temperature/v5.1/access/gridded/NOAAGlobalTemp_v.*.nc'] at ['2024-01-17 10:19:08']""
history,wmo_ra_6_NOAA_Interim,""Data set created from file ['NOAAGlobalTemp_v*.nc'] downloaded from ['https://www.ncei.noaa.gov/data/noaa-global-surface-temperature/v5.1/access/gridded/NOAAGlobalTemp_v.*.nc'] at ['2024-01-17 10:19:08']""
history,wmo_ra_6_NOAA_Interim,""Regridded to 1 degree latitude-longitude resolution""
history,wmo_ra_6_NOAA_Interim,""Rebaselined to 1991-2020""
history,wmo_ra_6_NOAA_Interim,""Calculated area-average""
history,wmo_ra_6_NOAA_Interim,""Calculated annual average from monthly averages using arithmetic mean""
history,wmo_ra_6_NOAA_Interim,""Selected years within the range 1900 to 2023.""
history,wmo_ra_6_NOAA_Interim,""Wrote to file wmo_ra_6_NOAA Interim.csv""
history,wmo_ra_6_NOAA_Interim,"Data set created from file ['wmo_ra_6_NOAA Interim.csv'] downloaded from [''] at ['2024-01-17 11:10:00']"
reference,wmo_ra_6_NOAA_Interim,"Vose, R.S., B. Huang, X. Yin., D. Arndt, D.R. Easterling, J.H. Lawrimore, M.J. Menne, A. Sanchez-Lugo, H.-M. Zhang, 2021: Implementing full spatial coverage in NOAA’s global temperature analysis. Geophysical Research Letters, 48, e2020GL090873. https://doi.org/10.1029/2020GL090873"
comments,wmo_ra_6_NOAA_Interim,"Original data acknowledgement: "
history,Berkeley_Earth,"Data set created from file ['Land_and_Ocean_complete.txt'] downloaded from ['https://berkeley-earth-temperature.s3.us-west-1.amazonaws.com/Global/Land_and_Ocean_complete.txt'] at ['2024-01-17 10:10:45']"
history,Berkeley_Earth,"Calculated annual average from monthly averages using arithmetic mean"
reference,Berkeley_Earth,"Rohde, R. A. and Hausfather, Z.: The Berkeley Earth Land/Ocean Temperature Record, Earth Syst. Sci. Data, 12, 3469-3479, https://doi.org/10.5194/essd-12-3469-2020, 2020"
comments,Berkeley_Earth,"Original data acknowledgement: "
history,ERA5,"Data set created from file ['ts_1month_anomaly_Global_ERA5_2t_202312_1991-2020_v01.1.csv'] downloaded from ['https://climate.copernicus.eu/sites/default/files/ftp-data/temperature/2023/12/ERA5_1991-2020/ts_1month_anomaly_Global_ERA5_2t_202312_1991-2020_v01.1.csv'] at ['2024-01-05 08:43:31']"
history,ERA5,"Calculated annual average from monthly averages using arithmetic mean"
reference,ERA5,"Hersbach H, Bell B, Berrisford P et al. 2020. The ERA5 global reanalysis. Q. J. R. Meteorol. Soc. 146: 1999-2049. https://doi.org/10.1002/qj.3803"
comments,ERA5,"Original data acknowledgement: Contains using Copernicus Climate Change Service information [2024]. Neither the European Commission nor ECMWF is responsible for any use that may be made of the Copernicus information or data it contains."
history,GISTEMP,"Data set created from file ['GLB.Ts+dSST.csv'] downloaded from ['https://data.giss.nasa.gov/gistemp/tabledata_v4/GLB.Ts+dSST.csv'] at ['2024-01-06 11:31:29']"
reference,GISTEMP,"Lenssen, N., G. Schmidt, J. Hansen, M. Menne, A. Persin, R. Ruedy, and D. Zyss, 2019: Improvements in the GISTEMP uncertainty model. J. Geophys. Res. Atmos., 124, no. 12, 6307-6326, doi:10.1029/2018JD029522"
comments,GISTEMP,"Original data acknowledgement: "
history,HadCRUT5,"Data set created from file ['HadCRUT.5.0.1.0.analysis.summary_series.global.monthly.csv', 'HadCRUT.5.0.1.0.analysis.summary_series.global.annual.csv'] downloaded from ['https://www.metoffice.gov.uk/hadobs/hadcrut5/data/HadCRUT.5.0.2.0/analysis/diagnostics/HadCRUT.5.0.1.0.analysis.summary_series.global.monthly.csv', 'https://www.metoffice.gov.uk/hadobs/hadcrut5/data/HadCRUT.5.0.2.0/analysis/diagnostics/HadCRUT.5.0.1.0.analysis.summary_series.global.annual.csv'] at ['2023-11-23 15:26:03', '2023-11-23 15:26:03']"
history,HadCRUT5,"Calculated annual average from monthly averages using arithmetic mean"
reference,HadCRUT5,"Morice, C. P., Kennedy, J. J., Rayner, N. A., Winn, J. P., Hogan, E., Killick, R. E., et al. (2021). An updated assessment of near-surface temperature change from 1850: the HadCRUT5 data set. Journal of Geophysical Research: Atmospheres, 126, e2019JD032361. https://doi.org/10.1029/2019JD032361"
comments,HadCRUT5,"Original data acknowledgement: HadCRUT.5.0.2.0 data were obtained from http://www.metoffice.gov.uk/hadobs/hadcrut5 on 2023-11-23 15:26:03 and are © British Crown Copyright, Met Office 2023, provided under an Open Government License, http://www.nationalarchives.gov.uk/doc/open-government-licence/version/3/"
history,JRA-55,"Data set created from file ['JRA-55_tmp2m_global_ts_Clim8110.txt'] downloaded from [''] at ['2024-01-05 11:44:00']"
history,JRA-55,"Calculated annual average from monthly averages using arithmetic mean"
reference,JRA-55,"Kobayashi, S., Ota, Y., Harada, Y., Ebita, A., Moriya, M., Onoda, H., Onogi, K., Kamahori, H., Kobayashi, C., Endo, H. and Miyaoka, K., (2015). The JRA-55 reanalysis: General specifications and basic characteristics. Journal of the Meteorological Society of Japan. Ser. II, 93(1), pp.5-48."
comments,JRA-55,"Original data acknowledgement: "
history,Kadow,"Data set created from file ['HadCRUT5.anomalies.Kadow_et_al_2020_20crAI-infilled.ensemble_mean_global_mean_185001-*.nc'] downloaded from [''] at ['2024-01-17 10:10:53']"
history,Kadow,"Calculated annual average from monthly averages using arithmetic mean"
reference,Kadow,"Kadow, C., Hall, D.M. & Ulbrich, U. Artificial intelligence reconstructs missing climate information. Nat. Geosci. (2020). https://doi.org/10.1038/s41561-020-0582-5"
comments,Kadow,"Original data acknowledgement: "
history,NOAA_Interim,"Data set created from file ['aravg.ann.land_ocean.90S.90N.v5.1.0.202312.asc'] downloaded from ['https://www.ncei.noaa.gov/data/noaa-global-surface-temperature/v5.1/access/timeseries/aravg.ann.land_ocean.90S.90N.v5.1.0.202312.asc'] at ['2024-01-17 10:10:51']"
reference,NOAA_Interim,"Vose, R.S., B. Huang, X. Yin., D. Arndt, D.R. Easterling, J.H. Lawrimore, M.J. Menne, A. Sanchez-Lugo, H.-M. Zhang, 2021: Implementing full spatial coverage in NOAA’s global temperature analysis. Geophysical Research Letters, 48, e2020GL090873. https://doi.org/10.1029/2020GL090873"
comments,NOAA_Interim,"Original data acknowledgement: "
long_name,time,time,days since 1800-01-01 00:00:00.0
type,time,int
long_name,year,year,1
type,year,int
long_name,wmo_ra_1_Berkeley_Earth,wmo_ra_1,degC
type,wmo_ra_1_Berkeley_Earth,float
long_name,wmo_ra_1_ERA5,wmo_ra_1,degC
type,wmo_ra_1_ERA5,float
long_name,wmo_ra_1_GISTEMP,wmo_ra_1,degC
type,wmo_ra_1_GISTEMP,float
long_name,wmo_ra_1_HadCRUT5,wmo_ra_1,degC
type,wmo_ra_1_HadCRUT5,float
long_name,wmo_ra_1_JRA-55,wmo_ra_1,degC
type,wmo_ra_1_JRA-55,float
long_name,wmo_ra_1_NOAA_Interim,wmo_ra_1,degC
type,wmo_ra_1_NOAA_Interim,float
long_name,wmo_ra_2_Berkeley_Earth,wmo_ra_2,degC
type,wmo_ra_2_Berkeley_Earth,float
long_name,wmo_ra_2_ERA5,wmo_ra_2,degC
type,wmo_ra_2_ERA5,float
long_name,wmo_ra_2_GISTEMP,wmo_ra_2,degC
type,wmo_ra_2_GISTEMP,float
long_name,wmo_ra_2_HadCRUT5,wmo_ra_2,degC
type,wmo_ra_2_HadCRUT5,float
long_name,wmo_ra_2_JRA-55,wmo_ra_2,degC
type,wmo_ra_2_JRA-55,float
long_name,wmo_ra_2_NOAA_Interim,wmo_ra_2,degC
type,wmo_ra_2_NOAA_Interim,float
long_name,wmo_ra_3_Berkeley_Earth,wmo_ra_3,degC
type,wmo_ra_3_Berkeley_Earth,float
long_name,wmo_ra_3_ERA5,wmo_ra_3,degC
type,wmo_ra_3_ERA5,float
long_name,wmo_ra_3_GISTEMP,wmo_ra_3,degC
type,wmo_ra_3_GISTEMP,float
long_name,wmo_ra_3_HadCRUT5,wmo_ra_3,degC
type,wmo_ra_3_HadCRUT5,float
long_name,wmo_ra_3_JRA-55,wmo_ra_3,degC
type,wmo_ra_3_JRA-55,float
long_name,wmo_ra_3_NOAA_Interim,wmo_ra_3,degC
type,wmo_ra_3_NOAA_Interim,float
long_name,wmo_ra_4_Berkeley_Earth,wmo_ra_4,degC
type,wmo_ra_4_Berkeley_Earth,float
long_name,wmo_ra_4_ERA5,wmo_ra_4,degC
type,wmo_ra_4_ERA5,float
long_name,wmo_ra_4_GISTEMP,wmo_ra_4,degC
type,wmo_ra_4_GISTEMP,float
long_name,wmo_ra_4_HadCRUT5,wmo_ra_4,degC
type,wmo_ra_4_HadCRUT5,float
long_name,wmo_ra_4_JRA-55,wmo_ra_4,degC
type,wmo_ra_4_JRA-55,float
long_name,wmo_ra_4_NOAA_Interim,wmo_ra_4,degC
type,wmo_ra_4_NOAA_Interim,float
long_name,wmo_ra_5_Berkeley_Earth,wmo_ra_5,degC
type,wmo_ra_5_Berkeley_Earth,float
long_name,wmo_ra_5_ERA5,wmo_ra_5,degC
type,wmo_ra_5_ERA5,float
long_name,wmo_ra_5_GISTEMP,wmo_ra_5,degC
type,wmo_ra_5_GISTEMP,float
long_name,wmo_ra_5_HadCRUT5,wmo_ra_5,degC
type,wmo_ra_5_HadCRUT5,float
long_name,wmo_ra_5_JRA-55,wmo_ra_5,degC
type,wmo_ra_5_JRA-55,float
long_name,wmo_ra_5_NOAA_Interim,wmo_ra_5,degC
type,wmo_ra_5_NOAA_Interim,float
long_name,wmo_ra_6_Berkeley_Earth,wmo_ra_6,degC
type,wmo_ra_6_Berkeley_Earth,float
long_name,wmo_ra_6_ERA5,wmo_ra_6,degC
type,wmo_ra_6_ERA5,float
long_name,wmo_ra_6_GISTEMP,wmo_ra_6,degC
type,wmo_ra_6_GISTEMP,float
long_name,wmo_ra_6_HadCRUT5,wmo_ra_6,degC
type,wmo_ra_6_HadCRUT5,float
long_name,wmo_ra_6_JRA-55,wmo_ra_6,degC
type,wmo_ra_6_JRA-55,float
long_name,wmo_ra_6_NOAA_Interim,wmo_ra_6,degC
type,wmo_ra_6_NOAA_Interim,float
long_name,Berkeley_Earth,tas,degC
type,Berkeley_Earth,float
long_name,ERA5,tas,degC
type,ERA5,float
long_name,GISTEMP,tas,degC
type,GISTEMP,float
long_name,HadCRUT5,tas,degC
type,HadCRUT5,float
long_name,JRA-55,tas,degC
type,JRA-55,float
long_name,Kadow,tas,degC
type,Kadow,float
long_name,NOAA_Interim,tas,degC
type,NOAA_Interim,float
coordinate_variable,time,t
data
time,year,wmo_ra_1_Berkeley_Earth,wmo_ra_1_ERA5,wmo_ra_1_GISTEMP,wmo_ra_1_HadCRUT5,wmo_ra_1_JRA-55,wmo_ra_1_NOAA_Interim,wmo_ra_2_Berkeley_Earth,wmo_ra_2_ERA5,wmo_ra_2_GISTEMP,wmo_ra_2_HadCRUT5,wmo_ra_2_JRA-55,wmo_ra_2_NOAA_Interim,wmo_ra_3_Berkeley_Earth,wmo_ra_3_ERA5,wmo_ra_3_GISTEMP,wmo_ra_3_HadCRUT5,wmo_ra_3_JRA-55,wmo_ra_3_NOAA_Interim,wmo_ra_4_Berkeley_Earth,wmo_ra_4_ERA5,wmo_ra_4_GISTEMP,wmo_ra_4_HadCRUT5,wmo_ra_4_JRA-55,wmo_ra_4_NOAA_Interim,wmo_ra_5_Berkeley_Earth,wmo_ra_5_ERA5,wmo_ra_5_GISTEMP,wmo_ra_5_HadCRUT5,wmo_ra_5_JRA-55,wmo_ra_5_NOAA_Interim,wmo_ra_6_Berkeley_Earth,wmo_ra_6_ERA5,wmo_ra_6_GISTEMP,wmo_ra_6_HadCRUT5,wmo_ra_6_JRA-55,wmo_ra_6_NOAA_Interim,Berkeley_Earth,ERA5,GISTEMP,HadCRUT5,JRA-55,Kadow,NOAA_Interim
18262,1850,,,,,,,,,,,,,,,,,,,,,,,,,,,,,,,,,,,,,-0.4425,,,-0.4177,,-0.4626,-0.4810
18627,1851,,,,,,,,,,,,,,,,,,,,,,,,,,,,,,,,,,,,,-0.3289,,,-0.2333,,-0.3629,-0.3996
18992,1852,,,,,,,,,,,,,,,,,,,,,,,,,,,,,,,,,,,,,-0.3043,,,-0.2294,,-0.2807,-0.4099
19358,1853,,,,,,,,,,,,,,,,,,,,,,,,,,,,,,,,,,,,,-0.3082,,,-0.2704,,-0.3520,-0.4273
19723,1854,,,,,,,,,,,,,,,,,,,,,,,,,,,,,,,,,,,,,-0.2960,,,-0.2916,,-0.3217,-0.4205
20088,1855,,,,,,,,,,,,,,,,,,,,,,,,,,,,,,,,,,,,,-0.2890,,,-0.2970,,-0.3147,-0.4257
20453,1856,,,,,,,,,,,,,,,,,,,,,,,,,,,,,,,,,,,,,-0.4091,,,-0.3204,,-0.4313,-0.5592
20819,1857,,,,,,,,,,,,,,,,,,,,,,,,,,,,,,,,,,,,,-0.5476,,,-0.4672,,-0.5236,-0.5862
21184,1858,,,,,,,,,,,,,,,,,,,,,,,,,,,,,,,,,,,,,-0.3417,,,-0.3888,,-0.4102,-0.5224
21549,1859,,,,,,,,,,,,,,,,,,,,,,,,,,,,,,,,,,,,,-0.2287,,,-0.2812,,-0.3392,-0.3977
21914,1860,,,,,,,,,,,,,,,,,,,,,,,,,,,,,,,,,,,,,-0.3822,,,-0.3902,,-0.4357,-0.5422
22280,1861,,,,,,,,,,,,,,,,,,,,,,,,,,,,,,,,,,,,,-0.4552,,,-0.4293,,-0.4489,-0.5623
22645,1862,,,,,,,,,,,,,,,,,,,,,,,,,,,,,,,,,,,,,-0.5651,,,-0.5364,,-0.4669,-0.6112
23010,1863,,,,,,,,,,,,,,,,,,,,,,,,,,,,,,,,,,,,,-0.3293,,,-0.3443,,-0.3790,-0.4635
23375,1864,,,,,,,,,,,,,,,,,,,,,,,,,,,,,,,,,,,,,-0.3642,,,-0.4654,,-0.3897,-0.4981
23741,1865,,,,,,,,,,,,,,,,,,,,,,,,,,,,,,,,,,,,,-0.2654,,,-0.3326,,-0.3492,-0.4341
24106,1866,,,,,,,,,,,,,,,,,,,,,,,,,,,,,,,,,,,,,-0.2228,,,-0.3413,,-0.3564,-0.4081
24471,1867,,,,,,,,,,,,,,,,,,,,,,,,,,,,,,,,,,,,,-0.1818,,,-0.3570,,-0.3000,-0.4825
24836,1868,,,,,,,,,,,,,,,,,,,,,,,,,,,,,,,,,,,,,-0.2274,,,-0.3520,,-0.2764,-0.4429
25202,1869,,,,,,,,,,,,,,,,,,,,,,,,,,,,,,,,,,,,,-0.2348,,,-0.3166,,-0.3028,-0.4202
25567,1870,,,,,,,,,,,,,,,,,,,,,,,,,,,,,,,,,,,,,-0.3027,,,-0.3279,,-0.3490,-0.4732
25932,1871,,,,,,,,,,,,,,,,,,,,,,,,,,,,,,,,,,,,,-0.3339,,,-0.3686,,-0.3819,-0.4745
26297,1872,,,,,,,,,,,,,,,,,,,,,,,,,,,,,,,,,,,,,-0.3005,,,-0.3280,,-0.3349,-0.4801
26663,1873,,,,,,,,,,,,,,,,,,,,,,,,,,,,,,,,,,,,,-0.2676,,,-0.3413,,-0.3616,-0.4975
27028,1874,,,,,,,,,,,,,,,,,,,,,,,,,,,,,,,,,,,,,-0.3147,,,-0.3733,,-0.3823,-0.5159
27393,1875,,,,,,,,,,,,,,,,,,,,,,,,,,,,,,,,,,,,,-0.3506,,,-0.3756,,-0.3266,-0.5081
27758,1876,,,,,,,,,,,,,,,,,,,,,,,,,,,,,,,,,,,,,-0.3562,,,-0.4241,,-0.4111,-0.5256
28124,1877,,,,,,,,,,,,,,,,,,,,,,,,,,,,,,,,,,,,,0.0311,,,-0.1011,,-0.1093,-0.2590
28489,1878,,,,,,,,,,,,,,,,,,,,,,,,,,,,,,,,,,,,,0.1154,,,-0.0113,,-0.0484,-0.2514
28854,1879,,,,,,,,,,,,,,,,,,,,,,,,,,,,,,,,,,,,,-0.2369,,,-0.3036,,-0.2613,-0.4232
29219,1880,,,,,,,,,,,,,,,,,,,,,,,,,,,,,,,,,,,,,-0.3053,,-0.1700,-0.3158,,-0.3097,-0.4788
29585,1881,,,,,,,,,,,,,,,,,,,,,,,,,,,,,,,,,,,,,-0.1880,,-0.0900,-0.2322,,-0.2217,-0.4379
29950,1882,,,,,,,,,,,,,,,,,,,,,,,,,,,,,,,,,,,,,-0.2552,,-0.1100,-0.2955,,-0.3241,-0.4359
30315,1883,,,,,,,,,,,,,,,,,,,,,,,,,,,,,,,,,,,,,-0.3048,,-0.1800,-0.3465,,-0.3617,-0.5311
30680,1884,,,,,,,,,,,,,,,,,,,,,,,,,,,,,,,,,,,,,-0.4777,,-0.2800,-0.4923,,-0.5006,-0.6193
31046,1885,,,,,,,,,,,,,,,,,,,,,,,,,,,,,,,,,,,,,-0.4400,,-0.3300,-0.4711,,-0.5315,-0.6325
31411,1886,,,,,,,,,,,,,,,,,,,,,,,,,,,,,,,,,,,,,-0.4713,,-0.3100,-0.4209,,-0.5325,-0.5640
31776,1887,,,,,,,,,,,,,,,,,,,,,,,,,,,,,,,,,,,,,-0.5032,,-0.3600,-0.4988,,-0.5911,-0.6186
32141,1888,,,,,,,,,,,,,,,,,,,,,,,,,,,,,,,,,,,,,-0.2999,,-0.1700,-0.3794,,-0.4051,-0.4788
32507,1889,,,,,,,,,,,,,,,,,,,,,,,,,,,,,,,,,,,,,-0.1761,,-0.1100,-0.2499,,-0.2512,-0.3877
32872,1890,,,,,,,,,,,,,,,,,,,,,,,,,,,,,,,,,,,,,-0.4631,,-0.3500,-0.5069,,-0.5239,-0.5856
33237,1891,,,,,,,,,,,,,,,,,,,,,,,,,,,,,,,,,,,,,-0.3469,,-0.2200,-0.4013,,-0.4214,-0.4958
33602,1892,,,,,,,,,,,,,,,,,,,,,,,,,,,,,,,,,,,,,-0.4079,,-0.2700,-0.5076,,-0.5217,-0.5630
33968,1893,,,,,,,,,,,,,,,,,,,,,,,,,,,,,,,,,,,,,-0.3846,,-0.3100,-0.4946,,-0.4878,-0.6263
34333,1894,,,,,,,,,,,,,,,,,,,,,,,,,,,,,,,,,,,,,-0.3746,,-0.3000,-0.4838,,-0.5267,-0.5400
34698,1895,,,,,,,,,,,,,,,,,,,,,,,,,,,,,,,,,,,,,-0.3096,,-0.2200,-0.4488,,-0.4751,-0.5001
35063,1896,,,,,,,,,,,,,,,,,,,,,,,,,,,,,,,,,,,,,-0.2187,,-0.1100,-0.2840,,-0.2953,-0.3696
35429,1897,,,,,,,,,,,,,,,,,,,,,,,,,,,,,,,,,,,,,-0.2015,,-0.1000,-0.2598,,-0.3066,-0.3830
35794,1898,,,,,,,,,,,,,,,,,,,,,,,,,,,,,,,,,,,,,-0.4109,,-0.2700,-0.4858,,-0.5167,-0.5371
36159,1899,,,,,,,,,,,,,,,,,,,,,,,,,,,,,,,,,,,,,-0.2412,,-0.1700,-0.3554,,-0.3683,-0.4688
36524,1900,-0.9034,,-0.6567,-0.8918,,-0.8713,-1.2393,,-1.3967,-1.3432,,-1.5177,-0.6288,,-0.2763,-0.4803,,-0.9836,-0.6883,,-0.8229,-1.0016,,-0.9561,-0.6117,,-0.6046,-0.6851,,-0.5876,-1.2922,,-1.4395,-1.3661,,-1.5724,-0.1326,,-0.0800,-0.2345,,-0.2732,-0.3914
36889,1901,-0.9281,,-0.8782,-0.8865,,-0.8202,-1.0524,,-1.2254,-1.1176,,-1.4003,-0.7856,,-0.5778,-0.3938,,-0.8407,-0.9824,,-1.0818,-1.2031,,-1.1261,-0.8105,,-0.8371,-0.8067,,-0.8876,-1.0370,,-1.3087,-1.0724,,-1.2640,-0.2125,,-0.1500,-0.2934,,-0.3040,-0.4421
37254,1902,-1.0221,,-0.5661,-0.9186,,-0.8101,-1.4391,,-1.5873,-1.5164,,-1.6549,-0.8731,,-0.5442,-0.4504,,-0.7239,-0.9829,,-1.2051,-1.2383,,-1.1505,-0.9106,,-0.9318,-0.9128,,-0.8775,-2.0135,,-2.2094,-1.9976,,-2.2497,-0.3693,,-0.2800,-0.4390,,-0.4579,-0.5395
37619,1903,-1.4008,,-0.8561,-1.2786,,-0.9030,-1.3802,,-1.4635,-1.4843,,-1.6156,-1.1009,,-0.7890,-0.6671,,-0.9142,-1.2836,,-1.4541,-1.5608,,-1.5010,-1.1186,,-1.0950,-1.1259,,-1.0690,-0.9962,,-1.2437,-1.0550,,-1.2489,-0.4683,,-0.3700,-0.5333,,-0.5498,-0.6262
37984,1904,-1.6142,,-1.1307,-1.5158,,-1.3464,-1.1870,,-1.3198,-1.3807,,-1.4269,-1.4070,,-1.0357,-0.8548,,-1.2453,-1.5030,,-1.6545,-1.7313,,-1.6982,-1.3693,,-1.2862,-1.2441,,-1.2951,-1.5576,,-1.7565,-1.5500,,-1.7342,-0.5262,,-0.4700,-0.5976,,-0.6055,-0.7415
38350,1905,-1.3131,,-0.7293,-1.1231,,-0.9978,-1.5562,,-1.5965,-1.5984,,-1.7104,-0.9756,,-0.6936,-0.6322,,-0.8875,-1.0121,,-1.1272,-1.1746,,-1.1904,-1.1241,,-1.1123,-1.0975,,-1.1446,-1.1637,,-1.3347,-1.1415,,-1.3663,-0.3440,,-0.2600,-0.4078,,-0.4141,-0.5525
38715,1906,-1.4280,,-1.0156,-1.0636,,-1.0323,-1.1119,,-1.2286,-1.1435,,-1.4490,-1.0054,,-0.8319,-0.6625,,-0.9663,-0.9813,,-1.0902,-1.1179,,-1.1217,-0.6130,,-0.5972,-0.5120,,-0.7046,-1.1075,,-1.3565,-1.0792,,-1.2812,-0.2578,,-0.2200,-0.3191,,-0.3218,-0.5163
39080,1907,-1.6090,,-1.1588,-1.2486,,-1.3097,-1.4512,,-1.6408,-1.5334,,-1.7066,-1.3250,,-1.1253,-0.9544,,-1.2056,-1.7032,,-1.8007,-1.8201,,-1.8344,-1.0784,,-1.0093,-0.9710,,-1.0472,-1.9039,,-2.1481,-1.8981,,-1.9884,-0.4299,,-0.3800,-0.5042,,-0.4909,-0.6453
39445,1908,-1.3031,,-0.9923,-1.0059,,-1.0432,-1.4521,,-1.6182,-1.5109,,-1.7281,-1.1871,,-1.0065,-0.8505,,-1.1518,-0.9749,,-1.0351,-1.1613,,-1.1778,-1.3487,,-1.2920,-1.2066,,-1.2593,-1.6719,,-1.8452,-1.6776,,-1.8914,-0.4527,,-0.4300,-0.5139,,-0.5245,-0.7100
39811,1909,-1.2410,,-1.0130,-0.9436,,-1.0786,-1.3012,,-1.4143,-1.3297,,-1.5801,-1.2415,,-1.1049,-0.8037,,-1.1352,-1.5065,,-1.7386,-1.6084,,-1.6997,-1.2273,,-1.1921,-1.0755,,-1.2465,-1.4317,,-1.6927,-1.3895,,-1.6359,-0.5156,,-0.4800,-0.5358,,-0.5781,-0.7441
40176,1910,-1.3533,,-1.0631,-1.1697,,-1.1940,-1.5456,,-1.6682,-1.5567,,-1.7270,-1.3041,,-1.2014,-0.9057,,-1.2447,-0.9417,,-1.0676,-1.0882,,-1.1513,-0.8694,,-0.8510,-0.8729,,-0.9604,-1.1448,,-1.3808,-1.0656,,-1.2385,-0.4737,,-0.4300,-0.5310,,-0.5446,-0.7062
40541,1911,-1.5005,,-1.1659,-1.0892,,-1.2709,-1.4204,,-1.5617,-1.4793,,-1.6804,-1.3138,,-1.4710,-0.9999,,-1.3511,-1.0691,,-1.2214,-1.2618,,-1.3074,-1.0671,,-1.0824,-1.0426,,-1.0813,-1.4243,,-1.5995,-1.3887,,-1.6117,-0.4856,,-0.4400,-0.5392,,-0.5746,-0.7201
40906,1912,-1.1641,,-0.9734,-0.7311,,-1.1281,-1.7803,,-1.9004,-1.8393,,-1.9665,-1.0064,,-1.2266,-0.6532,,-1.0285,-1.2503,,-1.4102,-1.4960,,-1.4927,-0.6765,,-0.6898,-0.6911,,-0.7402,-1.5786,,-1.7925,-1.6542,,-1.8615,-0.4176,,-0.3600,-0.4757,,-0.5093,-0.6397
41272,1913,-1.1025,,-0.8169,-0.7750,,-0.9916,-1.4212,,-1.5191,-1.4809,,-1.6775,-0.8594,,-0.9046,-0.5448,,-0.9886,-1.3899,,-1.3531,-1.4946,,-1.4990,-1.1671,,-1.1504,-1.1624,,-1.1749,-1.1392,,-1.3583,-1.1692,,-1.4074,-0.3891,,-0.3400,-0.4672,,-0.4844,-0.6350
41637,1914,-0.7687,,-0.7071,-0.5913,,-0.8957,-0.8832,,-0.9357,-0.9489,,-1.0611,-0.7435,,-0.8852,-0.3590,,-0.8724,-1.2686,,-1.2859,-1.3423,,-1.3165,-0.4368,,-0.5115,-0.4587,,-0.4758,-1.4190,,-1.6554,-1.3533,,-1.5517,-0.2019,,-0.1500,-0.2626,,-0.2768,-0.4531
42002,1915,-0.8489,,-0.7517,-0.5846,,-0.8923,-1.2747,,-1.3262,-1.2541,,-1.4114,-0.6041,,-0.8818,-0.2294,,-0.8217,-0.6118,,-0.7531,-0.7454,,-0.6932,-0.4080,,-0.4248,-0.4362,,-0.4867,-1.5656,,-1.7449,-1.5190,,-1.6854,-0.1471,,-0.1400,-0.1918,,-0.2112,-0.4093
42367,1916,-1.1479,,-1.0224,-1.0050,,-1.1665,-1.5683,,-1.6513,-1.4986,,-1.6793,-1.2167,,-1.4637,-0.8141,,-1.3983,-1.3709,,-1.5929,-1.5748,,-1.5837,-0.9252,,-0.8674,-0.9419,,-0.9334,-1.0005,,-1.2476,-1.1340,,-1.1691,-0.3841,,-0.3600,-0.4202,,-0.4347,-0.6222
42733,1917,-1.2656,,-1.1239,-1.0872,,-1.2621,-1.3083,,-1.4165,-1.2874,,-1.5442,-1.5940,,-1.7168,-1.1665,,-1.9147,-2.0698,,-2.2153,-2.2395,,-2.1159,-1.4522,,-1.3994,-1.3780,,-1.4388,-1.7607,,-1.9366,-1.8279,,-1.8204,-0.5314,,-0.4600,-0.5430,,-0.5649,-0.7455
43098,1918,-1.3460,,-1.1648,-1.0340,,-1.3134,-1.4800,,-1.5433,-1.4346,,-1.7060,-1.2804,,-1.3984,-0.9381,,-1.4816,-1.5203,,-1.4327,-1.5983,,-1.4860,-1.1047,,-1.1157,-1.0014,,-1.1037,-1.4758,,-1.6998,-1.4844,,-1.6326,-0.3672,,-0.2900,-0.4246,,-0.4135,-0.5951
43463,1919,-0.9876,,-0.7652,-0.6398,,-0.8641,-1.3556,,-1.5524,-1.3374,,-1.6330,-0.8304,,-0.9430,-0.5257,,-1.0155,-1.2439,,-1.3412,-1.4440,,-1.3410,-0.6987,,-0.7194,-0.6307,,-0.6650,-1.7032,,-2.0162,-1.7111,,-1.8304,-0.3048,,-0.2700,-0.3255,,-0.3510,-0.5512
43828,1920,-1.1957,,-1.0452,-0.9179,,-1.1672,-1.2470,,-1.3760,-1.2281,,-1.4747,-1.1969,,-1.1847,-0.8402,,-1.3682,-1.1662,,-1.3959,-1.4284,,-1.4137,-1.0188,,-0.9736,-0.9129,,-1.0109,-1.1153,,-1.3404,-1.0732,,-1.3312,-0.2485,,-0.2700,-0.2986,,-0.2669,-0.5622
44194,1921,-1.0981,,-0.9691,-0.8558,,-1.1599,-0.9798,,-1.0750,-0.9531,,-1.0848,-1.3293,,-1.4469,-1.0729,,-1.4906,-0.4822,,-0.4583,-0.6806,,-0.7094,-0.7808,,-0.6861,-0.6583,,-0.7402,-1.1484,,-1.3473,-1.1129,,-1.3812,-0.1913,,-0.1800,-0.2407,,-0.2853,-0.4837
44559,1922,-0.9562,,-0.8920,-0.6970,,-1.0653,-1.1544,,-1.2463,-1.1599,,-1.3655,-1.2357,,-1.3627,-1.0393,,-1.4879,-1.2439,,-1.2133,-1.3743,,-1.3149,-0.9268,,-0.9281,-0.8141,,-0.8767,-1.3524,,-1.6972,-1.3303,,-1.6273,-0.2753,,-0.2800,-0.3392,,-0.3574,-0.5590
44924,1923,-1.0919,,-1.0226,-0.9279,,-1.1136,-1.2047,,-1.2795,-1.2038,,-1.4663,-1.3192,,-1.4147,-1.0942,,-1.4709,-1.1179,,-1.0310,-1.2055,,-1.1586,-0.8877,,-0.9155,-0.8167,,-0.8895,-0.9047,,-1.1604,-1.0043,,-1.2717,-0.2410,,-0.2600,-0.3179,,-0.3212,-0.5534
45289,1924,-0.8316,,-0.7829,-0.5595,,-0.8092,-0.9780,,-1.0790,-1.0436,,-1.1923,-1.2683,,-1.5335,-1.0056,,-1.6281,-1.2352,,-1.3675,-1.4057,,-1.3784,-1.0408,,-1.0172,-0.9896,,-1.0894,-1.2248,,-1.4457,-1.2169,,-1.3793,-0.2508,,-0.2700,-0.3121,,-0.3185,-0.5358
45655,1925,-1.0545,,-0.9388,-1.0948,,-1.0512,-1.0364,,-1.0548,-1.0079,,-1.1459,-1.0780,,-1.1679,-0.8156,,-1.3434,-0.9940,,-0.9075,-1.1035,,-1.0666,-1.2224,,-1.2566,-1.1169,,-1.2321,-0.8007,,-1.1324,-0.8684,,-1.1286,-0.2084,,-0.2200,-0.2824,,-0.2643,-0.5100
46020,1926,-0.7407,,-0.6116,-0.7613,,-0.7536,-0.9892,,-1.0800,-0.9500,,-1.1295,-0.7363,,-0.9806,-0.5011,,-1.0247,-0.8123,,-0.7608,-0.9786,,-0.7976,-0.6678,,-0.6973,-0.6352,,-0.7804,-1.1117,,-1.2392,-1.0674,,-1.3053,-0.0742,,-0.1000,-0.1228,,-0.1486,-0.3963
46385,1927,-0.8402,,-0.6860,-0.8111,,-0.7945,-1.2265,,-1.3356,-1.1624,,-1.3668,-1.0048,,-1.2003,-0.7869,,-1.3857,-1.1314,,-1.1490,-1.2042,,-1.2360,-0.9435,,-0.9400,-0.8426,,-0.9310,-1.2074,,-1.2828,-1.0896,,-1.3040,-0.1912,,-0.2100,-0.2294,,-0.2509,-0.4909
46750,1928,-0.8396,,-0.5847,-0.7611,,-0.7913,-1.2990,,-1.4070,-1.2255,,-1.4047,-0.9602,,-1.1997,-0.7628,,-1.2609,-0.5843,,-0.5916,-0.7341,,-0.7563,-0.4901,,-0.5467,-0.4499,,-0.6041,-1.1325,,-1.1985,-1.0862,,-1.3297,-0.1797,,-0.2000,-0.2068,,-0.2419,-0.4778
47116,1929,-1.1197,,-0.9274,-1.0102,,-1.0413,-1.7021,,-1.7842,-1.6392,,-1.7863,-1.0658,,-1.1998,-0.8788,,-1.3308,-1.3374,,-1.3369,-1.4619,,-1.3873,-1.1929,,-1.2020,-1.1892,,-1.1721,-1.4800,,-1.6089,-1.5115,,-1.6278,-0.3661,,-0.3600,-0.3928,,-0.4041,-0.6187
47481,1930,-0.9825,,-0.8656,-0.9219,,-0.9006,-1.3641,,-1.3861,-1.2438,,-1.3866,-0.8555,,-0.9545,-0.6485,,-1.0247,-0.7124,,-0.6949,-0.8354,,-0.8593,-0.8022,,-0.7517,-0.7410,,-0.8124,-0.5536,,-0.6433,-0.5742,,-0.8196,-0.1377,,-0.1500,-0.1768,,-0.1898,-0.4221
47846,1931,-0.5248,,-0.4040,-0.5430,,-0.4793,-1.3708,,-1.4449,-1.3043,,-1.4744,-1.0119,,-1.0208,-0.7573,,-1.1350,-0.0599,,0.0747,-0.1362,,-0.0964,-1.0171,,-0.8988,-0.9169,,-0.9641,-1.4129,,-1.4674,-1.2725,,-1.5625,-0.0734,,-0.0900,-0.1034,,-0.1284,-0.3701
48211,1932,-0.9010,,-0.8155,-0.9305,,-0.8643,-0.8871,,-0.9095,-0.7978,,-0.9601,-0.7942,,-0.7663,-0.5621,,-0.9064,-1.1498,,-1.1337,-1.1741,,-1.1820,-0.8985,,-0.8789,-0.8241,,-0.9876,-0.7524,,-0.8909,-0.7030,,-0.8696,-0.1146,,-0.1500,-0.1455,,-0.1663,-0.4307
48577,1933,-0.8633,,-0.7396,-0.7429,,-0.8092,-1.5740,,-1.6332,-1.4774,,-1.6849,-1.1150,,-1.1768,-0.9136,,-1.1666,-1.3478,,-1.1468,-1.3822,,-1.4430,-0.9451,,-0.8462,-0.8357,,-0.9695,-1.4678,,-1.5843,-1.4471,,-1.5568,-0.3069,,-0.2800,-0.3223,,-0.3480,-0.5609
48942,1934,-1.0030,,-0.7388,-0.9904,,-0.8738,-1.2668,,-1.2652,-1.1879,,-1.3176,-1.1751,,-1.2804,-0.9899,,-1.1969,-0.6565,,-0.3929,-0.6670,,-0.7188,-0.8567,,-0.8277,-0.7874,,-0.9105,-0.3854,,-0.4940,-0.3435,,-0.5123,-0.1575,,-0.1200,-0.1743,,-0.1907,-0.4148
49307,1935,-1.0520,,-0.8663,-0.8633,,-0.9166,-1.1976,,-1.1898,-1.1076,,-1.2407,-0.9873,,-1.0508,-0.8071,,-1.0687,-1.2982,,-1.2256,-1.2965,,-1.3037,-0.9187,,-0.8984,-0.8645,,-0.9660,-0.8319,,-0.9299,-0.7708,,-1.0111,-0.2183,,-0.1900,-0.2061,,-0.2394,-0.4636
49672,1936,-0.9901,,-0.7872,-0.8319,,-0.7915,-1.3109,,-1.2824,-1.2599,,-1.3540,-0.8443,,-0.9449,-0.6267,,-0.9469,-1.3555,,-1.2066,-1.3589,,-1.3947,-0.7077,,-0.6648,-0.6417,,-0.7941,-0.4929,,-0.6430,-0.4865,,-0.5642,-0.1495,,-0.1400,-0.1695,,-0.1866,-0.4280
50038,1937,-0.7895,,-0.6802,-0.6853,,-0.7558,-1.2791,,-1.2966,-1.2880,,-1.3142,-0.8563,,-0.9588,-0.6266,,-1.0054,-0.7814,,-0.8084,-0.8269,,-0.7704,-0.8241,,-0.7640,-0.7109,,-0.7912,-0.3779,,-0.4579,-0.3425,,-0.6240,0.0078,,-0.0200,-0.0192,,-0.0241,-0.2996
50403,1938,-0.9409,,-0.8028,-0.7835,,-0.8829,-0.8940,,-0.8474,-0.8470,,-0.9183,-0.9592,,-1.0950,-0.7810,,-1.0588,-0.2990,,-0.2280,-0.3531,,-0.3851,-0.4123,,-0.4146,-0.3425,,-0.5009,-0.3698,,-0.5141,-0.3357,,-0.5469,0.0140,,0.0000,-0.0122,,-0.0367,-0.2937
50768,1939,-0.9139,,-0.8345,-0.7824,,-0.8242,-0.8079,,-0.7688,-0.7648,,-0.8442,-0.8195,,-0.9187,-0.6536,,-0.9160,-0.7380,,-0.5477,-0.7645,,-0.7704,-1.0030,,-0.9461,-0.8942,,-1.0057,-0.6211,,-0.7653,-0.6135,,-0.6498,-0.0071,,-0.0100,-0.0408,,-0.0469,-0.3033
51133,1940,-0.7179,,-0.6530,-0.6331,,-0.6901,-1.0111,,-1.0030,-0.9793,,-1.0622,-0.6139,,-0.7471,-0.4600,,-0.7368,-0.4131,,-0.4669,-0.4985,,-0.3995,-0.7679,,-0.7070,-0.6746,,-0.7994,-1.6305,,-1.6994,-1.5638,,-1.7705,0.0760,-0.6867,0.1300,0.0759,,0.0153,-0.1563
51499,1941,-0.4450,,-0.3935,-0.3368,,-0.4297,-1.0833,,-1.0915,-1.0737,,-1.1672,-0.5780,,-0.6571,-0.4364,,-0.6890,-0.5003,,-0.3630,-0.5402,,-0.4338,-0.9542,,-0.8587,-0.8845,,-0.7826,-1.9338,,-1.9356,-1.8558,,-1.7899,0.0310,-0.6400,0.1900,0.0381,,-0.0312,-0.0909
51864,1942,-0.6680,,-0.5523,-0.5481,,-0.6171,-0.9716,,-1.0171,-1.0163,,-1.0384,-0.8501,,-0.9422,-0.7254,,-0.9992,-0.5522,,-0.5761,-0.6544,,-0.6213,-0.5343,,-0.5356,-0.4529,,-0.5339,-1.8924,,-1.9414,-1.7789,,-1.8597,0.0406,-0.7325,0.0700,0.0014,,-0.0169,-0.2228
52229,1943,-1.0449,,-0.9264,-0.9721,,-0.9991,-0.7281,,-0.7271,-0.7474,,-0.7807,-0.9327,,-0.9968,-0.8128,,-1.0554,-0.6646,,-0.7257,-0.7146,,-0.6649,-1.0088,,-1.0729,-0.9707,,-1.0185,-0.7865,,-0.8376,-0.7245,,-0.9189,0.0946,-0.7267,0.0900,0.0064,,0.0164,-0.2122
52594,1944,-0.8454,,-0.7719,-0.7389,,-0.8388,-0.7940,,-0.8042,-0.8003,,-0.8375,-0.6468,,-0.6776,-0.4681,,-0.6899,-0.4177,,-0.4434,-0.4609,,-0.3804,-0.8492,,-0.8869,-0.7809,,-0.8378,-0.9151,,-1.0302,-0.7972,,-1.0346,0.1983,-0.5350,0.2100,0.1441,,0.1346,-0.0767
52960,1945,-0.8726,,-0.8016,-0.8741,,-0.8792,-1.1826,,-1.2777,-1.1789,,-1.2308,-0.7493,,-0.7441,-0.5818,,-0.7657,-0.9586,,-0.9482,-1.0217,,-0.9388,-0.8291,,-0.8295,-0.6629,,-0.7515,-1.2132,,-1.3514,-1.1981,,-1.3475,0.0715,-0.6750,0.0900,0.0431,,-0.0364,-0.1732
53325,1946,-0.8328,,-0.7937,-0.7320,,-0.8481,-1.1593,,-1.1243,-1.1361,,-1.1943,-0.8179,,-0.8865,-0.7002,,-0.8520,-0.7579,,-0.6600,-0.8204,,-0.7937,-1.0515,,-1.0844,-1.0046,,-0.9945,-0.7004,,-0.8840,-0.7373,,-0.7760,-0.0747,-0.6708,-0.0700,-0.1188,,-0.1401,-0.3502
53690,1947,-0.6296,,-0.5777,-0.5689,,-0.6635,-1.0413,,-1.0684,-1.0400,,-1.1207,-0.9135,,-0.9417,-0.7597,,-0.9729,-0.6333,,-0.6643,-0.7152,,-0.7049,-0.7600,,-0.8167,-0.7374,,-0.9093,-0.6136,,-0.8086,-0.7420,,-0.9317,-0.0049,-0.6267,-0.0200,-0.0912,,-0.0880,-0.3188
54055,1948,-1.0335,,-0.9570,-0.9531,,-1.0095,-0.6454,,-0.6727,-0.6730,,-0.7000,-0.8172,,-0.8373,-0.7430,,-0.8629,-0.9866,,-1.0709,-1.0647,,-1.0296,-0.8907,,-0.9526,-0.8541,,-1.0025,-0.8090,,-0.8933,-0.7769,,-0.9751,-0.0988,-0.6883,-0.1000,-0.1247,,-0.1434,-0.3727
54421,1949,-0.8825,,-0.7094,-0.8092,,-0.8344,-1.1327,,-1.1914,-1.1334,,-1.1828,-0.9096,,-0.9877,-0.8638,,-0.9572,-0.8609,,-0.8219,-0.9312,,-0.9130,-1.2519,,-1.2367,-1.2000,,-1.3083,-0.7575,,-0.8754,-0.7390,,-0.9643,-0.1085,-0.6550,-0.1100,-0.1438,,-0.1613,-0.3694
54786,1950,-1.1417,,-0.9866,-1.1069,,-1.0616,-1.4901,,-1.4807,-1.4722,,-1.5390,-0.9476,,-1.0018,-0.8816,,-1.0631,-1.3999,,-1.4567,-1.4724,,-1.4450,-1.0140,,-0.9496,-0.9088,,-0.9733,-0.7822,,-0.9904,-0.8032,,-0.9001,-0.1728,-0.7667,-0.1700,-0.2266,,-0.2445,-0.4343
55151,1951,-0.9234,,-0.9016,-0.8689,,-0.8931,-0.9225,,-1.0145,-0.9462,,-1.0249,-0.8309,,-0.8298,-0.7123,,-0.9374,-1.2260,,-1.3567,-1.2684,,-1.2452,-0.7775,,-0.8877,-0.7925,,-0.8828,-0.9441,,-1.0520,-0.9391,,-1.0073,0.0074,-0.6350,-0.0700,-0.0612,,-0.0769,-0.3171
55516,1952,-0.7992,,-0.7332,-0.7104,,-0.8108,-1.4300,,-1.4498,-1.4365,,-1.5030,-0.7272,,-0.7716,-0.6258,,-0.8171,-0.4028,,-0.4842,-0.4473,,-0.4287,-0.8320,,-0.8657,-0.7635,,-0.9062,-0.9069,,-1.1234,-0.9215,,-1.0162,0.0796,-0.6492,0.0100,0.0154,,-0.0014,-0.2562
55882,1953,-0.9734,,-0.9211,-0.9095,,-0.9225,-0.6924,,-0.7854,-0.7033,,-0.7771,-0.5911,,-0.6183,-0.4612,,-0.6125,-0.1437,,-0.0951,-0.1886,,-0.1758,-0.8453,,-0.9022,-0.7630,,-0.8837,-0.9106,,-0.9479,-0.8720,,-0.9674,0.1539,-0.5725,0.0800,0.0776,,0.0570,-0.1809
56247,1954,-1.1000,,-1.0061,-1.0506,,-1.0453,-1.2537,,-1.3365,-1.2783,,-1.3682,-0.8414,,-0.9831,-0.6810,,-0.9404,-0.5299,,-0.5549,-0.5988,,-0.5759,-0.8257,,-0.8504,-0.7167,,-0.8350,-1.0364,,-1.2663,-1.0957,,-1.0736,-0.0423,-0.7700,-0.1300,-0.1168,,-0.1352,-0.3790
56612,1955,-0.8869,,-0.8544,-0.8551,,-0.8439,-1.0852,,-1.0973,-1.1146,,-1.1731,-1.0127,,-1.1462,-0.8459,,-1.1287,-1.0434,,-1.1690,-1.1330,,-1.0729,-0.8525,,-0.8699,-0.7598,,-0.8872,-1.1174,,-1.2988,-1.1421,,-1.2694,-0.0927,-0.7875,-0.1400,-0.1973,,-0.1825,-0.4375
56977,1956,-1.1867,,-1.1255,-1.1236,,-1.1294,-1.3884,,-1.4635,-1.4354,,-1.4802,-1.2207,,-1.3463,-1.0985,,-1.2874,-1.2734,,-1.2224,-1.2786,,-1.2339,-1.2061,,-1.1679,-1.0981,,-1.1431,-2.0244,,-2.1921,-1.9754,,-2.0729,-0.1743,-0.8475,-0.1900,-0.2632,,-0.2461,-0.4789
57343,1957,-0.9621,,-0.8860,-0.9285,,-0.9111,-1.3928,,-1.4531,-1.4010,,-1.4678,-0.7396,,-0.7986,-0.6567,,-0.7986,-0.7656,,-0.7361,-0.8315,,-0.7832,-0.5715,,-0.6370,-0.5065,,-0.5795,-0.5222,,-0.7413,-0.5874,,-0.7147,0.0542,-0.5992,0.0500,-0.0353,,-0.0297,-0.2498
57708,1958,-0.6197,,-0.5703,-0.6345,-0.5178,-0.6065,-1.1598,,-1.1951,-1.1819,-1.1071,-1.2531,-0.3935,,-0.4911,-0.2772,-0.0659,-0.5104,-0.5173,,-0.5843,-0.5799,-0.5828,-0.5059,-0.4308,,-0.4771,-0.3961,0.0591,-0.4820,-1.0521,,-1.1545,-1.1144,-0.9262,-1.2451,0.0588,-0.5333,0.0600,-0.0176,-0.2765,-0.0281,-0.2241
58073,1959,-0.8420,,-0.7966,-0.8476,-0.7002,-0.8384,-0.8833,,-0.9384,-0.9270,-0.9269,-0.9466,-0.6341,,-0.7613,-0.5245,0.0161,-0.7581,-0.9972,,-0.9856,-1.0232,-1.0701,-1.0226,-0.3972,,-0.4694,-0.3675,0.0572,-0.4267,-0.8497,,-0.9548,-0.9012,-0.7337,-1.1072,0.0413,-0.5675,0.0300,-0.0480,-0.3430,-0.0592,-0.2376
58438,1960,-0.7149,,-0.6579,-0.7364,-0.5330,-0.7091,-1.2904,,-1.3165,-1.3167,-1.3130,-1.3509,-0.7594,,-0.8812,-0.6001,-0.0526,-0.8668,-0.6960,,-0.7730,-0.7838,-0.7642,-0.7185,-1.0168,,-1.0452,-0.9374,-0.6375,-0.9064,-0.6005,,-0.7945,-0.6703,-0.4392,-0.8725,-0.0158,-0.6125,-0.0200,-0.1155,-0.3610,-0.0956,-0.2824
58804,1961,-0.9955,,-0.8965,-0.9892,-0.9400,-0.9570,-0.8448,,-0.8870,-0.8989,-0.9023,-0.9329,-0.5175,,-0.6821,-0.3364,-0.1461,-0.6297,-1.0214,,-1.0305,-1.0755,-1.0448,-1.0859,-0.5592,,-0.5615,-0.4730,-0.0664,-0.5163,-0.4241,,-0.5580,-0.4776,-0.3291,-0.6866,0.0612,-0.5375,0.0600,-0.0200,-0.3369,-0.0169,-0.2433
59169,1962,-0.8320,,-0.7656,-0.8634,-0.7756,-0.7890,-0.6646,,-0.7185,-0.7015,-0.7470,-0.7511,-0.7451,,-0.9157,-0.5502,-0.5501,-0.8629,-0.7823,,-0.8354,-0.8425,-0.8588,-0.8264,-0.6420,,-0.6122,-0.5500,-0.2688,-0.6219,-0.7220,,-1.0311,-0.8107,-0.7206,-0.9279,0.0025,-0.5975,0.0300,-0.0641,-0.3509,-0.0792,-0.2560
59534,1963,-0.7556,,-0.7122,-0.7723,-0.7570,-0.7061,-0.6325,,-0.6937,-0.7083,-0.6810,-0.7184,-0.4971,,-0.6437,-0.3037,-0.3016,-0.5716,-0.6123,,-0.6363,-0.6582,-0.7161,-0.6614,-0.7182,,-0.7670,-0.6571,-0.4330,-0.7318,-1.2710,,-1.4753,-1.3500,-1.1502,-1.4502,0.0450,-0.5600,0.0500,-0.0368,-0.3489,-0.0375,-0.2257
59899,1964,-1.0410,,-1.0081,-1.0513,-0.8850,-1.0206,-1.3925,,-1.4488,-1.4334,-1.3610,-1.4472,-0.8838,,-1.0709,-0.6741,-0.7090,-0.9520,-1.2854,,-1.2256,-1.2903,-1.2436,-1.3110,-0.7152,,-0.7982,-0.6704,-0.2410,-0.7322,-1.1390,,-1.2647,-1.1856,-0.9416,-1.3452,-0.2216,-0.7717,-0.2000,-0.3059,-0.5457,-0.2882,-0.4577
60265,1965,-1.0828,,-0.9977,-1.0700,-0.8203,-1.0229,-1.1727,,-1.2298,-1.1848,-1.0824,-1.2372,-0.6081,,-0.7290,-0.4045,-0.5056,-0.6672,-1.2510,,-1.2187,-1.2386,-1.1962,-1.2417,-0.5082,,-0.6346,-0.4895,-0.0681,-0.6031,-1.3227,,-1.4863,-1.3535,-1.1148,-1.5010,-0.1028,-0.7092,-0.1100,-0.2044,-0.4744,-0.1809,-0.3699
60630,1966,-0.7029,,-0.6519,-0.7337,-0.5784,-0.6609,-1.2590,,-1.2629,-1.2966,-1.2116,-1.3287,-0.6066,,-0.7993,-0.4494,-0.4338,-0.7106,-1.1688,,-1.2181,-1.1898,-1.1041,-1.2012,-0.9221,,-0.9212,-0.8559,-0.6594,-0.8790,-0.9303,,-1.0755,-0.9551,-0.7978,-1.1170,-0.0401,-0.6333,-0.0600,-0.1489,-0.4416,-0.1197,-0.3291
60995,1967,-1.0837,,-1.0419,-1.1150,-1.0416,-1.0599,-0.8580,,-0.9555,-0.9153,-0.8973,-0.9218,-0.6221,,-0.7893,-0.4625,-0.5727,-0.7155,-1.0753,,-1.0393,-1.0812,-1.1311,-1.0821,-0.7609,,-0.7591,-0.7236,-0.5109,-0.7838,-0.8536,,-1.0133,-0.8535,-0.8345,-0.9556,-0.0097,-0.6192,-0.0200,-0.1175,-0.4449,-0.0861,-0.2929
61360,1968,-1.0222,,-0.9740,-1.0088,-0.8907,-0.9683,-1.2023,,-1.2342,-1.2487,-1.2278,-1.2504,-0.8248,,-0.9468,-0.6663,-0.6562,-0.8960,-0.9426,,-1.0108,-1.0015,-0.9925,-0.9984,-0.8262,,-0.8552,-0.8023,-0.6215,-0.8178,-1.3636,,-1.4717,-1.3060,-1.1358,-1.4955,-0.0866,-0.6800,-0.0800,-0.1686,-0.4731,-0.1499,-0.3660
61726,1969,-0.4769,,-0.4768,-0.4890,-0.3296,-0.4473,-1.7076,,-1.7991,-1.7436,-1.7687,-1.7541,-0.2817,,-0.3864,-0.1442,-0.0712,-0.3472,-0.7079,,-0.8294,-0.7692,-0.7327,-0.7757,-0.5258,,-0.5650,-0.5134,-0.2177,-0.5052,-1.7391,,-1.7729,-1.7257,-1.6682,-1.8801,0.0632,-0.5508,0.0500,-0.0314,-0.3241,-0.0280,-0.2137
62091,1970,-0.7036,,-0.6502,-0.7074,-0.6147,-0.7020,-1.1307,,-1.1479,-1.1902,-1.1633,-1.1797,-0.5030,,-0.6270,-0.3650,-0.2241,-0.5575,-1.0782,,-1.0888,-1.1023,-1.1133,-1.0932,-0.5759,,-0.5849,-0.5326,-0.2554,-0.5456,-1.1064,,-1.2931,-1.1439,-0.9898,-1.1422,0.0152,-0.5750,0.0300,-0.0851,-0.3653,-0.0493,-0.2536
62456,1971,-1.0787,,-1.0226,-1.1008,-0.9984,-1.0359,-0.8945,,-0.9139,-0.9664,-0.9287,-0.9090,-0.9945,,-1.0677,-0.8944,-0.7356,-0.9908,-1.0555,,-1.1416,-1.1109,-1.0924,-1.0976,-0.7192,,-0.7650,-0.6975,-0.5807,-0.7194,-1.2838,,-1.2870,-1.2477,-1.2605,-1.2773,-0.1042,-0.7292,-0.0800,-0.2059,-0.4911,-0.1824,-0.3600
62821,1972,-0.8197,,-0.7719,-0.8395,-0.7220,-0.7791,-1.4550,,-1.4678,-1.4708,-1.4463,-1.4743,-0.5666,,-0.6486,-0.4852,-0.2760,-0.6084,-1.8920,,-1.8022,-1.8728,-1.9210,-1.8671,-0.4724,,-0.4959,-0.4701,-0.1837,-0.4895,-0.9194,,-1.1176,-0.9672,-0.8639,-0.9397,0.0056,-0.5958,0.0100,-0.0938,-0.3808,-0.0779,-0.2830
63187,1973,-0.5637,,-0.4817,-0.6380,-0.4880,-0.5316,-0.6333,,-0.6948,-0.7223,-0.6209,-0.6783,-0.4767,,-0.6376,-0.4785,-0.3729,-0.5320,-0.5433,,-0.5990,-0.5957,-0.5840,-0.6192,-0.0837,,-0.1492,-0.1077,-0.1534,-0.1205,-1.2059,,-1.2620,-1.1820,-1.2021,-1.1950,0.1426,-0.4917,0.1600,0.0499,-0.2821,0.0675,-0.1104
63552,1974,-1.1403,,-1.0672,-1.1661,-1.1791,-1.0732,-1.4163,,-1.4281,-1.4422,-1.4143,-1.4431,-0.8975,,-1.0188,-0.9200,-0.8536,-0.9606,-1.2531,,-1.1377,-1.2496,-1.2813,-1.2482,-0.9963,,-0.8962,-0.9854,-1.1315,-0.9205,-0.5356,,-0.6732,-0.6234,-0.5974,-0.6419,-0.0622,-0.7658,-0.0700,-0.1725,-0.5513,-0.1573,-0.3581
63917,1975,-1.0585,,-0.9850,-1.1078,-1.0708,-1.0166,-0.6008,,-0.6201,-0.6248,-0.5908,-0.6118,-0.7641,,-0.9145,-0.7830,-0.7503,-0.8294,-1.0982,,-1.1555,-1.1553,-1.1511,-1.1518,-0.6665,,-0.5995,-0.6520,-0.7291,-0.6147,-0.5408,,-0.6026,-0.5533,-0.4695,-0.5938,0.0035,-0.7425,-0.0100,-0.1108,-0.4901,-0.1051,-0.2937
64282,1976,-1.0666,,-0.9942,-1.0890,-1.0986,-0.9861,-1.4209,,-1.4490,-1.4583,-1.4449,-1.4391,-0.8442,,-0.9754,-0.8815,-0.8530,-0.8906,-0.9953,,-0.9546,-1.0137,-1.0877,-0.9682,-1.0753,,-0.9325,-1.0493,-1.0521,-0.9877,-1.5873,,-1.6649,-1.5626,-1.6108,-1.5439,-0.0938,-0.8117,-0.1000,-0.2159,-0.5977,-0.2152,-0.3403
64648,1977,-0.6733,,-0.6547,-0.7402,-0.6981,-0.7006,-0.9721,,-1.0066,-1.0602,-1.0352,-1.0398,-0.3305,,-0.4755,-0.3674,-0.3877,-0.4485,-0.2520,,-0.3255,-0.2978,-0.3267,-0.2814,-0.5561,,-0.5292,-0.5873,-0.4118,-0.5229,-0.9574,,-1.0184,-1.0010,-0.9126,-0.9347,0.2354,-0.5267,0.1800,0.1031,-0.3218,0.1145,-0.0990
65013,1978,-0.7083,,-0.7106,-0.7579,-0.7403,-0.7090,-0.7809,,-0.8120,-0.8579,-0.8427,-0.8285,-0.4751,,-0.6419,-0.5097,-0.4887,-0.5994,-1.1051,,-1.1340,-1.1364,-1.1886,-1.1071,-0.7049,,-0.5968,-0.6327,-0.5613,-0.5862,-1.5333,,-1.6476,-1.5614,-1.4946,-1.5307,0.1104,-0.5842,0.0700,0.0053,-0.3834,0.0098,-0.1939
65378,1979,-0.4583,-0.6267,-0.4424,-0.4925,-0.4529,-0.4269,-0.9969,-1.0472,-0.9497,-1.0504,-1.0577,-1.0246,-0.5294,-0.5337,-0.6183,-0.5031,-0.5884,-0.5862,-1.0626,-1.0949,-1.1240,-1.1208,-1.0239,-1.0815,-0.2443,-0.2115,-0.2695,-0.2577,-0.1215,-0.2576,-1.0735,-1.1112,-1.1812,-1.1125,-1.0823,-0.9442,0.1858,-0.4290,0.1600,0.0909,-0.2666,0.0848,-0.0846
65743,1980,-0.4788,-0.5546,-0.4846,-0.5421,-0.4500,-0.4820,-0.8359,-0.8676,-0.8661,-0.8906,-0.8705,-0.8671,-0.3348,-0.3571,-0.4036,-0.3533,-0.2885,-0.3806,-0.5157,-0.5800,-0.5569,-0.5597,-0.5471,-0.5189,-0.0187,0.0935,-0.1008,-0.0348,0.1638,-0.0762,-1.3160,-1.3356,-1.4112,-1.3366,-1.3614,-1.1700,0.3088,-0.2978,0.2600,0.1961,-0.1412,0.2024,-0.0165
66109,1981,-0.6322,-0.7362,-0.6466,-0.6994,-0.5917,-0.6589,-0.4503,-0.5067,-0.4828,-0.5100,-0.5209,-0.4731,-0.4690,-0.4888,-0.5585,-0.4872,-0.4297,-0.5220,0.3902,0.3392,0.2903,0.2872,0.3242,0.3195,-0.2973,-0.2549,-0.2904,-0.2906,-0.1667,-0.2823,-0.7514,-0.7879,-0.8321,-0.7406,-0.8130,-0.5339,0.3590,-0.2644,0.3200,0.2500,-0.1022,0.2493,0.0454
66474,1982,-0.7027,-0.8397,-0.6606,-0.7484,-0.7110,-0.6909,-0.8845,-0.9598,-0.8893,-0.9091,-0.9351,-0.8822,-0.3382,-0.4026,-0.4423,-0.3393,-0.2547,-0.4550,-1.4082,-1.4623,-1.3829,-1.4306,-1.4446,-1.4083,-0.5219,-0.4058,-0.5385,-0.5224,-0.3622,-0.5023,-1.0053,-0.9971,-1.0332,-1.0056,-1.0439,-0.8629,0.1437,-0.4637,0.1400,0.0343,-0.2886,0.0518,-0.1182
66839,1983,-0.3519,-0.4050,-0.3534,-0.3993,-0.3129,-0.4181,-0.4062,-0.4620,-0.4274,-0.4608,-0.4914,-0.4313,-0.1518,-0.2132,-0.2428,-0.1886,-0.1051,-0.2212,-0.7590,-0.8172,-0.7015,-0.7568,-0.7942,-0.7275,-0.1918,-0.1382,-0.1953,-0.1936,-0.0947,-0.1800,-0.8973,-0.8069,-0.8867,-0.8335,-0.8715,-0.7430,0.3241,-0.2688,0.3100,0.2238,-0.1061,0.2335,0.0386
67204,1984,-0.5371,-0.6840,-0.4996,-0.5552,-0.5344,-0.5656,-1.2794,-1.2660,-1.2863,-1.2940,-1.3016,-1.2803,-0.5907,-0.7305,-0.6899,-0.6074,-0.6055,-0.6411,-0.8170,-0.8523,-0.7369,-0.8236,-0.8754,-0.7895,-0.7885,-0.7389,-0.7775,-0.7381,-0.6490,-0.7349,-1.0958,-1.0306,-1.1382,-1.0685,-1.1393,-0.8701,0.1562,-0.4815,0.1600,0.0480,-0.2937,0.0606,-0.1127
67570,1985,-0.5702,-0.7456,-0.5339,-0.6283,-0.5969,-0.5429,-1.0216,-1.0576,-1.0325,-1.0663,-1.0724,-1.0249,-0.5245,-0.6562,-0.6024,-0.5129,-0.5396,-0.5851,-1.0025,-1.0625,-1.0429,-1.0454,-1.0845,-1.0019,-0.3937,-0.3151,-0.4065,-0.3333,-0.2157,-0.3649,-1.5086,-1.5641,-1.6189,-1.5459,-1.5597,-1.2793,0.1526,-0.5219,0.1200,0.0497,-0.3249,0.0648,-0.1409
67935,1986,-0.6222,-0.7195,-0.5687,-0.6734,-0.6565,-0.5624,-0.8242,-0.8722,-0.8263,-0.8849,-0.8903,-0.8471,-0.4385,-0.5475,-0.4777,-0.4376,-0.4566,-0.4587,-0.5801,-0.6727,-0.4428,-0.5696,-0.7020,-0.5701,-0.3472,-0.2711,-0.4172,-0.3217,-0.2145,-0.3285,-1.0751,-1.0728,-1.2233,-1.1509,-1.1343,-0.8771,0.2077,-0.4331,0.1800,0.0957,-0.2261,0.0952,-0.0930
68300,1987,-0.0241,-0.0401,-0.0178,-0.1148,0.0364,-0.0816,-1.0577,-1.0735,-1.0656,-1.0773,-1.1008,-1.0646,-0.0497,-0.1022,-0.1232,-0.0785,-0.0271,-0.0933,0.1172,0.0634,0.1512,0.0843,0.0507,0.0896,-0.2888,-0.2254,-0.3284,-0.3434,-0.1684,-0.3170,-1.7971,-1.6115,-1.8265,-1.7711,-1.6810,-1.5484,0.3462,-0.2777,0.3200,0.2430,-0.0868,0.2337,0.0284
68665,1988,-0.3693,-0.3487,-0.3598,-0.3979,-0.2304,-0.3661,-0.3283,-0.3369,-0.3605,-0.3687,-0.4071,-0.3289,-0.4333,-0.4170,-0.5121,-0.4575,-0.3637,-0.4375,-0.3569,-0.4055,-0.2746,-0.3866,-0.4693,-0.3654,0.1200,0.1520,0.0788,0.0884,0.2247,0.0923,-0.7132,-0.7008,-0.7494,-0.7300,-0.8054,-0.5913,0.3910,-0.2456,0.3900,0.2822,-0.0608,0.2907,0.1076
69031,1989,-0.6872,-0.6820,-0.7173,-0.7293,-0.6016,-0.7151,-0.4737,-0.5019,-0.4618,-0.5039,-0.4748,-0.4903,-0.5456,-0.5619,-0.5906,-0.5357,-0.4642,-0.5636,-0.9268,-0.9603,-0.9238,-0.9606,-1.0302,-0.8941,-0.4764,-0.4638,-0.4591,-0.4423,-0.3425,-0.4204,-0.1689,-0.0848,-0.2551,-0.2220,-0.1976,-0.1179,0.2766,-0.3639,0.2700,0.1793,-0.1691,0.1708,-0.0132
69396,1990,-0.2411,-0.1913,-0.2578,-0.3123,-0.1359,-0.2711,-0.1949,-0.1939,-0.1429,-0.2076,-0.1955,-0.1918,-0.3127,-0.3610,-0.3880,-0.3511,-0.2934,-0.3807,-0.6259,-0.6785,-0.4422,-0.5783,-0.7610,-0.6436,-0.0912,-0.0296,-0.1788,-0.1231,0.0014,-0.1289,-0.1835,-0.1723,-0.2283,-0.1973,-0.3000,-0.0747,0.4642,-0.1325,0.4500,0.3606,0.0188,0.3598,0.1391
69761,1991,-0.4940,-0.5098,-0.5497,-0.4906,-0.4688,-0.4897,-0.4183,-0.4242,-0.4335,-0.4407,-0.4604,-0.4392,-0.2999,-0.4012,-0.3478,-0.3641,-0.3228,-0.3400,-0.3789,-0.4271,-0.2621,-0.3666,-0.5195,-0.4034,-0.0525,-0.0133,-0.1640,-0.1190,0.0102,-0.1432,-0.6247,-0.7101,-0.6999,-0.6435,-0.8221,-0.3378,0.4527,-0.1872,0.4100,0.3389,-0.0262,0.3434,0.1105
70126,1992,-0.5906,-0.6907,-0.6318,-0.6753,-0.6319,-0.6742,-0.9314,-0.9627,-0.8943,-0.9148,-0.9571,-0.9158,-0.4115,-0.5438,-0.4782,-0.5166,-0.4462,-0.4724,-0.8058,-0.9125,-0.6809,-0.7831,-0.9284,-0.7735,-0.4370,-0.5085,-0.4614,-0.3940,-0.4603,-0.4164,-0.8876,-0.9711,-0.8483,-0.8168,-1.0514,-0.5889,0.2445,-0.4193,0.2200,0.1249,-0.2182,0.1366,-0.0739
70492,1993,-0.3835,-0.4039,-0.4116,-0.4347,-0.3906,-0.4140,-0.7177,-0.7285,-0.7635,-0.7191,-0.7299,-0.7150,-0.3078,-0.3659,-0.3530,-0.3957,-0.2713,-0.3559,-0.6139,-0.6937,-0.7204,-0.6502,-0.6753,-0.6399,-0.2845,-0.2657,-0.3453,-0.3267,-0.2330,-0.3427,-1.2986,-1.3013,-1.2996,-1.2532,-1.4292,-1.1974,0.3008,-0.3735,0.2300,0.1657,-0.1818,0.1966,-0.0387
70857,1994,-0.4495,-0.5102,-0.4596,-0.5898,-0.4166,-0.5130,-0.5215,-0.5305,-0.5152,-0.5391,-0.5329,-0.5397,-0.1245,-0.1849,-0.1896,-0.1903,-0.0807,-0.2078,-0.4066,-0.4068,-0.4117,-0.4394,-0.4121,-0.4496,-0.3630,-0.2156,-0.3884,-0.4184,-0.1691,-0.3949,-0.5650,-0.5382,-0.5708,-0.5957,-0.5548,-0.5652,0.3507,-0.3372,0.3100,0.2335,-0.1119,0.2486,0.0156
71222,1995,-0.1686,-0.2554,-0.2110,-0.2975,-0.0867,-0.2368,0.1252,0.1296,0.1205,0.1058,0.1331,0.1048,-0.0707,-0.1736,-0.1806,-0.1127,-0.1066,-0.1816,-0.3379,-0.3468,-0.3770,-0.3457,-0.3132,-0.3761,-0.3652,-0.3787,-0.3709,-0.3362,-0.2906,-0.3480,-0.2449,-0.1782,-0.3332,-0.2760,-0.2195,-0.2555,0.5083,-0.1594,0.4500,0.3769,0.0616,0.3912,0.1719
71587,1996,-0.2552,-0.3840,-0.3324,-0.3055,-0.2189,-0.2854,-0.7098,-0.7708,-0.7514,-0.7436,-0.7314,-0.7360,-0.3049,-0.4176,-0.3904,-0.3662,-0.3186,-0.3832,-0.8958,-0.9597,-1.0061,-0.8873,-0.8953,-0.9552,-0.0944,-0.0440,-0.1821,-0.1071,0.0277,-0.1214,-0.8544,-0.7770,-1.0327,-0.9385,-0.8613,-0.7791,0.3983,-0.2894,0.3300,0.2767,-0.0693,0.2788,0.0506
71953,1997,-0.2131,-0.3598,-0.2572,-0.1856,-0.1940,-0.2739,-0.2478,-0.3286,-0.2462,-0.2568,-0.2662,-0.2360,0.0803,-0.0344,0.0147,0.0547,0.0179,-0.0145,-0.4104,-0.5577,-0.4365,-0.3868,-0.4985,-0.4085,-0.2607,-0.2320,-0.2832,-0.3055,-0.2122,-0.2866,-0.7064,-0.6564,-0.6774,-0.7600,-0.7015,-0.7246,0.5382,-0.1671,0.4600,0.4223,0.0438,0.4277,0.1917
72318,1998,0.1326,0.1000,0.0704,0.0752,0.2732,0.0996,-0.3023,-0.3341,-0.2623,-0.2790,-0.2665,-0.2750,0.2478,0.2278,0.1951,0.2332,0.2650,0.2198,0.8243,0.6713,0.7362,0.8087,0.7304,0.7286,0.3021,0.3076,0.2785,0.3329,0.3210,0.2807,-0.4387,-0.4415,-0.4389,-0.4879,-0.4493,-0.4238,0.6884,0.0215,0.6100,0.5773,0.2406,0.5719,0.3224
72683,1999,-0.1699,-0.2725,-0.1808,-0.2349,-0.0672,-0.1901,-0.2481,-0.2668,-0.2428,-0.2542,-0.2066,-0.2510,-0.3734,-0.4489,-0.4347,-0.3634,-0.3529,-0.4051,0.2227,0.0760,0.1725,0.2082,0.1385,0.1759,-0.2519,-0.3565,-0.2251,-0.2071,-0.3131,-0.1994,-0.1092,-0.1021,-0.1182,-0.1318,-0.1404,-0.1098,0.4458,-0.2474,0.3800,0.3245,-0.0068,0.3298,0.1132
73048,2000,-0.3263,-0.4815,-0.3449,-0.3404,-0.3116,-0.3549,-0.3959,-0.4528,-0.3898,-0.3944,-0.3447,-0.4052,-0.4724,-0.5829,-0.4783,-0.4027,-0.4746,-0.4369,-0.1170,-0.2508,-0.1372,-0.1352,-0.2299,-0.1549,-0.5085,-0.6821,-0.3852,-0.4527,-0.5806,-0.4202,0.2437,0.2096,0.2298,0.1547,0.1844,0.1609,0.4465,-0.2525,0.3900,0.3311,-0.0059,0.3277,0.1220
73414,2001,-0.0800,-0.1704,-0.1432,-0.1029,-0.0082,-0.1435,-0.1485,-0.1789,-0.1438,-0.1317,-0.1337,-0.1512,-0.1628,-0.2286,-0.1282,-0.0583,-0.1437,-0.1378,0.3350,0.2435,0.2969,0.2844,0.2559,0.2769,-0.4067,-0.5339,-0.3000,-0.3364,-0.4833,-0.3064,-0.1678,-0.1378,-0.1665,-0.1719,-0.1755,-0.1764,0.5806,-0.0924,0.5400,0.4893,0.1241,0.4837,0.2447
73779,2002,0.0759,-0.0374,0.0218,-0.0094,0.0407,0.0209,0.1134,0.0754,0.1491,0.1333,0.1474,0.1071,0.0617,0.0169,0.0455,0.1169,0.0680,0.0774,-0.1805,-0.2498,-0.1028,-0.2019,-0.2955,-0.2016,0.0836,0.0921,0.0612,0.0412,0.1092,0.0711,0.0511,0.0027,0.0156,0.0030,0.0578,-0.0458,0.6735,0.0042,0.6300,0.5435,0.2287,0.5592,0.3155
74144,2003,0.1249,0.0530,0.1268,0.0674,0.1002,0.0579,0.0005,-0.0251,-0.0062,-0.0053,0.0196,-0.0180,0.0472,-0.0005,0.0033,0.0734,-0.0058,0.0067,0.0159,-0.0271,0.0050,-0.0193,-0.0070,0.0118,0.0440,0.0183,0.0213,0.0061,0.0313,0.0633,0.0184,-0.0332,-0.0400,-0.0398,0.0362,-0.0561,0.6561,-0.0087,0.6200,0.5442,0.1830,0.5483,0.3249
74509,2004,-0.0000,-0.0774,-0.0036,0.0234,-0.1018,-0.0090,-0.0903,-0.0622,-0.0490,-0.0881,-0.0404,-0.0903,-0.0690,-0.0681,-0.0803,0.0047,-0.1268,-0.0651,-0.5455,-0.5515,-0.3885,-0.5152,-0.5593,-0.4907,-0.1008,-0.0994,-0.1228,-0.1267,-0.1144,-0.1184,-0.1330,-0.1300,-0.1877,-0.1375,-0.0845,-0.0573,0.5685,-0.0701,0.5300,0.4674,0.0933,0.4785,0.2373
74875,2005,0.2925,0.2517,0.2250,0.3033,0.2026,0.2153,0.1066,0.1147,0.1048,0.0735,0.1197,0.1028,0.0240,0.0772,0.0172,0.1009,-0.0287,0.0299,0.3187,0.3587,0.3209,0.3214,0.3135,0.3213,0.3759,0.4099,0.2677,0.3183,0.4024,0.3206,0.1565,0.1562,0.0879,0.0965,0.1679,0.0286,0.7337,0.0921,0.6800,0.6069,0.2708,0.6092,0.3950
75240,2006,0.0017,-0.0821,-0.0485,0.0408,-0.1269,-0.0071,-0.1245,-0.0757,-0.1210,-0.1280,-0.1002,-0.1054,-0.0100,0.0604,0.0189,0.0805,-0.0151,0.0051,0.7465,0.8138,0.6443,0.7203,0.7616,0.7014,-0.1063,-0.1023,-0.1535,-0.1147,-0.1305,-0.1086,-0.0309,-0.0355,0.0865,-0.0119,-0.0147,-0.1163,0.6828,0.0440,0.6400,0.5726,0.2223,0.5635,0.3534
75605,2007,-0.0069,-0.0156,-0.0255,0.0855,-0.0614,-0.0176,0.5785,0.6198,0.6000,0.5907,0.5595,0.5815,-0.2134,-0.0600,-0.2082,-0.0810,-0.2141,-0.1656,-0.0684,-0.0112,-0.0045,-0.0600,-0.1003,-0.0679,0.0470,0.0742,0.0572,0.0195,0.0778,0.0310,0.4280,0.3563,0.4354,0.4059,0.3980,0.3101,0.6972,0.0366,0.6600,0.5917,0.2164,0.5934,0.3472
75970,2008,-0.1005,-0.1363,-0.1053,-0.0218,-0.1725,-0.1032,0.2136,0.2465,0.2297,0.2362,0.1774,0.2362,-0.1793,-0.0941,-0.1479,-0.0687,-0.2283,-0.1643,-0.5391,-0.4682,-0.5778,-0.5162,-0.4965,-0.5402,-0.1789,-0.1553,-0.2063,-0.2175,-0.1732,-0.1854,0.2852,0.2769,0.2881,0.3015,0.2864,0.2241,0.5684,-0.0958,0.5400,0.4656,0.0729,0.4554,0.2383
76336,2009,0.1559,0.1953,0.1451,0.2574,0.1145,0.1708,-0.1478,-0.1401,-0.1528,-0.1503,-0.1541,-0.1414,0.0692,0.1237,0.0941,0.1540,0.0513,0.0512,-0.3516,-0.2938,-0.3867,-0.3409,-0.2159,-0.3540,0.2145,0.2470,0.2015,0.1576,0.2436,0.2149,0.0476,-0.0672,0.0589,0.0525,0.0900,0.0068,0.7026,0.0348,0.6600,0.5968,0.2115,0.5961,0.3511
76701,2010,0.5800,0.6770,0.5568,0.6613,0.6323,0.5661,-0.0505,-0.0313,-0.0513,-0.0297,-0.0426,-0.0420,0.0771,0.2214,0.0726,0.1883,0.1391,0.0856,0.7556,0.8423,0.5544,0.7101,0.8738,0.6926,-0.1340,-0.2015,0.0026,-0.0736,-0.2476,-0.0417,0.1457,0.2656,0.0667,0.1486,0.3296,0.1859,0.7714,0.1305,0.7200,0.6804,0.2900,0.6652,0.4214
77066,2011,-0.0707,-0.0764,-0.0332,0.0394,-0.0671,-0.0332,0.0500,0.0624,0.0112,0.0785,0.0688,0.0655,-0.0981,-0.0411,-0.0853,-0.0306,-0.0404,-0.1047,0.0847,0.1588,0.0284,0.0769,0.1983,0.1086,-0.4565,-0.5848,-0.3643,-0.4207,-0.6132,-0.3983,0.0781,-0.0621,0.1558,0.0876,-0.0146,0.0598,0.6630,-0.0114,0.6100,0.5377,0.1731,0.5451,0.3182
77431,2012,-0.0973,0.0002,-0.0226,0.0302,-0.0523,0.0076,-0.1687,-0.1588,-0.1701,-0.1473,-0.1467,-0.1473,0.1282,0.2018,0.1573,0.1267,0.1944,0.1501,0.6188,0.7190,0.6633,0.6451,0.7242,0.6288,-0.2868,-0.2975,-0.2295,-0.2194,-0.3356,-0.2399,0.0577,0.0930,0.0844,0.1109,0.1340,0.0938,0.6822,0.0398,0.6500,0.5776,0.2153,0.5640,0.3514
77797,2013,0.0881,0.2108,0.1014,0.1839,0.1862,0.1288,0.1817,0.1978,0.1949,0.2061,0.2226,0.1819,-0.0173,0.1159,0.0057,0.0058,0.0816,0.0397,-0.3188,-0.2881,-0.3313,-0.3491,-0.2751,-0.2910,0.5338,0.5724,0.5041,0.5286,0.5422,0.4985,0.1673,0.1258,0.1593,0.1983,0.1521,0.0997,0.7018,0.0670,0.6800,0.6236,0.2537,0.5942,0.3745
78162,2014,0.1263,0.2254,0.1452,0.1256,0.1551,0.1744,-0.0054,0.0044,-0.0271,0.0748,0.0154,-0.0410,0.1571,0.2136,0.2469,0.1129,0.1706,0.2515,-0.2724,-0.2244,-0.2474,-0.2604,-0.1654,-0.1893,0.2990,0.3455,0.3211,0.3275,0.3178,0.2942,0.6472,0.5879,0.6778,0.6495,0.6122,0.5967,0.7753,0.1063,0.7500,0.6729,0.2949,0.6686,0.4564
78527,2015,0.2556,0.3512,0.3464,0.2938,0.2158,0.2910,0.6178,0.6281,0.6245,0.6322,0.6100,0.5979,0.5518,0.6026,0.6581,0.5073,0.5287,0.6051,0.4022,0.4405,0.4956,0.4216,0.4537,0.4684,0.2420,0.3047,0.2669,0.2749,0.2588,0.2786,0.4508,0.4477,0.4906,0.5673,0.4652,0.4712,0.9199,0.2557,0.9000,0.8251,0.4270,0.8019,0.6065
78892,2016,0.5429,0.6930,0.5977,0.5358,0.5550,0.5776,0.6020,0.6508,0.5585,0.6052,0.5919,0.6043,0.3693,0.4462,0.3738,0.2883,0.3789,0.3868,0.9822,1.0398,1.0633,0.9958,1.0261,1.0272,0.3981,0.3486,0.4924,0.4440,0.3021,0.4394,0.6747,0.7376,0.6853,0.7571,0.7389,0.7090,1.0567,0.4393,1.0200,0.9329,0.6115,0.9133,0.7231
79258,2017,0.2118,0.3463,0.3282,0.2115,0.1561,0.2992,0.6799,0.7270,0.6623,0.7061,0.6628,0.6859,0.3463,0.3772,0.4159,0.2652,0.3054,0.3927,0.5894,0.6444,0.5763,0.5493,0.6299,0.6198,0.3089,0.3076,0.3524,0.3632,0.2433,0.3466,0.3061,0.3903,0.3545,0.3483,0.3922,0.3719,0.9597,0.3438,0.9200,0.8452,0.4764,0.8111,0.6404
79623,2018,0.2096,0.3839,0.2917,0.2416,0.1834,0.3037,0.3027,0.3189,0.3020,0.2637,0.2495,0.3037,0.0565,0.1057,0.1455,-0.0234,0.0526,0.1173,-0.0922,0.0027,0.0420,-0.0509,-0.0311,0.0063,0.3486,0.4053,0.3574,0.3761,0.3283,0.3266,0.5187,0.5660,0.5547,0.5491,0.5623,0.4861,0.8843,0.2640,0.8500,0.7627,0.3927,0.7469,0.5530
79988,2019,0.3371,0.5151,0.4603,0.2978,0.3244,0.4357,0.6228,0.6476,0.6371,0.5934,0.5799,0.6226,0.3806,0.4550,0.4785,0.2769,0.4509,0.4603,0.1148,0.2159,0.0841,0.1227,0.1554,0.1595,0.6401,0.7949,0.5695,0.5506,0.7266,0.4958,0.7894,0.9081,0.8453,0.8089,0.9309,0.7526,1.0203,0.3993,0.9800,0.8911,0.5496,0.8763,0.6708
80353,2020,0.2712,0.4607,0.3439,0.2173,0.2368,0.3967,1.0336,1.0483,1.0259,0.9225,0.9558,1.0551,0.5179,0.4004,0.5595,0.3866,0.4721,0.5556,0.3238,0.4424,0.3877,0.4437,0.3570,0.3690,0.4502,0.4432,0.4281,0.4353,0.4143,0.4103,0.9948,1.0182,1.1367,1.0248,0.9806,0.8768,1.0469,0.4323,1.0200,0.9228,0.5447,0.9056,0.7036
80719,2021,0.3764,0.5960,0.4758,0.2990,0.3753,0.4919,0.4806,0.4645,0.5204,0.4029,0.3828,0.5098,0.1825,0.1361,0.2416,0.0227,0.1680,0.2705,0.6630,0.7435,0.6351,0.6738,0.6623,0.6551,0.0256,-0.0262,0.0940,0.0658,-0.0689,0.0450,0.4365,0.4306,0.4851,0.4648,0.4043,0.4106,0.8919,0.2738,0.8500,0.7619,0.3913,0.7503,0.5527
81084,2022,0.1140,0.2783,0.1877,0.0594,0.0760,0.2053,0.7669,0.7506,0.7462,0.6372,0.7040,0.7660,-0.0232,-0.0866,0.0133,-0.0986,-0.0583,0.0625,0.1150,0.1919,0.1262,0.1874,0.1410,0.1582,-0.0143,-0.0834,0.1057,0.0592,-0.1256,0.0886,0.7286,0.9122,0.7951,0.7017,0.8761,0.6567,0.9346,0.3010,0.8900,0.8013,0.4395,0.7994,0.5990
81449,2023,0.5312,0.8079,0.6552,0.4687,0.5182,0.7032,0.9475,0.9036,0.9635,0.8403,0.8578,0.9520,0.8044,0.7280,0.9660,0.7589,0.7230,0.8580,1.1505,1.2811,1.0186,1.1716,1.2556,1.1813,0.2782,0.3532,0.3386,0.3325,0.3467,0.3069,0.8394,1.0012,0.9592,0.9403,1.0301,0.9251,1.2245,0.6008,,1.0358,0.7441,1.0543,0.8725
end data
