Conventions,G,BADC-CSV,1
title,G,Regional mean temperature for WMO RA 6 Europe
last_revised_date,G,2023-11-01
date_valid,G,2023-11-01
feature_type,G,area average
creator,G,WMO
source,G,Produced by climind version 1.0
observation_station,G,derived data
location,G,90.,-180.,-90.,180.
activity,G,WMO
history,G,""Data set created from file ['HadCRUT.5.0.1.0.analysis.anomalies.ensemble_mean.nc'] downloaded from ['https://www.metoffice.gov.uk/hadobs/hadcrut5/data/current/analysis/HadCRUT.5.0.1.0.analysis.anomalies.ensemble_mean.nc'] at ['2023-10-31 16:06:13']""
history,G,""Regridded to 1 degree latitude-longitude resolution""
history,G,""Rebaselined to 1991-2020""
history,G,""Calculated area-average""
history,G,""Calculated annual average from monthly averages using arithmetic mean""
history,G,""Selected years within the range 1900 to 2023.""
history,G,""Wrote to file wmo_ra_6_HadCRUT5.csv""
history,G,"Data set created from file ['wmo_ra_6_HadCRUT5.csv'] downloaded from [''] at ['2023-11-01 16:37:43']"
reference,G,"Morice, C. P., Kennedy, J. J., Rayner, N. A., Winn, J. P., Hogan, E., Killick, R. E., et al. (2021). An updated assessment of near-surface temperature change from 1850: the HadCRUT5 data set. Journal of Geophysical Research: Atmospheres, 126, e2019JD032361. https://doi.org/10.1029/2019JD032361"
rights,G,TBD
comments,G,Data produced by climind version 1.0
comments,G,Format description https://help.ceda.ac.uk/article/105-badc-csv
comments,G,"Original data acknowledgement: HadCRUT.5.0.1.0 data were obtained from http://www.metoffice.gov.uk/hadobs/hadcrut5 on 2023-10-31 16:06:13 and are © British Crown Copyright, Met Office 2023, provided under an Open Government License, http://www.nationalarchives.gov.uk/doc/open-government-licence/version/3/"
long_name,time,time,days since 1800-01-01 00:00:00.0
type,time,int
long_name,year,year,1
type,year,int
long_name,data,wmo_ra_6,degC
type,data,float
coordinate_variable,time,t
data
time,year,data
36524,1900,-1.3662
36889,1901,-1.0725
37254,1902,-1.9977
37619,1903,-1.0551
37984,1904,-1.5501
38350,1905,-1.1417
38715,1906,-1.0795
39080,1907,-1.8984
39445,1908,-1.6780
39811,1909,-1.3899
40176,1910,-1.0661
40541,1911,-1.3891
40906,1912,-1.6547
41272,1913,-1.1697
41637,1914,-1.3539
42002,1915,-1.5197
42367,1916,-1.1347
42733,1917,-1.8286
43098,1918,-1.4851
43463,1919,-1.7119
43828,1920,-1.0740
44194,1921,-1.1138
44559,1922,-1.3312
44924,1923,-1.0052
45289,1924,-1.2178
45655,1925,-0.8694
46020,1926,-1.0685
46385,1927,-1.0907
46750,1928,-1.0873
47116,1929,-1.5127
47481,1930,-0.5741
47846,1931,-1.2725
48211,1932,-0.7030
48577,1933,-1.4471
48942,1934,-0.3434
49307,1935,-0.7708
49672,1936,-0.4865
50038,1937,-0.3425
50403,1938,-0.3357
50768,1939,-0.6135
51133,1940,-1.5638
51499,1941,-1.8558
51864,1942,-1.7789
52229,1943,-0.7245
52594,1944,-0.7972
52960,1945,-1.1981
53325,1946,-0.7373
53690,1947,-0.7420
54055,1948,-0.7769
54421,1949,-0.7389
54786,1950,-0.8032
55151,1951,-0.9391
55516,1952,-0.9215
55882,1953,-0.8720
56247,1954,-1.0957
56612,1955,-1.1421
56977,1956,-1.9754
57343,1957,-0.5874
57708,1958,-1.1144
58073,1959,-0.9012
58438,1960,-0.6703
58804,1961,-0.4776
59169,1962,-0.8107
59534,1963,-1.3500
59899,1964,-1.1856
60265,1965,-1.3535
60630,1966,-0.9551
60995,1967,-0.8535
61360,1968,-1.3060
61726,1969,-1.7257
62091,1970,-1.1439
62456,1971,-1.2477
62821,1972,-0.9672
63187,1973,-1.1820
63552,1974,-0.6234
63917,1975,-0.5533
64282,1976,-1.5626
64648,1977,-1.0010
65013,1978,-1.5614
65378,1979,-1.1125
65743,1980,-1.3366
66109,1981,-0.7406
66474,1982,-1.0056
66839,1983,-0.8335
67204,1984,-1.0685
67570,1985,-1.5459
67935,1986,-1.1509
68300,1987,-1.7711
68665,1988,-0.7300
69031,1989,-0.2220
69396,1990,-0.1973
69761,1991,-0.6435
70126,1992,-0.8168
70492,1993,-1.2532
70857,1994,-0.5957
71222,1995,-0.2760
71587,1996,-0.9385
71953,1997,-0.7600
72318,1998,-0.4879
72683,1999,-0.1318
73048,2000,0.1547
73414,2001,-0.1718
73779,2002,0.0030
74144,2003,-0.0398
74509,2004,-0.1375
74875,2005,0.0966
75240,2006,-0.0119
75605,2007,0.4059
75970,2008,0.3015
76336,2009,0.0525
76701,2010,0.1486
77066,2011,0.0877
77431,2012,0.1109
77797,2013,0.1983
78162,2014,0.6495
78527,2015,0.5673
78892,2016,0.7571
79258,2017,0.3483
79623,2018,0.5491
79988,2019,0.8089
80353,2020,1.0244
80719,2021,0.4646
81084,2022,0.7017
81449,2023,0.9333
end data
