Conventions,G,BADC-CSV,1
title,G,Regional mean temperature for WMO RA 6 Europe
last_revised_date,G,2022-11-29
date_valid,G,2022-11-29
feature_type,G,area average
creator,G,WMO
source,G,Produced by climind version 0.1
observation_station,G,derived data
location,G,90.,-180.,-90.,180.
activity,G,WMO
history,G,""Data set created from file ['anl_surf125.011_tmp.202201_202212', 'anl_surf125.2022MMMM'] downloaded from ['', ''] at ['2022-11-08 14:59:36']""
history,G,""Regridded to 1 degree latitude-longitude resolution""
history,G,""Rebaselined to 1981-2010""
history,G,""Calculated area-average""
history,G,""Calculated annual average from monthly averages using arithmetic mean""
history,G,""Selected years within the range 1900 to 2022.""
history,G,""Wrote to file wmo_ra_6_JRA-55.csv""
history,G,"Data set created from file ['wmo_ra_6_JRA-55.csv'] downloaded from [''] at ['2022-11-23 19:14:48']"
reference,G,"Kobayashi, S., Ota, Y., Harada, Y., Ebita, A., Moriya, M., Onoda, H., Onogi, K., Kamahori, H., Kobayashi, C., Endo, H. and Miyaoka, K., (2015). The JRA-55 reanalysis: General specifications and basic characteristics. Journal of the Meteorological Society of Japan. Ser. II, 93(1), pp.5-48."
rights,G,TBD
comments,G,Data produced by climind version 0.1
comments,G,Format description https://help.ceda.ac.uk/article/105-badc-csv
long_name,time,time,days since 1800-01-01 00:00:00.0
type,time,int
long_name,year,year,1
type,year,int
long_name,data,wmo_ra_6,degC
type,data,float
coordinate_variable,time,t
data
time,year,data
57708,1958,-0.4429
58073,1959,-0.2504
58438,1960,0.0441
58804,1961,0.1542
59169,1962,-0.2373
59534,1963,-0.6669
59899,1964,-0.4583
60265,1965,-0.6315
60630,1966,-0.3145
60995,1967,-0.3512
61360,1968,-0.6525
61726,1969,-1.1849
62091,1970,-0.5065
62456,1971,-0.7772
62821,1972,-0.3806
63187,1973,-0.7188
63552,1974,-0.1141
63917,1975,0.0138
64282,1976,-1.1275
64648,1977,-0.4292
65013,1978,-1.0112
65378,1979,-0.5990
65743,1980,-0.8780
66109,1981,-0.3297
66474,1982,-0.5605
66839,1983,-0.3882
67204,1984,-0.6559
67570,1985,-1.0764
67935,1986,-0.6510
68300,1987,-1.1977
68665,1988,-0.3221
69031,1989,0.2857
69396,1990,0.1833
69761,1991,-0.3388
70126,1992,-0.5681
70492,1993,-0.9459
70857,1994,-0.0715
71222,1995,0.2638
71587,1996,-0.3780
71953,1997,-0.2182
72318,1998,0.0341
72683,1999,0.3429
73048,2000,0.6677
73414,2001,0.3078
73779,2002,0.5411
74144,2003,0.5196
74509,2004,0.3988
74875,2005,0.6512
75240,2006,0.4687
75605,2007,0.8813
75970,2008,0.7697
76336,2009,0.5733
76701,2010,0.8129
77066,2011,0.4687
77431,2012,0.6173
77797,2013,0.6355
78162,2014,1.0955
78527,2015,0.9485
78892,2016,1.2222
79258,2017,0.8755
79623,2018,1.0456
79988,2019,1.4142
80353,2020,1.4639
80719,2021,0.8877
81084,2022,1.2675
end data
