Conventions,G,BADC-CSV,1
title,G,Regional mean temperature for WMO RA 3 South America
last_revised_date,G,2022-08-31
date_valid,G,2022-08-31
feature_type,G,area average
creator,G,WMO
source,G,Produced by climind version 0.1
observation_station,G,derived data
location,G,90.,-180.,-90.,180.
activity,G,WMO
history,G,""Gridded dataset created from file ['era5_2m_tas_2022.nc'] downloaded from ['']""history,G,""Regridded to 1 degree latitude-longitude resolution""history,G,""Rebaselined to 1981-2010""history,G,""Calculated area-average""history,G,""Calculated annual average""history,G,""Wrote to file wmo_ra_3_ERA5.csv""history,G,"Data set created from file ['wmo_ra_3_ERA5.csv'] downloaded from [''] at ['2022-08-13 18:54:30']"
reference,G,"Hersbach H, Bell B, Berrisford P et al. 2020. The ERA5 global reanalysis. Q. J. R. Meteorol. Soc. 146: 1999– 2049. https://doi.org/10.1002/qj.3803"
rights,G,TBD
comments,G,Data produced by climind version 0.1
comments,G,Format description https://help.ceda.ac.uk/article/105-badc-csv
long_name,time,time,
type,time,int
long_name,year,year,1
type,year,int
long_name,data,wmo_ra_3,degC
type,data,float
coordinate_variable,time,t
data
time,year,data
65378,1979,-0.2885
65743,1980,-0.1118
66109,1981,-0.2435
66474,1982,-0.1574
66839,1983,0.0320
67204,1984,-0.4852
67570,1985,-0.4109
67935,1986,-0.3022
68300,1987,0.1431
68665,1988,-0.1717
69031,1989,-0.3166
69396,1990,-0.1158
69761,1991,-0.1560
70126,1992,-0.2986
70492,1993,-0.1206
70857,1994,0.0603
71222,1995,0.0716
71587,1996,-0.1723
71953,1997,0.2109
72318,1998,0.4730
72683,1999,-0.2036
73048,2000,-0.3376
73414,2001,0.0166
73779,2002,0.2622
74144,2003,0.2447
74509,2004,0.1771
74875,2005,0.3225
75240,2006,0.3057
75605,2007,0.1853
75970,2008,0.1512
76336,2009,0.3690
76701,2010,0.4667
77066,2011,0.2041
77431,2012,0.4470
77797,2013,0.3611
78162,2014,0.4588
78527,2015,0.8479
78892,2016,0.6915
79258,2017,0.6224
79623,2018,0.3510
79988,2019,0.7003
80353,2020,0.6457
80719,2021,0.3813
end data
