Conventions,G,BADC-CSV,1
title,G,Regional mean temperature for WMO RA 1 Africa
last_revised_date,G,2023-02-23
date_valid,G,2023-02-23
feature_type,G,area average
creator,G,WMO
source,G,Produced by climind version 0.1
observation_station,G,derived data
location,G,90.,-180.,-90.,180.
activity,G,WMO
history,G,""Gridded dataset created from file ['era5_2m_tas_2023.nc'] downloaded from ['extension']""
history,G,""Regridded to 1 degree latitude-longitude resolution""
history,G,""Rebaselined to 1991-2020""
history,G,""Calculated area-average""
history,G,""Calculated annual average from monthly averages using arithmetic mean""
history,G,""Selected years within the range 1900 to 2022.""
history,G,""Wrote to file wmo_ra_1_ERA5.csv""
history,G,"Data set created from file ['wmo_ra_1_ERA5.csv'] downloaded from [''] at ['2023-02-23 17:01:02']"
reference,G,"Hersbach H, Bell B, Berrisford P et al. 2020. The ERA5 global reanalysis. Q. J. R. Meteorol. Soc. 146: 1999-2049. https://doi.org/10.1002/qj.3803"
reference,G,"Bell, B., Hersbach, H., Simmons, A., Berrisford, P., Dahlgren, P., Horányi, A., et al. (2021) The ERA5 global reanalysis: Preliminary extension to 1950. Q J R Meteorol Soc, 147 741, 4186-4227. https://doi.org/10.1002/qj.4174"
rights,G,TBD
comments,G,Data produced by climind version 0.1
comments,G,Format description https://help.ceda.ac.uk/article/105-badc-csv
long_name,time,time,days since 1800-01-01 00:00:00.0
type,time,int
long_name,year,year,1
type,year,int
long_name,data,wmo_ra_1,degC
type,data,float
coordinate_variable,time,t
data
time,year,data
58073,1959,-1.0012
58438,1960,-0.8079
58804,1961,-1.1489
59169,1962,-1.0028
59534,1963,-0.9613
59899,1964,-1.0563
60265,1965,-1.0613
60630,1966,-0.6174
60995,1967,-1.2037
61360,1968,-1.0172
61726,1969,-0.5153
62091,1970,-0.6784
62456,1971,-1.0670
62821,1972,-0.8417
63187,1973,-0.6283
63552,1974,-1.3096
63917,1975,-1.2034
64282,1976,-1.2262
64648,1977,-0.8698
65013,1978,-0.8620
65378,1979,-0.6267
65743,1980,-0.5546
66109,1981,-0.7362
66474,1982,-0.8397
66839,1983,-0.4050
67204,1984,-0.6840
67570,1985,-0.7456
67935,1986,-0.7195
68300,1987,-0.0401
68665,1988,-0.3487
69031,1989,-0.6820
69396,1990,-0.1913
69761,1991,-0.5098
70126,1992,-0.6907
70492,1993,-0.4039
70857,1994,-0.5102
71222,1995,-0.2554
71587,1996,-0.3840
71953,1997,-0.3598
72318,1998,0.1000
72683,1999,-0.2725
73048,2000,-0.4815
73414,2001,-0.1704
73779,2002,-0.0374
74144,2003,0.0530
74509,2004,-0.0774
74875,2005,0.2517
75240,2006,-0.0821
75605,2007,-0.0156
75970,2008,-0.1363
76336,2009,0.1953
76701,2010,0.6770
77066,2011,-0.0764
77431,2012,0.0002
77797,2013,0.2108
78162,2014,0.2254
78527,2015,0.3512
78892,2016,0.6930
79258,2017,0.3463
79623,2018,0.3839
79988,2019,0.5151
80353,2020,0.4607
80719,2021,0.5960
81084,2022,0.2783
end data
