Conventions,G,BADC-CSV,1
title,G,Regional mean temperature for WMO RA 2 Asia
last_revised_date,G,2022-09-01
date_valid,G,2022-09-01
feature_type,G,area average
creator,G,WMO
source,G,Produced by climind version 0.1
observation_station,G,derived data
location,G,90.,-180.,-90.,180.
activity,G,WMO
history,G,""Gridded dataset created from file ['era5_2m_tas_2022.nc'] downloaded from ['']"history,G,"Regridded to 1 degree latitude-longitude resolution"history,G,"Rebaselined to 1981-2010"history,G,"Calculated area-average"history,G,"Calculated annual average from monthly averages using arithmetic mean"history,G,"Selected year range 1900 to 2021"history,G,"Wrote to file wmo_ra_2_ERA5.csv""
history,G,"Data set created from file ['wmo_ra_2_ERA5.csv'] downloaded from [''] at ['2022-09-01 11:33:10']"
reference,G,"Hersbach H, Bell B, Berrisford P et al. 2020. The ERA5 global reanalysis. Q. J. R. Meteorol. Soc. 146: 1999– 2049. https://doi.org/10.1002/qj.3803"
rights,G,TBD
comments,G,Data produced by climind version 0.1
comments,G,Format description https://help.ceda.ac.uk/article/105-badc-csv
long_name,time,time,
type,time,int
long_name,year,year,1
type,year,int
long_name,data,wmo_ra_2,degC
type,data,float
coordinate_variable,time,t
data
time,year,data
65378,1979,-0.6687
65743,1980,-0.4890
66109,1981,-0.1281
66474,1982,-0.5812
66839,1983,-0.0834
67204,1984,-0.8874
67570,1985,-0.6791
67935,1986,-0.4936
68300,1987,-0.6949
68665,1988,0.0417
69031,1989,-0.1233
69396,1990,0.1847
69761,1991,-0.0457
70126,1992,-0.5842
70492,1993,-0.3500
70857,1994,-0.1519
71222,1995,0.5082
71587,1996,-0.3923
71953,1997,0.0500
72318,1998,0.0445
72683,1999,0.1118
73048,2000,-0.0743
73414,2001,0.1997
73779,2002,0.4540
74144,2003,0.3535
74509,2004,0.3163
74875,2005,0.4933
75240,2006,0.3028
75605,2007,0.9983
75970,2008,0.6251
76336,2009,0.2384
76701,2010,0.3473
77066,2011,0.4409
77431,2012,0.2197
77797,2013,0.5763
78162,2014,0.3830
78527,2015,1.0067
78892,2016,1.0293
79258,2017,1.1055
79623,2018,0.6975
79988,2019,1.0262
80353,2020,1.4268
80719,2021,0.8430
end data
