Conventions,G,BADC-CSV,1
title,G,Regional mean temperature for WMO RA 6 Europe
last_revised_date,G,2022-09-05
date_valid,G,2022-09-05
feature_type,G,area average
creator,G,WMO
source,G,Produced by climind version 0.1
observation_station,G,derived data
location,G,90.,-180.,-90.,180.
activity,G,WMO
history,G,""Data set created from file ['NOAAGlobalTemp_v*.nc'] downloaded from ['https://www.ncei.noaa.gov/data/noaa-global-surface-temperature/v5/access/gridded/NOAAGlobalTemp_v.*.nc'] at ['2022-08-23 10:32:43']""
history,G,""Data set created from file ['NOAAGlobalTemp_v*.nc'] downloaded from ['https://www.ncei.noaa.gov/data/noaa-global-surface-temperature/v5/access/gridded/NOAAGlobalTemp_v.*.nc'] at ['2022-08-23 10:32:43']""
history,G,""Regridded to 1 degree latitude-longitude resolution""
history,G,""Rebaselined to 1981-2010""
history,G,""Calculated area-average""
history,G,""Calculated annual average from monthly averages using arithmetic mean""
history,G,""Selected year range 1900 to 2021""
history,G,""Wrote to file wmo_ra_6_NOAAGlobalTemp.csv""
history,G,"Data set created from file ['wmo_ra_6_NOAAGlobalTemp.csv'] downloaded from [''] at ['2022-09-01 17:56:58']"
reference,G,"Huang, B., M. J. Menne, T. Boyer, E. Freeman, B. E. Gleason, J. H. Lawrimore, C. Liu, J. J. Rennie, C. Schreck, F. Sun, R. Vose, C. N. Williams, X. Yin, H.-M. Zhang, 2020: Uncertainty estimates for sea surface temperature and land surface air temperature in NOAAGlobalTemp version 5. , J. Climate, 33, 1351-1379, DOI: 10.1175/JCLI-D-19-0395.1"
reference,G,"Zhang, Huai-Min, Jay H. Lawrimore, Boyin Huang, Matthew J. Menne, Xungang Yin, Ahira Sȧnchez-Lugo, Byron E. Gleason, Russell Vose, Derek Arndt, J. Jared Rennie, and Claude N. Williams. (2019) Updated Temperature Data Give a Sharper View of Climate Trends. Eos, 100, https://doi.org/10.1029/2019EO128229"
rights,G,TBD
comments,G,Data produced by climind version 0.1
comments,G,Format description https://help.ceda.ac.uk/article/105-badc-csv
long_name,time,time,
type,time,int
long_name,year,year,1
type,year,int
long_name,data,wmo_ra_6,degC
type,data,float
coordinate_variable,time,t
data
time,year,data
36524,1900,-0.9314
36889,1901,-0.6513
37254,1902,-1.6454
37619,1903,-0.5798
37984,1904,-1.1089
38350,1905,-0.7531
38715,1906,-0.5667
39080,1907,-1.4543
39445,1908,-1.3911
39811,1909,-1.0487
40176,1910,-0.5285
40541,1911,-1.0453
40906,1912,-1.3310
41272,1913,-0.7373
41637,1914,-0.8056
42002,1915,-1.1021
42367,1916,-0.6290
42733,1917,-1.2461
43098,1918,-0.9164
43463,1919,-1.2661
43828,1920,-0.5948
44194,1921,-0.6626
44559,1922,-0.9515
44924,1923,-0.6495
45289,1924,-0.9046
45655,1925,-0.4552
46020,1926,-0.7495
46385,1927,-0.7723
46750,1928,-0.8215
47116,1929,-1.2022
47481,1930,-0.2458
47846,1931,-1.0061
48211,1932,-0.4022
48577,1933,-1.1649
48942,1934,0.0224
49307,1935,-0.4257
49672,1936,-0.0895
50038,1937,0.0017
50403,1938,-0.0085
50768,1939,-0.2877
51133,1940,-1.3714
51499,1941,-1.5957
51864,1942,-1.4373
52229,1943,-0.2117
52594,1944,-0.3696
52960,1945,-0.8603
53325,1946,-0.3531
53690,1947,-0.4662
54055,1948,-0.2785
54421,1949,-0.3082
54786,1950,-0.4035
55151,1951,-0.4429
55516,1952,-0.5516
55882,1953,-0.4899
56247,1954,-0.6535
56612,1955,-0.6701
56977,1956,-1.5547
57343,1957,-0.1413
57708,1958,-0.6699
58073,1959,-0.3987
58438,1960,-0.2402
58804,1961,0.0943
59169,1962,-0.3809
59534,1963,-0.8849
59899,1964,-0.6461
60265,1965,-0.9713
60630,1966,-0.3984
60995,1967,-0.3712
61360,1968,-0.7747
61726,1969,-1.3302
62091,1970,-0.6496
62456,1971,-0.6806
62821,1972,-0.4566
63187,1973,-0.6315
63552,1974,-0.1015
63917,1975,0.0961
64282,1976,-1.2058
64648,1977,-0.4854
65013,1978,-1.0847
65378,1979,-0.5974
65743,1980,-0.9303
66109,1981,-0.2912
66474,1982,-0.4526
66839,1983,-0.2457
67204,1984,-0.5901
67570,1985,-1.0629
67935,1986,-0.5926
68300,1987,-1.2799
68665,1988,-0.2948
69031,1989,0.3734
69396,1990,0.2663
69761,1991,-0.1625
70126,1992,-0.3174
70492,1993,-0.7733
70857,1994,-0.0994
71222,1995,0.1996
71587,1996,-0.5163
71953,1997,-0.2509
72318,1998,-0.1149
72683,1999,0.3874
73048,2000,0.6542
73414,2001,0.3285
73779,2002,0.4197
74144,2003,0.4066
74509,2004,0.3591
74875,2005,0.4820
75240,2006,0.4005
75605,2007,0.8976
75970,2008,0.7854
76336,2009,0.5299
76701,2010,0.5537
77066,2011,0.5577
77431,2012,0.5206
77797,2013,0.6516
78162,2014,1.0528
78527,2015,1.0468
78892,2016,1.0931
79258,2017,0.8157
79623,2018,1.0513
79988,2019,1.2837
80353,2020,1.5482
80719,2021,0.7553
end data
