Conventions,G,BADC-CSV,1
title,G,Regional mean temperature for WMO RA 2 Asia
last_revised_date,G,2023-01-30
date_valid,G,2023-01-30
feature_type,G,area average
creator,G,WMO
source,G,Produced by climind version 0.1
observation_station,G,derived data
location,G,90.,-180.,-90.,180.
activity,G,WMO
history,G,""Data set created from file ['anl_surf125.011_tmp.202301_202312', 'anl_surf125.2023MMMM'] downloaded from ['', ''] at ['2023-01-09 09:22:14']""
history,G,""Regridded to 1 degree latitude-longitude resolution""
history,G,""Rebaselined to 1991-2020""
history,G,""Calculated area-average""
history,G,""Calculated annual average from monthly averages using arithmetic mean""
history,G,""Selected years within the range 1900 to 2022.""
history,G,""Wrote to file wmo_ra_2_JRA-55.csv""
history,G,"Data set created from file ['wmo_ra_2_JRA-55.csv'] downloaded from [''] at ['2023-01-16 17:40:52']"
reference,G,"Kobayashi, S., Ota, Y., Harada, Y., Ebita, A., Moriya, M., Onoda, H., Onogi, K., Kamahori, H., Kobayashi, C., Endo, H. and Miyaoka, K., (2015). The JRA-55 reanalysis: General specifications and basic characteristics. Journal of the Meteorological Society of Japan. Ser. II, 93(1), pp.5-48."
rights,G,TBD
comments,G,Data produced by climind version 0.1
comments,G,Format description https://help.ceda.ac.uk/article/105-badc-csv
long_name,time,time,days since 1800-01-01 00:00:00.0
type,time,int
long_name,year,year,1
type,year,int
long_name,data,wmo_ra_2,degC
type,data,float
coordinate_variable,time,t
data
time,year,data
57708,1958,-1.1071
58073,1959,-0.9269
58438,1960,-1.3130
58804,1961,-0.9023
59169,1962,-0.7470
59534,1963,-0.6810
59899,1964,-1.3610
60265,1965,-1.0824
60630,1966,-1.2116
60995,1967,-0.8973
61360,1968,-1.2278
61726,1969,-1.7687
62091,1970,-1.1633
62456,1971,-0.9287
62821,1972,-1.4463
63187,1973,-0.6209
63552,1974,-1.4143
63917,1975,-0.5908
64282,1976,-1.4449
64648,1977,-1.0352
65013,1978,-0.8427
65378,1979,-1.0577
65743,1980,-0.8705
66109,1981,-0.5209
66474,1982,-0.9351
66839,1983,-0.4914
67204,1984,-1.3016
67570,1985,-1.0724
67935,1986,-0.8903
68300,1987,-1.1008
68665,1988,-0.4071
69031,1989,-0.4748
69396,1990,-0.1955
69761,1991,-0.4604
70126,1992,-0.9571
70492,1993,-0.7299
70857,1994,-0.5329
71222,1995,0.1331
71587,1996,-0.7314
71953,1997,-0.2662
72318,1998,-0.2665
72683,1999,-0.2066
73048,2000,-0.3447
73414,2001,-0.1337
73779,2002,0.1474
74144,2003,0.0196
74509,2004,-0.0404
74875,2005,0.1197
75240,2006,-0.1002
75605,2007,0.5595
75970,2008,0.1774
76336,2009,-0.1541
76701,2010,-0.0426
77066,2011,0.0688
77431,2012,-0.1467
77797,2013,0.2226
78162,2014,0.0154
78527,2015,0.6100
78892,2016,0.5919
79258,2017,0.6628
79623,2018,0.2495
79988,2019,0.5799
80353,2020,0.9558
80719,2021,0.3828
81084,2022,0.7040
end data
