Conventions,G,BADC-CSV,1
title,G,Regional mean temperature for WMO RA 1 Africa
last_revised_date,G,2023-10-27
date_valid,G,2023-10-27
feature_type,G,area average
creator,G,WMO
source,G,Produced by climind version 1.0
observation_station,G,derived data
location,G,90.,-180.,-90.,180.
rights,G,TBD
activity,G,WMO
comments,G,Format description https://help.ceda.ac.uk/article/105-badc-csv
history,wmo_ra_1_Berkeley_Earth,""Data set created from file ['Land_and_Ocean_LatLong1.nc'] downloaded from ['https://berkeley-earth-temperature.s3.us-west-1.amazonaws.com/Global/Gridded/Land_and_Ocean_LatLong1.nc'] at ['2023-10-13 17:18:41']""
history,wmo_ra_1_Berkeley_Earth,""Rebaselined to 1991-2020""
history,wmo_ra_1_Berkeley_Earth,""Calculated area-average""
history,wmo_ra_1_Berkeley_Earth,""Calculated annual average from monthly averages using arithmetic mean""
history,wmo_ra_1_Berkeley_Earth,""Selected years within the range 1900 to 2023.""
history,wmo_ra_1_Berkeley_Earth,""Wrote to file wmo_ra_1_Berkeley Earth.csv""
history,wmo_ra_1_Berkeley_Earth,"Data set created from file ['wmo_ra_1_Berkeley Earth.csv'] downloaded from [''] at ['2023-10-27 10:53:29']"
reference,wmo_ra_1_Berkeley_Earth,"Rohde, R. A. and Hausfather, Z.: The Berkeley Earth Land/Ocean Temperature Record, Earth Syst. Sci. Data, 12, 3469-3479, https://doi.org/10.5194/essd-12-3469-2020, 2020"
comments,wmo_ra_1_Berkeley_Earth,"Original data acknowledgement: "
history,wmo_ra_1_ERA5,""Gridded dataset created from file ['era5_2m_tas_2023.nc'] downloaded from ['']""
history,wmo_ra_1_ERA5,""Regridded to 1 degree latitude-longitude resolution""
history,wmo_ra_1_ERA5,""Rebaselined to 1991-2020""
history,wmo_ra_1_ERA5,""Calculated area-average""
history,wmo_ra_1_ERA5,""Calculated annual average from monthly averages using arithmetic mean""
history,wmo_ra_1_ERA5,""Selected years within the range 1900 to 2023.""
history,wmo_ra_1_ERA5,""Wrote to file wmo_ra_1_ERA5.csv""
history,wmo_ra_1_ERA5,"Data set created from file ['wmo_ra_1_ERA5.csv'] downloaded from [''] at ['2023-10-27 10:54:32']"
reference,wmo_ra_1_ERA5,"Hersbach H, Bell B, Berrisford P et al. 2020. The ERA5 global reanalysis. Q. J. R. Meteorol. Soc. 146: 1999-2049. https://doi.org/10.1002/qj.3803"
comments,wmo_ra_1_ERA5,"Original data acknowledgement: Contains using Copernicus Climate Change Service information [2023]. Neither the European Commission nor ECMWF is responsible for any use that may be made of the Copernicus information or data it contains."
history,wmo_ra_1_GISTEMP,""Data set created from file ['gistemp1200_GHCNv4_ERSSTv5.nc.gz'] downloaded from ['https://data.giss.nasa.gov/pub/gistemp/gistemp1200_GHCNv4_ERSSTv5.nc.gz'] at ['2023-10-13 17:19:30']""
history,wmo_ra_1_GISTEMP,""Regridded to 1 degree latitude-longitude resolution""
history,wmo_ra_1_GISTEMP,""Rebaselined to 1991-2020""
history,wmo_ra_1_GISTEMP,""Calculated area-average""
history,wmo_ra_1_GISTEMP,""Calculated annual average from monthly averages using arithmetic mean""
history,wmo_ra_1_GISTEMP,""Selected years within the range 1900 to 2023.""
history,wmo_ra_1_GISTEMP,""Wrote to file wmo_ra_1_GISTEMP.csv""
history,wmo_ra_1_GISTEMP,"Data set created from file ['wmo_ra_1_GISTEMP.csv'] downloaded from [''] at ['2023-10-27 10:54:51']"
reference,wmo_ra_1_GISTEMP,"Lenssen, N., G. Schmidt, J. Hansen, M. Menne, A. Persin, R. Ruedy, and D. Zyss, 2019: Improvements in the GISTEMP uncertainty model. J. Geophys. Res. Atmos., 124, no. 12, 6307-6326, doi:10.1029/2018JD029522"
comments,wmo_ra_1_GISTEMP,"Original data acknowledgement: "
history,wmo_ra_1_HadCRUT5,""Data set created from file ['HadCRUT.5.0.1.0.analysis.anomalies.ensemble_mean.nc'] downloaded from ['https://www.metoffice.gov.uk/hadobs/hadcrut5/data/current/analysis/HadCRUT.5.0.1.0.analysis.anomalies.ensemble_mean.nc'] at ['2023-10-13 17:19:31']""
history,wmo_ra_1_HadCRUT5,""Regridded to 1 degree latitude-longitude resolution""
history,wmo_ra_1_HadCRUT5,""Rebaselined to 1991-2020""
history,wmo_ra_1_HadCRUT5,""Calculated area-average""
history,wmo_ra_1_HadCRUT5,""Calculated annual average from monthly averages using arithmetic mean""
history,wmo_ra_1_HadCRUT5,""Selected years within the range 1900 to 2023.""
history,wmo_ra_1_HadCRUT5,""Wrote to file wmo_ra_1_HadCRUT5.csv""
history,wmo_ra_1_HadCRUT5,"Data set created from file ['wmo_ra_1_HadCRUT5.csv'] downloaded from [''] at ['2023-10-27 10:55:32']"
reference,wmo_ra_1_HadCRUT5,"Morice, C. P., Kennedy, J. J., Rayner, N. A., Winn, J. P., Hogan, E., Killick, R. E., et al. (2021). An updated assessment of near-surface temperature change from 1850: the HadCRUT5 data set. Journal of Geophysical Research: Atmospheres, 126, e2019JD032361. https://doi.org/10.1029/2019JD032361"
comments,wmo_ra_1_HadCRUT5,"Original data acknowledgement: HadCRUT.5.0.1.0 data were obtained from http://www.metoffice.gov.uk/hadobs/hadcrut5 on 2023-10-13 17:19:31 and are © British Crown Copyright, Met Office 2023, provided under an Open Government License, http://www.nationalarchives.gov.uk/doc/open-government-licence/version/3/"
history,wmo_ra_1_JRA-55,""Data set created from file ['anl_surf125.011_tmp.202301_202312', 'anl_surf125.2023MMMM'] downloaded from ['', ''] at ['2023-10-06 11:01:38']""
history,wmo_ra_1_JRA-55,""Regridded to 1 degree latitude-longitude resolution""
history,wmo_ra_1_JRA-55,""Rebaselined to 1991-2020""
history,wmo_ra_1_JRA-55,""Calculated area-average""
history,wmo_ra_1_JRA-55,""Calculated annual average from monthly averages using arithmetic mean""
history,wmo_ra_1_JRA-55,""Selected years within the range 1900 to 2023.""
history,wmo_ra_1_JRA-55,""Wrote to file wmo_ra_1_JRA-55.csv""
history,wmo_ra_1_JRA-55,"Data set created from file ['wmo_ra_1_JRA-55.csv'] downloaded from [''] at ['2023-10-27 10:56:35']"
reference,wmo_ra_1_JRA-55,"Kobayashi, S., Ota, Y., Harada, Y., Ebita, A., Moriya, M., Onoda, H., Onogi, K., Kamahori, H., Kobayashi, C., Endo, H. and Miyaoka, K., (2015). The JRA-55 reanalysis: General specifications and basic characteristics. Journal of the Meteorological Society of Japan. Ser. II, 93(1), pp.5-48."
comments,wmo_ra_1_JRA-55,"Original data acknowledgement: "
history,wmo_ra_1_Kadow,""Data set created from file ['HadCRUT.5.0.1.0.anomalies.Kadow_et_al_2020_20crAI-infilled.ensemble_mean_185001-*.nc'] downloaded from [''] at ['2023-10-23 09:13:55']""
history,wmo_ra_1_Kadow,""Regridded to 1 degree latitude-longitude resolution""
history,wmo_ra_1_Kadow,""Rebaselined to 1991-2020""
history,wmo_ra_1_Kadow,""Calculated area-average""
history,wmo_ra_1_Kadow,""Calculated annual average from monthly averages using arithmetic mean""
history,wmo_ra_1_Kadow,""Selected years within the range 1900 to 2023.""
history,wmo_ra_1_Kadow,""Wrote to file wmo_ra_1_Kadow.csv""
history,wmo_ra_1_Kadow,"Data set created from file ['wmo_ra_1_Kadow.csv'] downloaded from [''] at ['2023-10-27 10:57:01']"
reference,wmo_ra_1_Kadow,"Kadow, C., Hall, D.M. & Ulbrich, U. Artificial intelligence reconstructs missing climate information. Nat. Geosci. (2020). https://doi.org/10.1038/s41561-020-0582-5"
comments,wmo_ra_1_Kadow,"Original data acknowledgement: "
history,wmo_ra_1_NOAA_Interim,""Data set created from file ['NOAAGlobalTemp_v*.nc'] downloaded from ['https://www.ncei.noaa.gov/data/noaa-global-surface-temperature/v5.1/access/gridded/NOAAGlobalTemp_v.*.nc'] at ['2023-10-14 08:45:48']""
history,wmo_ra_1_NOAA_Interim,""Data set created from file ['NOAAGlobalTemp_v*.nc'] downloaded from ['https://www.ncei.noaa.gov/data/noaa-global-surface-temperature/v5.1/access/gridded/NOAAGlobalTemp_v.*.nc'] at ['2023-10-14 08:45:48']""
history,wmo_ra_1_NOAA_Interim,""Regridded to 1 degree latitude-longitude resolution""
history,wmo_ra_1_NOAA_Interim,""Rebaselined to 1991-2020""
history,wmo_ra_1_NOAA_Interim,""Calculated area-average""
history,wmo_ra_1_NOAA_Interim,""Calculated annual average from monthly averages using arithmetic mean""
history,wmo_ra_1_NOAA_Interim,""Selected years within the range 1900 to 2023.""
history,wmo_ra_1_NOAA_Interim,""Wrote to file wmo_ra_1_NOAA Interim.csv""
history,wmo_ra_1_NOAA_Interim,"Data set created from file ['wmo_ra_1_NOAA Interim.csv'] downloaded from [''] at ['2023-10-27 10:57:48']"
reference,wmo_ra_1_NOAA_Interim,"Vose, R.S., B. Huang, X. Yin., D. Arndt, D.R. Easterling, J.H. Lawrimore, M.J. Menne, A. Sanchez-Lugo, H.-M. Zhang, 2021: Implementing full spatial coverage in NOAA’s global temperature analysis. Geophysical Research Letters, 48, e2020GL090873. https://doi.org/10.1029/2020GL090873"
comments,wmo_ra_1_NOAA_Interim,"Original data acknowledgement: "
history,wmo_ra_2_Berkeley_Earth,""Data set created from file ['Land_and_Ocean_LatLong1.nc'] downloaded from ['https://berkeley-earth-temperature.s3.us-west-1.amazonaws.com/Global/Gridded/Land_and_Ocean_LatLong1.nc'] at ['2023-10-13 17:18:41']""
history,wmo_ra_2_Berkeley_Earth,""Rebaselined to 1991-2020""
history,wmo_ra_2_Berkeley_Earth,""Calculated area-average""
history,wmo_ra_2_Berkeley_Earth,""Calculated annual average from monthly averages using arithmetic mean""
history,wmo_ra_2_Berkeley_Earth,""Selected years within the range 1900 to 2023.""
history,wmo_ra_2_Berkeley_Earth,""Wrote to file wmo_ra_2_Berkeley Earth.csv""
history,wmo_ra_2_Berkeley_Earth,"Data set created from file ['wmo_ra_2_Berkeley Earth.csv'] downloaded from [''] at ['2023-10-27 10:53:31']"
reference,wmo_ra_2_Berkeley_Earth,"Rohde, R. A. and Hausfather, Z.: The Berkeley Earth Land/Ocean Temperature Record, Earth Syst. Sci. Data, 12, 3469-3479, https://doi.org/10.5194/essd-12-3469-2020, 2020"
comments,wmo_ra_2_Berkeley_Earth,"Original data acknowledgement: "
history,wmo_ra_2_ERA5,""Gridded dataset created from file ['era5_2m_tas_2023.nc'] downloaded from ['']""
history,wmo_ra_2_ERA5,""Regridded to 1 degree latitude-longitude resolution""
history,wmo_ra_2_ERA5,""Rebaselined to 1991-2020""
history,wmo_ra_2_ERA5,""Calculated area-average""
history,wmo_ra_2_ERA5,""Calculated annual average from monthly averages using arithmetic mean""
history,wmo_ra_2_ERA5,""Selected years within the range 1900 to 2023.""
history,wmo_ra_2_ERA5,""Wrote to file wmo_ra_2_ERA5.csv""
history,wmo_ra_2_ERA5,"Data set created from file ['wmo_ra_2_ERA5.csv'] downloaded from [''] at ['2023-10-27 10:54:33']"
reference,wmo_ra_2_ERA5,"Hersbach H, Bell B, Berrisford P et al. 2020. The ERA5 global reanalysis. Q. J. R. Meteorol. Soc. 146: 1999-2049. https://doi.org/10.1002/qj.3803"
comments,wmo_ra_2_ERA5,"Original data acknowledgement: Contains using Copernicus Climate Change Service information [2023]. Neither the European Commission nor ECMWF is responsible for any use that may be made of the Copernicus information or data it contains."
history,wmo_ra_2_GISTEMP,""Data set created from file ['gistemp1200_GHCNv4_ERSSTv5.nc.gz'] downloaded from ['https://data.giss.nasa.gov/pub/gistemp/gistemp1200_GHCNv4_ERSSTv5.nc.gz'] at ['2023-10-13 17:19:30']""
history,wmo_ra_2_GISTEMP,""Regridded to 1 degree latitude-longitude resolution""
history,wmo_ra_2_GISTEMP,""Rebaselined to 1991-2020""
history,wmo_ra_2_GISTEMP,""Calculated area-average""
history,wmo_ra_2_GISTEMP,""Calculated annual average from monthly averages using arithmetic mean""
history,wmo_ra_2_GISTEMP,""Selected years within the range 1900 to 2023.""
history,wmo_ra_2_GISTEMP,""Wrote to file wmo_ra_2_GISTEMP.csv""
history,wmo_ra_2_GISTEMP,"Data set created from file ['wmo_ra_2_GISTEMP.csv'] downloaded from [''] at ['2023-10-27 10:54:53']"
reference,wmo_ra_2_GISTEMP,"Lenssen, N., G. Schmidt, J. Hansen, M. Menne, A. Persin, R. Ruedy, and D. Zyss, 2019: Improvements in the GISTEMP uncertainty model. J. Geophys. Res. Atmos., 124, no. 12, 6307-6326, doi:10.1029/2018JD029522"
comments,wmo_ra_2_GISTEMP,"Original data acknowledgement: "
history,wmo_ra_2_HadCRUT5,""Data set created from file ['HadCRUT.5.0.1.0.analysis.anomalies.ensemble_mean.nc'] downloaded from ['https://www.metoffice.gov.uk/hadobs/hadcrut5/data/current/analysis/HadCRUT.5.0.1.0.analysis.anomalies.ensemble_mean.nc'] at ['2023-10-13 17:19:31']""
history,wmo_ra_2_HadCRUT5,""Regridded to 1 degree latitude-longitude resolution""
history,wmo_ra_2_HadCRUT5,""Rebaselined to 1991-2020""
history,wmo_ra_2_HadCRUT5,""Calculated area-average""
history,wmo_ra_2_HadCRUT5,""Calculated annual average from monthly averages using arithmetic mean""
history,wmo_ra_2_HadCRUT5,""Selected years within the range 1900 to 2023.""
history,wmo_ra_2_HadCRUT5,""Wrote to file wmo_ra_2_HadCRUT5.csv""
history,wmo_ra_2_HadCRUT5,"Data set created from file ['wmo_ra_2_HadCRUT5.csv'] downloaded from [''] at ['2023-10-27 10:55:34']"
reference,wmo_ra_2_HadCRUT5,"Morice, C. P., Kennedy, J. J., Rayner, N. A., Winn, J. P., Hogan, E., Killick, R. E., et al. (2021). An updated assessment of near-surface temperature change from 1850: the HadCRUT5 data set. Journal of Geophysical Research: Atmospheres, 126, e2019JD032361. https://doi.org/10.1029/2019JD032361"
comments,wmo_ra_2_HadCRUT5,"Original data acknowledgement: HadCRUT.5.0.1.0 data were obtained from http://www.metoffice.gov.uk/hadobs/hadcrut5 on 2023-10-13 17:19:31 and are © British Crown Copyright, Met Office 2023, provided under an Open Government License, http://www.nationalarchives.gov.uk/doc/open-government-licence/version/3/"
history,wmo_ra_2_JRA-55,""Data set created from file ['anl_surf125.011_tmp.202301_202312', 'anl_surf125.2023MMMM'] downloaded from ['', ''] at ['2023-10-06 11:01:38']""
history,wmo_ra_2_JRA-55,""Regridded to 1 degree latitude-longitude resolution""
history,wmo_ra_2_JRA-55,""Rebaselined to 1991-2020""
history,wmo_ra_2_JRA-55,""Calculated area-average""
history,wmo_ra_2_JRA-55,""Calculated annual average from monthly averages using arithmetic mean""
history,wmo_ra_2_JRA-55,""Selected years within the range 1900 to 2023.""
history,wmo_ra_2_JRA-55,""Wrote to file wmo_ra_2_JRA-55.csv""
history,wmo_ra_2_JRA-55,"Data set created from file ['wmo_ra_2_JRA-55.csv'] downloaded from [''] at ['2023-10-27 10:56:36']"
reference,wmo_ra_2_JRA-55,"Kobayashi, S., Ota, Y., Harada, Y., Ebita, A., Moriya, M., Onoda, H., Onogi, K., Kamahori, H., Kobayashi, C., Endo, H. and Miyaoka, K., (2015). The JRA-55 reanalysis: General specifications and basic characteristics. Journal of the Meteorological Society of Japan. Ser. II, 93(1), pp.5-48."
comments,wmo_ra_2_JRA-55,"Original data acknowledgement: "
history,wmo_ra_2_Kadow,""Data set created from file ['HadCRUT.5.0.1.0.anomalies.Kadow_et_al_2020_20crAI-infilled.ensemble_mean_185001-*.nc'] downloaded from [''] at ['2023-10-23 09:13:55']""
history,wmo_ra_2_Kadow,""Regridded to 1 degree latitude-longitude resolution""
history,wmo_ra_2_Kadow,""Rebaselined to 1991-2020""
history,wmo_ra_2_Kadow,""Calculated area-average""
history,wmo_ra_2_Kadow,""Calculated annual average from monthly averages using arithmetic mean""
history,wmo_ra_2_Kadow,""Selected years within the range 1900 to 2023.""
history,wmo_ra_2_Kadow,""Wrote to file wmo_ra_2_Kadow.csv""
history,wmo_ra_2_Kadow,"Data set created from file ['wmo_ra_2_Kadow.csv'] downloaded from [''] at ['2023-10-27 10:57:03']"
reference,wmo_ra_2_Kadow,"Kadow, C., Hall, D.M. & Ulbrich, U. Artificial intelligence reconstructs missing climate information. Nat. Geosci. (2020). https://doi.org/10.1038/s41561-020-0582-5"
comments,wmo_ra_2_Kadow,"Original data acknowledgement: "
history,wmo_ra_2_NOAA_Interim,""Data set created from file ['NOAAGlobalTemp_v*.nc'] downloaded from ['https://www.ncei.noaa.gov/data/noaa-global-surface-temperature/v5.1/access/gridded/NOAAGlobalTemp_v.*.nc'] at ['2023-10-14 08:45:48']""
history,wmo_ra_2_NOAA_Interim,""Data set created from file ['NOAAGlobalTemp_v*.nc'] downloaded from ['https://www.ncei.noaa.gov/data/noaa-global-surface-temperature/v5.1/access/gridded/NOAAGlobalTemp_v.*.nc'] at ['2023-10-14 08:45:48']""
history,wmo_ra_2_NOAA_Interim,""Regridded to 1 degree latitude-longitude resolution""
history,wmo_ra_2_NOAA_Interim,""Rebaselined to 1991-2020""
history,wmo_ra_2_NOAA_Interim,""Calculated area-average""
history,wmo_ra_2_NOAA_Interim,""Calculated annual average from monthly averages using arithmetic mean""
history,wmo_ra_2_NOAA_Interim,""Selected years within the range 1900 to 2023.""
history,wmo_ra_2_NOAA_Interim,""Wrote to file wmo_ra_2_NOAA Interim.csv""
history,wmo_ra_2_NOAA_Interim,"Data set created from file ['wmo_ra_2_NOAA Interim.csv'] downloaded from [''] at ['2023-10-27 10:57:50']"
reference,wmo_ra_2_NOAA_Interim,"Vose, R.S., B. Huang, X. Yin., D. Arndt, D.R. Easterling, J.H. Lawrimore, M.J. Menne, A. Sanchez-Lugo, H.-M. Zhang, 2021: Implementing full spatial coverage in NOAA’s global temperature analysis. Geophysical Research Letters, 48, e2020GL090873. https://doi.org/10.1029/2020GL090873"
comments,wmo_ra_2_NOAA_Interim,"Original data acknowledgement: "
history,wmo_ra_3_Berkeley_Earth,""Data set created from file ['Land_and_Ocean_LatLong1.nc'] downloaded from ['https://berkeley-earth-temperature.s3.us-west-1.amazonaws.com/Global/Gridded/Land_and_Ocean_LatLong1.nc'] at ['2023-10-13 17:18:41']""
history,wmo_ra_3_Berkeley_Earth,""Rebaselined to 1991-2020""
history,wmo_ra_3_Berkeley_Earth,""Calculated area-average""
history,wmo_ra_3_Berkeley_Earth,""Calculated annual average from monthly averages using arithmetic mean""
history,wmo_ra_3_Berkeley_Earth,""Selected years within the range 1900 to 2023.""
history,wmo_ra_3_Berkeley_Earth,""Wrote to file wmo_ra_3_Berkeley Earth.csv""
history,wmo_ra_3_Berkeley_Earth,"Data set created from file ['wmo_ra_3_Berkeley Earth.csv'] downloaded from [''] at ['2023-10-27 10:53:33']"
reference,wmo_ra_3_Berkeley_Earth,"Rohde, R. A. and Hausfather, Z.: The Berkeley Earth Land/Ocean Temperature Record, Earth Syst. Sci. Data, 12, 3469-3479, https://doi.org/10.5194/essd-12-3469-2020, 2020"
comments,wmo_ra_3_Berkeley_Earth,"Original data acknowledgement: "
history,wmo_ra_3_ERA5,""Gridded dataset created from file ['era5_2m_tas_2023.nc'] downloaded from ['']""
history,wmo_ra_3_ERA5,""Regridded to 1 degree latitude-longitude resolution""
history,wmo_ra_3_ERA5,""Rebaselined to 1991-2020""
history,wmo_ra_3_ERA5,""Calculated area-average""
history,wmo_ra_3_ERA5,""Calculated annual average from monthly averages using arithmetic mean""
history,wmo_ra_3_ERA5,""Selected years within the range 1900 to 2023.""
history,wmo_ra_3_ERA5,""Wrote to file wmo_ra_3_ERA5.csv""
history,wmo_ra_3_ERA5,"Data set created from file ['wmo_ra_3_ERA5.csv'] downloaded from [''] at ['2023-10-27 10:54:33']"
reference,wmo_ra_3_ERA5,"Hersbach H, Bell B, Berrisford P et al. 2020. The ERA5 global reanalysis. Q. J. R. Meteorol. Soc. 146: 1999-2049. https://doi.org/10.1002/qj.3803"
comments,wmo_ra_3_ERA5,"Original data acknowledgement: Contains using Copernicus Climate Change Service information [2023]. Neither the European Commission nor ECMWF is responsible for any use that may be made of the Copernicus information or data it contains."
history,wmo_ra_3_GISTEMP,""Data set created from file ['gistemp1200_GHCNv4_ERSSTv5.nc.gz'] downloaded from ['https://data.giss.nasa.gov/pub/gistemp/gistemp1200_GHCNv4_ERSSTv5.nc.gz'] at ['2023-10-13 17:19:30']""
history,wmo_ra_3_GISTEMP,""Regridded to 1 degree latitude-longitude resolution""
history,wmo_ra_3_GISTEMP,""Rebaselined to 1991-2020""
history,wmo_ra_3_GISTEMP,""Calculated area-average""
history,wmo_ra_3_GISTEMP,""Calculated annual average from monthly averages using arithmetic mean""
history,wmo_ra_3_GISTEMP,""Selected years within the range 1900 to 2023.""
history,wmo_ra_3_GISTEMP,""Wrote to file wmo_ra_3_GISTEMP.csv""
history,wmo_ra_3_GISTEMP,"Data set created from file ['wmo_ra_3_GISTEMP.csv'] downloaded from [''] at ['2023-10-27 10:54:54']"
reference,wmo_ra_3_GISTEMP,"Lenssen, N., G. Schmidt, J. Hansen, M. Menne, A. Persin, R. Ruedy, and D. Zyss, 2019: Improvements in the GISTEMP uncertainty model. J. Geophys. Res. Atmos., 124, no. 12, 6307-6326, doi:10.1029/2018JD029522"
comments,wmo_ra_3_GISTEMP,"Original data acknowledgement: "
history,wmo_ra_3_HadCRUT5,""Data set created from file ['HadCRUT.5.0.1.0.analysis.anomalies.ensemble_mean.nc'] downloaded from ['https://www.metoffice.gov.uk/hadobs/hadcrut5/data/current/analysis/HadCRUT.5.0.1.0.analysis.anomalies.ensemble_mean.nc'] at ['2023-10-13 17:19:31']""
history,wmo_ra_3_HadCRUT5,""Regridded to 1 degree latitude-longitude resolution""
history,wmo_ra_3_HadCRUT5,""Rebaselined to 1991-2020""
history,wmo_ra_3_HadCRUT5,""Calculated area-average""
history,wmo_ra_3_HadCRUT5,""Calculated annual average from monthly averages using arithmetic mean""
history,wmo_ra_3_HadCRUT5,""Selected years within the range 1900 to 2023.""
history,wmo_ra_3_HadCRUT5,""Wrote to file wmo_ra_3_HadCRUT5.csv""
history,wmo_ra_3_HadCRUT5,"Data set created from file ['wmo_ra_3_HadCRUT5.csv'] downloaded from [''] at ['2023-10-27 10:55:36']"
reference,wmo_ra_3_HadCRUT5,"Morice, C. P., Kennedy, J. J., Rayner, N. A., Winn, J. P., Hogan, E., Killick, R. E., et al. (2021). An updated assessment of near-surface temperature change from 1850: the HadCRUT5 data set. Journal of Geophysical Research: Atmospheres, 126, e2019JD032361. https://doi.org/10.1029/2019JD032361"
comments,wmo_ra_3_HadCRUT5,"Original data acknowledgement: HadCRUT.5.0.1.0 data were obtained from http://www.metoffice.gov.uk/hadobs/hadcrut5 on 2023-10-13 17:19:31 and are © British Crown Copyright, Met Office 2023, provided under an Open Government License, http://www.nationalarchives.gov.uk/doc/open-government-licence/version/3/"
history,wmo_ra_3_JRA-55,""Data set created from file ['anl_surf125.011_tmp.202301_202312', 'anl_surf125.2023MMMM'] downloaded from ['', ''] at ['2023-10-06 11:01:38']""
history,wmo_ra_3_JRA-55,""Regridded to 1 degree latitude-longitude resolution""
history,wmo_ra_3_JRA-55,""Rebaselined to 1991-2020""
history,wmo_ra_3_JRA-55,""Calculated area-average""
history,wmo_ra_3_JRA-55,""Calculated annual average from monthly averages using arithmetic mean""
history,wmo_ra_3_JRA-55,""Selected years within the range 1900 to 2023.""
history,wmo_ra_3_JRA-55,""Wrote to file wmo_ra_3_JRA-55.csv""
history,wmo_ra_3_JRA-55,"Data set created from file ['wmo_ra_3_JRA-55.csv'] downloaded from [''] at ['2023-10-27 10:56:36']"
reference,wmo_ra_3_JRA-55,"Kobayashi, S., Ota, Y., Harada, Y., Ebita, A., Moriya, M., Onoda, H., Onogi, K., Kamahori, H., Kobayashi, C., Endo, H. and Miyaoka, K., (2015). The JRA-55 reanalysis: General specifications and basic characteristics. Journal of the Meteorological Society of Japan. Ser. II, 93(1), pp.5-48."
comments,wmo_ra_3_JRA-55,"Original data acknowledgement: "
history,wmo_ra_3_Kadow,""Data set created from file ['HadCRUT.5.0.1.0.anomalies.Kadow_et_al_2020_20crAI-infilled.ensemble_mean_185001-*.nc'] downloaded from [''] at ['2023-10-23 09:13:55']""
history,wmo_ra_3_Kadow,""Regridded to 1 degree latitude-longitude resolution""
history,wmo_ra_3_Kadow,""Rebaselined to 1991-2020""
history,wmo_ra_3_Kadow,""Calculated area-average""
history,wmo_ra_3_Kadow,""Calculated annual average from monthly averages using arithmetic mean""
history,wmo_ra_3_Kadow,""Selected years within the range 1900 to 2023.""
history,wmo_ra_3_Kadow,""Wrote to file wmo_ra_3_Kadow.csv""
history,wmo_ra_3_Kadow,"Data set created from file ['wmo_ra_3_Kadow.csv'] downloaded from [''] at ['2023-10-27 10:57:04']"
reference,wmo_ra_3_Kadow,"Kadow, C., Hall, D.M. & Ulbrich, U. Artificial intelligence reconstructs missing climate information. Nat. Geosci. (2020). https://doi.org/10.1038/s41561-020-0582-5"
comments,wmo_ra_3_Kadow,"Original data acknowledgement: "
history,wmo_ra_3_NOAA_Interim,""Data set created from file ['NOAAGlobalTemp_v*.nc'] downloaded from ['https://www.ncei.noaa.gov/data/noaa-global-surface-temperature/v5.1/access/gridded/NOAAGlobalTemp_v.*.nc'] at ['2023-10-14 08:45:48']""
history,wmo_ra_3_NOAA_Interim,""Data set created from file ['NOAAGlobalTemp_v*.nc'] downloaded from ['https://www.ncei.noaa.gov/data/noaa-global-surface-temperature/v5.1/access/gridded/NOAAGlobalTemp_v.*.nc'] at ['2023-10-14 08:45:48']""
history,wmo_ra_3_NOAA_Interim,""Regridded to 1 degree latitude-longitude resolution""
history,wmo_ra_3_NOAA_Interim,""Rebaselined to 1991-2020""
history,wmo_ra_3_NOAA_Interim,""Calculated area-average""
history,wmo_ra_3_NOAA_Interim,""Calculated annual average from monthly averages using arithmetic mean""
history,wmo_ra_3_NOAA_Interim,""Selected years within the range 1900 to 2023.""
history,wmo_ra_3_NOAA_Interim,""Wrote to file wmo_ra_3_NOAA Interim.csv""
history,wmo_ra_3_NOAA_Interim,"Data set created from file ['wmo_ra_3_NOAA Interim.csv'] downloaded from [''] at ['2023-10-27 10:57:53']"
reference,wmo_ra_3_NOAA_Interim,"Vose, R.S., B. Huang, X. Yin., D. Arndt, D.R. Easterling, J.H. Lawrimore, M.J. Menne, A. Sanchez-Lugo, H.-M. Zhang, 2021: Implementing full spatial coverage in NOAA’s global temperature analysis. Geophysical Research Letters, 48, e2020GL090873. https://doi.org/10.1029/2020GL090873"
comments,wmo_ra_3_NOAA_Interim,"Original data acknowledgement: "
history,wmo_ra_4_Berkeley_Earth,""Data set created from file ['Land_and_Ocean_LatLong1.nc'] downloaded from ['https://berkeley-earth-temperature.s3.us-west-1.amazonaws.com/Global/Gridded/Land_and_Ocean_LatLong1.nc'] at ['2023-10-13 17:18:41']""
history,wmo_ra_4_Berkeley_Earth,""Rebaselined to 1991-2020""
history,wmo_ra_4_Berkeley_Earth,""Calculated area-average""
history,wmo_ra_4_Berkeley_Earth,""Calculated annual average from monthly averages using arithmetic mean""
history,wmo_ra_4_Berkeley_Earth,""Selected years within the range 1900 to 2023.""
history,wmo_ra_4_Berkeley_Earth,""Wrote to file wmo_ra_4_Berkeley Earth.csv""
history,wmo_ra_4_Berkeley_Earth,"Data set created from file ['wmo_ra_4_Berkeley Earth.csv'] downloaded from [''] at ['2023-10-27 10:53:36']"
reference,wmo_ra_4_Berkeley_Earth,"Rohde, R. A. and Hausfather, Z.: The Berkeley Earth Land/Ocean Temperature Record, Earth Syst. Sci. Data, 12, 3469-3479, https://doi.org/10.5194/essd-12-3469-2020, 2020"
comments,wmo_ra_4_Berkeley_Earth,"Original data acknowledgement: "
history,wmo_ra_4_ERA5,""Gridded dataset created from file ['era5_2m_tas_2023.nc'] downloaded from ['']""
history,wmo_ra_4_ERA5,""Regridded to 1 degree latitude-longitude resolution""
history,wmo_ra_4_ERA5,""Rebaselined to 1991-2020""
history,wmo_ra_4_ERA5,""Calculated area-average""
history,wmo_ra_4_ERA5,""Calculated annual average from monthly averages using arithmetic mean""
history,wmo_ra_4_ERA5,""Selected years within the range 1900 to 2023.""
history,wmo_ra_4_ERA5,""Wrote to file wmo_ra_4_ERA5.csv""
history,wmo_ra_4_ERA5,"Data set created from file ['wmo_ra_4_ERA5.csv'] downloaded from [''] at ['2023-10-27 10:54:34']"
reference,wmo_ra_4_ERA5,"Hersbach H, Bell B, Berrisford P et al. 2020. The ERA5 global reanalysis. Q. J. R. Meteorol. Soc. 146: 1999-2049. https://doi.org/10.1002/qj.3803"
comments,wmo_ra_4_ERA5,"Original data acknowledgement: Contains using Copernicus Climate Change Service information [2023]. Neither the European Commission nor ECMWF is responsible for any use that may be made of the Copernicus information or data it contains."
history,wmo_ra_4_GISTEMP,""Data set created from file ['gistemp1200_GHCNv4_ERSSTv5.nc.gz'] downloaded from ['https://data.giss.nasa.gov/pub/gistemp/gistemp1200_GHCNv4_ERSSTv5.nc.gz'] at ['2023-10-13 17:19:30']""
history,wmo_ra_4_GISTEMP,""Regridded to 1 degree latitude-longitude resolution""
history,wmo_ra_4_GISTEMP,""Rebaselined to 1991-2020""
history,wmo_ra_4_GISTEMP,""Calculated area-average""
history,wmo_ra_4_GISTEMP,""Calculated annual average from monthly averages using arithmetic mean""
history,wmo_ra_4_GISTEMP,""Selected years within the range 1900 to 2023.""
history,wmo_ra_4_GISTEMP,""Wrote to file wmo_ra_4_GISTEMP.csv""
history,wmo_ra_4_GISTEMP,"Data set created from file ['wmo_ra_4_GISTEMP.csv'] downloaded from [''] at ['2023-10-27 10:54:56']"
reference,wmo_ra_4_GISTEMP,"Lenssen, N., G. Schmidt, J. Hansen, M. Menne, A. Persin, R. Ruedy, and D. Zyss, 2019: Improvements in the GISTEMP uncertainty model. J. Geophys. Res. Atmos., 124, no. 12, 6307-6326, doi:10.1029/2018JD029522"
comments,wmo_ra_4_GISTEMP,"Original data acknowledgement: "
history,wmo_ra_4_HadCRUT5,""Data set created from file ['HadCRUT.5.0.1.0.analysis.anomalies.ensemble_mean.nc'] downloaded from ['https://www.metoffice.gov.uk/hadobs/hadcrut5/data/current/analysis/HadCRUT.5.0.1.0.analysis.anomalies.ensemble_mean.nc'] at ['2023-10-13 17:19:31']""
history,wmo_ra_4_HadCRUT5,""Regridded to 1 degree latitude-longitude resolution""
history,wmo_ra_4_HadCRUT5,""Rebaselined to 1991-2020""
history,wmo_ra_4_HadCRUT5,""Calculated area-average""
history,wmo_ra_4_HadCRUT5,""Calculated annual average from monthly averages using arithmetic mean""
history,wmo_ra_4_HadCRUT5,""Selected years within the range 1900 to 2023.""
history,wmo_ra_4_HadCRUT5,""Wrote to file wmo_ra_4_HadCRUT5.csv""
history,wmo_ra_4_HadCRUT5,"Data set created from file ['wmo_ra_4_HadCRUT5.csv'] downloaded from [''] at ['2023-10-27 10:55:39']"
reference,wmo_ra_4_HadCRUT5,"Morice, C. P., Kennedy, J. J., Rayner, N. A., Winn, J. P., Hogan, E., Killick, R. E., et al. (2021). An updated assessment of near-surface temperature change from 1850: the HadCRUT5 data set. Journal of Geophysical Research: Atmospheres, 126, e2019JD032361. https://doi.org/10.1029/2019JD032361"
comments,wmo_ra_4_HadCRUT5,"Original data acknowledgement: HadCRUT.5.0.1.0 data were obtained from http://www.metoffice.gov.uk/hadobs/hadcrut5 on 2023-10-13 17:19:31 and are © British Crown Copyright, Met Office 2023, provided under an Open Government License, http://www.nationalarchives.gov.uk/doc/open-government-licence/version/3/"
history,wmo_ra_4_JRA-55,""Data set created from file ['anl_surf125.011_tmp.202301_202312', 'anl_surf125.2023MMMM'] downloaded from ['', ''] at ['2023-10-06 11:01:38']""
history,wmo_ra_4_JRA-55,""Regridded to 1 degree latitude-longitude resolution""
history,wmo_ra_4_JRA-55,""Rebaselined to 1991-2020""
history,wmo_ra_4_JRA-55,""Calculated area-average""
history,wmo_ra_4_JRA-55,""Calculated annual average from monthly averages using arithmetic mean""
history,wmo_ra_4_JRA-55,""Selected years within the range 1900 to 2023.""
history,wmo_ra_4_JRA-55,""Wrote to file wmo_ra_4_JRA-55.csv""
history,wmo_ra_4_JRA-55,"Data set created from file ['wmo_ra_4_JRA-55.csv'] downloaded from [''] at ['2023-10-27 10:56:37']"
reference,wmo_ra_4_JRA-55,"Kobayashi, S., Ota, Y., Harada, Y., Ebita, A., Moriya, M., Onoda, H., Onogi, K., Kamahori, H., Kobayashi, C., Endo, H. and Miyaoka, K., (2015). The JRA-55 reanalysis: General specifications and basic characteristics. Journal of the Meteorological Society of Japan. Ser. II, 93(1), pp.5-48."
comments,wmo_ra_4_JRA-55,"Original data acknowledgement: "
history,wmo_ra_4_Kadow,""Data set created from file ['HadCRUT.5.0.1.0.anomalies.Kadow_et_al_2020_20crAI-infilled.ensemble_mean_185001-*.nc'] downloaded from [''] at ['2023-10-23 09:13:55']""
history,wmo_ra_4_Kadow,""Regridded to 1 degree latitude-longitude resolution""
history,wmo_ra_4_Kadow,""Rebaselined to 1991-2020""
history,wmo_ra_4_Kadow,""Calculated area-average""
history,wmo_ra_4_Kadow,""Calculated annual average from monthly averages using arithmetic mean""
history,wmo_ra_4_Kadow,""Selected years within the range 1900 to 2023.""
history,wmo_ra_4_Kadow,""Wrote to file wmo_ra_4_Kadow.csv""
history,wmo_ra_4_Kadow,"Data set created from file ['wmo_ra_4_Kadow.csv'] downloaded from [''] at ['2023-10-27 10:57:06']"
reference,wmo_ra_4_Kadow,"Kadow, C., Hall, D.M. & Ulbrich, U. Artificial intelligence reconstructs missing climate information. Nat. Geosci. (2020). https://doi.org/10.1038/s41561-020-0582-5"
comments,wmo_ra_4_Kadow,"Original data acknowledgement: "
history,wmo_ra_4_NOAA_Interim,""Data set created from file ['NOAAGlobalTemp_v*.nc'] downloaded from ['https://www.ncei.noaa.gov/data/noaa-global-surface-temperature/v5.1/access/gridded/NOAAGlobalTemp_v.*.nc'] at ['2023-10-14 08:45:48']""
history,wmo_ra_4_NOAA_Interim,""Data set created from file ['NOAAGlobalTemp_v*.nc'] downloaded from ['https://www.ncei.noaa.gov/data/noaa-global-surface-temperature/v5.1/access/gridded/NOAAGlobalTemp_v.*.nc'] at ['2023-10-14 08:45:48']""
history,wmo_ra_4_NOAA_Interim,""Regridded to 1 degree latitude-longitude resolution""
history,wmo_ra_4_NOAA_Interim,""Rebaselined to 1991-2020""
history,wmo_ra_4_NOAA_Interim,""Calculated area-average""
history,wmo_ra_4_NOAA_Interim,""Calculated annual average from monthly averages using arithmetic mean""
history,wmo_ra_4_NOAA_Interim,""Selected years within the range 1900 to 2023.""
history,wmo_ra_4_NOAA_Interim,""Wrote to file wmo_ra_4_NOAA Interim.csv""
history,wmo_ra_4_NOAA_Interim,"Data set created from file ['wmo_ra_4_NOAA Interim.csv'] downloaded from [''] at ['2023-10-27 10:57:55']"
reference,wmo_ra_4_NOAA_Interim,"Vose, R.S., B. Huang, X. Yin., D. Arndt, D.R. Easterling, J.H. Lawrimore, M.J. Menne, A. Sanchez-Lugo, H.-M. Zhang, 2021: Implementing full spatial coverage in NOAA’s global temperature analysis. Geophysical Research Letters, 48, e2020GL090873. https://doi.org/10.1029/2020GL090873"
comments,wmo_ra_4_NOAA_Interim,"Original data acknowledgement: "
history,wmo_ra_5_Berkeley_Earth,""Data set created from file ['Land_and_Ocean_LatLong1.nc'] downloaded from ['https://berkeley-earth-temperature.s3.us-west-1.amazonaws.com/Global/Gridded/Land_and_Ocean_LatLong1.nc'] at ['2023-10-13 17:18:41']""
history,wmo_ra_5_Berkeley_Earth,""Rebaselined to 1991-2020""
history,wmo_ra_5_Berkeley_Earth,""Calculated area-average""
history,wmo_ra_5_Berkeley_Earth,""Calculated annual average from monthly averages using arithmetic mean""
history,wmo_ra_5_Berkeley_Earth,""Selected years within the range 1900 to 2023.""
history,wmo_ra_5_Berkeley_Earth,""Wrote to file wmo_ra_5_Berkeley Earth.csv""
history,wmo_ra_5_Berkeley_Earth,"Data set created from file ['wmo_ra_5_Berkeley Earth.csv'] downloaded from [''] at ['2023-10-27 10:53:38']"
reference,wmo_ra_5_Berkeley_Earth,"Rohde, R. A. and Hausfather, Z.: The Berkeley Earth Land/Ocean Temperature Record, Earth Syst. Sci. Data, 12, 3469-3479, https://doi.org/10.5194/essd-12-3469-2020, 2020"
comments,wmo_ra_5_Berkeley_Earth,"Original data acknowledgement: "
history,wmo_ra_5_ERA5,""Gridded dataset created from file ['era5_2m_tas_2023.nc'] downloaded from ['']""
history,wmo_ra_5_ERA5,""Regridded to 1 degree latitude-longitude resolution""
history,wmo_ra_5_ERA5,""Rebaselined to 1991-2020""
history,wmo_ra_5_ERA5,""Calculated area-average""
history,wmo_ra_5_ERA5,""Calculated annual average from monthly averages using arithmetic mean""
history,wmo_ra_5_ERA5,""Selected years within the range 1900 to 2023.""
history,wmo_ra_5_ERA5,""Wrote to file wmo_ra_5_ERA5.csv""
history,wmo_ra_5_ERA5,"Data set created from file ['wmo_ra_5_ERA5.csv'] downloaded from [''] at ['2023-10-27 10:54:35']"
reference,wmo_ra_5_ERA5,"Hersbach H, Bell B, Berrisford P et al. 2020. The ERA5 global reanalysis. Q. J. R. Meteorol. Soc. 146: 1999-2049. https://doi.org/10.1002/qj.3803"
comments,wmo_ra_5_ERA5,"Original data acknowledgement: Contains using Copernicus Climate Change Service information [2023]. Neither the European Commission nor ECMWF is responsible for any use that may be made of the Copernicus information or data it contains."
history,wmo_ra_5_GISTEMP,""Data set created from file ['gistemp1200_GHCNv4_ERSSTv5.nc.gz'] downloaded from ['https://data.giss.nasa.gov/pub/gistemp/gistemp1200_GHCNv4_ERSSTv5.nc.gz'] at ['2023-10-13 17:19:30']""
history,wmo_ra_5_GISTEMP,""Regridded to 1 degree latitude-longitude resolution""
history,wmo_ra_5_GISTEMP,""Rebaselined to 1991-2020""
history,wmo_ra_5_GISTEMP,""Calculated area-average""
history,wmo_ra_5_GISTEMP,""Calculated annual average from monthly averages using arithmetic mean""
history,wmo_ra_5_GISTEMP,""Selected years within the range 1900 to 2023.""
history,wmo_ra_5_GISTEMP,""Wrote to file wmo_ra_5_GISTEMP.csv""
history,wmo_ra_5_GISTEMP,"Data set created from file ['wmo_ra_5_GISTEMP.csv'] downloaded from [''] at ['2023-10-27 10:54:57']"
reference,wmo_ra_5_GISTEMP,"Lenssen, N., G. Schmidt, J. Hansen, M. Menne, A. Persin, R. Ruedy, and D. Zyss, 2019: Improvements in the GISTEMP uncertainty model. J. Geophys. Res. Atmos., 124, no. 12, 6307-6326, doi:10.1029/2018JD029522"
comments,wmo_ra_5_GISTEMP,"Original data acknowledgement: "
history,wmo_ra_5_HadCRUT5,""Data set created from file ['HadCRUT.5.0.1.0.analysis.anomalies.ensemble_mean.nc'] downloaded from ['https://www.metoffice.gov.uk/hadobs/hadcrut5/data/current/analysis/HadCRUT.5.0.1.0.analysis.anomalies.ensemble_mean.nc'] at ['2023-10-13 17:19:31']""
history,wmo_ra_5_HadCRUT5,""Regridded to 1 degree latitude-longitude resolution""
history,wmo_ra_5_HadCRUT5,""Rebaselined to 1991-2020""
history,wmo_ra_5_HadCRUT5,""Calculated area-average""
history,wmo_ra_5_HadCRUT5,""Calculated annual average from monthly averages using arithmetic mean""
history,wmo_ra_5_HadCRUT5,""Selected years within the range 1900 to 2023.""
history,wmo_ra_5_HadCRUT5,""Wrote to file wmo_ra_5_HadCRUT5.csv""
history,wmo_ra_5_HadCRUT5,"Data set created from file ['wmo_ra_5_HadCRUT5.csv'] downloaded from [''] at ['2023-10-27 10:55:41']"
reference,wmo_ra_5_HadCRUT5,"Morice, C. P., Kennedy, J. J., Rayner, N. A., Winn, J. P., Hogan, E., Killick, R. E., et al. (2021). An updated assessment of near-surface temperature change from 1850: the HadCRUT5 data set. Journal of Geophysical Research: Atmospheres, 126, e2019JD032361. https://doi.org/10.1029/2019JD032361"
comments,wmo_ra_5_HadCRUT5,"Original data acknowledgement: HadCRUT.5.0.1.0 data were obtained from http://www.metoffice.gov.uk/hadobs/hadcrut5 on 2023-10-13 17:19:31 and are © British Crown Copyright, Met Office 2023, provided under an Open Government License, http://www.nationalarchives.gov.uk/doc/open-government-licence/version/3/"
history,wmo_ra_5_JRA-55,""Data set created from file ['anl_surf125.011_tmp.202301_202312', 'anl_surf125.2023MMMM'] downloaded from ['', ''] at ['2023-10-06 11:01:38']""
history,wmo_ra_5_JRA-55,""Regridded to 1 degree latitude-longitude resolution""
history,wmo_ra_5_JRA-55,""Rebaselined to 1991-2020""
history,wmo_ra_5_JRA-55,""Calculated area-average""
history,wmo_ra_5_JRA-55,""Calculated annual average from monthly averages using arithmetic mean""
history,wmo_ra_5_JRA-55,""Selected years within the range 1900 to 2023.""
history,wmo_ra_5_JRA-55,""Wrote to file wmo_ra_5_JRA-55.csv""
history,wmo_ra_5_JRA-55,"Data set created from file ['wmo_ra_5_JRA-55.csv'] downloaded from [''] at ['2023-10-27 10:56:38']"
reference,wmo_ra_5_JRA-55,"Kobayashi, S., Ota, Y., Harada, Y., Ebita, A., Moriya, M., Onoda, H., Onogi, K., Kamahori, H., Kobayashi, C., Endo, H. and Miyaoka, K., (2015). The JRA-55 reanalysis: General specifications and basic characteristics. Journal of the Meteorological Society of Japan. Ser. II, 93(1), pp.5-48."
comments,wmo_ra_5_JRA-55,"Original data acknowledgement: "
history,wmo_ra_5_Kadow,""Data set created from file ['HadCRUT.5.0.1.0.anomalies.Kadow_et_al_2020_20crAI-infilled.ensemble_mean_185001-*.nc'] downloaded from [''] at ['2023-10-23 09:13:55']""
history,wmo_ra_5_Kadow,""Regridded to 1 degree latitude-longitude resolution""
history,wmo_ra_5_Kadow,""Rebaselined to 1991-2020""
history,wmo_ra_5_Kadow,""Calculated area-average""
history,wmo_ra_5_Kadow,""Calculated annual average from monthly averages using arithmetic mean""
history,wmo_ra_5_Kadow,""Selected years within the range 1900 to 2023.""
history,wmo_ra_5_Kadow,""Wrote to file wmo_ra_5_Kadow.csv""
history,wmo_ra_5_Kadow,"Data set created from file ['wmo_ra_5_Kadow.csv'] downloaded from [''] at ['2023-10-27 10:57:08']"
reference,wmo_ra_5_Kadow,"Kadow, C., Hall, D.M. & Ulbrich, U. Artificial intelligence reconstructs missing climate information. Nat. Geosci. (2020). https://doi.org/10.1038/s41561-020-0582-5"
comments,wmo_ra_5_Kadow,"Original data acknowledgement: "
history,wmo_ra_5_NOAA_Interim,""Data set created from file ['NOAAGlobalTemp_v*.nc'] downloaded from ['https://www.ncei.noaa.gov/data/noaa-global-surface-temperature/v5.1/access/gridded/NOAAGlobalTemp_v.*.nc'] at ['2023-10-14 08:45:48']""
history,wmo_ra_5_NOAA_Interim,""Data set created from file ['NOAAGlobalTemp_v*.nc'] downloaded from ['https://www.ncei.noaa.gov/data/noaa-global-surface-temperature/v5.1/access/gridded/NOAAGlobalTemp_v.*.nc'] at ['2023-10-14 08:45:48']""
history,wmo_ra_5_NOAA_Interim,""Regridded to 1 degree latitude-longitude resolution""
history,wmo_ra_5_NOAA_Interim,""Rebaselined to 1991-2020""
history,wmo_ra_5_NOAA_Interim,""Calculated area-average""
history,wmo_ra_5_NOAA_Interim,""Calculated annual average from monthly averages using arithmetic mean""
history,wmo_ra_5_NOAA_Interim,""Selected years within the range 1900 to 2023.""
history,wmo_ra_5_NOAA_Interim,""Wrote to file wmo_ra_5_NOAA Interim.csv""
history,wmo_ra_5_NOAA_Interim,"Data set created from file ['wmo_ra_5_NOAA Interim.csv'] downloaded from [''] at ['2023-10-27 10:57:57']"
reference,wmo_ra_5_NOAA_Interim,"Vose, R.S., B. Huang, X. Yin., D. Arndt, D.R. Easterling, J.H. Lawrimore, M.J. Menne, A. Sanchez-Lugo, H.-M. Zhang, 2021: Implementing full spatial coverage in NOAA’s global temperature analysis. Geophysical Research Letters, 48, e2020GL090873. https://doi.org/10.1029/2020GL090873"
comments,wmo_ra_5_NOAA_Interim,"Original data acknowledgement: "
history,wmo_ra_6_Berkeley_Earth,""Data set created from file ['Land_and_Ocean_LatLong1.nc'] downloaded from ['https://berkeley-earth-temperature.s3.us-west-1.amazonaws.com/Global/Gridded/Land_and_Ocean_LatLong1.nc'] at ['2023-10-13 17:18:41']""
history,wmo_ra_6_Berkeley_Earth,""Rebaselined to 1991-2020""
history,wmo_ra_6_Berkeley_Earth,""Calculated area-average""
history,wmo_ra_6_Berkeley_Earth,""Calculated annual average from monthly averages using arithmetic mean""
history,wmo_ra_6_Berkeley_Earth,""Selected years within the range 1900 to 2023.""
history,wmo_ra_6_Berkeley_Earth,""Wrote to file wmo_ra_6_Berkeley Earth.csv""
history,wmo_ra_6_Berkeley_Earth,"Data set created from file ['wmo_ra_6_Berkeley Earth.csv'] downloaded from [''] at ['2023-10-27 10:53:41']"
reference,wmo_ra_6_Berkeley_Earth,"Rohde, R. A. and Hausfather, Z.: The Berkeley Earth Land/Ocean Temperature Record, Earth Syst. Sci. Data, 12, 3469-3479, https://doi.org/10.5194/essd-12-3469-2020, 2020"
comments,wmo_ra_6_Berkeley_Earth,"Original data acknowledgement: "
history,wmo_ra_6_ERA5,""Gridded dataset created from file ['era5_2m_tas_2023.nc'] downloaded from ['']""
history,wmo_ra_6_ERA5,""Regridded to 1 degree latitude-longitude resolution""
history,wmo_ra_6_ERA5,""Rebaselined to 1991-2020""
history,wmo_ra_6_ERA5,""Calculated area-average""
history,wmo_ra_6_ERA5,""Calculated annual average from monthly averages using arithmetic mean""
history,wmo_ra_6_ERA5,""Selected years within the range 1900 to 2023.""
history,wmo_ra_6_ERA5,""Wrote to file wmo_ra_6_ERA5.csv""
history,wmo_ra_6_ERA5,"Data set created from file ['wmo_ra_6_ERA5.csv'] downloaded from [''] at ['2023-10-27 10:54:35']"
reference,wmo_ra_6_ERA5,"Hersbach H, Bell B, Berrisford P et al. 2020. The ERA5 global reanalysis. Q. J. R. Meteorol. Soc. 146: 1999-2049. https://doi.org/10.1002/qj.3803"
comments,wmo_ra_6_ERA5,"Original data acknowledgement: Contains using Copernicus Climate Change Service information [2023]. Neither the European Commission nor ECMWF is responsible for any use that may be made of the Copernicus information or data it contains."
history,wmo_ra_6_GISTEMP,""Data set created from file ['gistemp1200_GHCNv4_ERSSTv5.nc.gz'] downloaded from ['https://data.giss.nasa.gov/pub/gistemp/gistemp1200_GHCNv4_ERSSTv5.nc.gz'] at ['2023-10-13 17:19:30']""
history,wmo_ra_6_GISTEMP,""Regridded to 1 degree latitude-longitude resolution""
history,wmo_ra_6_GISTEMP,""Rebaselined to 1991-2020""
history,wmo_ra_6_GISTEMP,""Calculated area-average""
history,wmo_ra_6_GISTEMP,""Calculated annual average from monthly averages using arithmetic mean""
history,wmo_ra_6_GISTEMP,""Selected years within the range 1900 to 2023.""
history,wmo_ra_6_GISTEMP,""Wrote to file wmo_ra_6_GISTEMP.csv""
history,wmo_ra_6_GISTEMP,"Data set created from file ['wmo_ra_6_GISTEMP.csv'] downloaded from [''] at ['2023-10-27 10:54:58']"
reference,wmo_ra_6_GISTEMP,"Lenssen, N., G. Schmidt, J. Hansen, M. Menne, A. Persin, R. Ruedy, and D. Zyss, 2019: Improvements in the GISTEMP uncertainty model. J. Geophys. Res. Atmos., 124, no. 12, 6307-6326, doi:10.1029/2018JD029522"
comments,wmo_ra_6_GISTEMP,"Original data acknowledgement: "
history,wmo_ra_6_HadCRUT5,""Data set created from file ['HadCRUT.5.0.1.0.analysis.anomalies.ensemble_mean.nc'] downloaded from ['https://www.metoffice.gov.uk/hadobs/hadcrut5/data/current/analysis/HadCRUT.5.0.1.0.analysis.anomalies.ensemble_mean.nc'] at ['2023-10-13 17:19:31']""
history,wmo_ra_6_HadCRUT5,""Regridded to 1 degree latitude-longitude resolution""
history,wmo_ra_6_HadCRUT5,""Rebaselined to 1991-2020""
history,wmo_ra_6_HadCRUT5,""Calculated area-average""
history,wmo_ra_6_HadCRUT5,""Calculated annual average from monthly averages using arithmetic mean""
history,wmo_ra_6_HadCRUT5,""Selected years within the range 1900 to 2023.""
history,wmo_ra_6_HadCRUT5,""Wrote to file wmo_ra_6_HadCRUT5.csv""
history,wmo_ra_6_HadCRUT5,"Data set created from file ['wmo_ra_6_HadCRUT5.csv'] downloaded from [''] at ['2023-10-27 10:55:44']"
reference,wmo_ra_6_HadCRUT5,"Morice, C. P., Kennedy, J. J., Rayner, N. A., Winn, J. P., Hogan, E., Killick, R. E., et al. (2021). An updated assessment of near-surface temperature change from 1850: the HadCRUT5 data set. Journal of Geophysical Research: Atmospheres, 126, e2019JD032361. https://doi.org/10.1029/2019JD032361"
comments,wmo_ra_6_HadCRUT5,"Original data acknowledgement: HadCRUT.5.0.1.0 data were obtained from http://www.metoffice.gov.uk/hadobs/hadcrut5 on 2023-10-13 17:19:31 and are © British Crown Copyright, Met Office 2023, provided under an Open Government License, http://www.nationalarchives.gov.uk/doc/open-government-licence/version/3/"
history,wmo_ra_6_JRA-55,""Data set created from file ['anl_surf125.011_tmp.202301_202312', 'anl_surf125.2023MMMM'] downloaded from ['', ''] at ['2023-10-06 11:01:38']""
history,wmo_ra_6_JRA-55,""Regridded to 1 degree latitude-longitude resolution""
history,wmo_ra_6_JRA-55,""Rebaselined to 1991-2020""
history,wmo_ra_6_JRA-55,""Calculated area-average""
history,wmo_ra_6_JRA-55,""Calculated annual average from monthly averages using arithmetic mean""
history,wmo_ra_6_JRA-55,""Selected years within the range 1900 to 2023.""
history,wmo_ra_6_JRA-55,""Wrote to file wmo_ra_6_JRA-55.csv""
history,wmo_ra_6_JRA-55,"Data set created from file ['wmo_ra_6_JRA-55.csv'] downloaded from [''] at ['2023-10-27 10:56:39']"
reference,wmo_ra_6_JRA-55,"Kobayashi, S., Ota, Y., Harada, Y., Ebita, A., Moriya, M., Onoda, H., Onogi, K., Kamahori, H., Kobayashi, C., Endo, H. and Miyaoka, K., (2015). The JRA-55 reanalysis: General specifications and basic characteristics. Journal of the Meteorological Society of Japan. Ser. II, 93(1), pp.5-48."
comments,wmo_ra_6_JRA-55,"Original data acknowledgement: "
history,wmo_ra_6_Kadow,""Data set created from file ['HadCRUT.5.0.1.0.anomalies.Kadow_et_al_2020_20crAI-infilled.ensemble_mean_185001-*.nc'] downloaded from [''] at ['2023-10-23 09:13:55']""
history,wmo_ra_6_Kadow,""Regridded to 1 degree latitude-longitude resolution""
history,wmo_ra_6_Kadow,""Rebaselined to 1991-2020""
history,wmo_ra_6_Kadow,""Calculated area-average""
history,wmo_ra_6_Kadow,""Calculated annual average from monthly averages using arithmetic mean""
history,wmo_ra_6_Kadow,""Selected years within the range 1900 to 2023.""
history,wmo_ra_6_Kadow,""Wrote to file wmo_ra_6_Kadow.csv""
history,wmo_ra_6_Kadow,"Data set created from file ['wmo_ra_6_Kadow.csv'] downloaded from [''] at ['2023-10-27 10:57:09']"
reference,wmo_ra_6_Kadow,"Kadow, C., Hall, D.M. & Ulbrich, U. Artificial intelligence reconstructs missing climate information. Nat. Geosci. (2020). https://doi.org/10.1038/s41561-020-0582-5"
comments,wmo_ra_6_Kadow,"Original data acknowledgement: "
history,wmo_ra_6_NOAA_Interim,""Data set created from file ['NOAAGlobalTemp_v*.nc'] downloaded from ['https://www.ncei.noaa.gov/data/noaa-global-surface-temperature/v5.1/access/gridded/NOAAGlobalTemp_v.*.nc'] at ['2023-10-14 08:45:48']""
history,wmo_ra_6_NOAA_Interim,""Data set created from file ['NOAAGlobalTemp_v*.nc'] downloaded from ['https://www.ncei.noaa.gov/data/noaa-global-surface-temperature/v5.1/access/gridded/NOAAGlobalTemp_v.*.nc'] at ['2023-10-14 08:45:48']""
history,wmo_ra_6_NOAA_Interim,""Regridded to 1 degree latitude-longitude resolution""
history,wmo_ra_6_NOAA_Interim,""Rebaselined to 1991-2020""
history,wmo_ra_6_NOAA_Interim,""Calculated area-average""
history,wmo_ra_6_NOAA_Interim,""Calculated annual average from monthly averages using arithmetic mean""
history,wmo_ra_6_NOAA_Interim,""Selected years within the range 1900 to 2023.""
history,wmo_ra_6_NOAA_Interim,""Wrote to file wmo_ra_6_NOAA Interim.csv""
history,wmo_ra_6_NOAA_Interim,"Data set created from file ['wmo_ra_6_NOAA Interim.csv'] downloaded from [''] at ['2023-10-27 10:58:00']"
reference,wmo_ra_6_NOAA_Interim,"Vose, R.S., B. Huang, X. Yin., D. Arndt, D.R. Easterling, J.H. Lawrimore, M.J. Menne, A. Sanchez-Lugo, H.-M. Zhang, 2021: Implementing full spatial coverage in NOAA’s global temperature analysis. Geophysical Research Letters, 48, e2020GL090873. https://doi.org/10.1029/2020GL090873"
comments,wmo_ra_6_NOAA_Interim,"Original data acknowledgement: "
long_name,time,time,days since 1800-01-01 00:00:00.0
type,time,int
long_name,year,year,1
type,year,int
long_name,wmo_ra_1_Berkeley_Earth,wmo_ra_1,degC
type,wmo_ra_1_Berkeley_Earth,float
long_name,wmo_ra_1_ERA5,wmo_ra_1,degC
type,wmo_ra_1_ERA5,float
long_name,wmo_ra_1_GISTEMP,wmo_ra_1,degC
type,wmo_ra_1_GISTEMP,float
long_name,wmo_ra_1_HadCRUT5,wmo_ra_1,degC
type,wmo_ra_1_HadCRUT5,float
long_name,wmo_ra_1_JRA-55,wmo_ra_1,degC
type,wmo_ra_1_JRA-55,float
long_name,wmo_ra_1_Kadow,wmo_ra_1,degC
type,wmo_ra_1_Kadow,float
long_name,wmo_ra_1_NOAA_Interim,wmo_ra_1,degC
type,wmo_ra_1_NOAA_Interim,float
long_name,wmo_ra_2_Berkeley_Earth,wmo_ra_2,degC
type,wmo_ra_2_Berkeley_Earth,float
long_name,wmo_ra_2_ERA5,wmo_ra_2,degC
type,wmo_ra_2_ERA5,float
long_name,wmo_ra_2_GISTEMP,wmo_ra_2,degC
type,wmo_ra_2_GISTEMP,float
long_name,wmo_ra_2_HadCRUT5,wmo_ra_2,degC
type,wmo_ra_2_HadCRUT5,float
long_name,wmo_ra_2_JRA-55,wmo_ra_2,degC
type,wmo_ra_2_JRA-55,float
long_name,wmo_ra_2_Kadow,wmo_ra_2,degC
type,wmo_ra_2_Kadow,float
long_name,wmo_ra_2_NOAA_Interim,wmo_ra_2,degC
type,wmo_ra_2_NOAA_Interim,float
long_name,wmo_ra_3_Berkeley_Earth,wmo_ra_3,degC
type,wmo_ra_3_Berkeley_Earth,float
long_name,wmo_ra_3_ERA5,wmo_ra_3,degC
type,wmo_ra_3_ERA5,float
long_name,wmo_ra_3_GISTEMP,wmo_ra_3,degC
type,wmo_ra_3_GISTEMP,float
long_name,wmo_ra_3_HadCRUT5,wmo_ra_3,degC
type,wmo_ra_3_HadCRUT5,float
long_name,wmo_ra_3_JRA-55,wmo_ra_3,degC
type,wmo_ra_3_JRA-55,float
long_name,wmo_ra_3_Kadow,wmo_ra_3,degC
type,wmo_ra_3_Kadow,float
long_name,wmo_ra_3_NOAA_Interim,wmo_ra_3,degC
type,wmo_ra_3_NOAA_Interim,float
long_name,wmo_ra_4_Berkeley_Earth,wmo_ra_4,degC
type,wmo_ra_4_Berkeley_Earth,float
long_name,wmo_ra_4_ERA5,wmo_ra_4,degC
type,wmo_ra_4_ERA5,float
long_name,wmo_ra_4_GISTEMP,wmo_ra_4,degC
type,wmo_ra_4_GISTEMP,float
long_name,wmo_ra_4_HadCRUT5,wmo_ra_4,degC
type,wmo_ra_4_HadCRUT5,float
long_name,wmo_ra_4_JRA-55,wmo_ra_4,degC
type,wmo_ra_4_JRA-55,float
long_name,wmo_ra_4_Kadow,wmo_ra_4,degC
type,wmo_ra_4_Kadow,float
long_name,wmo_ra_4_NOAA_Interim,wmo_ra_4,degC
type,wmo_ra_4_NOAA_Interim,float
long_name,wmo_ra_5_Berkeley_Earth,wmo_ra_5,degC
type,wmo_ra_5_Berkeley_Earth,float
long_name,wmo_ra_5_ERA5,wmo_ra_5,degC
type,wmo_ra_5_ERA5,float
long_name,wmo_ra_5_GISTEMP,wmo_ra_5,degC
type,wmo_ra_5_GISTEMP,float
long_name,wmo_ra_5_HadCRUT5,wmo_ra_5,degC
type,wmo_ra_5_HadCRUT5,float
long_name,wmo_ra_5_JRA-55,wmo_ra_5,degC
type,wmo_ra_5_JRA-55,float
long_name,wmo_ra_5_Kadow,wmo_ra_5,degC
type,wmo_ra_5_Kadow,float
long_name,wmo_ra_5_NOAA_Interim,wmo_ra_5,degC
type,wmo_ra_5_NOAA_Interim,float
long_name,wmo_ra_6_Berkeley_Earth,wmo_ra_6,degC
type,wmo_ra_6_Berkeley_Earth,float
long_name,wmo_ra_6_ERA5,wmo_ra_6,degC
type,wmo_ra_6_ERA5,float
long_name,wmo_ra_6_GISTEMP,wmo_ra_6,degC
type,wmo_ra_6_GISTEMP,float
long_name,wmo_ra_6_HadCRUT5,wmo_ra_6,degC
type,wmo_ra_6_HadCRUT5,float
long_name,wmo_ra_6_JRA-55,wmo_ra_6,degC
type,wmo_ra_6_JRA-55,float
long_name,wmo_ra_6_Kadow,wmo_ra_6,degC
type,wmo_ra_6_Kadow,float
long_name,wmo_ra_6_NOAA_Interim,wmo_ra_6,degC
type,wmo_ra_6_NOAA_Interim,float
coordinate_variable,time,t
data
time,year,wmo_ra_1_Berkeley_Earth,wmo_ra_1_ERA5,wmo_ra_1_GISTEMP,wmo_ra_1_HadCRUT5,wmo_ra_1_JRA-55,wmo_ra_1_Kadow,wmo_ra_1_NOAA_Interim,wmo_ra_2_Berkeley_Earth,wmo_ra_2_ERA5,wmo_ra_2_GISTEMP,wmo_ra_2_HadCRUT5,wmo_ra_2_JRA-55,wmo_ra_2_Kadow,wmo_ra_2_NOAA_Interim,wmo_ra_3_Berkeley_Earth,wmo_ra_3_ERA5,wmo_ra_3_GISTEMP,wmo_ra_3_HadCRUT5,wmo_ra_3_JRA-55,wmo_ra_3_Kadow,wmo_ra_3_NOAA_Interim,wmo_ra_4_Berkeley_Earth,wmo_ra_4_ERA5,wmo_ra_4_GISTEMP,wmo_ra_4_HadCRUT5,wmo_ra_4_JRA-55,wmo_ra_4_Kadow,wmo_ra_4_NOAA_Interim,wmo_ra_5_Berkeley_Earth,wmo_ra_5_ERA5,wmo_ra_5_GISTEMP,wmo_ra_5_HadCRUT5,wmo_ra_5_JRA-55,wmo_ra_5_Kadow,wmo_ra_5_NOAA_Interim,wmo_ra_6_Berkeley_Earth,wmo_ra_6_ERA5,wmo_ra_6_GISTEMP,wmo_ra_6_HadCRUT5,wmo_ra_6_JRA-55,wmo_ra_6_Kadow,wmo_ra_6_NOAA_Interim
36524,1900,-0.8844,,-0.6197,-0.8918,,-1.0124,-0.9454,-1.2575,,-1.4248,-1.3432,,-1.4739,-1.5127,-0.6131,,-0.4589,-0.4803,,-0.3894,-0.9280,-0.6914,,-0.8308,-1.0016,,-1.1734,-0.9571,-0.6503,,-0.5946,-0.6851,,-0.7192,-0.5948,-1.2653,,-1.4658,-1.3662,,-1.2733,-1.5710
36889,1901,-0.8857,,-0.8427,-0.8865,,-0.9807,-0.9249,-1.0708,,-1.2385,-1.1176,,-1.1470,-1.3988,-0.7804,,-0.6181,-0.3938,,-0.3856,-0.8202,-0.9808,,-1.0807,-1.2032,,-1.3590,-1.1416,-0.8081,,-0.8301,-0.8067,,-0.9327,-0.8931,-1.0047,,-1.3323,-1.0725,,-1.0320,-1.2596
37254,1902,-0.9902,,-0.5401,-0.9186,,-0.9877,-0.9614,-1.4651,,-1.6058,-1.5165,,-1.6211,-1.6651,-0.8435,,-0.6284,-0.4504,,-0.4210,-0.7065,-0.9748,,-1.1971,-1.2384,,-1.3021,-1.1558,-0.9098,,-0.9352,-0.9129,,-1.0338,-0.8799,-2.0009,,-2.2362,-1.9977,,-1.9954,-2.2452
37619,1903,-1.3889,,-0.8331,-1.2786,,-1.4423,-1.0194,-1.4037,,-1.4773,-1.4844,,-1.5112,-1.6161,-1.0827,,-0.8479,-0.6671,,-0.9195,-0.8489,-1.2717,,-1.4648,-1.5609,,-1.5837,-1.5045,-1.0727,,-1.0872,-1.1260,,-1.1970,-1.0721,-0.9835,,-1.2716,-1.0551,,-1.0835,-1.2432
37984,1904,-1.6113,,-1.1067,-1.5159,,-1.6624,-1.4288,-1.2086,,-1.3297,-1.3809,,-1.3522,-1.4194,-1.3895,,-1.0988,-0.8549,,-1.0387,-1.2133,-1.4898,,-1.6652,-1.7315,,-1.8361,-1.6996,-1.3204,,-1.2752,-1.2442,,-1.3897,-1.2873,-1.5350,,-1.7866,-1.5501,,-1.6813,-1.7299
38350,1905,-1.3072,,-0.7042,-1.1232,,-1.2777,-1.0822,-1.5675,,-1.6053,-1.5986,,-1.6401,-1.6998,-0.9718,,-0.7227,-0.6323,,-0.7506,-0.8999,-1.0157,,-1.1343,-1.1748,,-1.2250,-1.1835,-1.1066,,-1.0886,-1.0977,,-1.2346,-1.1317,-1.1492,,-1.3625,-1.1417,,-1.1920,-1.3623
38715,1906,-1.4123,,-1.0152,-1.0637,,-1.2311,-1.1148,-1.1233,,-1.2368,-1.1438,,-1.1137,-1.4426,-1.0034,,-0.8704,-0.6626,,-0.8442,-0.9647,-0.9800,,-1.0953,-1.1181,,-1.2649,-1.1105,-0.6142,,-0.5825,-0.5122,,-0.5375,-0.7009,-1.0938,,-1.3855,-1.0795,,-1.1710,-1.2741
39080,1907,-1.5833,,-1.1441,-1.2487,,-1.3918,-1.3753,-1.4585,,-1.6523,-1.5337,,-1.4691,-1.7028,-1.3197,,-1.1314,-0.9545,,-1.1813,-1.1930,-1.7048,,-1.8019,-1.8204,,-2.0302,-1.8220,-1.0588,,-0.9890,-0.9712,,-1.0175,-1.0379,-1.8935,,-2.1771,-1.8984,,-1.9846,-1.9809
39445,1908,-1.2650,,-0.9578,-1.0060,,-1.1239,-1.0963,-1.4560,,-1.6276,-1.5113,,-1.5072,-1.7227,-1.1678,,-1.0537,-0.8507,,-1.0924,-1.1581,-0.9813,,-1.0282,-1.1617,,-1.2676,-1.1622,-1.2890,,-1.2734,-1.2068,,-1.2612,-1.2491,-1.6642,,-1.8741,-1.6780,,-1.6905,-1.8871
39811,1909,-1.2020,,-0.9611,-0.9437,,-1.0132,-1.1302,-1.3066,,-1.4180,-1.3301,,-1.3568,-1.5680,-1.2171,,-1.1663,-0.8039,,-1.0918,-1.1427,-1.5058,,-1.7351,-1.6088,,-1.7447,-1.6881,-1.2307,,-1.1665,-1.0758,,-1.1244,-1.2352,-1.4273,,-1.7201,-1.3899,,-1.3787,-1.6330
40176,1910,-1.3201,,-1.0190,-1.1699,,-1.2995,-1.2365,-1.5574,,-1.6689,-1.5571,,-1.6173,-1.7187,-1.2916,,-1.2532,-0.9059,,-1.1845,-1.2542,-0.9394,,-1.0619,-1.0886,,-1.1686,-1.1387,-0.8444,,-0.8316,-0.8731,,-0.8907,-0.9424,-1.1382,,-1.4033,-1.0661,,-1.1742,-1.2374
40541,1911,-1.4770,,-1.1575,-1.0893,,-1.3228,-1.3266,-1.4341,,-1.5660,-1.4798,,-1.5042,-1.6725,-1.2830,,-1.2882,-1.0001,,-1.1548,-1.3539,-1.0755,,-1.2129,-1.2623,,-1.2726,-1.2921,-1.0587,,-1.0626,-1.0428,,-1.0888,-1.0685,-1.4221,,-1.6225,-1.3891,,-1.4028,-1.6083
40906,1912,-1.1375,,-0.9563,-0.7312,,-0.9934,-1.1718,-1.8006,,-1.9091,-1.8398,,-1.8526,-1.9557,-0.9933,,-0.9838,-0.6533,,-0.8194,-1.0475,-1.2600,,-1.4036,-1.4965,,-1.5197,-1.4765,-0.6501,,-0.6725,-0.6914,,-0.6878,-0.7304,-1.5757,,-1.8167,-1.6547,,-1.5080,-1.8613
41272,1913,-1.0657,,-0.7874,-0.7752,,-1.0094,-1.0362,-1.4429,,-1.5268,-1.4815,,-1.5251,-1.6594,-0.8442,,-0.9040,-0.5450,,-0.6196,-1.0015,-1.3843,,-1.3493,-1.4951,,-1.7248,-1.4871,-1.1590,,-1.1329,-1.1627,,-1.2013,-1.1609,-1.1335,,-1.3830,-1.1697,,-1.1357,-1.4064
41637,1914,-0.7503,,-0.6705,-0.5915,,-0.8488,-0.9283,-0.9014,,-0.9419,-0.9495,,-0.9199,-1.0411,-0.7172,,-0.8770,-0.3592,,-0.5381,-0.8645,-1.2706,,-1.2864,-1.3429,,-1.4949,-1.3086,-0.4196,,-0.5005,-0.4591,,-0.4955,-0.4721,-1.4168,,-1.6819,-1.3539,,-1.4736,-1.5468
42002,1915,-0.8317,,-0.7378,-0.5848,,-0.7174,-0.9132,-1.2928,,-1.3294,-1.2548,,-1.3724,-1.3873,-0.5626,,-0.9040,-0.2296,,-0.2696,-0.8084,-0.6126,,-0.7510,-0.7460,,-0.6570,-0.6863,-0.4549,,-0.4131,-0.4366,,-0.4473,-0.4834,-1.5650,,-1.7701,-1.5197,,-1.4315,-1.6774
42367,1916,-1.1591,,-0.9928,-1.0052,,-1.0523,-1.1832,-1.5791,,-1.6548,-1.4993,,-1.5915,-1.6486,-1.1878,,-1.4859,-0.8143,,-1.1325,-1.3845,-1.3775,,-1.5909,-1.5755,,-1.6707,-1.5691,-0.9582,,-0.8592,-0.9422,,-0.9448,-0.9187,-1.0027,,-1.2714,-1.1347,,-0.9374,-1.1608
42733,1917,-1.2820,,-1.1074,-1.0875,,-1.0740,-1.2651,-1.3200,,-1.4169,-1.2881,,-1.2461,-1.5118,-1.5760,,-1.7230,-1.1667,,-1.2557,-1.8907,-2.0763,,-2.2141,-2.2402,,-2.3363,-2.1065,-1.4796,,-1.3907,-1.3784,,-1.4190,-1.4251,-1.7602,,-1.9609,-1.8286,,-1.6725,-1.8167
43098,1918,-1.3591,,-1.1394,-1.0343,,-1.1597,-1.3118,-1.4976,,-1.5432,-1.4354,,-1.4724,-1.6763,-1.2989,,-1.4465,-0.9383,,-0.8848,-1.4321,-1.5306,,-1.4383,-1.5990,,-1.8001,-1.4850,-1.1357,,-1.1027,-1.0018,,-1.0386,-1.0938,-1.4758,,-1.7213,-1.4851,,-1.4714,-1.6260
43463,1919,-0.9801,,-0.7323,-0.6401,,-0.7332,-0.8693,-1.3739,,-1.5510,-1.3382,,-1.3946,-1.5959,-0.8281,,-0.9836,-0.5259,,-0.5953,-0.9979,-1.2542,,-1.3472,-1.4448,,-1.5242,-1.3451,-0.6912,,-0.7026,-0.6311,,-0.6262,-0.6582,-1.6957,,-2.0390,-1.7119,,-1.6915,-1.8306
43828,1920,-1.1602,,-1.0154,-0.9182,,-1.0408,-1.1683,-1.2577,,-1.3742,-1.2290,,-1.2312,-1.4417,-1.1888,,-1.2243,-0.8404,,-0.9464,-1.3269,-1.1772,,-1.4002,-1.4292,,-1.4210,-1.4140,-0.9956,,-0.9564,-0.9134,,-0.9182,-1.0026,-1.1157,,-1.3611,-1.0740,,-1.1242,-1.3293
44194,1921,-1.0706,,-0.9463,-0.8561,,-1.0810,-1.1642,-0.9936,,-1.0720,-0.9540,,-0.9893,-1.0448,-1.3193,,-1.4384,-1.0731,,-1.1296,-1.4288,-0.4981,,-0.4615,-0.6814,,-0.7610,-0.7061,-0.7510,,-0.6571,-0.6588,,-0.6654,-0.7300,-1.1508,,-1.3686,-1.1138,,-1.1902,-1.3809
44559,1922,-0.9355,,-0.8525,-0.6973,,-0.9472,-1.0671,-1.1679,,-1.2499,-1.1608,,-1.2113,-1.3413,-1.2702,,-1.4082,-1.0395,,-1.1878,-1.4326,-1.2579,,-1.2194,-1.3752,,-1.5029,-1.3096,-0.9132,,-0.9068,-0.8146,,-0.8242,-0.8629,-1.3582,,-1.7170,-1.3312,,-1.3521,-1.6239
44924,1923,-1.0723,,-0.9881,-0.9282,,-1.0738,-1.1193,-1.2211,,-1.2765,-1.2047,,-1.2417,-1.4281,-1.3650,,-1.4461,-1.0945,,-1.1197,-1.4175,-1.1307,,-1.0332,-1.2065,,-1.2999,-1.1518,-0.8797,,-0.8937,-0.8173,,-0.8022,-0.8784,-0.9115,,-1.1784,-1.0052,,-1.0297,-1.2669
45289,1924,-0.8098,,-0.7551,-0.5598,,-0.6911,-0.8049,-0.9944,,-1.0751,-1.0446,,-1.0658,-1.1590,-1.3063,,-1.5602,-1.0059,,-1.2185,-1.5477,-1.2446,,-1.3727,-1.4067,,-1.4146,-1.3721,-1.0229,,-0.9994,-0.9901,,-1.0203,-1.0796,-1.2310,,-1.4642,-1.2178,,-1.2486,-1.3722
45655,1925,-1.0331,,-0.9011,-1.0951,,-1.1151,-1.0511,-1.0553,,-1.0505,-1.0090,,-1.0059,-1.1138,-1.0995,,-1.1861,-0.8158,,-0.8000,-1.2499,-1.0043,,-0.9114,-1.1045,,-1.1371,-1.0589,-1.2262,,-1.2409,-1.1175,,-1.1110,-1.2281,-0.8157,,-1.1493,-0.8694,,-0.8463,-1.1232
46020,1926,-0.7024,,-0.5818,-0.7617,,-0.7881,-0.7546,-1.0037,,-1.0738,-0.9511,,-0.9138,-1.1021,-0.7583,,-0.9828,-0.5014,,-0.5576,-0.9281,-0.8252,,-0.7639,-0.9797,,-1.0526,-0.7909,-0.6949,,-0.6633,-0.6358,,-0.6147,-0.7778,-1.1196,,-1.2567,-1.0685,,-0.9931,-1.3076
46385,1927,-0.8183,,-0.6607,-0.8115,,-0.8443,-0.7937,-1.2401,,-1.3303,-1.1636,,-1.1648,-1.3432,-1.0086,,-1.2029,-0.7872,,-0.8866,-1.2948,-1.1482,,-1.1523,-1.2054,,-1.2368,-1.2365,-0.9715,,-0.8950,-0.8432,,-0.8595,-0.9182,-1.2279,,-1.3006,-1.0907,,-0.9759,-1.3113
46750,1928,-0.8224,,-0.5578,-0.7614,,-0.8659,-0.8033,-1.3095,,-1.3997,-1.2267,,-1.2438,-1.3836,-0.9611,,-1.1593,-0.7631,,-0.8960,-1.1770,-0.6049,,-0.5937,-0.7353,,-0.7606,-0.7501,-0.5300,,-0.5160,-0.4506,,-0.4307,-0.5925,-1.1558,,-1.2173,-1.0873,,-1.0342,-1.3359
47116,1929,-1.0903,,-0.8996,-1.0106,,-1.1055,-1.0380,-1.7126,,-1.7762,-1.6404,,-1.6262,-1.7653,-1.0806,,-1.1851,-0.8791,,-0.9402,-1.2464,-1.3522,,-1.3378,-1.4631,,-1.5465,-1.3865,-1.2075,,-1.1842,-1.1899,,-1.2041,-1.1588,-1.4817,,-1.6248,-1.5127,,-1.3390,-1.6382
47481,1930,-0.9473,,-0.8405,-0.9219,,-0.9652,-0.8934,-1.3713,,-1.3770,-1.2438,,-1.2430,-1.3695,-0.8728,,-0.9257,-0.6485,,-0.6961,-0.9504,-0.7250,,-0.7004,-0.8354,,-0.8248,-0.8618,-0.8147,,-0.7340,-0.7410,,-0.7852,-0.8002,-0.5639,,-0.6600,-0.5741,,-0.4481,-0.8321
47846,1931,-0.5042,,-0.3785,-0.5430,,-0.5943,-0.4790,-1.3701,,-1.4398,-1.3042,,-1.3169,-1.4570,-1.0380,,-1.0175,-0.7573,,-0.7639,-1.1274,-0.0721,,0.0724,-0.1362,,-0.0704,-0.0882,-1.0295,,-0.8835,-0.9169,,-0.9295,-0.9544,-1.4241,,-1.4806,-1.2725,,-1.2469,-1.5676
48211,1932,-0.8967,,-0.7839,-0.9305,,-1.0399,-0.8722,-0.8914,,-0.9055,-0.7978,,-0.8145,-0.9520,-0.8088,,-0.7546,-0.5621,,-0.4913,-0.9065,-1.1670,,-1.1360,-1.1741,,-1.2314,-1.1797,-0.8995,,-0.8604,-0.8242,,-0.8874,-0.9800,-0.7667,,-0.9074,-0.7030,,-0.5991,-0.8767
48577,1933,-0.8621,,-0.6963,-0.7429,,-0.8023,-0.8092,-1.5793,,-1.6281,-1.4774,,-1.4685,-1.6773,-1.1408,,-1.1460,-0.9136,,-0.9622,-1.1434,-1.3660,,-1.1470,-1.3822,,-1.4745,-1.4335,-0.9551,,-0.8199,-0.8357,,-0.8731,-0.9577,-1.4875,,-1.6009,-1.4471,,-1.4876,-1.5691
48942,1934,-1.0088,,-0.7006,-0.9904,,-0.9544,-0.8636,-1.2791,,-1.2606,-1.1879,,-1.1896,-1.3159,-1.1996,,-1.2650,-0.9899,,-1.0618,-1.1772,-0.6756,,-0.3935,-0.6670,,-0.7450,-0.7053,-0.8657,,-0.8056,-0.7874,,-0.7999,-0.9011,-0.4094,,-0.5100,-0.3434,,-0.3206,-0.5246
49307,1935,-1.0592,,-0.8540,-0.8633,,-0.9940,-0.9107,-1.2144,,-1.1865,-1.1076,,-1.1287,-1.2397,-1.0121,,-1.0326,-0.8071,,-0.8452,-1.0552,-1.3163,,-1.2268,-1.2965,,-1.3301,-1.2910,-0.9268,,-0.8741,-0.8645,,-0.8856,-0.9574,-0.8563,,-0.9452,-0.7708,,-0.7145,-1.0215
49672,1936,-0.9942,,-0.7549,-0.8319,,-0.9017,-0.7840,-1.3267,,-1.2759,-1.2599,,-1.2543,-1.3485,-0.8574,,-0.9185,-0.6267,,-0.7301,-0.9292,-1.3732,,-1.2071,-1.3589,,-1.4312,-1.3858,-0.7222,,-0.6457,-0.6417,,-0.6782,-0.7843,-0.5173,,-0.6572,-0.4865,,-0.3739,-0.5751
50038,1937,-0.8073,,-0.6693,-0.6853,,-0.7134,-0.7535,-1.2961,,-1.2867,-1.2880,,-1.2571,-1.3040,-0.8775,,-0.9276,-0.6266,,-0.6501,-0.9749,-0.7969,,-0.8082,-0.8269,,-0.8062,-0.7619,-0.8241,,-0.7424,-0.7109,,-0.7432,-0.7788,-0.4024,,-0.4709,-0.3425,,-0.3278,-0.6300
50403,1938,-0.9443,,-0.7708,-0.7835,,-0.9033,-0.8806,-0.9096,,-0.8390,-0.8470,,-0.8599,-0.9061,-1.0018,,-1.0698,-0.7810,,-0.8301,-1.0378,-0.3120,,-0.2263,-0.3531,,-0.3733,-0.3742,-0.4260,,-0.3920,-0.3425,,-0.3327,-0.4921,-0.3917,,-0.5262,-0.3357,,-0.3931,-0.5577
50768,1939,-0.9097,,-0.7815,-0.7824,,-0.8922,-0.7969,-0.8255,,-0.7591,-0.7648,,-0.7967,-0.8318,-0.8578,,-0.8921,-0.6536,,-0.5993,-0.8757,-0.7510,,-0.5434,-0.7645,,-0.7785,-0.7586,-1.0286,,-0.9175,-0.8942,,-0.9508,-0.9931,-0.6455,,-0.7764,-0.6135,,-0.5660,-0.6637
51133,1940,-0.7079,,-0.6059,-0.6331,,-0.6754,-0.6628,-1.0296,,-0.9907,-0.9793,,-1.0297,-1.0466,-0.6647,,-0.7133,-0.4600,,-0.4040,-0.6953,-0.4282,,-0.4661,-0.4985,,-0.4513,-0.3924,-0.8015,,-0.6918,-0.6746,,-0.7150,-0.7883,-1.6542,,-1.7091,-1.5638,,-1.5559,-1.7854
51499,1941,-0.4422,,-0.3427,-0.3368,,-0.3855,-0.4132,-1.1017,,-1.0756,-1.0737,,-1.1280,-1.1511,-0.6226,,-0.6389,-0.4364,,-0.4003,-0.6567,-0.5137,,-0.3627,-0.5402,,-0.5832,-0.4324,-1.0082,,-0.8328,-0.8846,,-0.9534,-0.7762,-1.9494,,-1.9450,-1.8558,,-1.7734,-1.8066
51864,1942,-0.6624,,-0.4960,-0.5481,,-0.5914,-0.5921,-0.9911,,-1.0038,-1.0163,,-1.0322,-1.0235,-0.8902,,-0.9326,-0.7254,,-0.6965,-0.9898,-0.5643,,-0.5792,-0.6544,,-0.6454,-0.6179,-0.5798,,-0.5168,-0.4529,,-0.4199,-0.5222,-1.8963,,-1.9507,-1.7789,,-1.7514,-1.8712
52229,1943,-1.0401,,-0.8729,-0.9721,,-1.0537,-0.9602,-0.7459,,-0.7121,-0.7474,,-0.7560,-0.7656,-0.9733,,-0.9605,-0.8128,,-0.7620,-1.0358,-0.6784,,-0.7275,-0.7146,,-0.7132,-0.6584,-1.0494,,-1.0651,-0.9707,,-0.9670,-1.0081,-0.7896,,-0.8466,-0.7245,,-0.6078,-0.9325
52594,1944,-0.8382,,-0.7186,-0.7389,,-0.8161,-0.8007,-0.8128,,-0.7860,-0.8003,,-0.8233,-0.8217,-0.6763,,-0.6572,-0.4681,,-0.3898,-0.6609,-0.4327,,-0.4445,-0.4609,,-0.4369,-0.3731,-0.8535,,-0.8748,-0.7809,,-0.8137,-0.8239,-0.9164,,-1.0382,-0.7972,,-0.7283,-1.0476
52960,1945,-0.8688,,-0.7646,-0.8741,,-0.9711,-0.8593,-1.1999,,-1.2580,-1.1789,,-1.2126,-1.2125,-0.7788,,-0.7065,-0.5818,,-0.5396,-0.7530,-0.9751,,-0.9492,-1.0217,,-1.0269,-0.9336,-0.8263,,-0.7994,-0.6629,,-0.6485,-0.7362,-1.2145,,-1.3572,-1.1981,,-1.1482,-1.3562
53325,1946,-0.8312,,-0.7588,-0.7320,,-0.8067,-0.8300,-1.1803,,-1.1058,-1.1360,,-1.1816,-1.1744,-0.8438,,-0.8670,-0.7002,,-0.6836,-0.8478,-0.7731,,-0.6584,-0.8204,,-0.8689,-0.7884,-1.0512,,-1.0634,-1.0046,,-0.9945,-0.9756,-0.6964,,-0.8903,-0.7373,,-0.6478,-0.7797
53690,1947,-0.6355,,-0.5466,-0.5689,,-0.6320,-0.6501,-1.0605,,-1.0510,-1.0400,,-1.1044,-1.1018,-0.9431,,-0.9177,-0.7597,,-0.7628,-0.9743,-0.6467,,-0.6620,-0.7152,,-0.7055,-0.7022,-0.7637,,-0.7984,-0.7374,,-0.7385,-0.8960,-0.6083,,-0.8134,-0.7420,,-0.6522,-0.9328
54055,1948,-1.0394,,-0.9278,-0.9531,,-1.0785,-1.0016,-0.6628,,-0.6558,-0.6730,,-0.6587,-0.6853,-0.8447,,-0.8225,-0.7430,,-0.7587,-0.8872,-0.9953,,-1.0707,-1.0647,,-1.0547,-1.0285,-0.8939,,-0.9287,-0.8541,,-0.8861,-0.9862,-0.8066,,-0.8987,-0.7769,,-0.6214,-0.9774
54421,1949,-0.8860,,-0.6822,-0.8092,,-0.8925,-0.8220,-1.1492,,-1.1708,-1.1334,,-1.1377,-1.1647,-0.9334,,-0.9857,-0.8638,,-0.8851,-0.9820,-0.8681,,-0.8211,-0.9312,,-0.9449,-0.9081,-1.2580,,-1.2212,-1.2000,,-1.2480,-1.2900,-0.7543,,-0.8789,-0.7389,,-0.8158,-0.9679
54786,1950,-1.1478,,-0.9498,-1.1069,,-1.1864,-1.0443,-1.4984,,-1.4616,-1.4722,,-1.5104,-1.5258,-0.9610,,-1.0087,-0.8816,,-0.9260,-1.0714,-1.4075,,-1.4561,-1.4724,,-1.5368,-1.4389,-1.0190,,-0.9293,-0.9088,,-0.9458,-0.9556,-0.7788,,-0.9947,-0.8032,,-0.8354,-0.9086
55151,1951,-0.9249,,-0.8663,-0.8689,,-0.9101,-0.8759,-0.9371,,-0.9954,-0.9462,,-0.9691,-1.0155,-0.8301,,-0.8260,-0.7123,,-0.7322,-0.9459,-1.2330,,-1.3565,-1.2684,,-1.2863,-1.2363,-0.7783,,-0.8637,-0.7925,,-0.8144,-0.8699,-0.9424,,-1.0552,-0.9391,,-0.9578,-1.0151
55516,1952,-0.8017,,-0.7002,-0.7104,,-0.7308,-0.7933,-1.4448,,-1.4335,-1.4365,,-1.4836,-1.4952,-0.7301,,-0.7806,-0.6258,,-0.6336,-0.8276,-0.4093,,-0.4839,-0.4473,,-0.4163,-0.4204,-0.8354,,-0.8411,-0.7635,,-0.7936,-0.8968,-0.9049,,-1.1260,-0.9215,,-0.9088,-1.0239
55882,1953,-0.9738,,-0.8877,-0.9095,,-0.9459,-0.9022,-0.7077,,-0.7684,-0.7033,,-0.6978,-0.7652,-0.6132,,-0.6300,-0.4612,,-0.4575,-0.6231,-0.1510,,-0.0940,-0.1886,,-0.1940,-0.1672,-0.8448,,-0.8729,-0.7630,,-0.7961,-0.8726,-0.9097,,-0.9487,-0.8720,,-0.8771,-0.9732
56247,1954,-1.1031,,-0.9698,-1.0506,,-1.0987,-1.0206,-1.2671,,-1.3171,-1.2783,,-1.2943,-1.3552,-0.8597,,-0.9919,-0.6810,,-0.7021,-0.9555,-0.5348,,-0.5529,-0.5988,,-0.6088,-0.5653,-0.8166,,-0.8268,-0.7167,,-0.7425,-0.8230,-1.0409,,-1.2660,-1.0957,,-1.0299,-1.0791
56612,1955,-0.8893,,-0.8208,-0.8551,,-0.9117,-0.8181,-1.0964,,-1.0772,-1.1146,,-1.1374,-1.1614,-1.0331,,-1.1760,-0.8459,,-0.8730,-1.1630,-1.0468,,-1.1682,-1.1330,,-1.0980,-1.0657,-0.8518,,-0.8526,-0.7598,,-0.7346,-0.8779,-1.1170,,-1.2989,-1.1421,,-1.1797,-1.2752
56977,1956,-1.1886,,-1.0867,-1.1236,,-1.1767,-1.0995,-1.3956,,-1.4430,-1.4354,,-1.4561,-1.4690,-1.2484,,-1.3739,-1.0985,,-1.0968,-1.3246,-1.2741,,-1.2217,-1.2786,,-1.3286,-1.2263,-1.2082,,-1.1479,-1.0981,,-1.1184,-1.1286,-2.0121,,-2.1910,-1.9754,,-1.9965,-2.0766
57343,1957,-0.9638,,-0.8436,-0.9285,,-0.9813,-0.8826,-1.3993,,-1.4309,-1.4010,,-1.4466,-1.4565,-0.7723,,-0.8321,-0.6567,,-0.6566,-0.8232,-0.7649,,-0.7359,-0.8315,,-0.8319,-0.7777,-0.5656,,-0.6151,-0.5065,,-0.4814,-0.5646,-0.5176,,-0.7380,-0.5874,,-0.5549,-0.7188
57708,1958,-0.6255,,-0.5258,-0.6345,-0.5178,-0.6703,-0.5751,-1.1631,,-1.1699,-1.1819,-1.1071,-1.2214,-1.2425,-0.4305,,-0.5085,-0.2772,-0.0659,-0.2864,-0.5274,-0.5184,,-0.5840,-0.5799,-0.5828,-0.5550,-0.5008,-0.4215,,-0.4598,-0.3961,0.0591,-0.3962,-0.4676,-1.0505,,-1.1517,-1.1144,-0.9262,-1.1155,-1.2527
58073,1959,-0.8451,,-0.7526,-0.8476,-0.7002,-0.9130,-0.8059,-0.8866,,-0.9165,-0.9270,-0.9269,-0.9494,-0.9379,-0.6649,,-0.7648,-0.5245,0.0161,-0.5322,-0.7844,-1.0015,,-0.9862,-1.0232,-1.0701,-1.0492,-1.0176,-0.3864,,-0.4555,-0.3675,0.0572,-0.3527,-0.4171,-0.8478,,-0.9532,-0.9012,-0.7337,-0.8944,-1.1155
58438,1960,-0.7182,,-0.6198,-0.7364,-0.5330,-0.7822,-0.6833,-1.2910,,-1.2971,-1.3167,-1.3130,-1.3382,-1.3458,-0.7946,,-0.8916,-0.6001,-0.0526,-0.6102,-0.8925,-0.7004,,-0.7737,-0.7838,-0.7642,-0.7699,-0.7141,-1.0135,,-1.0353,-0.9374,-0.6375,-0.9277,-0.9041,-0.5984,,-0.7923,-0.6703,-0.4392,-0.6237,-0.8797
58804,1961,-1.0059,,-0.8608,-0.9892,-0.9400,-1.0308,-0.9288,-0.8485,,-0.8680,-0.8989,-0.9023,-0.9099,-0.9280,-0.5450,,-0.6986,-0.3364,-0.1461,-0.3256,-0.6618,-1.0274,,-1.0316,-1.0755,-1.0448,-1.0784,-1.0825,-0.5651,,-0.5500,-0.4730,-0.0664,-0.4749,-0.5121,-0.4238,,-0.5553,-0.4776,-0.3291,-0.4094,-0.6950
59169,1962,-0.8429,,-0.7337,-0.8634,-0.7756,-0.8859,-0.7604,-0.6664,,-0.6996,-0.7015,-0.7470,-0.7009,-0.7464,-0.7771,,-0.9361,-0.5502,-0.5501,-0.5344,-0.8933,-0.7858,,-0.8363,-0.8425,-0.8588,-0.8617,-0.8220,-0.6519,,-0.6041,-0.5500,-0.2688,-0.5490,-0.6207,-0.7210,,-1.0281,-0.8107,-0.7206,-0.8025,-0.9337
59534,1963,-0.7611,,-0.6773,-0.7723,-0.7570,-0.7801,-0.6732,-0.6358,,-0.6763,-0.7083,-0.6810,-0.7032,-0.7148,-0.5300,,-0.6533,-0.3037,-0.3016,-0.2913,-0.6040,-0.6134,,-0.6371,-0.6582,-0.7161,-0.6421,-0.6570,-0.7228,,-0.7581,-0.6572,-0.4330,-0.6370,-0.7311,-1.2693,,-1.4726,-1.3500,-1.1502,-1.3208,-1.4553
59899,1964,-1.0484,,-0.9765,-1.0513,-0.8850,-1.0573,-0.9947,-1.3932,,-1.4332,-1.4334,-1.3610,-1.4394,-1.4458,-0.9074,,-1.0833,-0.6741,-0.7090,-0.6500,-0.9894,-1.2869,,-1.2262,-1.2903,-1.2436,-1.3114,-1.3068,-0.7344,,-0.7921,-0.6704,-0.2410,-0.6710,-0.7290,-1.1367,,-1.2614,-1.1856,-0.9416,-1.1149,-1.3512
60265,1965,-1.0927,,-0.9676,-1.0700,-0.8203,-1.1036,-1.0004,-1.1719,,-1.2156,-1.1848,-1.0824,-1.1964,-1.2356,-0.6267,,-0.7418,-0.4045,-0.5056,-0.3801,-0.7098,-1.2499,,-1.2199,-1.2386,-1.1962,-1.2352,-1.2370,-0.5328,,-0.6249,-0.4895,-0.0681,-0.4672,-0.6020,-1.3206,,-1.4838,-1.3535,-1.1148,-1.3712,-1.5064
60630,1966,-0.7132,,-0.6236,-0.7337,-0.5784,-0.7690,-0.6426,-1.2598,,-1.2499,-1.2965,-1.2116,-1.3011,-1.3261,-0.6251,,-0.8177,-0.4494,-0.4338,-0.4124,-0.7480,-1.1699,,-1.2198,-1.1898,-1.1041,-1.2213,-1.1963,-0.9489,,-0.9188,-0.8559,-0.6594,-0.8550,-0.8851,-0.9285,,-1.0735,-0.9551,-0.7978,-0.9223,-1.1236
60995,1967,-1.0901,,-1.0141,-1.1150,-1.0416,-1.1614,-1.0413,-0.8582,,-0.9439,-0.9152,-0.8973,-0.9096,-0.9216,-0.6379,,-0.8094,-0.4625,-0.5727,-0.4331,-0.7589,-1.0764,,-1.0424,-1.0812,-1.1311,-1.0886,-1.0795,-0.7818,,-0.7578,-0.7236,-0.5109,-0.7251,-0.7929,-0.8520,,-1.0102,-0.8535,-0.8345,-0.8301,-0.9626
61360,1968,-1.0334,,-0.9431,-1.0088,-0.8907,-1.0464,-0.9479,-1.2034,,-1.2223,-1.2487,-1.2278,-1.2516,-1.2487,-0.8267,,-0.9713,-0.6663,-0.6562,-0.6553,-0.9375,-0.9458,,-1.0139,-1.0015,-0.9925,-1.0070,-0.9958,-0.8411,,-0.8583,-0.8023,-0.6215,-0.8088,-0.8291,-1.3637,,-1.4683,-1.3060,-1.1358,-1.3278,-1.5018
61726,1969,-0.4897,,-0.4495,-0.4890,-0.3296,-0.4943,-0.4284,-1.7074,,-1.7889,-1.7436,-1.7687,-1.7472,-1.7513,-0.2750,,-0.4090,-0.1442,-0.0712,-0.1210,-0.3887,-0.7088,,-0.8334,-0.7692,-0.7327,-0.7867,-0.7740,-0.5400,,-0.5693,-0.5134,-0.2177,-0.4968,-0.5193,-1.7387,,-1.7697,-1.7257,-1.6682,-1.7505,-1.8856
62091,1970,-0.7085,,-0.6185,-0.7074,-0.6147,-0.7228,-0.6779,-1.1304,,-1.1381,-1.1902,-1.1633,-1.1836,-1.1795,-0.5003,,-0.6471,-0.3650,-0.2241,-0.3437,-0.5971,-1.0800,,-1.0921,-1.1023,-1.1133,-1.1046,-1.0913,-0.5946,,-0.5870,-0.5326,-0.2554,-0.5257,-0.5587,-1.1035,,-1.2899,-1.1439,-0.9898,-1.1009,-1.1478
62456,1971,-1.0841,,-0.9947,-1.1008,-0.9984,-1.1283,-1.0168,-0.8929,,-0.9038,-0.9664,-0.9287,-0.9568,-0.9071,-0.9853,,-1.0919,-0.8944,-0.7356,-0.8840,-1.0302,-1.0570,,-1.1437,-1.1109,-1.0924,-1.1145,-1.0948,-0.7404,,-0.7656,-0.6975,-0.5807,-0.6788,-0.7327,-1.2799,,-1.2843,-1.2477,-1.2605,-1.1914,-1.2808
62821,1972,-0.8309,,-0.7429,-0.8395,-0.7220,-0.8694,-0.7604,-1.4530,,-1.4590,-1.4708,-1.4463,-1.5081,-1.4738,-0.5421,,-0.6672,-0.4852,-0.2760,-0.4781,-0.6499,-1.8920,,-1.8051,-1.8728,-1.9210,-1.8705,-1.8641,-0.4907,,-0.4980,-0.4701,-0.1837,-0.4581,-0.5027,-0.9182,,-1.1146,-0.9672,-0.8639,-0.9536,-0.9419
63187,1973,-0.5713,,-0.4530,-0.6380,-0.4880,-0.6633,-0.5106,-0.6349,,-0.6863,-0.7223,-0.6209,-0.7123,-0.6776,-0.4548,,-0.6683,-0.4785,-0.3729,-0.4885,-0.5864,-0.5427,,-0.6039,-0.5957,-0.5840,-0.6180,-0.6184,-0.1044,,-0.1482,-0.1077,-0.1534,-0.0949,-0.1250,-1.2056,,-1.2610,-1.1820,-1.2021,-1.1481,-1.1994
63552,1974,-1.1531,,-1.0382,-1.1661,-1.1791,-1.2163,-1.0501,-1.4162,,-1.4174,-1.4422,-1.4143,-1.4713,-1.4396,-0.8788,,-1.0468,-0.9200,-0.8536,-0.9447,-1.0119,-1.2545,,-1.1429,-1.2496,-1.2813,-1.2651,-1.2475,-1.0176,,-0.8888,-0.9854,-1.1315,-1.0274,-0.9202,-0.5335,,-0.6722,-0.6234,-0.5974,-0.5861,-0.6465
63917,1975,-1.0684,,-0.9582,-1.1078,-1.0708,-1.1599,-0.9950,-0.6006,,-0.6091,-0.6248,-0.5908,-0.6248,-0.6101,-0.7500,,-0.9357,-0.7830,-0.7503,-0.7937,-0.8758,-1.1007,,-1.1595,-1.1553,-1.1511,-1.1454,-1.1499,-0.6866,,-0.5961,-0.6521,-0.7291,-0.6787,-0.6154,-0.5388,,-0.6013,-0.5533,-0.4695,-0.5533,-0.5981
64282,1976,-1.0759,,-0.9723,-1.0890,-1.0986,-1.1337,-0.9709,-1.4223,,-1.4409,-1.4582,-1.4449,-1.4779,-1.4399,-0.8377,,-0.9914,-0.8814,-0.8530,-0.8731,-0.9334,-0.9989,,-0.9567,-1.0137,-1.0877,-1.0057,-0.9644,-1.0943,,-0.9324,-1.0493,-1.0521,-1.0578,-0.9971,-1.5855,,-1.6639,-1.5626,-1.6108,-1.6103,-1.5501
64648,1977,-0.6812,,-0.6310,-0.7402,-0.6981,-0.7694,-0.6814,-0.9741,,-1.0031,-1.0601,-1.0352,-1.0732,-1.0428,-0.3278,,-0.4869,-0.3674,-0.3877,-0.3552,-0.4919,-0.2554,,-0.3259,-0.2978,-0.3267,-0.2950,-0.2758,-0.5742,,-0.5361,-0.5873,-0.4118,-0.5850,-0.5340,-0.9561,,-1.0171,-1.0010,-0.9126,-0.9772,-0.9406
65013,1978,-0.7136,,-0.6890,-0.7579,-0.7403,-0.7773,-0.6891,-0.7812,,-0.8077,-0.8579,-0.8427,-0.8675,-0.8320,-0.4813,,-0.6518,-0.5097,-0.4887,-0.5095,-0.6382,-1.1112,,-1.1317,-1.1364,-1.1886,-1.1326,-1.1007,-0.7225,,-0.6005,-0.6327,-0.5613,-0.6309,-0.5954,-1.5325,,-1.6465,-1.5614,-1.4946,-1.5393,-1.5362
65378,1979,-0.4617,-0.6267,-0.4210,-0.4925,-0.4529,-0.4925,-0.4052,-0.9976,-1.0472,-0.9450,-1.0504,-1.0577,-1.0634,-1.0266,-0.5241,-0.5337,-0.6279,-0.5031,-0.5884,-0.5082,-0.6260,-1.0693,-1.0949,-1.1224,-1.1208,-1.0239,-1.1405,-1.0768,-0.2576,-0.2115,-0.2732,-0.2577,-0.1215,-0.2623,-0.2662,-1.0722,-1.1112,-1.1797,-1.1125,-1.0823,-1.0774,-0.9475
65743,1980,-0.4788,-0.5546,-0.4599,-0.5421,-0.4500,-0.5567,-0.4582,-0.8413,-0.8676,-0.8600,-0.8906,-0.8705,-0.9016,-0.8683,-0.3341,-0.3571,-0.4139,-0.3532,-0.2885,-0.3668,-0.4162,-0.5242,-0.5800,-0.5559,-0.5597,-0.5471,-0.5466,-0.5149,-0.0315,0.0935,-0.1030,-0.0348,0.1638,-0.0131,-0.0879,-1.3198,-1.3356,-1.4101,-1.3366,-1.3614,-1.3571,-1.1736
66109,1981,-0.6311,-0.7362,-0.6333,-0.6994,-0.5917,-0.7217,-0.6417,-0.4566,-0.5067,-0.4787,-0.5100,-0.5209,-0.4984,-0.4752,-0.4738,-0.4888,-0.5564,-0.4872,-0.4297,-0.5085,-0.5526,0.3816,0.3392,0.2906,0.2872,0.3242,0.3552,0.3240,-0.3083,-0.2549,-0.2924,-0.2906,-0.1667,-0.2956,-0.2947,-0.7517,-0.7879,-0.8315,-0.7406,-0.8130,-0.7609,-0.5395
66474,1982,-0.6977,-0.8397,-0.6416,-0.7484,-0.7110,-0.7649,-0.6669,-0.8874,-0.9598,-0.8812,-0.9091,-0.9351,-0.9094,-0.8854,-0.3389,-0.4026,-0.4458,-0.3393,-0.2547,-0.3561,-0.4935,-1.4143,-1.4623,-1.3824,-1.4306,-1.4446,-1.4166,-1.4049,-0.5320,-0.4058,-0.5389,-0.5224,-0.3622,-0.5432,-0.5142,-1.0057,-0.9971,-1.0318,-1.0056,-1.0439,-0.9654,-0.8680
66839,1983,-0.3492,-0.4050,-0.3344,-0.3993,-0.3129,-0.4027,-0.3919,-0.4077,-0.4620,-0.4193,-0.4608,-0.4914,-0.4390,-0.4335,-0.1609,-0.2132,-0.2502,-0.1886,-0.1051,-0.1792,-0.2581,-0.7678,-0.8172,-0.7012,-0.7568,-0.7942,-0.7568,-0.7246,-0.1986,-0.1382,-0.1999,-0.1936,-0.0947,-0.2100,-0.1931,-0.8942,-0.8069,-0.8864,-0.8335,-0.8715,-0.7791,-0.7491
67204,1984,-0.5359,-0.6840,-0.4854,-0.5552,-0.5344,-0.5613,-0.5376,-1.2796,-1.2660,-1.2813,-1.2940,-1.3016,-1.3085,-1.2827,-0.5956,-0.7305,-0.6990,-0.6074,-0.6055,-0.6235,-0.6670,-0.8248,-0.8523,-0.7350,-0.8236,-0.8754,-0.8028,-0.7860,-0.7980,-0.7389,-0.7693,-0.7381,-0.6490,-0.7642,-0.7393,-1.0937,-1.0306,-1.1367,-1.0685,-1.1393,-1.0752,-0.8739
67570,1985,-0.5715,-0.7456,-0.5183,-0.6283,-0.5969,-0.6285,-0.5180,-1.0227,-1.0576,-1.0299,-1.0663,-1.0724,-1.0547,-1.0292,-0.5306,-0.6562,-0.6118,-0.5129,-0.5396,-0.5216,-0.6171,-1.0087,-1.0625,-1.0413,-1.0454,-1.0845,-1.0319,-1.0002,-0.4070,-0.3151,-0.3968,-0.3333,-0.2157,-0.3200,-0.3673,-1.5084,-1.5641,-1.6176,-1.5459,-1.5597,-1.4732,-1.2846
67935,1986,-0.6231,-0.7195,-0.5522,-0.6734,-0.6565,-0.6904,-0.5404,-0.8270,-0.8722,-0.8231,-0.8849,-0.8903,-0.8890,-0.8510,-0.4495,-0.5475,-0.4825,-0.4376,-0.4566,-0.4312,-0.4796,-0.5865,-0.6727,-0.4419,-0.5696,-0.7020,-0.5663,-0.5676,-0.3583,-0.2711,-0.4057,-0.3217,-0.2145,-0.2930,-0.3337,-1.0779,-1.0728,-1.2216,-1.1509,-1.1343,-1.0670,-0.8822
68300,1987,-0.0170,-0.0401,-0.0014,-0.1148,0.0364,-0.1103,-0.0606,-1.0634,-1.0735,-1.0602,-1.0773,-1.1008,-1.0791,-1.0650,-0.0621,-0.1022,-0.1341,-0.0785,-0.0271,-0.0728,-0.1202,0.1107,0.0634,0.1511,0.0843,0.0507,0.0962,0.0907,-0.3024,-0.2254,-0.3211,-0.3434,-0.1684,-0.3574,-0.3290,-1.7985,-1.6115,-1.8241,-1.7711,-1.6810,-1.7238,-1.5517
68665,1988,-0.3664,-0.3487,-0.3477,-0.3979,-0.2304,-0.4050,-0.3447,-0.3329,-0.3369,-0.3561,-0.3687,-0.4071,-0.3471,-0.3306,-0.4411,-0.4170,-0.5274,-0.4575,-0.3637,-0.4469,-0.4690,-0.3631,-0.4055,-0.2761,-0.3866,-0.4693,-0.4077,-0.3637,0.1106,0.1520,0.0867,0.0884,0.2247,0.0766,0.0783,-0.7168,-0.7008,-0.7490,-0.7300,-0.8054,-0.7580,-0.5957
69031,1989,-0.6918,-0.6820,-0.7079,-0.7293,-0.6016,-0.7541,-0.6975,-0.4765,-0.5019,-0.4583,-0.5039,-0.4748,-0.5087,-0.4905,-0.5513,-0.5619,-0.6047,-0.5357,-0.4642,-0.5304,-0.5971,-0.9317,-0.9603,-0.9247,-0.9606,-1.0302,-0.9587,-0.8906,-0.4902,-0.4638,-0.4554,-0.4423,-0.3425,-0.4814,-0.4355,-0.1701,-0.0848,-0.2542,-0.2220,-0.1976,-0.2404,-0.1219
69396,1990,-0.2441,-0.1913,-0.2570,-0.3123,-0.1359,-0.2953,-0.2569,-0.1979,-0.1939,-0.1386,-0.2075,-0.1955,-0.2048,-0.1905,-0.3179,-0.3610,-0.3995,-0.3511,-0.2934,-0.3419,-0.4156,-0.6312,-0.6785,-0.4425,-0.5783,-0.7610,-0.6080,-0.6403,-0.1165,-0.0296,-0.1794,-0.1231,0.0014,-0.1317,-0.1460,-0.1838,-0.1723,-0.2279,-0.1973,-0.3000,-0.2549,-0.0772
69761,1991,-0.5067,-0.5098,-0.5460,-0.4906,-0.4688,-0.4957,-0.4778,-0.4224,-0.4242,-0.4302,-0.4407,-0.4604,-0.4566,-0.4386,-0.3149,-0.4012,-0.3502,-0.3641,-0.3228,-0.3506,-0.3541,-0.3852,-0.4271,-0.2635,-0.3666,-0.5195,-0.3749,-0.3999,-0.0721,-0.0133,-0.1687,-0.1190,0.0102,-0.0820,-0.1563,-0.6326,-0.7101,-0.6994,-0.6435,-0.8221,-0.6492,-0.3397
70126,1992,-0.6124,-0.6907,-0.6325,-0.6753,-0.6319,-0.7184,-0.6673,-0.9341,-0.9627,-0.8924,-0.9148,-0.9571,-0.9121,-0.9176,-0.4238,-0.5438,-0.4869,-0.5166,-0.4462,-0.5272,-0.4853,-0.8109,-0.9125,-0.6846,-0.7831,-0.9284,-0.8054,-0.7727,-0.4494,-0.5085,-0.4586,-0.3940,-0.4603,-0.3972,-0.4300,-0.8964,-0.9711,-0.8471,-0.8168,-1.0514,-0.8708,-0.5919
70492,1993,-0.3915,-0.4039,-0.4111,-0.4347,-0.3906,-0.4323,-0.4069,-0.7196,-0.7285,-0.7621,-0.7191,-0.7299,-0.7122,-0.7165,-0.3219,-0.3659,-0.3659,-0.3957,-0.2713,-0.3945,-0.3777,-0.6214,-0.6937,-0.7229,-0.6502,-0.6753,-0.6274,-0.6375,-0.2993,-0.2657,-0.3450,-0.3267,-0.2330,-0.3366,-0.3552,-1.3075,-1.3013,-1.2978,-1.2532,-1.4292,-1.3099,-1.1976
70857,1994,-0.4592,-0.5102,-0.4652,-0.5898,-0.4166,-0.5699,-0.5199,-0.5226,-0.5305,-0.5131,-0.5391,-0.5329,-0.5257,-0.5408,-0.1500,-0.1849,-0.2117,-0.1903,-0.0807,-0.1970,-0.2355,-0.4123,-0.4068,-0.4138,-0.4394,-0.4121,-0.4231,-0.4468,-0.3760,-0.2156,-0.3906,-0.4184,-0.1691,-0.4233,-0.4107,-0.5689,-0.5382,-0.5697,-0.5957,-0.5548,-0.6351,-0.5705
71222,1995,-0.1823,-0.2554,-0.2130,-0.2975,-0.0867,-0.2858,-0.2350,0.1253,0.1296,0.1231,0.1058,0.1331,0.1095,0.1059,-0.0932,-0.1736,-0.2004,-0.1127,-0.1066,-0.1235,-0.2006,-0.3444,-0.3468,-0.3782,-0.3457,-0.3132,-0.3537,-0.3747,-0.3855,-0.3787,-0.3775,-0.3362,-0.2906,-0.3359,-0.3666,-0.2412,-0.1782,-0.3336,-0.2760,-0.2195,-0.3190,-0.2578
71587,1996,-0.2672,-0.3840,-0.3301,-0.3055,-0.2189,-0.3041,-0.2791,-0.7118,-0.7708,-0.7498,-0.7436,-0.7314,-0.7254,-0.7355,-0.3291,-0.4176,-0.3989,-0.3662,-0.3186,-0.3629,-0.3891,-0.9034,-0.9597,-1.0059,-0.8873,-0.8953,-0.9152,-0.9529,-0.1156,-0.0440,-0.1915,-0.1071,0.0277,-0.0785,-0.1421,-0.8528,-0.7770,-1.0339,-0.9385,-0.8613,-0.8886,-0.7828
71953,1997,-0.2279,-0.3598,-0.2586,-0.1856,-0.1940,-0.1794,-0.2638,-0.2511,-0.3286,-0.2453,-0.2568,-0.2662,-0.2414,-0.2372,0.0473,-0.0344,0.0084,0.0547,0.0179,0.0215,-0.0275,-0.4159,-0.5577,-0.4376,-0.3868,-0.4985,-0.3869,-0.4057,-0.2765,-0.2320,-0.2841,-0.3055,-0.2122,-0.2955,-0.2972,-0.7070,-0.6564,-0.6800,-0.7600,-0.7015,-0.7638,-0.7271
72318,1998,0.1256,0.1000,0.0716,0.0752,0.2732,0.0846,0.1035,-0.3051,-0.3341,-0.2649,-0.2790,-0.2665,-0.2770,-0.2777,0.2332,0.2278,0.1808,0.2332,0.2650,0.2503,0.2057,0.8182,0.6713,0.7337,0.8087,0.7304,0.8054,0.7301,0.2894,0.3076,0.2756,0.3329,0.3210,0.3346,0.2651,-0.4401,-0.4415,-0.4416,-0.4879,-0.4493,-0.5664,-0.4252
72683,1999,-0.1741,-0.2725,-0.1795,-0.2349,-0.0672,-0.2109,-0.1817,-0.2495,-0.2668,-0.2446,-0.2542,-0.2066,-0.2388,-0.2525,-0.3781,-0.4489,-0.4460,-0.3634,-0.3529,-0.3732,-0.4122,0.2181,0.0760,0.1715,0.2082,0.1385,0.2248,0.1760,-0.2630,-0.3565,-0.2274,-0.2071,-0.3131,-0.2136,-0.2071,-0.1104,-0.1021,-0.1189,-0.1318,-0.1404,-0.0892,-0.1082
73048,2000,-0.3325,-0.4815,-0.3446,-0.3404,-0.3116,-0.3466,-0.3512,-0.3981,-0.4528,-0.3883,-0.3944,-0.3447,-0.4038,-0.4018,-0.4768,-0.5829,-0.4907,-0.4027,-0.4746,-0.4034,-0.4468,-0.1211,-0.2508,-0.1372,-0.1352,-0.2299,-0.1356,-0.1540,-0.5082,-0.6821,-0.3847,-0.4527,-0.5806,-0.4924,-0.4199,0.2417,0.2096,0.2298,0.1547,0.1844,0.1681,0.1594
73414,2001,-0.0801,-0.1704,-0.1473,-0.1029,-0.0082,-0.0686,-0.1429,-0.1507,-0.1789,-0.1450,-0.1317,-0.1337,-0.1284,-0.1494,-0.1667,-0.2286,-0.1439,-0.0583,-0.1437,-0.0652,-0.1544,0.3318,0.2435,0.2942,0.2844,0.2559,0.2998,0.2768,-0.3989,-0.5339,-0.3049,-0.3364,-0.4833,-0.3692,-0.3114,-0.1705,-0.1378,-0.1663,-0.1718,-0.1755,-0.1607,-0.1807
73779,2002,0.0732,-0.0374,0.0166,-0.0094,0.0407,-0.0201,0.0202,0.1102,0.0754,0.1493,0.1333,0.1474,0.1286,0.1095,0.0613,0.0169,0.0376,0.1169,0.0680,0.1289,0.0601,-0.1842,-0.2498,-0.1055,-0.2019,-0.2955,-0.2208,-0.2021,0.0949,0.0921,0.0549,0.0412,0.1092,0.0341,0.0664,0.0493,0.0027,0.0147,0.0030,0.0578,-0.0223,-0.0501
74144,2003,0.1252,0.0530,0.1236,0.0674,0.1002,0.0700,0.0605,-0.0020,-0.0251,-0.0065,-0.0053,0.0196,-0.0056,-0.0180,0.0478,-0.0005,-0.0054,0.0734,-0.0058,0.0731,-0.0083,0.0126,-0.0271,0.0030,-0.0193,-0.0070,-0.0097,0.0109,0.0474,0.0183,0.0176,0.0061,0.0313,0.0453,0.0631,0.0156,-0.0332,-0.0401,-0.0398,0.0362,-0.0124,-0.0618
74509,2004,-0.0073,-0.0774,-0.0032,0.0234,-0.1018,-0.0101,-0.0112,-0.0921,-0.0622,-0.0492,-0.0881,-0.0404,-0.0917,-0.0889,-0.0680,-0.0681,-0.0741,0.0047,-0.1268,-0.0017,-0.0668,-0.5457,-0.5515,-0.3921,-0.5152,-0.5593,-0.5226,-0.4958,-0.0976,-0.0994,-0.1260,-0.1268,-0.1144,-0.1120,-0.1201,-0.1345,-0.1300,-0.1889,-0.1375,-0.0845,-0.0998,-0.0612
74875,2005,0.2973,0.2517,0.2268,0.3033,0.2026,0.2476,0.2177,0.1071,0.1147,0.1031,0.0735,0.1197,0.0721,0.1022,0.0308,0.0772,0.0258,0.1009,-0.0287,0.0867,0.0338,0.3173,0.3587,0.3167,0.3214,0.3135,0.3306,0.3153,0.3845,0.4099,0.2704,0.3183,0.4024,0.3466,0.3234,0.1560,0.1562,0.0874,0.0966,0.1679,0.1308,0.0243
75240,2006,0.0151,-0.0821,-0.0399,0.0408,-0.1269,0.0288,0.0023,-0.1227,-0.0757,-0.1251,-0.1280,-0.1002,-0.1154,-0.1076,0.0016,0.0604,0.0256,0.0805,-0.0151,0.0610,0.0115,0.7453,0.8138,0.6441,0.7203,0.7616,0.7159,0.6978,-0.0954,-0.1023,-0.1535,-0.1147,-0.1305,-0.0934,-0.1046,-0.0301,-0.0355,0.0867,-0.0119,-0.0147,-0.0717,-0.1192
75605,2007,0.0005,-0.0156,-0.0122,0.0855,-0.0614,0.0978,-0.0108,0.5783,0.6198,0.5963,0.5907,0.5595,0.5901,0.5809,-0.1924,-0.0600,-0.2033,-0.0810,-0.2141,-0.1033,-0.1576,-0.0690,-0.0112,-0.0042,-0.0600,-0.1003,-0.0502,-0.0711,0.0557,0.0742,0.0616,0.0195,0.0778,0.0240,0.0372,0.4290,0.3563,0.4328,0.4059,0.3980,0.4465,0.3060
75970,2008,-0.0862,-0.1363,-0.0973,-0.0218,-0.1725,-0.0363,-0.0991,0.2163,0.2465,0.2261,0.2362,0.1774,0.2245,0.2346,-0.1588,-0.0941,-0.1386,-0.0687,-0.2283,-0.0794,-0.1511,-0.5386,-0.4682,-0.5806,-0.5162,-0.4965,-0.5217,-0.5438,-0.1693,-0.1553,-0.2014,-0.2175,-0.1732,-0.2078,-0.1782,0.2860,0.2769,0.2874,0.3015,0.2864,0.2835,0.2204
76336,2009,0.1663,0.1953,0.1548,0.2574,0.1145,0.2788,0.1752,-0.1404,-0.1401,-0.1520,-0.1503,-0.1541,-0.1506,-0.1391,0.0865,0.1237,0.0990,0.1540,0.0513,0.1364,0.0637,-0.3500,-0.2938,-0.3880,-0.3409,-0.2159,-0.3437,-0.3581,0.2191,0.2470,0.2052,0.1575,0.2436,0.1833,0.2186,0.0493,-0.0672,0.0593,0.0525,0.0900,0.1216,0.0044
76701,2010,0.5943,0.6770,0.5681,0.6613,0.6323,0.6458,0.5688,-0.0424,-0.0313,-0.0525,-0.0297,-0.0426,-0.0198,-0.0400,0.0894,0.2214,0.0795,0.1883,0.1391,0.1796,0.1018,0.7583,0.8423,0.5532,0.7101,0.8738,0.7331,0.6909,-0.1234,-0.2015,0.0057,-0.0736,-0.2476,-0.1189,-0.0334,0.1459,0.2656,0.0649,0.1486,0.3296,0.1730,0.1834
77066,2011,-0.0659,-0.0764,-0.0191,0.0394,-0.0671,0.0791,-0.0217,0.0556,0.0624,0.0104,0.0785,0.0688,0.0755,0.0666,-0.0852,-0.0411,-0.0810,-0.0306,-0.0404,-0.0410,-0.0926,0.0887,0.1588,0.0283,0.0769,0.1983,0.0977,0.1052,-0.4480,-0.5848,-0.3634,-0.4207,-0.6132,-0.4403,-0.3932,0.0797,-0.0621,0.1556,0.0877,-0.0146,0.0991,0.0591
77431,2012,-0.0847,0.0002,-0.0095,0.0302,-0.0523,0.0209,0.0153,-0.1645,-0.1588,-0.1712,-0.1473,-0.1467,-0.1612,-0.1465,0.1369,0.2018,0.1735,0.1267,0.1944,0.1342,0.1760,0.6226,0.7190,0.6684,0.6451,0.7242,0.6196,0.6311,-0.2724,-0.2975,-0.2289,-0.2194,-0.3356,-0.2797,-0.2326,0.0586,0.0930,0.0808,0.1109,0.1340,0.0870,0.0949
77797,2013,0.0987,0.2108,0.1087,0.1839,0.1862,0.1819,0.1320,0.1848,0.1978,0.1923,0.2061,0.2226,0.2198,0.1818,-0.0121,0.1159,0.0134,0.0058,0.0816,0.0255,0.0596,-0.3143,-0.2881,-0.3307,-0.3491,-0.2751,-0.3679,-0.2926,0.5415,0.5724,0.5050,0.5285,0.5422,0.5253,0.5057,0.1716,0.1258,0.1582,0.1983,0.1521,0.2818,0.1034
78162,2014,0.1340,0.2254,0.1497,0.1256,0.1551,0.1707,0.1785,-0.0072,0.0044,-0.0268,0.0748,0.0154,0.0579,-0.0412,0.1593,0.2136,0.2591,0.1129,0.1706,0.1308,0.2540,-0.2657,-0.2244,-0.2444,-0.2604,-0.1654,-0.2516,-0.1896,0.3037,0.3455,0.3262,0.3275,0.3178,0.3166,0.3080,0.6505,0.5879,0.6800,0.6495,0.6122,0.6996,0.5996
78527,2015,0.2493,0.3512,0.3364,0.2938,0.2158,0.2938,0.2816,0.6148,0.6281,0.6234,0.6322,0.6100,0.6084,0.5948,0.5555,0.6026,0.6701,0.5073,0.5287,0.5101,0.6107,0.4083,0.4405,0.5008,0.4216,0.4537,0.4626,0.4727,0.2487,0.3047,0.2707,0.2749,0.2588,0.2824,0.2914,0.4543,0.4477,0.4905,0.5673,0.4652,0.5505,0.4787
78892,2016,0.5396,0.6930,0.5878,0.5358,0.5550,0.5404,0.5607,0.6025,0.6508,0.5596,0.6053,0.5919,0.6350,0.6035,0.3690,0.4462,0.3900,0.2883,0.3789,0.3241,0.4034,0.9875,1.0398,1.0639,0.9958,1.0261,0.9908,1.0267,0.4013,0.3486,0.4930,0.4440,0.3021,0.4084,0.4549,0.6785,0.7376,0.6871,0.7571,0.7389,0.6719,0.7138
79258,2017,0.2202,0.3463,0.3137,0.2115,0.1561,0.2006,0.2829,0.6804,0.7270,0.6671,0.7061,0.6628,0.7049,0.6849,0.3501,0.3772,0.4294,0.2652,0.3054,0.2704,0.4091,0.5966,0.6444,0.5788,0.5493,0.6299,0.5565,0.6194,0.3134,0.3076,0.3529,0.3632,0.2433,0.3631,0.3555,0.3097,0.3903,0.3573,0.3483,0.3922,0.2245,0.3835
79623,2018,0.2115,0.3839,0.2807,0.2416,0.1834,0.1924,0.2715,0.3031,0.3189,0.3070,0.2637,0.2495,0.2484,0.3069,0.0643,0.1057,0.1529,-0.0234,0.0526,-0.0116,0.1323,-0.0845,0.0027,0.0440,-0.0509,-0.0311,-0.0680,0.0065,0.3563,0.4053,0.3618,0.3761,0.3283,0.3818,0.3415,0.5218,0.5660,0.5553,0.5491,0.5623,0.6052,0.4949
79988,2019,0.3518,0.5151,0.4467,0.2978,0.3244,0.3004,0.4109,0.6215,0.6476,0.6366,0.5934,0.5799,0.5782,0.6234,0.3973,0.4550,0.4870,0.2769,0.4509,0.3288,0.4735,0.1233,0.2159,0.0930,0.1227,0.1554,0.1086,0.1655,0.6429,0.7949,0.5754,0.5506,0.7266,0.5760,0.5102,0.7931,0.9081,0.8466,0.8089,0.9309,0.8168,0.7588
80353,2020,0.2754,0.4607,0.3236,0.2173,0.2368,0.2447,0.3869,1.0362,1.0483,1.0245,0.9223,0.9558,0.9129,1.0540,0.5406,0.4004,0.5653,0.3866,0.4721,0.3734,0.5645,0.3382,0.4424,0.3959,0.4437,0.3570,0.4329,0.3723,0.4517,0.4432,0.4300,0.4355,0.4143,0.4549,0.4175,1.0015,1.0182,1.1428,1.0244,0.9806,1.0990,0.8891
80719,2021,0.3920,0.5960,0.4592,0.2991,0.3753,0.3810,0.4815,0.4837,0.4645,0.5189,0.4026,0.3828,0.3926,0.5071,0.2123,0.1361,0.2369,0.0227,0.1680,0.0980,0.2839,0.6773,0.7435,0.6424,0.6738,0.6623,0.6616,0.6630,0.0275,-0.0262,0.0943,0.0660,-0.0689,0.0438,0.0464,0.4375,0.4306,0.4891,0.4646,0.4043,0.3458,0.4207
81084,2022,0.1272,0.2783,0.1674,0.0595,0.0760,0.1081,0.1903,0.7725,0.7506,0.7472,0.6371,0.7040,0.6120,0.7633,-0.0193,-0.0866,0.0076,-0.0986,-0.0583,-0.0562,0.0608,0.1302,0.1919,0.1379,0.1874,0.1410,0.1518,0.1672,-0.0113,-0.0834,0.1067,0.0592,-0.1256,0.0277,0.0844,0.7303,0.9122,0.7956,0.7017,0.8761,0.7298,0.6571
81449,2023,0.4448,0.6799,0.5145,0.3350,0.3932,0.2335,0.5731,0.7054,0.7091,0.7764,0.6410,0.6802,0.6603,0.7371,0.6255,0.5658,0.8360,0.5759,0.5702,0.4850,0.7431,0.6948,0.8849,0.6308,0.7221,0.8956,0.7208,0.8033,0.0823,0.2207,0.2285,0.1714,0.2365,0.1443,0.2118,0.7363,1.0066,0.9458,0.7998,1.0260,0.7894,0.9301
end data
