Conventions,G,BADC-CSV,1
title,G,Regional mean temperature for WMO RA 6 Europe
last_revised_date,G,2023-02-23
date_valid,G,2023-02-23
feature_type,G,area average
creator,G,WMO
source,G,Produced by climind version 0.1
observation_station,G,derived data
location,G,90.,-180.,-90.,180.
activity,G,WMO
history,G,""Data set created from file ['NOAAGlobalTemp_v*.nc'] downloaded from ['https://www.ncei.noaa.gov/data/noaa-global-surface-temperature/v5/access/gridded/NOAAGlobalTemp_v.*.nc'] at ['2023-02-22 09:22:48']""
history,G,""Data set created from file ['NOAAGlobalTemp_v*.nc'] downloaded from ['https://www.ncei.noaa.gov/data/noaa-global-surface-temperature/v5/access/gridded/NOAAGlobalTemp_v.*.nc'] at ['2023-02-22 09:22:48']""
history,G,""Regridded to 1 degree latitude-longitude resolution""
history,G,""Rebaselined to 1991-2020""
history,G,""Calculated area-average""
history,G,""Calculated annual average from monthly averages using arithmetic mean""
history,G,""Selected years within the range 1900 to 2022.""
history,G,""Wrote to file wmo_ra_6_NOAAGlobalTemp.csv""
history,G,"Data set created from file ['wmo_ra_6_NOAAGlobalTemp.csv'] downloaded from [''] at ['2023-02-23 17:08:09']"
reference,G,"Huang, B., M. J. Menne, T. Boyer, E. Freeman, B. E. Gleason, J. H. Lawrimore, C. Liu, J. J. Rennie, C. Schreck, F. Sun, R. Vose, C. N. Williams, X. Yin, H.-M. Zhang, 2020: Uncertainty estimates for sea surface temperature and land surface air temperature in NOAAGlobalTemp version 5. , J. Climate, 33, 1351-1379, DOI: 10.1175/JCLI-D-19-0395.1"
reference,G,"Zhang, Huai-Min, Jay H. Lawrimore, Boyin Huang, Matthew J. Menne, Xungang Yin, Ahira Sȧnchez-Lugo, Byron E. Gleason, Russell Vose, Derek Arndt, J. Jared Rennie, and Claude N. Williams. (2019) Updated Temperature Data Give a Sharper View of Climate Trends. Eos, 100, https://doi.org/10.1029/2019EO128229"
rights,G,TBD
comments,G,Data produced by climind version 0.1
comments,G,Format description https://help.ceda.ac.uk/article/105-badc-csv
long_name,time,time,days since 1800-01-01 00:00:00.0
type,time,int
long_name,year,year,1
type,year,int
long_name,data,wmo_ra_6,degC
type,data,float
coordinate_variable,time,t
data
time,year,data
36524,1900,-1.3779
36889,1901,-1.1010
37254,1902,-2.0948
37619,1903,-1.0292
37984,1904,-1.5584
38350,1905,-1.2057
38715,1906,-1.0192
39080,1907,-1.8998
39445,1908,-1.8391
39811,1909,-1.4965
40176,1910,-0.9844
40541,1911,-1.5058
40906,1912,-1.7906
41272,1913,-1.1994
41637,1914,-1.2641
42002,1915,-1.5642
42367,1916,-1.0927
42733,1917,-1.7121
43098,1918,-1.3796
43463,1919,-1.7281
43828,1920,-1.0529
44194,1921,-1.1285
44559,1922,-1.4106
44924,1923,-1.1159
45289,1924,-1.3698
45655,1925,-0.9200
46020,1926,-1.2143
46385,1927,-1.2405
46750,1928,-1.2885
47116,1929,-1.6698
47481,1930,-0.7089
47846,1931,-1.4666
48211,1932,-0.8624
48577,1933,-1.6288
48942,1934,-0.4439
49307,1935,-0.8929
49672,1936,-0.5551
50038,1937,-0.4633
50403,1938,-0.4719
50768,1939,-0.7514
51133,1940,-1.8366
51499,1941,-2.0637
51864,1942,-1.9084
52229,1943,-0.6790
52594,1944,-0.8360
52960,1945,-1.3295
53325,1946,-0.8210
53690,1947,-0.9338
54055,1948,-0.7449
54421,1949,-0.7738
54786,1950,-0.8711
55151,1951,-0.9078
55516,1952,-1.0165
55882,1953,-0.9537
56247,1954,-1.1153
56612,1955,-1.1328
56977,1956,-2.0208
57343,1957,-0.6040
57708,1958,-1.1271
58073,1959,-0.8585
58438,1960,-0.6964
58804,1961,-0.3628
59169,1962,-0.8372
59534,1963,-1.3426
59899,1964,-1.1012
60265,1965,-1.4264
60630,1966,-0.8567
60995,1967,-0.8290
61360,1968,-1.2339
61726,1969,-1.7911
62091,1970,-1.1083
62456,1971,-1.1394
62821,1972,-0.9147
63187,1973,-1.0928
63552,1974,-0.5610
63917,1975,-0.3639
64282,1976,-1.6665
64648,1977,-0.9467
65013,1978,-1.5489
65378,1979,-1.0596
65743,1980,-1.3925
66109,1981,-0.7549
66474,1982,-0.9164
66839,1983,-0.7094
67204,1984,-1.0535
67570,1985,-1.5254
67935,1986,-1.0551
68300,1987,-1.7421
68665,1988,-0.7574
69031,1989,-0.0881
69396,1990,-0.1947
69761,1991,-0.6248
70126,1992,-0.7795
70492,1993,-1.2341
70857,1994,-0.5605
71222,1995,-0.2622
71587,1996,-0.9773
71953,1997,-0.7122
72318,1998,-0.5757
72683,1999,-0.0726
73048,2000,0.1957
73414,2001,-0.1298
73779,2002,-0.0384
74144,2003,-0.0503
74509,2004,-0.0999
74875,2005,0.0247
75240,2006,-0.0575
75605,2007,0.4398
75970,2008,0.3289
76336,2009,0.0703
76701,2010,0.0941
77066,2011,0.0965
77431,2012,0.0628
77797,2013,0.1924
78162,2014,0.5949
78527,2015,0.5901
78892,2016,0.6324
79258,2017,0.3531
79623,2018,0.5878
79988,2019,0.8205
80353,2020,1.0830
80719,2021,0.2878
81084,2022,0.7184
end data
