Conventions,G,BADC-CSV,1
title,G,Regional mean temperature for WMO RA 4 North America
last_revised_date,G,2024-01-25
date_valid,G,2024-01-25
feature_type,G,area average
creator,G,WMO
source,G,Produced by climind version 1.0
observation_station,G,derived data
location,G,90.,-180.,-90.,180.
activity,G,WMO
history,G,""Data set created from file ['anl_surf125.011_tmp.202401_202412', 'anl_surf125.2024MMMM'] downloaded from ['', ''] at ['2024-01-15 11:20:51']""
history,G,""Regridded to 1 degree latitude-longitude resolution""
history,G,""Rebaselined to 1991-2020""
history,G,""Calculated area-average""
history,G,""Calculated annual average from monthly averages using arithmetic mean""
history,G,""Selected years within the range 1900 to 2023.""
history,G,""Wrote to file wmo_ra_4_JRA-55.csv""
history,G,"Data set created from file ['wmo_ra_4_JRA-55.csv'] downloaded from [''] at ['2024-01-17 11:08:35']"
reference,G,"Kobayashi, S., Ota, Y., Harada, Y., Ebita, A., Moriya, M., Onoda, H., Onogi, K., Kamahori, H., Kobayashi, C., Endo, H. and Miyaoka, K., (2015). The JRA-55 reanalysis: General specifications and basic characteristics. Journal of the Meteorological Society of Japan. Ser. II, 93(1), pp.5-48."
rights,G,TBD
comments,G,Data produced by climind version 1.0
comments,G,Format description https://help.ceda.ac.uk/article/105-badc-csv
comments,G,"Original data acknowledgement: "
long_name,time,time,days since 1800-01-01 00:00:00.0
type,time,int
long_name,year,year,1
type,year,int
long_name,data,wmo_ra_4,degC
type,data,float
coordinate_variable,time,t
data
time,year,data
57708,1958,-0.5828
58073,1959,-1.0701
58438,1960,-0.7642
58804,1961,-1.0448
59169,1962,-0.8588
59534,1963,-0.7161
59899,1964,-1.2436
60265,1965,-1.1962
60630,1966,-1.1041
60995,1967,-1.1311
61360,1968,-0.9925
61726,1969,-0.7327
62091,1970,-1.1133
62456,1971,-1.0924
62821,1972,-1.9210
63187,1973,-0.5840
63552,1974,-1.2813
63917,1975,-1.1511
64282,1976,-1.0877
64648,1977,-0.3267
65013,1978,-1.1886
65378,1979,-1.0239
65743,1980,-0.5471
66109,1981,0.3242
66474,1982,-1.4446
66839,1983,-0.7942
67204,1984,-0.8754
67570,1985,-1.0845
67935,1986,-0.7020
68300,1987,0.0507
68665,1988,-0.4693
69031,1989,-1.0302
69396,1990,-0.7610
69761,1991,-0.5195
70126,1992,-0.9284
70492,1993,-0.6753
70857,1994,-0.4121
71222,1995,-0.3132
71587,1996,-0.8953
71953,1997,-0.4985
72318,1998,0.7304
72683,1999,0.1385
73048,2000,-0.2299
73414,2001,0.2559
73779,2002,-0.2955
74144,2003,-0.0070
74509,2004,-0.5593
74875,2005,0.3135
75240,2006,0.7616
75605,2007,-0.1003
75970,2008,-0.4965
76336,2009,-0.2159
76701,2010,0.8738
77066,2011,0.1983
77431,2012,0.7242
77797,2013,-0.2751
78162,2014,-0.1654
78527,2015,0.4537
78892,2016,1.0261
79258,2017,0.6299
79623,2018,-0.0311
79988,2019,0.1554
80353,2020,0.3570
80719,2021,0.6623
81084,2022,0.1410
81449,2023,1.2556
end data
