Conventions,G,BADC-CSV,1
title,G,Regional mean temperature for WMO RA 5 South-West Pacific
last_revised_date,G,2024-01-18
date_valid,G,2024-01-18
feature_type,G,area average
creator,G,WMO
source,G,Produced by climind version 1.0
observation_station,G,derived data
location,G,90.,-180.,-90.,180.
activity,G,WMO
history,G,""Data set created from file ['HadCRUT.5.0.2.0.analysis.anomalies.ensemble_mean.nc'] downloaded from ['https://www.metoffice.gov.uk/hadobs/hadcrut5/data/HadCRUT.5.0.2.0/analysis/HadCRUT.5.0.2.0.analysis.anomalies.ensemble_mean.nc'] at ['2024-01-15 11:56:27']""
history,G,""Regridded to 1 degree latitude-longitude resolution""
history,G,""Rebaselined to 1991-2020""
history,G,""Calculated area-average""
history,G,""Calculated annual average from monthly averages using arithmetic mean""
history,G,""Selected years within the range 1900 to 2023.""
history,G,""Wrote to file wmo_ra_5_HadCRUT5.csv""
history,G,"Data set created from file ['wmo_ra_5_HadCRUT5.csv'] downloaded from [''] at ['2024-01-17 11:07:38']"
reference,G,"Morice, C. P., Kennedy, J. J., Rayner, N. A., Winn, J. P., Hogan, E., Killick, R. E., et al. (2021). An updated assessment of near-surface temperature change from 1850: the HadCRUT5 data set. Journal of Geophysical Research: Atmospheres, 126, e2019JD032361. https://doi.org/10.1029/2019JD032361"
rights,G,TBD
comments,G,Data produced by climind version 1.0
comments,G,Format description https://help.ceda.ac.uk/article/105-badc-csv
comments,G,"Original data acknowledgement: HadCRUT.5.0.2.0 data were obtained from http://www.metoffice.gov.uk/hadobs/hadcrut5 on 2024-01-15 11:56:27 and are © British Crown Copyright, Met Office 2024, provided under an Open Government License, http://www.nationalarchives.gov.uk/doc/open-government-licence/version/3/"
long_name,time,time,days since 1800-01-01 00:00:00.0
type,time,int
long_name,year,year,1
type,year,int
long_name,data,wmo_ra_5,degC
type,data,float
coordinate_variable,time,t
data
time,year,data
36524,1900,-0.6851
36889,1901,-0.8067
37254,1902,-0.9128
37619,1903,-1.1259
37984,1904,-1.2441
38350,1905,-1.0975
38715,1906,-0.5120
39080,1907,-0.9710
39445,1908,-1.2066
39811,1909,-1.0755
40176,1910,-0.8729
40541,1911,-1.0426
40906,1912,-0.6911
41272,1913,-1.1624
41637,1914,-0.4587
42002,1915,-0.4362
42367,1916,-0.9419
42733,1917,-1.3780
43098,1918,-1.0014
43463,1919,-0.6307
43828,1920,-0.9129
44194,1921,-0.6583
44559,1922,-0.8141
44924,1923,-0.8167
45289,1924,-0.9896
45655,1925,-1.1169
46020,1926,-0.6352
46385,1927,-0.8426
46750,1928,-0.4499
47116,1929,-1.1892
47481,1930,-0.7410
47846,1931,-0.9169
48211,1932,-0.8241
48577,1933,-0.8357
48942,1934,-0.7874
49307,1935,-0.8645
49672,1936,-0.6417
50038,1937,-0.7109
50403,1938,-0.3425
50768,1939,-0.8942
51133,1940,-0.6746
51499,1941,-0.8845
51864,1942,-0.4529
52229,1943,-0.9707
52594,1944,-0.7809
52960,1945,-0.6629
53325,1946,-1.0046
53690,1947,-0.7374
54055,1948,-0.8541
54421,1949,-1.2000
54786,1950,-0.9088
55151,1951,-0.7925
55516,1952,-0.7635
55882,1953,-0.7630
56247,1954,-0.7167
56612,1955,-0.7598
56977,1956,-1.0981
57343,1957,-0.5065
57708,1958,-0.3961
58073,1959,-0.3675
58438,1960,-0.9374
58804,1961,-0.4730
59169,1962,-0.5500
59534,1963,-0.6571
59899,1964,-0.6704
60265,1965,-0.4895
60630,1966,-0.8559
60995,1967,-0.7236
61360,1968,-0.8023
61726,1969,-0.5134
62091,1970,-0.5326
62456,1971,-0.6975
62821,1972,-0.4701
63187,1973,-0.1077
63552,1974,-0.9854
63917,1975,-0.6520
64282,1976,-1.0493
64648,1977,-0.5873
65013,1978,-0.6327
65378,1979,-0.2577
65743,1980,-0.0348
66109,1981,-0.2906
66474,1982,-0.5224
66839,1983,-0.1936
67204,1984,-0.7381
67570,1985,-0.3333
67935,1986,-0.3217
68300,1987,-0.3434
68665,1988,0.0884
69031,1989,-0.4423
69396,1990,-0.1231
69761,1991,-0.1190
70126,1992,-0.3940
70492,1993,-0.3267
70857,1994,-0.4184
71222,1995,-0.3362
71587,1996,-0.1071
71953,1997,-0.3055
72318,1998,0.3329
72683,1999,-0.2071
73048,2000,-0.4527
73414,2001,-0.3364
73779,2002,0.0412
74144,2003,0.0061
74509,2004,-0.1267
74875,2005,0.3183
75240,2006,-0.1147
75605,2007,0.0195
75970,2008,-0.2175
76336,2009,0.1576
76701,2010,-0.0736
77066,2011,-0.4207
77431,2012,-0.2194
77797,2013,0.5286
78162,2014,0.3275
78527,2015,0.2749
78892,2016,0.4440
79258,2017,0.3632
79623,2018,0.3761
79988,2019,0.5506
80353,2020,0.4353
80719,2021,0.0658
81084,2022,0.0592
81449,2023,0.3325
end data
