Conventions,G,BADC-CSV,1
title,G,Regional mean temperature for WMO RA 1 Africa
last_revised_date,G,2022-11-24
date_valid,G,2022-11-24
feature_type,G,area average
creator,G,WMO
source,G,Produced by climind version 0.1
observation_station,G,derived data
location,G,90.,-180.,-90.,180.
activity,G,WMO
history,G,""Data set created from file ['NOAAGlobalTemp_v*.nc'] downloaded from ['https://www.ncei.noaa.gov/data/noaa-global-surface-temperature/v5/access/gridded/NOAAGlobalTemp_v.*.nc'] at ['2022-11-21 17:47:59']""
history,G,""Data set created from file ['NOAAGlobalTemp_v*.nc'] downloaded from ['https://www.ncei.noaa.gov/data/noaa-global-surface-temperature/v5/access/gridded/NOAAGlobalTemp_v.*.nc'] at ['2022-11-21 17:47:59']""
history,G,""Regridded to 1 degree latitude-longitude resolution""
history,G,""Rebaselined to 1981-2010""
history,G,""Calculated area-average""
history,G,""Calculated annual average from monthly averages using arithmetic mean""
history,G,""Selected years within the range 1900 to 2022.""
history,G,""Wrote to file wmo_ra_1_NOAAGlobalTemp.csv""
history,G,"Data set created from file ['wmo_ra_1_NOAAGlobalTemp.csv'] downloaded from [''] at ['2022-11-23 19:14:58']"
reference,G,"Huang, B., M. J. Menne, T. Boyer, E. Freeman, B. E. Gleason, J. H. Lawrimore, C. Liu, J. J. Rennie, C. Schreck, F. Sun, R. Vose, C. N. Williams, X. Yin, H.-M. Zhang, 2020: Uncertainty estimates for sea surface temperature and land surface air temperature in NOAAGlobalTemp version 5. , J. Climate, 33, 1351-1379, DOI: 10.1175/JCLI-D-19-0395.1"
reference,G,"Zhang, Huai-Min, Jay H. Lawrimore, Boyin Huang, Matthew J. Menne, Xungang Yin, Ahira Sȧnchez-Lugo, Byron E. Gleason, Russell Vose, Derek Arndt, J. Jared Rennie, and Claude N. Williams. (2019) Updated Temperature Data Give a Sharper View of Climate Trends. Eos, 100, https://doi.org/10.1029/2019EO128229"
rights,G,TBD
comments,G,Data produced by climind version 0.1
comments,G,Format description https://help.ceda.ac.uk/article/105-badc-csv
long_name,time,time,days since 1800-01-01 00:00:00.0
type,time,int
long_name,year,year,1
type,year,int
long_name,data,wmo_ra_1,degC
type,data,float
coordinate_variable,time,t
data
time,year,data
36524,1900,-0.6182
36889,1901,-0.6937
37254,1902,-0.6232
37619,1903,-0.9356
37984,1904,-1.0050
38350,1905,-0.7679
38715,1906,-0.8684
39080,1907,-1.1539
39445,1908,-0.7820
39811,1909,-0.8087
40176,1910,-0.8820
40541,1911,-1.1003
40906,1912,-0.7413
41272,1913,-0.6360
41637,1914,-0.5806
42002,1915,-0.5727
42367,1916,-0.9667
42733,1917,-1.0138
43098,1918,-1.1850
43463,1919,-0.6951
43828,1920,-0.9368
44194,1921,-1.0077
44559,1922,-0.7560
44924,1923,-0.9570
45289,1924,-0.6536
45655,1925,-0.8456
46020,1926,-0.5142
46385,1927,-0.6234
46750,1928,-0.5958
47116,1929,-0.8189
47481,1930,-0.7130
47846,1931,-0.2638
48211,1932,-0.6582
48577,1933,-0.5487
48942,1934,-0.6497
49307,1935,-0.7346
49672,1936,-0.6543
50038,1937,-0.5193
50403,1938,-0.6402
50768,1939,-0.6923
51133,1940,-0.4379
51499,1941,-0.1776
51864,1942,-0.3543
52229,1943,-0.7924
52594,1944,-0.5516
52960,1945,-0.6299
53325,1946,-0.5992
53690,1947,-0.4104
54055,1948,-0.8054
54421,1949,-0.5595
54786,1950,-0.8509
55151,1951,-0.6946
55516,1952,-0.5544
55882,1953,-0.7282
56247,1954,-0.8388
56612,1955,-0.6640
56977,1956,-0.9179
57343,1957,-0.6987
57708,1958,-0.3548
58073,1959,-0.6322
58438,1960,-0.4794
58804,1961,-0.7168
59169,1962,-0.5546
59534,1963,-0.4879
59899,1964,-0.8032
60265,1965,-0.8083
60630,1966,-0.4284
60995,1967,-0.8451
61360,1968,-0.7592
61726,1969,-0.2380
62091,1970,-0.4249
62456,1971,-0.7861
62821,1972,-0.5676
63187,1973,-0.2854
63552,1974,-0.8361
63917,1975,-0.7963
64282,1976,-0.8175
64648,1977,-0.4154
65013,1978,-0.4726
65378,1979,-0.2118
65743,1980,-0.2350
66109,1981,-0.4402
66474,1982,-0.4872
66839,1983,-0.1478
67204,1984,-0.3257
67570,1985,-0.3260
67935,1986,-0.3521
68300,1987,0.2053
68665,1988,-0.1303
69031,1989,-0.4938
69396,1990,-0.0174
69761,1991,-0.2783
70126,1992,-0.4263
70492,1993,-0.1465
70857,1994,-0.2670
71222,1995,-0.0031
71587,1996,-0.0765
71953,1997,-0.0811
72318,1998,0.3635
72683,1999,0.1093
73048,2000,-0.0970
73414,2001,0.1218
73779,2002,0.2741
74144,2003,0.3580
74509,2004,0.2567
74875,2005,0.4769
75240,2006,0.2528
75605,2007,0.2602
75970,2008,0.1643
76336,2009,0.4111
76701,2010,0.8419
77066,2011,0.2383
77431,2012,0.2737
77797,2013,0.3711
78162,2014,0.4343
78527,2015,0.6269
78892,2016,0.8939
79258,2017,0.5875
79623,2018,0.6111
79988,2019,0.7677
80353,2020,0.6771
80719,2021,0.7770
81084,2022,0.4378
end data
