Conventions,G,BADC-CSV,1
title,G,Regional mean temperature for WMO RA 4 North America
last_revised_date,G,2022-11-29
date_valid,G,2022-11-29
feature_type,G,area average
creator,G,WMO
source,G,Produced by climind version 0.1
observation_station,G,derived data
location,G,90.,-180.,-90.,180.
activity,G,WMO
history,G,""Data set created from file ['NOAAGlobalTemp_v*.nc'] downloaded from ['https://www.ncei.noaa.gov/data/noaa-global-surface-temperature/v5/access/gridded/NOAAGlobalTemp_v.*.nc'] at ['2022-11-21 17:47:59']""
history,G,""Data set created from file ['NOAAGlobalTemp_v*.nc'] downloaded from ['https://www.ncei.noaa.gov/data/noaa-global-surface-temperature/v5/access/gridded/NOAAGlobalTemp_v.*.nc'] at ['2022-11-21 17:47:59']""
history,G,""Regridded to 1 degree latitude-longitude resolution""
history,G,""Rebaselined to 1981-2010""
history,G,""Calculated area-average""
history,G,""Calculated annual average from monthly averages using arithmetic mean""
history,G,""Selected years within the range 1900 to 2022.""
history,G,""Wrote to file wmo_ra_4_NOAAGlobalTemp.csv""
history,G,"Data set created from file ['wmo_ra_4_NOAAGlobalTemp.csv'] downloaded from [''] at ['2022-11-23 19:15:03']"
reference,G,"Huang, B., M. J. Menne, T. Boyer, E. Freeman, B. E. Gleason, J. H. Lawrimore, C. Liu, J. J. Rennie, C. Schreck, F. Sun, R. Vose, C. N. Williams, X. Yin, H.-M. Zhang, 2020: Uncertainty estimates for sea surface temperature and land surface air temperature in NOAAGlobalTemp version 5. , J. Climate, 33, 1351-1379, DOI: 10.1175/JCLI-D-19-0395.1"
reference,G,"Zhang, Huai-Min, Jay H. Lawrimore, Boyin Huang, Matthew J. Menne, Xungang Yin, Ahira Sȧnchez-Lugo, Byron E. Gleason, Russell Vose, Derek Arndt, J. Jared Rennie, and Claude N. Williams. (2019) Updated Temperature Data Give a Sharper View of Climate Trends. Eos, 100, https://doi.org/10.1029/2019EO128229"
rights,G,TBD
comments,G,Data produced by climind version 0.1
comments,G,Format description https://help.ceda.ac.uk/article/105-badc-csv
long_name,time,time,days since 1800-01-01 00:00:00.0
type,time,int
long_name,year,year,1
type,year,int
long_name,data,wmo_ra_4,degC
type,data,float
coordinate_variable,time,t
data
time,year,data
36524,1900,-0.7002
36889,1901,-0.8064
37254,1902,-0.9037
37619,1903,-1.2010
37984,1904,-1.2357
38350,1905,-0.9393
38715,1906,-0.7663
39080,1907,-1.5353
39445,1908,-0.8998
39811,1909,-1.3680
40176,1910,-0.7511
40541,1911,-0.9760
40906,1912,-1.3030
41272,1913,-1.2427
41637,1914,-0.9941
42002,1915,-0.4888
42367,1916,-1.3125
42733,1917,-1.8453
43098,1918,-1.2124
43463,1919,-1.1534
43828,1920,-1.0222
44194,1921,-0.3046
44559,1922,-0.9619
44924,1923,-0.9095
45289,1924,-1.0716
45655,1925,-0.7895
46020,1926,-0.6042
46385,1927,-0.9405
46750,1928,-0.4649
47116,1929,-1.1964
47481,1930,-0.5368
47846,1931,0.2097
48211,1932,-0.9322
48577,1933,-1.0739
48942,1934,-0.3164
49307,1935,-0.9533
49672,1936,-1.0184
50038,1937,-0.5282
50403,1938,-0.0640
50768,1939,-0.4274
51133,1940,-0.2055
51499,1941,-0.1139
51864,1942,-0.2939
52229,1943,-0.3973
52594,1944,-0.1176
52960,1945,-0.6684
53325,1946,-0.5041
53690,1947,-0.5084
54055,1948,-0.7647
54421,1949,-0.6033
54786,1950,-1.1742
55151,1951,-0.9775
55516,1952,-0.1695
55882,1953,0.1029
56247,1954,-0.2698
56612,1955,-0.8080
56977,1956,-0.8921
57343,1957,-0.4524
57708,1958,-0.2078
58073,1959,-0.7028
58438,1960,-0.4530
58804,1961,-0.7255
59169,1962,-0.5486
59534,1963,-0.3641
59899,1964,-0.9824
60265,1965,-0.9570
60630,1966,-0.9101
60995,1967,-0.7664
61360,1968,-0.6996
61726,1969,-0.5202
62091,1970,-0.8013
62456,1971,-0.8199
62821,1972,-1.4894
63187,1973,-0.3418
63552,1974,-0.9012
63917,1975,-0.8574
64282,1976,-0.6647
64648,1977,-0.0107
65013,1978,-0.7823
65378,1979,-0.7723
65743,1980,-0.2410
66109,1981,0.5750
66474,1982,-1.0687
66839,1983,-0.3985
67204,1984,-0.4578
67570,1985,-0.7301
67935,1986,-0.1997
68300,1987,0.4542
68665,1988,-0.0862
69031,1989,-0.5820
69396,1990,-0.2891
69761,1991,-0.0785
70126,1992,-0.4243
70492,1993,-0.3386
70857,1994,-0.1549
71222,1995,-0.0866
71587,1996,-0.6889
71953,1997,-0.1038
72318,1998,0.9611
72683,1999,0.4706
73048,2000,0.1447
73414,2001,0.5622
73779,2002,0.0749
74144,2003,0.2657
74509,2004,-0.1439
74875,2005,0.6001
75240,2006,0.9290
75605,2007,0.2250
75970,2008,-0.2534
76336,2009,-0.1004
76701,2010,0.8880
77066,2011,0.3566
77431,2012,0.8841
77797,2013,-0.0149
78162,2014,0.0707
78527,2015,0.7599
78892,2016,1.2867
79258,2017,0.9009
79623,2018,0.2833
79988,2019,0.3843
80353,2020,0.6104
80719,2021,0.8743
81084,2022,0.4911
end data
