Conventions,G,BADC-CSV,1
title,G,Regional mean temperature for WMO RA 3 South America
last_revised_date,G,2022-12-16
date_valid,G,2022-12-16
feature_type,G,area average
creator,G,WMO
source,G,Produced by climind version 0.1
observation_station,G,derived data
location,G,90.,-180.,-90.,180.
activity,G,WMO
history,G,""Data set created from file ['NOAAGlobalTemp_v*.nc'] downloaded from ['https://www.ncei.noaa.gov/data/noaa-global-surface-temperature/v5/access/gridded/NOAAGlobalTemp_v.*.nc'] at ['2022-12-16 09:24:29']""
history,G,""Data set created from file ['NOAAGlobalTemp_v*.nc'] downloaded from ['https://www.ncei.noaa.gov/data/noaa-global-surface-temperature/v5/access/gridded/NOAAGlobalTemp_v.*.nc'] at ['2022-12-16 09:24:29']""
history,G,""Regridded to 1 degree latitude-longitude resolution""
history,G,""Rebaselined to 1991-2020""
history,G,""Calculated area-average""
history,G,""Calculated annual average from monthly averages using arithmetic mean""
history,G,""Selected years within the range 1900 to 2022.""
history,G,""Wrote to file wmo_ra_3_NOAAGlobalTemp.csv""
history,G,"Data set created from file ['wmo_ra_3_NOAAGlobalTemp.csv'] downloaded from [''] at ['2022-12-16 17:53:14']"
reference,G,"Huang, B., M. J. Menne, T. Boyer, E. Freeman, B. E. Gleason, J. H. Lawrimore, C. Liu, J. J. Rennie, C. Schreck, F. Sun, R. Vose, C. N. Williams, X. Yin, H.-M. Zhang, 2020: Uncertainty estimates for sea surface temperature and land surface air temperature in NOAAGlobalTemp version 5. , J. Climate, 33, 1351-1379, DOI: 10.1175/JCLI-D-19-0395.1"
reference,G,"Zhang, Huai-Min, Jay H. Lawrimore, Boyin Huang, Matthew J. Menne, Xungang Yin, Ahira Sȧnchez-Lugo, Byron E. Gleason, Russell Vose, Derek Arndt, J. Jared Rennie, and Claude N. Williams. (2019) Updated Temperature Data Give a Sharper View of Climate Trends. Eos, 100, https://doi.org/10.1029/2019EO128229"
rights,G,TBD
comments,G,Data produced by climind version 0.1
comments,G,Format description https://help.ceda.ac.uk/article/105-badc-csv
long_name,time,time,days since 1800-01-01 00:00:00.0
type,time,int
long_name,year,year,1
type,year,int
long_name,data,wmo_ra_3,degC
type,data,float
coordinate_variable,time,t
data
time,year,data
36524,1900,-0.6376
36889,1901,-0.7412
37254,1902,-0.6920
37619,1903,-0.9350
37984,1904,-0.9222
38350,1905,-0.8202
38715,1906,-0.7730
39080,1907,-1.0290
39445,1908,-0.9743
39811,1909,-1.0200
40176,1910,-1.1137
40541,1911,-1.2056
40906,1912,-0.9673
41272,1913,-0.8937
41637,1914,-1.0082
42002,1915,-0.9224
42367,1916,-1.3815
42733,1917,-1.6042
43098,1918,-1.3259
43463,1919,-0.9977
43828,1920,-1.1559
44194,1921,-1.3097
44559,1922,-1.2938
44924,1923,-1.3157
45289,1924,-1.4034
45655,1925,-1.1532
46020,1926,-0.9014
46385,1927,-1.0916
46750,1928,-1.1404
47116,1929,-1.1037
47481,1930,-0.8880
47846,1931,-1.0343
48211,1932,-0.8026
48577,1933,-1.1189
48942,1934,-1.1700
49307,1935,-0.9637
49672,1936,-0.8665
50038,1937,-0.8280
50403,1938,-1.0009
50768,1939,-0.7736
51133,1940,-0.6307
51499,1941,-0.5921
51864,1942,-0.8707
52229,1943,-0.8913
52594,1944,-0.5984
52960,1945,-0.6055
53325,1946,-0.7667
53690,1947,-0.8251
54055,1948,-0.7591
54421,1949,-0.9107
54786,1950,-0.9642
55151,1951,-0.7654
55516,1952,-0.7557
55882,1953,-0.5826
56247,1954,-0.9386
56612,1955,-1.0940
56977,1956,-1.2180
57343,1957,-0.6782
57708,1958,-0.4703
58073,1959,-0.6749
58438,1960,-0.7296
58804,1961,-0.5579
59169,1962,-0.7898
59534,1963,-0.5511
59899,1964,-0.8786
60265,1965,-0.5972
60630,1966,-0.6544
60995,1967,-0.6573
61360,1968,-0.7994
61726,1969,-0.3035
62091,1970,-0.5267
62456,1971,-0.9107
62821,1972,-0.5144
63187,1973,-0.5293
63552,1974,-0.9028
63917,1975,-0.7821
64282,1976,-0.8344
64648,1977,-0.3784
65013,1978,-0.5224
65378,1979,-0.5379
65743,1980,-0.3567
66109,1981,-0.4988
66474,1982,-0.3805
66839,1983,-0.1905
67204,1984,-0.6008
67570,1985,-0.5129
67935,1986,-0.3907
68300,1987,-0.0759
68665,1988,-0.4381
69031,1989,-0.5057
69396,1990,-0.3557
69761,1991,-0.2971
70126,1992,-0.4282
70492,1993,-0.2970
70857,1994,-0.1438
71222,1995,-0.1518
71587,1996,-0.3368
71953,1997,0.0238
72318,1998,0.2259
72683,1999,-0.3572
73048,2000,-0.4275
73414,2001,-0.1475
73779,2002,0.0443
74144,2003,-0.0091
74509,2004,-0.0736
74875,2005,0.0174
75240,2006,0.0117
75605,2007,-0.2031
75970,2008,-0.1350
76336,2009,0.0946
76701,2010,0.0676
77066,2011,-0.0917
77431,2012,0.1206
77797,2013,0.0020
78162,2014,0.2061
78527,2015,0.5563
78892,2016,0.3268
79258,2017,0.3542
79623,2018,0.1064
79988,2019,0.4079
80353,2020,0.5335
80719,2021,0.2442
81084,2022,0.0252
end data
