Conventions,G,BADC-CSV,1
title,G,Regional mean temperature for WMO RA 6 Europe
last_revised_date,G,2022-12-16
date_valid,G,2022-12-16
feature_type,G,area average
creator,G,WMO
source,G,Produced by climind version 0.1
observation_station,G,derived data
location,G,90.,-180.,-90.,180.
activity,G,WMO
history,G,""Data set created from file ['NOAAGlobalTemp_v*.nc'] downloaded from ['https://www.ncei.noaa.gov/data/noaa-global-surface-temperature/v5/access/gridded/NOAAGlobalTemp_v.*.nc'] at ['2022-12-16 09:24:29']""
history,G,""Data set created from file ['NOAAGlobalTemp_v*.nc'] downloaded from ['https://www.ncei.noaa.gov/data/noaa-global-surface-temperature/v5/access/gridded/NOAAGlobalTemp_v.*.nc'] at ['2022-12-16 09:24:29']""
history,G,""Regridded to 1 degree latitude-longitude resolution""
history,G,""Rebaselined to 1991-2020""
history,G,""Calculated area-average""
history,G,""Calculated annual average from monthly averages using arithmetic mean""
history,G,""Selected years within the range 1900 to 2022.""
history,G,""Wrote to file wmo_ra_6_NOAAGlobalTemp.csv""
history,G,"Data set created from file ['wmo_ra_6_NOAAGlobalTemp.csv'] downloaded from [''] at ['2022-12-16 17:53:18']"
reference,G,"Huang, B., M. J. Menne, T. Boyer, E. Freeman, B. E. Gleason, J. H. Lawrimore, C. Liu, J. J. Rennie, C. Schreck, F. Sun, R. Vose, C. N. Williams, X. Yin, H.-M. Zhang, 2020: Uncertainty estimates for sea surface temperature and land surface air temperature in NOAAGlobalTemp version 5. , J. Climate, 33, 1351-1379, DOI: 10.1175/JCLI-D-19-0395.1"
reference,G,"Zhang, Huai-Min, Jay H. Lawrimore, Boyin Huang, Matthew J. Menne, Xungang Yin, Ahira Sȧnchez-Lugo, Byron E. Gleason, Russell Vose, Derek Arndt, J. Jared Rennie, and Claude N. Williams. (2019) Updated Temperature Data Give a Sharper View of Climate Trends. Eos, 100, https://doi.org/10.1029/2019EO128229"
rights,G,TBD
comments,G,Data produced by climind version 0.1
comments,G,Format description https://help.ceda.ac.uk/article/105-badc-csv
long_name,time,time,days since 1800-01-01 00:00:00.0
type,time,int
long_name,year,year,1
type,year,int
long_name,data,wmo_ra_6,degC
type,data,float
coordinate_variable,time,t
data
time,year,data
36524,1900,-1.3846
36889,1901,-1.1079
37254,1902,-2.1011
37619,1903,-1.0369
37984,1904,-1.5653
38350,1905,-1.2103
38715,1906,-1.0246
39080,1907,-1.9053
39445,1908,-1.8440
39811,1909,-1.5019
40176,1910,-0.9857
40541,1911,-1.5064
40906,1912,-1.7928
41272,1913,-1.1997
41637,1914,-1.2634
42002,1915,-1.5645
42367,1916,-1.0913
42733,1917,-1.7077
43098,1918,-1.3736
43463,1919,-1.7218
43828,1920,-1.0564
44194,1921,-1.1251
44559,1922,-1.4119
44924,1923,-1.1121
45289,1924,-1.3665
45655,1925,-0.9137
46020,1926,-1.2091
46385,1927,-1.2307
46750,1928,-1.2819
47116,1929,-1.6669
47481,1930,-0.7059
47846,1931,-1.4657
48211,1932,-0.8614
48577,1933,-1.6232
48942,1934,-0.4373
49307,1935,-0.8851
49672,1936,-0.5500
50038,1937,-0.4600
50403,1938,-0.4671
50768,1939,-0.7449
51133,1940,-1.8314
51499,1941,-2.0569
51864,1942,-1.8984
52229,1943,-0.6714
52594,1944,-0.8296
52960,1945,-1.3243
53325,1946,-0.8160
53690,1947,-0.9296
54055,1948,-0.7420
54421,1949,-0.7706
54786,1950,-0.8668
55151,1951,-0.9078
55516,1952,-1.0169
55882,1953,-0.9546
56247,1954,-1.1162
56612,1955,-1.1329
56977,1956,-2.0202
57343,1957,-0.6042
57708,1958,-1.1312
58073,1959,-0.8604
58438,1960,-0.7008
58804,1961,-0.3659
59169,1962,-0.8410
59534,1963,-1.3465
59899,1964,-1.1044
60265,1965,-1.4295
60630,1966,-0.8587
60995,1967,-0.8305
61360,1968,-1.2352
61726,1969,-1.7915
62091,1970,-1.1084
62456,1971,-1.1390
62821,1972,-0.9138
63187,1973,-1.0926
63552,1974,-0.5613
63917,1975,-0.3632
64282,1976,-1.6643
64648,1977,-0.9452
65013,1978,-1.5469
65378,1979,-1.0589
65743,1980,-1.3912
66109,1981,-0.7538
66474,1982,-0.9157
66839,1983,-0.7080
67204,1984,-1.0530
67570,1985,-1.5239
67935,1986,-1.0529
68300,1987,-1.7400
68665,1988,-0.7545
69031,1989,-0.0860
69396,1990,-0.1930
69761,1991,-0.6226
70126,1992,-0.7765
70492,1993,-1.2312
70857,1994,-0.5576
71222,1995,-0.2598
71587,1996,-0.9760
71953,1997,-0.7116
72318,1998,-0.5756
72683,1999,-0.0713
73048,2000,0.1956
73414,2001,-0.1295
73779,2002,-0.0390
74144,2003,-0.0519
74509,2004,-0.1013
74875,2005,0.0227
75240,2006,-0.0592
75605,2007,0.4377
75970,2008,0.3257
76336,2009,0.0670
76701,2010,0.0914
77066,2011,0.0942
77431,2012,0.0601
77797,2013,0.1913
78162,2014,0.5946
78527,2015,0.5897
78892,2016,0.6331
79258,2017,0.3538
79623,2018,0.5908
79988,2019,0.8214
80353,2020,1.0862
80719,2021,0.2918
81084,2022,0.7099
end data
