Conventions,G,BADC-CSV,1
title,G,Regional mean temperature for WMO RA 3 South America
last_revised_date,G,2022-11-29
date_valid,G,2022-11-29
feature_type,G,area average
creator,G,WMO
source,G,Produced by climind version 0.1
observation_station,G,derived data
location,G,90.,-180.,-90.,180.
activity,G,WMO
history,G,""Data set created from file ['NOAAGlobalTemp_v*.nc'] downloaded from ['https://www.ncei.noaa.gov/data/noaa-global-surface-temperature/v5/access/gridded/NOAAGlobalTemp_v.*.nc'] at ['2022-11-21 17:47:59']""
history,G,""Data set created from file ['NOAAGlobalTemp_v*.nc'] downloaded from ['https://www.ncei.noaa.gov/data/noaa-global-surface-temperature/v5/access/gridded/NOAAGlobalTemp_v.*.nc'] at ['2022-11-21 17:47:59']""
history,G,""Regridded to 1 degree latitude-longitude resolution""
history,G,""Rebaselined to 1981-2010""
history,G,""Calculated area-average""
history,G,""Calculated annual average from monthly averages using arithmetic mean""
history,G,""Selected years within the range 1900 to 2022.""
history,G,""Wrote to file wmo_ra_3_NOAAGlobalTemp.csv""
history,G,"Data set created from file ['wmo_ra_3_NOAAGlobalTemp.csv'] downloaded from [''] at ['2022-11-23 19:15:01']"
reference,G,"Huang, B., M. J. Menne, T. Boyer, E. Freeman, B. E. Gleason, J. H. Lawrimore, C. Liu, J. J. Rennie, C. Schreck, F. Sun, R. Vose, C. N. Williams, X. Yin, H.-M. Zhang, 2020: Uncertainty estimates for sea surface temperature and land surface air temperature in NOAAGlobalTemp version 5. , J. Climate, 33, 1351-1379, DOI: 10.1175/JCLI-D-19-0395.1"
reference,G,"Zhang, Huai-Min, Jay H. Lawrimore, Boyin Huang, Matthew J. Menne, Xungang Yin, Ahira Sȧnchez-Lugo, Byron E. Gleason, Russell Vose, Derek Arndt, J. Jared Rennie, and Claude N. Williams. (2019) Updated Temperature Data Give a Sharper View of Climate Trends. Eos, 100, https://doi.org/10.1029/2019EO128229"
rights,G,TBD
comments,G,Data produced by climind version 0.1
comments,G,Format description https://help.ceda.ac.uk/article/105-badc-csv
long_name,time,time,days since 1800-01-01 00:00:00.0
type,time,int
long_name,year,year,1
type,year,int
long_name,data,wmo_ra_3,degC
type,data,float
coordinate_variable,time,t
data
time,year,data
36524,1900,-0.4825
36889,1901,-0.5985
37254,1902,-0.5360
37619,1903,-0.7946
37984,1904,-0.7903
38350,1905,-0.6826
38715,1906,-0.6312
39080,1907,-0.8868
39445,1908,-0.8313
39811,1909,-0.8798
40176,1910,-0.9725
40541,1911,-1.0727
40906,1912,-0.8027
41272,1913,-0.7266
41637,1914,-0.8449
42002,1915,-0.7719
42367,1916,-1.2193
42733,1917,-1.4370
43098,1918,-1.1571
43463,1919,-0.8240
43828,1920,-0.9819
44194,1921,-1.1347
44559,1922,-1.1202
44924,1923,-1.1427
45289,1924,-1.2342
45655,1925,-0.9857
46020,1926,-0.7275
46385,1927,-0.9142
46750,1928,-0.9662
47116,1929,-0.9221
47481,1930,-0.7006
47846,1931,-0.8203
48211,1932,-0.6041
48577,1933,-0.8982
48942,1934,-0.9640
49307,1935,-0.7498
49672,1936,-0.6575
50038,1937,-0.6195
50403,1938,-0.7907
50768,1939,-0.5672
51133,1940,-0.4162
51499,1941,-0.3831
51864,1942,-0.6554
52229,1943,-0.6798
52594,1944,-0.3794
52960,1945,-0.3977
53325,1946,-0.5632
53690,1947,-0.6251
54055,1948,-0.5521
54421,1949,-0.7070
54786,1950,-0.7621
55151,1951,-0.5568
55516,1952,-0.5373
55882,1953,-0.3740
56247,1954,-0.7254
56612,1955,-0.8873
56977,1956,-0.9991
57343,1957,-0.4748
57708,1958,-0.2645
58073,1959,-0.4704
58438,1960,-0.5279
58804,1961,-0.3486
59169,1962,-0.5762
59534,1963,-0.3413
59899,1964,-0.6705
60265,1965,-0.3822
60630,1966,-0.4440
60995,1967,-0.4517
61360,1968,-0.5945
61726,1969,-0.0996
62091,1970,-0.3260
62456,1971,-0.7123
62821,1972,-0.3227
63187,1973,-0.3337
63552,1974,-0.7027
63917,1975,-0.5808
64282,1976,-0.6362
64648,1977,-0.1787
65013,1978,-0.3201
65378,1979,-0.3355
65743,1980,-0.1507
66109,1981,-0.2897
66474,1982,-0.1777
66839,1983,0.0154
67204,1984,-0.3910
67570,1985,-0.3043
67935,1986,-0.1786
68300,1987,0.1422
68665,1988,-0.2232
69031,1989,-0.2972
69396,1990,-0.1409
69761,1991,-0.0785
70126,1992,-0.2092
70492,1993,-0.0819
70857,1994,0.0703
71222,1995,0.0587
71587,1996,-0.1237
71953,1997,0.2461
72318,1998,0.4446
72683,1999,-0.1429
73048,2000,-0.2116
73414,2001,0.0713
73779,2002,0.2663
74144,2003,0.2135
74509,2004,0.1473
74875,2005,0.2331
75240,2006,0.2343
75605,2007,0.0166
75970,2008,0.0882
76336,2009,0.3177
76701,2010,0.2847
77066,2011,0.1341
77431,2012,0.3425
77797,2013,0.2246
78162,2014,0.4231
78527,2015,0.7719
78892,2016,0.5326
79258,2017,0.5767
79623,2018,0.3391
79988,2019,0.6280
80353,2020,0.7152
80719,2021,0.4141
81084,2022,0.2079
end data
