Conventions,G,BADC-CSV,1
title,G,Regional mean temperature for WMO RA 4 North America
last_revised_date,G,2022-08-23
date_valid,G,2022-08-23
feature_type,G,area average
creator,G,WMO
source,G,Produced by climind version 0.1
observation_station,G,derived data
location,G,90.,-180.,-90.,180.
activity,G,WMO
history,G,"Time series created from file ['wmo_ra_4_ERA5.csv'] downloaded from ['']"
reference,G,"Hersbach H, Bell B, Berrisford P et al. 2020. The ERA5 global reanalysis. Q. J. R. Meteorol. Soc. 146: 1999– 2049. https://doi.org/10.1002/qj.3803"
rights,G,TBD
comments,G,Data produced by climind version 0.1
comments,G,Format description https://help.ceda.ac.uk/article/105-badc-csv
long_name,time,time,
type,time,int
long_name,year,year,1
type,year,int
long_name,data,wmo_ra_4,degC
type,data,float
coordinate_variable,time,t
data
time,year,data
65378,1979,-0.7729
65743,1980,-0.2580
66109,1981,0.6612
66474,1982,-1.1403
66839,1983,-0.4952
67204,1984,-0.5303
67570,1985,-0.7405
67935,1986,-0.3508
68300,1987,0.3854
68665,1988,-0.0835
69031,1989,-0.6383
69396,1990,-0.3565
69761,1991,-0.1051
70126,1992,-0.5905
70492,1993,-0.3717
70857,1994,-0.0848
71222,1995,-0.0249
71587,1996,-0.6377
71953,1997,-0.2357
72318,1998,0.9933
72683,1999,0.3980
73048,2000,0.0712
73414,2001,0.5655
73779,2002,0.0722
74144,2003,0.2949
74509,2004,-0.2295
74875,2005,0.6807
75240,2006,1.1358
75605,2007,0.3108
75970,2008,-0.1462
76336,2009,0.0282
76701,2010,1.1643
77066,2011,0.4808
77431,2012,1.0410
77797,2013,0.0339
78162,2014,0.0976
78527,2015,0.7625
78892,2016,1.3618
79258,2017,0.9664
79623,2018,0.3247
79988,2019,0.5379
80353,2020,0.7644
80719,2021,1.0655
end data
