Conventions,G,BADC-CSV,1
title,G,Regional mean temperature for WMO RA 5 South-West Pacific
last_revised_date,G,2022-08-29
date_valid,G,2022-08-29
feature_type,G,area average
creator,G,WMO
source,G,Produced by climind version 0.1
observation_station,G,derived data
location,G,90.,-180.,-90.,180.
activity,G,WMO
history,G,""Gridded dataset created from file ['NOAAGlobalTemp_v*.nc'] downloaded from ['https://www.ncei.noaa.gov/data/noaa-global-surface-temperature/v5/access/gridded/NOAAGlobalTemp_v.*.nc']""history,G,""Regridded to 1 degree latitude-longitude resolution""history,G,""Rebaselined to 1981-2010""history,G,""Calculated area-average""history,G,""Calculated annual average""history,G,""Wrote to file wmo_ra_5_NOAAGlobalTemp.csv""history,G,"Time series created from file ['wmo_ra_5_NOAAGlobalTemp.csv'] downloaded from ['']"
reference,G,"Huang, B., M. J. Menne, T. Boyer, E. Freeman, B. E. Gleason, J. H. Lawrimore, C. Liu, J. J. Rennie, C. Schreck, F. Sun, R. Vose, C. N. Williams, X. Yin, H.-M. Zhang, 2020: Uncertainty estimates for sea surface temperature and land surface air temperature in NOAAGlobalTemp version 5. , J. Climate, 33, 1351-1379, DOI: 10.1175/JCLI-D-19-0395.1"reference,G,"Zhang, Huai-Min, Jay H. Lawrimore, Boyin Huang, Matthew J. Menne, Xungang Yin, Ahira Sȧnchez-Lugo, Byron E. Gleason, Russell Vose, Derek Arndt, J. Jared Rennie, and Claude N. Williams. (2019) Updated Temperature Data Give a Sharper View of Climate Trends. Eos, 100, https://doi.org/10.1029/2019EO128229"
rights,G,TBD
comments,G,Data produced by climind version 0.1
comments,G,Format description https://help.ceda.ac.uk/article/105-badc-csv
long_name,time,time,
type,time,int
long_name,year,year,1
type,year,int
long_name,data,wmo_ra_5,degC
type,data,float
coordinate_variable,time,t
data
time,year,data
36524,1900,-0.3479
36889,1901,-0.6328
37254,1902,-0.6828
37619,1903,-0.8688
37984,1904,-1.0936
38350,1905,-0.8843
38715,1906,-0.3559
39080,1907,-0.7840
39445,1908,-1.1071
39811,1909,-1.0010
40176,1910,-0.6693
40541,1911,-0.8620
40906,1912,-0.5131
41272,1913,-0.9795
41637,1914,-0.2503
42002,1915,-0.2584
42367,1916,-0.6591
42733,1917,-1.1795
43098,1918,-0.8561
43463,1919,-0.4859
43828,1920,-0.8091
44194,1921,-0.4920
44559,1922,-0.6746
44924,1923,-0.6729
45289,1924,-0.8423
45655,1925,-1.0221
46020,1926,-0.5567
46385,1927,-0.7278
46750,1928,-0.3275
47116,1929,-1.0015
47481,1930,-0.6183
47846,1931,-0.7725
48211,1932,-0.7241
48577,1933,-0.7407
48942,1934,-0.6578
49307,1935,-0.7271
49672,1936,-0.5193
50038,1937,-0.6390
50403,1938,-0.2073
50768,1939,-0.8102
51133,1940,-0.6182
51499,1941,-0.6463
51864,1942,-0.2936
52229,1943,-0.7958
52594,1944,-0.6160
52960,1945,-0.5035
53325,1946,-0.8110
53690,1947,-0.6511
54055,1948,-0.7967
54421,1949,-1.1300
54786,1950,-0.7693
55151,1951,-0.6473
55516,1952,-0.6865
55882,1953,-0.6712
56247,1954,-0.6158
56612,1955,-0.6325
56977,1956,-0.9323
57343,1957,-0.3835
57708,1958,-0.2511
58073,1959,-0.2003
58438,1960,-0.7283
58804,1961,-0.3234
59169,1962,-0.3897
59534,1963,-0.5367
59899,1964,-0.5123
60265,1965,-0.3846
60630,1966,-0.7218
60995,1967,-0.5822
61360,1968,-0.6178
61726,1969,-0.3274
62091,1970,-0.3394
62456,1971,-0.4688
62821,1972,-0.2920
63187,1973,0.1200
63552,1974,-0.7024
63917,1975,-0.3759
64282,1976,-0.7987
64648,1977,-0.3481
65013,1978,-0.3972
65378,1979,-0.0540
65743,1980,0.1238
66109,1981,-0.0688
66474,1982,-0.3259
66839,1983,-0.0135
67204,1984,-0.5505
67570,1985,-0.1585
67935,1986,-0.1247
68300,1987,-0.1722
68665,1988,0.2985
69031,1989,-0.2248
69396,1990,0.0647
69761,1991,0.0334
70126,1992,-0.2356
70492,1993,-0.1355
70857,1994,-0.2272
71222,1995,-0.1780
71587,1996,0.0785
71953,1997,-0.1302
72318,1998,0.4721
72683,1999,0.0184
73048,2000,-0.2309
73414,2001,-0.1196
73779,2002,0.2473
74144,2003,0.2420
74509,2004,0.0687
74875,2005,0.5106
75240,2006,0.0731
75605,2007,0.2273
75970,2008,0.0266
76336,2009,0.4039
76701,2010,0.1308
77066,2011,-0.2231
77431,2012,-0.0622
77797,2013,0.7015
78162,2014,0.4795
78527,2015,0.4356
78892,2016,0.6207
79258,2017,0.5364
79623,2018,0.5158
79988,2019,0.6687
80353,2020,0.5600
80719,2021,0.1813
end data
