Conventions,G,BADC-CSV,1
title,G,Regional mean temperature for WMO RA 2 Asia
last_revised_date,G,2023-10-31
date_valid,G,2023-10-31
feature_type,G,area average
creator,G,WMO
source,G,Produced by climind version 1.0
observation_station,G,derived data
location,G,90.,-180.,-90.,180.
activity,G,WMO
history,G,""Data set created from file ['HadCRUT.5.0.1.0.analysis.anomalies.ensemble_mean.nc'] downloaded from ['https://www.metoffice.gov.uk/hadobs/hadcrut5/data/current/analysis/HadCRUT.5.0.1.0.analysis.anomalies.ensemble_mean.nc'] at ['2023-10-13 17:19:31']""
history,G,""Regridded to 1 degree latitude-longitude resolution""
history,G,""Rebaselined to 1991-2020""
history,G,""Calculated area-average""
history,G,""Calculated annual average from monthly averages using arithmetic mean""
history,G,""Selected years within the range 1900 to 2023.""
history,G,""Wrote to file wmo_ra_2_HadCRUT5.csv""
history,G,"Data set created from file ['wmo_ra_2_HadCRUT5.csv'] downloaded from [''] at ['2023-10-27 10:55:34']"
reference,G,"Morice, C. P., Kennedy, J. J., Rayner, N. A., Winn, J. P., Hogan, E., Killick, R. E., et al. (2021). An updated assessment of near-surface temperature change from 1850: the HadCRUT5 data set. Journal of Geophysical Research: Atmospheres, 126, e2019JD032361. https://doi.org/10.1029/2019JD032361"
rights,G,TBD
comments,G,Data produced by climind version 1.0
comments,G,Format description https://help.ceda.ac.uk/article/105-badc-csv
comments,G,"Original data acknowledgement: HadCRUT.5.0.1.0 data were obtained from http://www.metoffice.gov.uk/hadobs/hadcrut5 on 2023-10-13 17:19:31 and are © British Crown Copyright, Met Office 2023, provided under an Open Government License, http://www.nationalarchives.gov.uk/doc/open-government-licence/version/3/"
long_name,time,time,days since 1800-01-01 00:00:00.0
type,time,int
long_name,year,year,1
type,year,int
long_name,data,wmo_ra_2,degC
type,data,float
coordinate_variable,time,t
data
time,year,data
36524,1900,-1.3432
36889,1901,-1.1176
37254,1902,-1.5165
37619,1903,-1.4844
37984,1904,-1.3809
38350,1905,-1.5986
38715,1906,-1.1438
39080,1907,-1.5337
39445,1908,-1.5113
39811,1909,-1.3301
40176,1910,-1.5571
40541,1911,-1.4798
40906,1912,-1.8398
41272,1913,-1.4815
41637,1914,-0.9495
42002,1915,-1.2548
42367,1916,-1.4993
42733,1917,-1.2881
43098,1918,-1.4354
43463,1919,-1.3382
43828,1920,-1.2290
44194,1921,-0.9540
44559,1922,-1.1608
44924,1923,-1.2047
45289,1924,-1.0446
45655,1925,-1.0090
46020,1926,-0.9511
46385,1927,-1.1636
46750,1928,-1.2267
47116,1929,-1.6404
47481,1930,-1.2438
47846,1931,-1.3042
48211,1932,-0.7978
48577,1933,-1.4774
48942,1934,-1.1879
49307,1935,-1.1076
49672,1936,-1.2599
50038,1937,-1.2880
50403,1938,-0.8470
50768,1939,-0.7648
51133,1940,-0.9793
51499,1941,-1.0737
51864,1942,-1.0163
52229,1943,-0.7474
52594,1944,-0.8003
52960,1945,-1.1789
53325,1946,-1.1360
53690,1947,-1.0400
54055,1948,-0.6730
54421,1949,-1.1334
54786,1950,-1.4722
55151,1951,-0.9462
55516,1952,-1.4365
55882,1953,-0.7033
56247,1954,-1.2783
56612,1955,-1.1146
56977,1956,-1.4354
57343,1957,-1.4010
57708,1958,-1.1819
58073,1959,-0.9270
58438,1960,-1.3167
58804,1961,-0.8989
59169,1962,-0.7015
59534,1963,-0.7083
59899,1964,-1.4334
60265,1965,-1.1848
60630,1966,-1.2965
60995,1967,-0.9152
61360,1968,-1.2487
61726,1969,-1.7436
62091,1970,-1.1902
62456,1971,-0.9664
62821,1972,-1.4708
63187,1973,-0.7223
63552,1974,-1.4422
63917,1975,-0.6248
64282,1976,-1.4582
64648,1977,-1.0601
65013,1978,-0.8579
65378,1979,-1.0504
65743,1980,-0.8906
66109,1981,-0.5100
66474,1982,-0.9091
66839,1983,-0.4608
67204,1984,-1.2940
67570,1985,-1.0663
67935,1986,-0.8849
68300,1987,-1.0773
68665,1988,-0.3687
69031,1989,-0.5039
69396,1990,-0.2075
69761,1991,-0.4407
70126,1992,-0.9148
70492,1993,-0.7191
70857,1994,-0.5391
71222,1995,0.1058
71587,1996,-0.7436
71953,1997,-0.2568
72318,1998,-0.2790
72683,1999,-0.2542
73048,2000,-0.3944
73414,2001,-0.1317
73779,2002,0.1333
74144,2003,-0.0053
74509,2004,-0.0881
74875,2005,0.0735
75240,2006,-0.1280
75605,2007,0.5907
75970,2008,0.2362
76336,2009,-0.1503
76701,2010,-0.0297
77066,2011,0.0785
77431,2012,-0.1473
77797,2013,0.2061
78162,2014,0.0748
78527,2015,0.6322
78892,2016,0.6053
79258,2017,0.7061
79623,2018,0.2637
79988,2019,0.5934
80353,2020,0.9223
80719,2021,0.4026
81084,2022,0.6371
81449,2023,0.6410
end data
