Conventions,G,BADC-CSV,1
title,G,Regional mean temperature for WMO RA 5 South-West Pacific
last_revised_date,G,2022-12-16
date_valid,G,2022-12-16
feature_type,G,area average
creator,G,WMO
source,G,Produced by climind version 0.1
observation_station,G,derived data
location,G,90.,-180.,-90.,180.
activity,G,WMO
history,G,""Data set created from file ['anl_surf125.011_tmp.202201_202212', 'anl_surf125.2022MMMM'] downloaded from ['', ''] at ['2022-12-16 08:42:20']""
history,G,""Regridded to 1 degree latitude-longitude resolution""
history,G,""Rebaselined to 1991-2020""
history,G,""Calculated area-average""
history,G,""Calculated annual average from monthly averages using arithmetic mean""
history,G,""Selected years within the range 1900 to 2022.""
history,G,""Wrote to file wmo_ra_5_JRA-55.csv""
history,G,"Data set created from file ['wmo_ra_5_JRA-55.csv'] downloaded from [''] at ['2022-12-16 17:52:59']"
reference,G,"Kobayashi, S., Ota, Y., Harada, Y., Ebita, A., Moriya, M., Onoda, H., Onogi, K., Kamahori, H., Kobayashi, C., Endo, H. and Miyaoka, K., (2015). The JRA-55 reanalysis: General specifications and basic characteristics. Journal of the Meteorological Society of Japan. Ser. II, 93(1), pp.5-48."
rights,G,TBD
comments,G,Data produced by climind version 0.1
comments,G,Format description https://help.ceda.ac.uk/article/105-badc-csv
long_name,time,time,days since 1800-01-01 00:00:00.0
type,time,int
long_name,year,year,1
type,year,int
long_name,data,wmo_ra_5,degC
type,data,float
coordinate_variable,time,t
data
time,year,data
57708,1958,0.0591
58073,1959,0.0572
58438,1960,-0.6375
58804,1961,-0.0664
59169,1962,-0.2688
59534,1963,-0.4330
59899,1964,-0.2410
60265,1965,-0.0681
60630,1966,-0.6594
60995,1967,-0.5109
61360,1968,-0.6215
61726,1969,-0.2177
62091,1970,-0.2554
62456,1971,-0.5807
62821,1972,-0.1837
63187,1973,-0.1534
63552,1974,-1.1315
63917,1975,-0.7291
64282,1976,-1.0521
64648,1977,-0.4118
65013,1978,-0.5613
65378,1979,-0.1215
65743,1980,0.1638
66109,1981,-0.1667
66474,1982,-0.3622
66839,1983,-0.0947
67204,1984,-0.6490
67570,1985,-0.2157
67935,1986,-0.2145
68300,1987,-0.1684
68665,1988,0.2247
69031,1989,-0.3425
69396,1990,0.0014
69761,1991,0.0102
70126,1992,-0.4603
70492,1993,-0.2330
70857,1994,-0.1691
71222,1995,-0.2906
71587,1996,0.0277
71953,1997,-0.2122
72318,1998,0.3210
72683,1999,-0.3131
73048,2000,-0.5806
73414,2001,-0.4833
73779,2002,0.1092
74144,2003,0.0313
74509,2004,-0.1144
74875,2005,0.4024
75240,2006,-0.1305
75605,2007,0.0778
75970,2008,-0.1732
76336,2009,0.2436
76701,2010,-0.2476
77066,2011,-0.6132
77431,2012,-0.3356
77797,2013,0.5422
78162,2014,0.3178
78527,2015,0.2588
78892,2016,0.3021
79258,2017,0.2433
79623,2018,0.3283
79988,2019,0.7266
80353,2020,0.4143
80719,2021,-0.0689
81084,2022,-0.0928
end data
