Conventions,G,BADC-CSV,1
title,G,Regional mean temperature for WMO RA 5 South-West Pacific
last_revised_date,G,2023-02-23
date_valid,G,2023-02-23
feature_type,G,area average
creator,G,WMO
source,G,Produced by climind version 0.1
observation_station,G,derived data
location,G,90.,-180.,-90.,180.
activity,G,WMO
history,G,""Data set created from file ['NOAAGlobalTemp_v*.nc'] downloaded from ['https://www.ncei.noaa.gov/data/noaa-global-surface-temperature/v5/access/gridded/NOAAGlobalTemp_v.*.nc'] at ['2023-02-22 09:22:48']""
history,G,""Data set created from file ['NOAAGlobalTemp_v*.nc'] downloaded from ['https://www.ncei.noaa.gov/data/noaa-global-surface-temperature/v5/access/gridded/NOAAGlobalTemp_v.*.nc'] at ['2023-02-22 09:22:48']""
history,G,""Regridded to 1 degree latitude-longitude resolution""
history,G,""Rebaselined to 1991-2020""
history,G,""Calculated area-average""
history,G,""Calculated annual average from monthly averages using arithmetic mean""
history,G,""Selected years within the range 1900 to 2022.""
history,G,""Wrote to file wmo_ra_5_NOAAGlobalTemp.csv""
history,G,"Data set created from file ['wmo_ra_5_NOAAGlobalTemp.csv'] downloaded from [''] at ['2023-02-23 17:08:06']"
reference,G,"Huang, B., M. J. Menne, T. Boyer, E. Freeman, B. E. Gleason, J. H. Lawrimore, C. Liu, J. J. Rennie, C. Schreck, F. Sun, R. Vose, C. N. Williams, X. Yin, H.-M. Zhang, 2020: Uncertainty estimates for sea surface temperature and land surface air temperature in NOAAGlobalTemp version 5. , J. Climate, 33, 1351-1379, DOI: 10.1175/JCLI-D-19-0395.1"
reference,G,"Zhang, Huai-Min, Jay H. Lawrimore, Boyin Huang, Matthew J. Menne, Xungang Yin, Ahira Sȧnchez-Lugo, Byron E. Gleason, Russell Vose, Derek Arndt, J. Jared Rennie, and Claude N. Williams. (2019) Updated Temperature Data Give a Sharper View of Climate Trends. Eos, 100, https://doi.org/10.1029/2019EO128229"
rights,G,TBD
comments,G,Data produced by climind version 0.1
comments,G,Format description https://help.ceda.ac.uk/article/105-badc-csv
long_name,time,time,days since 1800-01-01 00:00:00.0
type,time,int
long_name,year,year,1
type,year,int
long_name,data,wmo_ra_5,degC
type,data,float
coordinate_variable,time,t
data
time,year,data
36524,1900,-0.6248
36889,1901,-0.8978
37254,1902,-0.9215
37619,1903,-1.0982
37984,1904,-1.3324
38350,1905,-1.1305
38715,1906,-0.6052
39080,1907,-1.0309
39445,1908,-1.3606
39811,1909,-1.2446
40176,1910,-0.8945
40541,1911,-1.0868
40906,1912,-0.7372
41272,1913,-1.1969
41637,1914,-0.4681
42002,1915,-0.4791
42367,1916,-0.8672
42733,1917,-1.3810
43098,1918,-1.0595
43463,1919,-0.6883
43828,1920,-1.0089
44194,1921,-0.6952
44559,1922,-0.8801
44924,1923,-0.8800
45289,1924,-1.0505
45655,1925,-1.2285
46020,1926,-0.7669
46385,1927,-0.9372
46750,1928,-0.5400
47116,1929,-1.2117
47481,1930,-0.8272
47846,1931,-0.9826
48211,1932,-0.9367
48577,1933,-0.9511
48942,1934,-0.8689
49307,1935,-0.9357
49672,1936,-0.7273
50038,1937,-0.8484
50403,1938,-0.4072
50768,1939,-1.0043
51133,1940,-0.8122
51499,1941,-0.8452
51864,1942,-0.5034
52229,1943,-1.0064
52594,1944,-0.8187
52960,1945,-0.7124
53325,1946,-1.0195
53690,1947,-0.8623
54055,1948,-1.0150
54421,1949,-1.3441
54786,1950,-0.9810
55151,1951,-0.8629
55516,1952,-0.9033
55882,1953,-0.8868
56247,1954,-0.8267
56612,1955,-0.8381
56977,1956,-1.1413
57343,1957,-0.5951
57708,1958,-0.4574
58073,1959,-0.4137
58438,1960,-0.9434
58804,1961,-0.5358
59169,1962,-0.6095
59534,1963,-0.7556
59899,1964,-0.7246
60265,1965,-0.5963
60630,1966,-0.9431
60995,1967,-0.8010
61360,1968,-0.8368
61726,1969,-0.5423
62091,1970,-0.5612
62456,1971,-0.6928
62821,1972,-0.5048
63187,1973,-0.0961
63552,1974,-0.9263
63917,1975,-0.6050
64282,1976,-1.0262
64648,1977,-0.5703
65013,1978,-0.6192
65378,1979,-0.2618
65743,1980,-0.0771
66109,1981,-0.2672
66474,1982,-0.5232
66839,1983,-0.2093
67204,1984,-0.7401
67570,1985,-0.3404
67935,1986,-0.3073
68300,1987,-0.3569
68665,1988,0.1067
69031,1989,-0.4216
69396,1990,-0.1326
69761,1991,-0.1526
70126,1992,-0.4265
70492,1993,-0.3241
70857,1994,-0.4130
71222,1995,-0.3613
71587,1996,-0.1045
71953,1997,-0.3063
72318,1998,0.3059
72683,1999,-0.1744
73048,2000,-0.4147
73414,2001,-0.2976
73779,2002,0.0588
74144,2003,0.0457
74509,2004,-0.1250
74875,2005,0.3248
75240,2006,-0.1101
75605,2007,0.0405
75970,2008,-0.1639
76336,2009,0.2139
76701,2010,-0.0594
77066,2011,-0.4201
77431,2012,-0.2599
77797,2013,0.5156
78162,2014,0.2980
78527,2015,0.2617
78892,2016,0.4394
79258,2017,0.3544
79623,2018,0.3490
79988,2019,0.5002
80353,2020,0.4055
80719,2021,0.0386
81084,2022,0.0915
end data
