Conventions,G,BADC-CSV,1
title,G,Regional mean temperature for Mexico
last_revised_date,G,2024-01-22
date_valid,G,2024-01-22
feature_type,G,area average
creator,G,WMO
source,G,Produced by climind version 1.0
observation_station,G,derived data
location,G,90.,-180.,-90.,180.
rights,G,TBD
activity,G,WMO
comments,G,Format description https://help.ceda.ac.uk/article/105-badc-csv
history,lac_subregion_4_Berkeley_Earth,""Data set created from file ['Land_and_Ocean_LatLong1.nc'] downloaded from ['https://berkeley-earth-temperature.s3.us-west-1.amazonaws.com/Global/Gridded/Land_and_Ocean_LatLong1.nc'] at ['2024-01-17 10:19:03']""
history,lac_subregion_4_Berkeley_Earth,""Rebaselined to 1991-2020""
history,lac_subregion_4_Berkeley_Earth,""Calculated area-average""
history,lac_subregion_4_Berkeley_Earth,""Calculated annual average from monthly averages using arithmetic mean""
history,lac_subregion_4_Berkeley_Earth,""Selected years within the range 1900 to 2023.""
history,lac_subregion_4_Berkeley_Earth,""Wrote to file lac_subregion_4_Berkeley Earth.csv""
history,lac_subregion_4_Berkeley_Earth,"Data set created from file ['lac_subregion_4_Berkeley Earth.csv'] downloaded from [''] at ['2024-01-17 11:06:12']"
reference,lac_subregion_4_Berkeley_Earth,"Rohde, R. A. and Hausfather, Z.: The Berkeley Earth Land/Ocean Temperature Record, Earth Syst. Sci. Data, 12, 3469-3479, https://doi.org/10.5194/essd-12-3469-2020, 2020"
comments,lac_subregion_4_Berkeley_Earth,"Original data acknowledgement: "
history,lac_subregion_4_ERA5,""Gridded dataset created from file ['era5_2m_tas_2024.nc'] downloaded from ['']""
history,lac_subregion_4_ERA5,""Regridded to 1 degree latitude-longitude resolution""
history,lac_subregion_4_ERA5,""Rebaselined to 1991-2020""
history,lac_subregion_4_ERA5,""Calculated area-average""
history,lac_subregion_4_ERA5,""Calculated annual average from monthly averages using arithmetic mean""
history,lac_subregion_4_ERA5,""Selected years within the range 1900 to 2023.""
history,lac_subregion_4_ERA5,""Wrote to file lac_subregion_4_ERA5.csv""
history,lac_subregion_4_ERA5,"Data set created from file ['lac_subregion_4_ERA5.csv'] downloaded from [''] at ['2024-01-17 11:06:41']"
reference,lac_subregion_4_ERA5,"Hersbach H, Bell B, Berrisford P et al. 2020. The ERA5 global reanalysis. Q. J. R. Meteorol. Soc. 146: 1999-2049. https://doi.org/10.1002/qj.3803"
comments,lac_subregion_4_ERA5,"Original data acknowledgement: Contains using Copernicus Climate Change Service information [2024]. Neither the European Commission nor ECMWF is responsible for any use that may be made of the Copernicus information or data it contains."
history,lac_subregion_4_GISTEMP,""Data set created from file ['gistemp1200_GHCNv4_ERSSTv5.nc.gz'] downloaded from ['https://data.giss.nasa.gov/pub/gistemp/gistemp1200_GHCNv4_ERSSTv5.nc.gz'] at ['2024-01-15 11:20:46']""
history,lac_subregion_4_GISTEMP,""Regridded to 1 degree latitude-longitude resolution""
history,lac_subregion_4_GISTEMP,""Rebaselined to 1991-2020""
history,lac_subregion_4_GISTEMP,""Calculated area-average""
history,lac_subregion_4_GISTEMP,""Calculated annual average from monthly averages using arithmetic mean""
history,lac_subregion_4_GISTEMP,""Selected years within the range 1900 to 2023.""
history,lac_subregion_4_GISTEMP,""Wrote to file lac_subregion_4_GISTEMP.csv""
history,lac_subregion_4_GISTEMP,"Data set created from file ['lac_subregion_4_GISTEMP.csv'] downloaded from [''] at ['2024-01-17 11:07:16']"
reference,lac_subregion_4_GISTEMP,"Lenssen, N., G. Schmidt, J. Hansen, M. Menne, A. Persin, R. Ruedy, and D. Zyss, 2019: Improvements in the GISTEMP uncertainty model. J. Geophys. Res. Atmos., 124, no. 12, 6307-6326, doi:10.1029/2018JD029522"
comments,lac_subregion_4_GISTEMP,"Original data acknowledgement: "
history,lac_subregion_4_HadCRUT5,""Data set created from file ['HadCRUT.5.0.2.0.analysis.anomalies.ensemble_mean.nc'] downloaded from ['https://www.metoffice.gov.uk/hadobs/hadcrut5/data/HadCRUT.5.0.2.0/analysis/HadCRUT.5.0.2.0.analysis.anomalies.ensemble_mean.nc'] at ['2024-01-15 11:56:27']""
history,lac_subregion_4_HadCRUT5,""Regridded to 1 degree latitude-longitude resolution""
history,lac_subregion_4_HadCRUT5,""Rebaselined to 1991-2020""
history,lac_subregion_4_HadCRUT5,""Calculated area-average""
history,lac_subregion_4_HadCRUT5,""Calculated annual average from monthly averages using arithmetic mean""
history,lac_subregion_4_HadCRUT5,""Selected years within the range 1900 to 2023.""
history,lac_subregion_4_HadCRUT5,""Wrote to file lac_subregion_4_HadCRUT5.csv""
history,lac_subregion_4_HadCRUT5,"Data set created from file ['lac_subregion_4_HadCRUT5.csv'] downloaded from [''] at ['2024-01-17 11:08:16']"
reference,lac_subregion_4_HadCRUT5,"Morice, C. P., Kennedy, J. J., Rayner, N. A., Winn, J. P., Hogan, E., Killick, R. E., et al. (2021). An updated assessment of near-surface temperature change from 1850: the HadCRUT5 data set. Journal of Geophysical Research: Atmospheres, 126, e2019JD032361. https://doi.org/10.1029/2019JD032361"
comments,lac_subregion_4_HadCRUT5,"Original data acknowledgement: HadCRUT.5.0.2.0 data were obtained from http://www.metoffice.gov.uk/hadobs/hadcrut5 on 2024-01-15 11:56:27 and are © British Crown Copyright, Met Office 2024, provided under an Open Government License, http://www.nationalarchives.gov.uk/doc/open-government-licence/version/3/"
history,lac_subregion_4_JRA-55,""Data set created from file ['anl_surf125.011_tmp.202401_202412', 'anl_surf125.2024MMMM'] downloaded from ['', ''] at ['2024-01-15 11:20:51']""
history,lac_subregion_4_JRA-55,""Regridded to 1 degree latitude-longitude resolution""
history,lac_subregion_4_JRA-55,""Rebaselined to 1991-2020""
history,lac_subregion_4_JRA-55,""Calculated area-average""
history,lac_subregion_4_JRA-55,""Calculated annual average from monthly averages using arithmetic mean""
history,lac_subregion_4_JRA-55,""Selected years within the range 1900 to 2023.""
history,lac_subregion_4_JRA-55,""Wrote to file lac_subregion_4_JRA-55.csv""
history,lac_subregion_4_JRA-55,"Data set created from file ['lac_subregion_4_JRA-55.csv'] downloaded from [''] at ['2024-01-17 11:08:51']"
reference,lac_subregion_4_JRA-55,"Kobayashi, S., Ota, Y., Harada, Y., Ebita, A., Moriya, M., Onoda, H., Onogi, K., Kamahori, H., Kobayashi, C., Endo, H. and Miyaoka, K., (2015). The JRA-55 reanalysis: General specifications and basic characteristics. Journal of the Meteorological Society of Japan. Ser. II, 93(1), pp.5-48."
comments,lac_subregion_4_JRA-55,"Original data acknowledgement: "
history,lac_subregion_4_Kadow,""Data set created from file ['HadCRUT5.anomalies.Kadow_et_al_2020_20crAI-infilled.ensemble_mean_185001-*.nc'] downloaded from [''] at ['2024-01-17 10:11:02']""
history,lac_subregion_4_Kadow,""Regridded to 1 degree latitude-longitude resolution""
history,lac_subregion_4_Kadow,""Rebaselined to 1991-2020""
history,lac_subregion_4_Kadow,""Calculated area-average""
history,lac_subregion_4_Kadow,""Calculated annual average from monthly averages using arithmetic mean""
history,lac_subregion_4_Kadow,""Selected years within the range 1900 to 2023.""
history,lac_subregion_4_Kadow,""Wrote to file lac_subregion_4_Kadow.csv""
history,lac_subregion_4_Kadow,"Data set created from file ['lac_subregion_4_Kadow.csv'] downloaded from [''] at ['2024-01-17 11:09:33']"
reference,lac_subregion_4_Kadow,"Kadow, C., Hall, D.M. & Ulbrich, U. Artificial intelligence reconstructs missing climate information. Nat. Geosci. (2020). https://doi.org/10.1038/s41561-020-0582-5"
comments,lac_subregion_4_Kadow,"Original data acknowledgement: "
history,lac_subregion_4_NOAA_Interim,""Data set created from file ['NOAAGlobalTemp_v*.nc'] downloaded from ['https://www.ncei.noaa.gov/data/noaa-global-surface-temperature/v5.1/access/gridded/NOAAGlobalTemp_v.*.nc'] at ['2024-01-17 10:19:08']""
history,lac_subregion_4_NOAA_Interim,""Data set created from file ['NOAAGlobalTemp_v*.nc'] downloaded from ['https://www.ncei.noaa.gov/data/noaa-global-surface-temperature/v5.1/access/gridded/NOAAGlobalTemp_v.*.nc'] at ['2024-01-17 10:19:08']""
history,lac_subregion_4_NOAA_Interim,""Regridded to 1 degree latitude-longitude resolution""
history,lac_subregion_4_NOAA_Interim,""Rebaselined to 1991-2020""
history,lac_subregion_4_NOAA_Interim,""Calculated area-average""
history,lac_subregion_4_NOAA_Interim,""Calculated annual average from monthly averages using arithmetic mean""
history,lac_subregion_4_NOAA_Interim,""Selected years within the range 1900 to 2023.""
history,lac_subregion_4_NOAA_Interim,""Wrote to file lac_subregion_4_NOAA Interim.csv""
history,lac_subregion_4_NOAA_Interim,"Data set created from file ['lac_subregion_4_NOAA Interim.csv'] downloaded from [''] at ['2024-01-17 11:10:35']"
reference,lac_subregion_4_NOAA_Interim,"Vose, R.S., B. Huang, X. Yin., D. Arndt, D.R. Easterling, J.H. Lawrimore, M.J. Menne, A. Sanchez-Lugo, H.-M. Zhang, 2021: Implementing full spatial coverage in NOAA’s global temperature analysis. Geophysical Research Letters, 48, e2020GL090873. https://doi.org/10.1029/2020GL090873"
comments,lac_subregion_4_NOAA_Interim,"Original data acknowledgement: "
long_name,time,time,days since 1800-01-01 00:00:00.0
type,time,int
long_name,year,year,1
type,year,int
long_name,lac_subregion_4_Berkeley_Earth,lac_subregion_4,degC
type,lac_subregion_4_Berkeley_Earth,float
long_name,lac_subregion_4_ERA5,lac_subregion_4,degC
type,lac_subregion_4_ERA5,float
long_name,lac_subregion_4_GISTEMP,lac_subregion_4,degC
type,lac_subregion_4_GISTEMP,float
long_name,lac_subregion_4_HadCRUT5,lac_subregion_4,degC
type,lac_subregion_4_HadCRUT5,float
long_name,lac_subregion_4_JRA-55,lac_subregion_4,degC
type,lac_subregion_4_JRA-55,float
long_name,lac_subregion_4_Kadow,lac_subregion_4,degC
type,lac_subregion_4_Kadow,float
long_name,lac_subregion_4_NOAA_Interim,lac_subregion_4,degC
type,lac_subregion_4_NOAA_Interim,float
coordinate_variable,time,t
data
time,year,lac_subregion_4_Berkeley_Earth,lac_subregion_4_ERA5,lac_subregion_4_GISTEMP,lac_subregion_4_HadCRUT5,lac_subregion_4_JRA-55,lac_subregion_4_Kadow,lac_subregion_4_NOAA_Interim
36524,1900,-0.6163,,-0.8634,-0.9136,,-0.8373,-0.5976
36889,1901,-0.6725,,-0.9209,-1.3340,,-1.1232,-0.7132
37254,1902,-0.4249,,-0.7053,-1.0534,,-0.8629,-0.6314
37619,1903,-0.9637,,-1.4462,-1.4518,,-1.1752,-1.0284
37984,1904,-0.9099,,-0.9042,-1.2963,,-1.0662,-1.0368
38350,1905,-0.8524,,-1.2402,-1.1929,,-0.9285,-1.0333
38715,1906,-0.9722,,-1.1166,-1.2582,,-1.1651,-1.0972
39080,1907,-0.6007,,-0.6458,-0.9195,,-0.7610,-0.7707
39445,1908,-0.6600,,-0.8849,-1.0728,,-0.9933,-0.9077
39811,1909,-0.6975,,-0.8998,-1.1593,,-0.9431,-1.0490
40176,1910,-0.8518,,-0.9645,-1.3023,,-1.3075,-1.1642
40541,1911,-0.6179,,-0.8394,-0.9767,,-0.6872,-0.8041
40906,1912,-1.1508,,-1.7194,-1.4510,,-1.2395,-1.2600
41272,1913,-1.3420,,-1.7246,-1.6593,,-1.5880,-1.5077
41637,1914,-0.9799,,-1.2962,-1.1860,,-1.1722,-0.9610
42002,1915,-0.8804,,-1.3408,-1.1047,,-0.9803,-0.8101
42367,1916,-0.7037,,-0.9072,-0.9520,,-1.3805,-1.1866
42733,1917,-0.8315,,-1.2168,-1.2221,,-1.2911,-1.3447
43098,1918,-0.7472,,-1.1326,-1.1859,,-0.8603,-0.9418
43463,1919,-0.9500,,-1.5119,-1.3788,,-1.2511,-1.1033
43828,1920,-0.7829,,-1.2877,-1.3275,,-1.2910,-0.9732
44194,1921,-0.5049,,-0.4067,-0.9313,,-0.8588,-0.8802
44559,1922,-0.4091,,-0.6350,-0.8743,,-0.6980,-0.6517
44924,1923,-0.5252,,-0.8632,-1.0015,,-0.9159,-0.7779
45289,1924,-0.6684,,-1.0112,-1.2480,,-1.2734,-0.9369
45655,1925,-0.5289,,-0.6701,-1.0121,,-1.0080,-0.6572
46020,1926,-0.4569,,-0.8278,-0.9516,,-0.8791,-0.7602
46385,1927,-0.1441,,-0.3760,-0.7327,,-0.6313,-0.5095
46750,1928,-0.3652,,-0.7719,-0.8809,,-0.8487,-0.7473
47116,1929,-0.5678,,-0.9517,-1.1061,,-0.9770,-0.8352
47481,1930,-0.4875,,-0.9965,-1.0085,,-0.8725,-0.7906
47846,1931,-0.6015,,-0.9749,-0.9996,,-0.9199,-0.8659
48211,1932,-0.4776,,-1.0054,-0.9655,,-0.8454,-0.8027
48577,1933,-0.3177,,-0.4652,-0.7606,,-0.8281,-0.7969
48942,1934,-0.2786,,-0.3609,-0.5959,,-0.6386,-0.6248
49307,1935,-0.5886,,-0.8446,-0.9215,,-0.8981,-0.8663
49672,1936,-0.4511,,-0.8456,-0.8182,,-0.7606,-0.7922
50038,1937,-0.2371,,-0.6889,-0.6467,,-0.5338,-0.5514
50403,1938,-0.4215,,-0.6673,-0.7482,,-0.7310,-0.7367
50768,1939,-0.4553,,-0.6752,-0.7547,,-0.5963,-0.6741
51133,1940,-0.4047,,-0.7718,-0.6852,,-0.6303,-0.6628
51499,1941,-0.3076,,-0.7978,-0.5960,,-0.5213,-0.5408
51864,1942,-0.3006,,-0.8065,-0.6796,,-0.6025,-0.6543
52229,1943,-0.2923,,-0.6997,-0.5737,,-0.5654,-0.6281
52594,1944,-0.6055,,-1.0373,-0.8113,,-0.7833,-0.8803
52960,1945,0.0205,,-0.5028,-0.4537,,-0.3237,-0.5396
53325,1946,-0.0302,,-0.4036,-0.4507,,-0.3673,-0.5132
53690,1947,-0.4323,,-0.8015,-0.7079,,-0.8061,-0.8475
54055,1948,-0.0989,,-0.6285,-0.4600,,-0.4500,-0.6152
54421,1949,-0.2858,,-0.7444,-0.6526,,-0.6429,-0.7457
54786,1950,0.0351,,-0.3008,-0.4308,,-0.3878,-0.4003
55151,1951,-0.0734,,-0.5034,-0.4515,,-0.4556,-0.4613
55516,1952,-0.2946,,-0.6944,-0.6183,,-0.5975,-0.5816
55882,1953,-0.1135,,-0.4087,-0.4264,,-0.4751,-0.4878
56247,1954,-0.0283,,-0.2248,-0.3854,,-0.3283,-0.3927
56612,1955,-0.5147,,-0.8042,-0.9100,,-0.8063,-0.8280
56977,1956,-0.4093,,-0.6132,-0.6624,,-0.6235,-0.6189
57343,1957,0.0014,,-0.4185,-0.2618,,-0.1761,-0.2212
57708,1958,-0.3203,,-0.6946,-0.5188,-0.7205,-0.5509,-0.4135
58073,1959,-0.2868,,-0.7207,-0.4967,-0.6820,-0.4979,-0.4877
58438,1960,-0.3219,,-0.8282,-0.7147,-1.0510,-0.6788,-0.6928
58804,1961,-0.4130,,-0.8585,-0.7913,-1.1188,-0.7806,-0.7111
59169,1962,-0.1182,,-0.5010,-0.5364,-0.7462,-0.4726,-0.4436
59534,1963,-0.1768,,-0.5526,-0.5395,-0.8926,-0.5451,-0.4623
59899,1964,-0.5303,,-0.9157,-0.9167,-1.2263,-0.8980,-0.8714
60265,1965,-0.3574,,-0.7320,-0.7190,-0.9717,-0.6244,-0.6381
60630,1966,-0.7181,,-1.0677,-0.9890,-1.4154,-0.9335,-0.9300
60995,1967,-0.4691,,-0.7819,-0.7810,-0.6403,-0.7599,-0.7760
61360,1968,-0.8011,,-1.1984,-1.1292,-1.0201,-1.0962,-1.0571
61726,1969,-0.1601,,-0.5797,-0.6017,-0.3779,-0.5937,-0.5517
62091,1970,-0.6032,,-1.0098,-1.0123,-0.7468,-1.0008,-0.9575
62456,1971,-0.4700,,-0.8011,-0.8885,-0.6234,-0.8239,-0.8746
62821,1972,-0.0855,,-0.5180,-0.4561,-0.3032,-0.4328,-0.3851
63187,1973,-0.6390,,-0.9925,-0.9245,-1.0557,-0.9270,-0.9456
63552,1974,-0.4982,,-0.8144,-0.8617,-0.8280,-0.8329,-0.7914
63917,1975,-0.6979,,-1.0796,-1.0435,-1.0846,-1.0663,-1.0449
64282,1976,-0.9607,,-1.2809,-1.1283,-1.4188,-1.1449,-1.0883
64648,1977,-0.2893,,-0.5301,-0.5147,-0.8398,-0.4595,-0.4998
65013,1978,-0.3874,,-0.7333,-0.6550,-0.9285,-0.6170,-0.5947
65378,1979,-0.5494,-0.7562,-0.9910,-0.9432,-0.9195,-0.8404,-0.8227
65743,1980,-0.1133,-0.3805,-0.3779,-0.4408,-0.5880,-0.4084,-0.3450
66109,1981,-0.3379,-0.7403,-0.4396,-0.6399,-0.9288,-0.6476,-0.5669
66474,1982,-0.0550,-0.3268,-0.4309,-0.3963,-0.4842,-0.3405,-0.2885
66839,1983,-0.4404,-0.8144,-0.7552,-0.5359,-0.9548,-0.5754,-0.4688
67204,1984,-0.6119,-0.9640,-0.7540,-0.6953,-1.1406,-0.7314,-0.7072
67570,1985,-0.5456,-0.9261,-0.7368,-0.7724,-0.9914,-0.7779,-0.6530
67935,1986,-0.3341,-0.7385,-0.4150,-0.5095,-0.8467,-0.5455,-0.5058
68300,1987,-0.6776,-1.0636,-0.8804,-0.7915,-1.1482,-0.8901,-0.7511
68665,1988,-0.4221,-0.6811,-0.6486,-0.7978,-0.8927,-0.9547,-0.6882
69031,1989,-0.2246,-0.4546,-0.4768,-0.4478,-0.5885,-0.3922,-0.4020
69396,1990,-0.1965,-0.4605,-0.3230,-0.2644,-0.5731,-0.2873,-0.3105
69761,1991,-0.3140,-0.6687,-0.4895,-0.3877,-0.7574,-0.4143,-0.4776
70126,1992,-0.4961,-0.7842,-0.6695,-0.4255,-0.9706,-0.4692,-0.4807
70492,1993,-0.2303,-0.3960,-0.5699,-0.2785,-0.5177,-0.1943,-0.3772
70857,1994,0.1770,0.0829,-0.0540,-0.0270,-0.0470,-0.0040,-0.0486
71222,1995,0.1839,0.1185,-0.0732,-0.0488,-0.0107,-0.0097,-0.0993
71587,1996,-0.0578,-0.1135,-0.1803,-0.1753,-0.2306,-0.2170,-0.2711
71953,1997,-0.2883,-0.5041,-0.5160,-0.2178,-0.4752,-0.2093,-0.3563
72318,1998,0.2214,0.1419,0.1188,0.1194,0.1326,0.1825,0.0421
72683,1999,-0.2026,-0.2142,-0.0962,-0.3290,-0.2523,-0.3664,-0.3219
73048,2000,-0.0594,-0.0690,-0.0029,-0.0792,-0.1532,-0.0850,-0.2191
73414,2001,-0.1404,-0.2013,-0.1935,-0.2897,-0.2977,-0.3072,-0.2871
73779,2002,-0.0139,-0.0593,-0.1578,-0.1859,-0.2265,-0.1779,-0.0786
74144,2003,0.0396,-0.0021,0.0396,-0.0921,0.0232,-0.1673,0.0209
74509,2004,-0.3934,-0.5106,-0.3272,-0.3121,-0.4338,-0.3523,-0.2011
74875,2005,0.0313,0.0858,0.0757,0.0155,-0.0129,0.1310,0.0341
75240,2006,0.0910,0.1592,0.2602,0.1490,-0.0044,0.1760,0.1221
75605,2007,-0.2562,-0.1839,-0.2103,-0.2132,-0.3726,-0.2466,-0.2790
75970,2008,-0.2933,-0.1375,-0.2178,-0.2114,-0.2322,-0.1691,-0.2442
76336,2009,0.1079,0.3109,0.0866,0.1963,0.3770,0.1851,0.1738
76701,2010,-0.6093,-0.4155,-0.4897,-0.4963,-0.2961,-0.5064,-0.4964
77066,2011,0.0783,0.3863,0.2166,0.0940,0.5331,0.1443,0.1205
77431,2012,0.1614,0.3750,0.5522,0.2665,0.5718,0.2440,0.2459
77797,2013,-0.1924,-0.0632,-0.2230,-0.1663,0.1530,-0.2341,-0.1448
78162,2014,0.0212,0.1334,-0.0347,0.1474,0.4413,0.1322,0.2380
78527,2015,0.2253,0.2064,0.2916,0.3212,0.5133,0.3611,0.5013
78892,2016,0.3938,0.3760,0.6270,0.4877,0.6274,0.4243,0.5888
79258,2017,0.5309,0.5254,0.8006,0.6144,0.5535,0.6281,0.6478
79623,2018,0.2109,0.2069,0.3642,0.3305,0.2398,0.3174,0.4045
79988,2019,0.4178,0.4921,0.3019,0.4634,0.4531,0.4659,0.4998
80353,2020,0.6558,0.7222,0.7705,0.7305,0.6715,0.7383,0.7434
80719,2021,0.3613,0.3838,0.4198,0.4523,0.3793,0.4973,0.3774
81084,2022,0.1342,0.1169,0.2807,0.3411,0.1887,0.3560,0.2522
81449,2023,0.8105,0.8258,0.8237,1.0570,0.9578,1.0594,0.8203
end data
