Conventions,G,BADC-CSV,1
title,G,Regional mean temperature for Mexico
last_revised_date,G,2023-10-27
date_valid,G,2023-10-27
feature_type,G,area average
creator,G,WMO
source,G,Produced by climind version 1.0
observation_station,G,derived data
location,G,90.,-180.,-90.,180.
rights,G,TBD
activity,G,WMO
comments,G,Format description https://help.ceda.ac.uk/article/105-badc-csv
history,lac_subregion_4_Berkeley_Earth,""Data set created from file ['Land_and_Ocean_LatLong1.nc'] downloaded from ['https://berkeley-earth-temperature.s3.us-west-1.amazonaws.com/Global/Gridded/Land_and_Ocean_LatLong1.nc'] at ['2023-10-13 17:18:41']""
history,lac_subregion_4_Berkeley_Earth,""Rebaselined to 1991-2020""
history,lac_subregion_4_Berkeley_Earth,""Calculated area-average""
history,lac_subregion_4_Berkeley_Earth,""Calculated annual average from monthly averages using arithmetic mean""
history,lac_subregion_4_Berkeley_Earth,""Selected years within the range 1900 to 2023.""
history,lac_subregion_4_Berkeley_Earth,""Wrote to file lac_subregion_4_Berkeley Earth.csv""
history,lac_subregion_4_Berkeley_Earth,"Data set created from file ['lac_subregion_4_Berkeley Earth.csv'] downloaded from [''] at ['2023-10-27 10:54:15']"
reference,lac_subregion_4_Berkeley_Earth,"Rohde, R. A. and Hausfather, Z.: The Berkeley Earth Land/Ocean Temperature Record, Earth Syst. Sci. Data, 12, 3469-3479, https://doi.org/10.5194/essd-12-3469-2020, 2020"
comments,lac_subregion_4_Berkeley_Earth,"Original data acknowledgement: "
history,lac_subregion_4_ERA5,""Gridded dataset created from file ['era5_2m_tas_2023.nc'] downloaded from ['']""
history,lac_subregion_4_ERA5,""Regridded to 1 degree latitude-longitude resolution""
history,lac_subregion_4_ERA5,""Rebaselined to 1991-2020""
history,lac_subregion_4_ERA5,""Calculated area-average""
history,lac_subregion_4_ERA5,""Calculated annual average from monthly averages using arithmetic mean""
history,lac_subregion_4_ERA5,""Selected years within the range 1900 to 2023.""
history,lac_subregion_4_ERA5,""Wrote to file lac_subregion_4_ERA5.csv""
history,lac_subregion_4_ERA5,"Data set created from file ['lac_subregion_4_ERA5.csv'] downloaded from [''] at ['2023-10-27 10:54:45']"
reference,lac_subregion_4_ERA5,"Hersbach H, Bell B, Berrisford P et al. 2020. The ERA5 global reanalysis. Q. J. R. Meteorol. Soc. 146: 1999-2049. https://doi.org/10.1002/qj.3803"
comments,lac_subregion_4_ERA5,"Original data acknowledgement: Contains using Copernicus Climate Change Service information [2023]. Neither the European Commission nor ECMWF is responsible for any use that may be made of the Copernicus information or data it contains."
history,lac_subregion_4_GISTEMP,""Data set created from file ['gistemp1200_GHCNv4_ERSSTv5.nc.gz'] downloaded from ['https://data.giss.nasa.gov/pub/gistemp/gistemp1200_GHCNv4_ERSSTv5.nc.gz'] at ['2023-10-13 17:19:30']""
history,lac_subregion_4_GISTEMP,""Regridded to 1 degree latitude-longitude resolution""
history,lac_subregion_4_GISTEMP,""Rebaselined to 1991-2020""
history,lac_subregion_4_GISTEMP,""Calculated area-average""
history,lac_subregion_4_GISTEMP,""Calculated annual average from monthly averages using arithmetic mean""
history,lac_subregion_4_GISTEMP,""Selected years within the range 1900 to 2023.""
history,lac_subregion_4_GISTEMP,""Wrote to file lac_subregion_4_GISTEMP.csv""
history,lac_subregion_4_GISTEMP,"Data set created from file ['lac_subregion_4_GISTEMP.csv'] downloaded from [''] at ['2023-10-27 10:55:19']"
reference,lac_subregion_4_GISTEMP,"Lenssen, N., G. Schmidt, J. Hansen, M. Menne, A. Persin, R. Ruedy, and D. Zyss, 2019: Improvements in the GISTEMP uncertainty model. J. Geophys. Res. Atmos., 124, no. 12, 6307-6326, doi:10.1029/2018JD029522"
comments,lac_subregion_4_GISTEMP,"Original data acknowledgement: "
history,lac_subregion_4_HadCRUT5,""Data set created from file ['HadCRUT.5.0.1.0.analysis.anomalies.ensemble_mean.nc'] downloaded from ['https://www.metoffice.gov.uk/hadobs/hadcrut5/data/current/analysis/HadCRUT.5.0.1.0.analysis.anomalies.ensemble_mean.nc'] at ['2023-10-13 17:19:31']""
history,lac_subregion_4_HadCRUT5,""Regridded to 1 degree latitude-longitude resolution""
history,lac_subregion_4_HadCRUT5,""Rebaselined to 1991-2020""
history,lac_subregion_4_HadCRUT5,""Calculated area-average""
history,lac_subregion_4_HadCRUT5,""Calculated annual average from monthly averages using arithmetic mean""
history,lac_subregion_4_HadCRUT5,""Selected years within the range 1900 to 2023.""
history,lac_subregion_4_HadCRUT5,""Wrote to file lac_subregion_4_HadCRUT5.csv""
history,lac_subregion_4_HadCRUT5,"Data set created from file ['lac_subregion_4_HadCRUT5.csv'] downloaded from [''] at ['2023-10-27 10:56:18']"
reference,lac_subregion_4_HadCRUT5,"Morice, C. P., Kennedy, J. J., Rayner, N. A., Winn, J. P., Hogan, E., Killick, R. E., et al. (2021). An updated assessment of near-surface temperature change from 1850: the HadCRUT5 data set. Journal of Geophysical Research: Atmospheres, 126, e2019JD032361. https://doi.org/10.1029/2019JD032361"
comments,lac_subregion_4_HadCRUT5,"Original data acknowledgement: HadCRUT.5.0.1.0 data were obtained from http://www.metoffice.gov.uk/hadobs/hadcrut5 on 2023-10-13 17:19:31 and are © British Crown Copyright, Met Office 2023, provided under an Open Government License, http://www.nationalarchives.gov.uk/doc/open-government-licence/version/3/"
history,lac_subregion_4_JRA-55,""Data set created from file ['anl_surf125.011_tmp.202301_202312', 'anl_surf125.2023MMMM'] downloaded from ['', ''] at ['2023-10-06 11:01:38']""
history,lac_subregion_4_JRA-55,""Regridded to 1 degree latitude-longitude resolution""
history,lac_subregion_4_JRA-55,""Rebaselined to 1991-2020""
history,lac_subregion_4_JRA-55,""Calculated area-average""
history,lac_subregion_4_JRA-55,""Calculated annual average from monthly averages using arithmetic mean""
history,lac_subregion_4_JRA-55,""Selected years within the range 1900 to 2023.""
history,lac_subregion_4_JRA-55,""Wrote to file lac_subregion_4_JRA-55.csv""
history,lac_subregion_4_JRA-55,"Data set created from file ['lac_subregion_4_JRA-55.csv'] downloaded from [''] at ['2023-10-27 10:56:52']"
reference,lac_subregion_4_JRA-55,"Kobayashi, S., Ota, Y., Harada, Y., Ebita, A., Moriya, M., Onoda, H., Onogi, K., Kamahori, H., Kobayashi, C., Endo, H. and Miyaoka, K., (2015). The JRA-55 reanalysis: General specifications and basic characteristics. Journal of the Meteorological Society of Japan. Ser. II, 93(1), pp.5-48."
comments,lac_subregion_4_JRA-55,"Original data acknowledgement: "
history,lac_subregion_4_Kadow,""Data set created from file ['HadCRUT.5.0.1.0.anomalies.Kadow_et_al_2020_20crAI-infilled.ensemble_mean_185001-*.nc'] downloaded from [''] at ['2023-10-23 09:13:55']""
history,lac_subregion_4_Kadow,""Regridded to 1 degree latitude-longitude resolution""
history,lac_subregion_4_Kadow,""Rebaselined to 1991-2020""
history,lac_subregion_4_Kadow,""Calculated area-average""
history,lac_subregion_4_Kadow,""Calculated annual average from monthly averages using arithmetic mean""
history,lac_subregion_4_Kadow,""Selected years within the range 1900 to 2023.""
history,lac_subregion_4_Kadow,""Wrote to file lac_subregion_4_Kadow.csv""
history,lac_subregion_4_Kadow,"Data set created from file ['lac_subregion_4_Kadow.csv'] downloaded from [''] at ['2023-10-27 10:57:34']"
reference,lac_subregion_4_Kadow,"Kadow, C., Hall, D.M. & Ulbrich, U. Artificial intelligence reconstructs missing climate information. Nat. Geosci. (2020). https://doi.org/10.1038/s41561-020-0582-5"
comments,lac_subregion_4_Kadow,"Original data acknowledgement: "
history,lac_subregion_4_NOAA_Interim,""Data set created from file ['NOAAGlobalTemp_v*.nc'] downloaded from ['https://www.ncei.noaa.gov/data/noaa-global-surface-temperature/v5.1/access/gridded/NOAAGlobalTemp_v.*.nc'] at ['2023-10-14 08:45:48']""
history,lac_subregion_4_NOAA_Interim,""Data set created from file ['NOAAGlobalTemp_v*.nc'] downloaded from ['https://www.ncei.noaa.gov/data/noaa-global-surface-temperature/v5.1/access/gridded/NOAAGlobalTemp_v.*.nc'] at ['2023-10-14 08:45:48']""
history,lac_subregion_4_NOAA_Interim,""Regridded to 1 degree latitude-longitude resolution""
history,lac_subregion_4_NOAA_Interim,""Rebaselined to 1991-2020""
history,lac_subregion_4_NOAA_Interim,""Calculated area-average""
history,lac_subregion_4_NOAA_Interim,""Calculated annual average from monthly averages using arithmetic mean""
history,lac_subregion_4_NOAA_Interim,""Selected years within the range 1900 to 2023.""
history,lac_subregion_4_NOAA_Interim,""Wrote to file lac_subregion_4_NOAA Interim.csv""
history,lac_subregion_4_NOAA_Interim,"Data set created from file ['lac_subregion_4_NOAA Interim.csv'] downloaded from [''] at ['2023-10-27 10:58:34']"
reference,lac_subregion_4_NOAA_Interim,"Vose, R.S., B. Huang, X. Yin., D. Arndt, D.R. Easterling, J.H. Lawrimore, M.J. Menne, A. Sanchez-Lugo, H.-M. Zhang, 2021: Implementing full spatial coverage in NOAA’s global temperature analysis. Geophysical Research Letters, 48, e2020GL090873. https://doi.org/10.1029/2020GL090873"
comments,lac_subregion_4_NOAA_Interim,"Original data acknowledgement: "
long_name,time,time,days since 1800-01-01 00:00:00.0
type,time,int
long_name,year,year,1
type,year,int
long_name,lac_subregion_4_Berkeley_Earth,lac_subregion_4,degC
type,lac_subregion_4_Berkeley_Earth,float
long_name,lac_subregion_4_ERA5,lac_subregion_4,degC
type,lac_subregion_4_ERA5,float
long_name,lac_subregion_4_GISTEMP,lac_subregion_4,degC
type,lac_subregion_4_GISTEMP,float
long_name,lac_subregion_4_HadCRUT5,lac_subregion_4,degC
type,lac_subregion_4_HadCRUT5,float
long_name,lac_subregion_4_JRA-55,lac_subregion_4,degC
type,lac_subregion_4_JRA-55,float
long_name,lac_subregion_4_Kadow,lac_subregion_4,degC
type,lac_subregion_4_Kadow,float
long_name,lac_subregion_4_NOAA_Interim,lac_subregion_4,degC
type,lac_subregion_4_NOAA_Interim,float
coordinate_variable,time,t
data
time,year,lac_subregion_4_Berkeley_Earth,lac_subregion_4_ERA5,lac_subregion_4_GISTEMP,lac_subregion_4_HadCRUT5,lac_subregion_4_JRA-55,lac_subregion_4_Kadow,lac_subregion_4_NOAA_Interim
36524,1900,-0.6451,,-0.7946,-0.9136,,-0.8373,-0.5519
36889,1901,-0.7002,,-0.8556,-1.3341,,-1.1232,-0.6985
37254,1902,-0.4483,,-0.6503,-1.0534,,-0.8629,-0.6258
37619,1903,-0.9869,,-1.3955,-1.4519,,-1.1752,-0.9685
37984,1904,-0.9299,,-0.8244,-1.2964,,-1.0662,-0.9405
38350,1905,-0.8717,,-1.1489,-1.1930,,-0.9285,-0.9518
38715,1906,-0.9960,,-1.0143,-1.2583,,-1.1651,-1.0027
39080,1907,-0.6259,,-0.5201,-0.9197,,-0.7610,-0.6577
39445,1908,-0.6818,,-0.7545,-1.0730,,-0.9933,-0.7992
39811,1909,-0.7157,,-0.7745,-1.1595,,-0.9431,-0.9458
40176,1910,-0.8706,,-0.8606,-1.3026,,-1.3075,-1.0645
40541,1911,-0.6330,,-0.7287,-0.9771,,-0.6872,-0.7061
40906,1912,-1.1586,,-1.6163,-1.4514,,-1.2395,-1.1678
41272,1913,-1.3555,,-1.6249,-1.6597,,-1.5880,-1.4265
41637,1914,-1.0066,,-1.2228,-1.1865,,-1.1722,-0.8858
42002,1915,-0.9133,,-1.3055,-1.1052,,-0.9803,-0.7770
42367,1916,-0.7508,,-0.8708,-0.9525,,-1.3805,-1.1442
42733,1917,-0.9111,,-1.1772,-1.2225,,-1.2911,-1.3107
43098,1918,-0.8227,,-1.1042,-1.1864,,-0.8603,-0.9171
43463,1919,-1.0200,,-1.4849,-1.3793,,-1.2511,-1.0911
43828,1920,-0.8657,,-1.2400,-1.3280,,-1.2910,-0.9439
44194,1921,-0.6069,,-0.3357,-0.9319,,-0.8588,-0.8157
44559,1922,-0.4933,,-0.5623,-0.8750,,-0.6980,-0.6078
44924,1923,-0.6034,,-0.7858,-1.0022,,-0.9159,-0.7199
45289,1924,-0.7205,,-0.9439,-1.2487,,-1.2734,-0.8710
45655,1925,-0.5768,,-0.5944,-1.0128,,-1.0080,-0.5911
46020,1926,-0.5190,,-0.7570,-0.9524,,-0.8791,-0.6904
46385,1927,-0.1823,,-0.3044,-0.7335,,-0.6313,-0.4517
46750,1928,-0.3934,,-0.7152,-0.8817,,-0.8487,-0.6781
47116,1929,-0.6050,,-0.9018,-1.1069,,-0.9770,-0.7791
47481,1930,-0.5294,,-0.9553,-1.0085,,-0.8725,-0.7326
47846,1931,-0.6472,,-0.9190,-0.9996,,-0.9199,-0.7954
48211,1932,-0.5444,,-0.9436,-0.9655,,-0.8454,-0.7358
48577,1933,-0.3868,,-0.3940,-0.7606,,-0.8281,-0.7147
48942,1934,-0.3361,,-0.2978,-0.5959,,-0.6386,-0.5410
49307,1935,-0.6293,,-0.7794,-0.9215,,-0.8981,-0.7793
49672,1936,-0.4884,,-0.7809,-0.8182,,-0.7606,-0.6989
50038,1937,-0.2642,,-0.6236,-0.6467,,-0.5338,-0.4550
50403,1938,-0.4389,,-0.5996,-0.7482,,-0.7310,-0.6375
50768,1939,-0.4712,,-0.6041,-0.7547,,-0.5963,-0.5731
51133,1940,-0.4159,,-0.7158,-0.6852,,-0.6303,-0.5722
51499,1941,-0.3159,,-0.7472,-0.5960,,-0.5213,-0.4809
51864,1942,-0.3174,,-0.7627,-0.6796,,-0.6025,-0.5994
52229,1943,-0.3142,,-0.6524,-0.5737,,-0.5654,-0.5737
52594,1944,-0.6375,,-0.9890,-0.8113,,-0.7833,-0.8221
52960,1945,-0.0150,,-0.4546,-0.4537,,-0.3237,-0.4817
53325,1946,-0.0703,,-0.3585,-0.4507,,-0.3673,-0.4657
53690,1947,-0.4676,,-0.7677,-0.7079,,-0.8061,-0.8258
54055,1948,-0.1279,,-0.5915,-0.4600,,-0.4500,-0.5972
54421,1949,-0.3178,,-0.7098,-0.6526,,-0.6429,-0.7207
54786,1950,0.0009,,-0.2735,-0.4308,,-0.3878,-0.3839
55151,1951,-0.0965,,-0.4871,-0.4515,,-0.4556,-0.4421
55516,1952,-0.3234,,-0.6818,-0.6183,,-0.5975,-0.5607
55882,1953,-0.1424,,-0.3944,-0.4264,,-0.4751,-0.4670
56247,1954,-0.0467,,-0.2069,-0.3854,,-0.3283,-0.3643
56612,1955,-0.5270,,-0.7821,-0.9100,,-0.8063,-0.7947
56977,1956,-0.4213,,-0.5891,-0.6624,,-0.6235,-0.5935
57343,1957,-0.0075,,-0.3913,-0.2618,,-0.1761,-0.1946
57708,1958,-0.3331,,-0.6664,-0.5188,-0.7205,-0.5509,-0.3890
58073,1959,-0.3054,,-0.6974,-0.4967,-0.6820,-0.4979,-0.4663
58438,1960,-0.3451,,-0.8056,-0.7147,-1.0510,-0.6788,-0.6716
58804,1961,-0.4353,,-0.8362,-0.7913,-1.1188,-0.7806,-0.6901
59169,1962,-0.1405,,-0.4775,-0.5364,-0.7462,-0.4726,-0.4215
59534,1963,-0.1961,,-0.5310,-0.5395,-0.8926,-0.5451,-0.4489
59899,1964,-0.5439,,-0.8939,-0.9167,-1.2263,-0.8980,-0.8583
60265,1965,-0.3689,,-0.7133,-0.7190,-0.9717,-0.6244,-0.6295
60630,1966,-0.7293,,-1.0532,-0.9890,-1.4154,-0.9335,-0.9201
60995,1967,-0.4805,,-0.7711,-0.7810,-0.6403,-0.7599,-0.7663
61360,1968,-0.8154,,-1.1905,-1.1292,-1.0201,-1.0962,-1.0465
61726,1969,-0.1715,,-0.5725,-0.6017,-0.3779,-0.5937,-0.5388
62091,1970,-0.6167,,-1.0039,-1.0123,-0.7468,-1.0008,-0.9461
62456,1971,-0.4808,,-0.7936,-0.8885,-0.6234,-0.8239,-0.8627
62821,1972,-0.0940,,-0.5120,-0.4561,-0.3032,-0.4328,-0.3709
63187,1973,-0.6498,,-0.9895,-0.9245,-1.0557,-0.9270,-0.9343
63552,1974,-0.5098,,-0.8054,-0.8617,-0.8280,-0.8329,-0.7768
63917,1975,-0.7111,,-1.0686,-1.0435,-1.0846,-1.0663,-1.0312
64282,1976,-0.9765,,-1.2730,-1.1283,-1.4188,-1.1449,-1.0753
64648,1977,-0.3055,,-0.5124,-0.5147,-0.8398,-0.4595,-0.4857
65013,1978,-0.4072,,-0.7152,-0.6550,-0.9285,-0.6170,-0.5837
65378,1979,-0.5752,-0.7562,-0.9701,-0.9432,-0.9195,-0.8404,-0.8085
65743,1980,-0.1382,-0.3805,-0.3577,-0.4407,-0.5880,-0.4084,-0.3345
66109,1981,-0.3626,-0.7403,-0.4204,-0.6398,-0.9288,-0.6476,-0.5573
66474,1982,-0.0792,-0.3268,-0.4108,-0.3963,-0.4842,-0.3405,-0.2774
66839,1983,-0.4656,-0.8144,-0.7362,-0.5359,-0.9548,-0.5754,-0.4555
67204,1984,-0.6361,-0.9640,-0.7326,-0.6953,-1.1406,-0.7314,-0.6911
67570,1985,-0.5685,-0.9261,-0.7168,-0.7724,-0.9914,-0.7779,-0.6443
67935,1986,-0.3548,-0.7385,-0.3956,-0.5095,-0.8467,-0.5455,-0.4900
68300,1987,-0.6965,-1.0636,-0.8631,-0.7915,-1.1482,-0.8901,-0.7404
68665,1988,-0.4423,-0.6811,-0.6306,-0.7978,-0.8927,-0.9547,-0.6715
69031,1989,-0.2424,-0.4546,-0.4620,-0.4478,-0.5885,-0.3922,-0.3849
69396,1990,-0.2182,-0.4605,-0.3066,-0.2644,-0.5731,-0.2873,-0.2945
69761,1991,-0.3338,-0.6687,-0.4765,-0.3877,-0.7574,-0.4143,-0.4571
70126,1992,-0.5162,-0.7842,-0.6668,-0.4255,-0.9706,-0.4692,-0.4666
70492,1993,-0.2517,-0.3960,-0.5673,-0.2785,-0.5177,-0.1943,-0.3657
70857,1994,0.1623,0.0829,-0.0509,-0.0270,-0.0470,-0.0040,-0.0339
71222,1995,0.1660,0.1185,-0.0648,-0.0488,-0.0107,-0.0097,-0.0876
71587,1996,-0.0829,-0.1135,-0.1707,-0.1753,-0.2306,-0.2170,-0.2560
71953,1997,-0.3124,-0.5041,-0.5065,-0.2178,-0.4752,-0.2093,-0.3379
72318,1998,0.1983,0.1419,0.1233,0.1194,0.1326,0.1825,0.0484
72683,1999,-0.2232,-0.2142,-0.0957,-0.3290,-0.2523,-0.3664,-0.3220
73048,2000,-0.0745,-0.0690,-0.0043,-0.0792,-0.1532,-0.0850,-0.2141
73414,2001,-0.1516,-0.2013,-0.2125,-0.2897,-0.2977,-0.3072,-0.2822
73779,2002,-0.0275,-0.0593,-0.1721,-0.1859,-0.2265,-0.1779,-0.0690
74144,2003,0.0259,-0.0021,0.0291,-0.0921,0.0232,-0.1673,0.0212
74509,2004,-0.3984,-0.5106,-0.3397,-0.3121,-0.4338,-0.3523,-0.2088
74875,2005,0.0257,0.0858,0.0652,0.0155,-0.0129,0.1310,0.0164
75240,2006,0.0845,0.1592,0.2466,0.1490,-0.0044,0.1760,0.1008
75605,2007,-0.2598,-0.1839,-0.2260,-0.2132,-0.3726,-0.2466,-0.2949
75970,2008,-0.2902,-0.1375,-0.2381,-0.2114,-0.2322,-0.1691,-0.2695
76336,2009,0.1140,0.3109,0.0805,0.1963,0.3770,0.1851,0.1445
76701,2010,-0.5950,-0.4155,-0.4911,-0.4963,-0.2961,-0.5064,-0.5102
77066,2011,0.0964,0.3863,0.2151,0.0940,0.5331,0.1443,0.1042
77431,2012,0.1880,0.3750,0.5482,0.2665,0.5718,0.2440,0.2333
77797,2013,-0.1712,-0.0632,-0.2175,-0.1663,0.1530,-0.2341,-0.1592
78162,2014,0.0448,0.1334,-0.0272,0.1475,0.4413,0.1322,0.2300
78527,2015,0.2422,0.2064,0.2966,0.3212,0.5133,0.3611,0.4944
78892,2016,0.4021,0.3760,0.6325,0.4877,0.6274,0.4243,0.5874
79258,2017,0.5521,0.5254,0.8134,0.6144,0.5535,0.6281,0.6764
79623,2018,0.2386,0.2069,0.3804,0.3305,0.2398,0.3174,0.4172
79988,2019,0.4489,0.4921,0.3160,0.4634,0.4531,0.4659,0.5066
80353,2020,0.6985,0.7222,0.7808,0.7304,0.6715,0.7383,0.7540
80719,2021,0.4077,0.3838,0.4338,0.4523,0.3793,0.4973,0.3925
81084,2022,0.1793,0.1169,0.3078,0.3411,0.1887,0.3560,0.2795
81449,2023,0.7859,0.8549,0.8369,0.9866,1.0040,0.9765,0.8684
end data
