Conventions,G,BADC-CSV,1
title,G,Regional mean temperature for Mexico
last_revised_date,G,2023-01-17
date_valid,G,2023-01-17
feature_type,G,area average
creator,G,WMO
source,G,Produced by climind version 0.1
observation_station,G,derived data
location,G,90.,-180.,-90.,180.
activity,G,WMO
history,G,""Data set created from file ['NOAAGlobalTemp_v*.nc'] downloaded from ['https://www.ncei.noaa.gov/data/noaa-global-surface-temperature/v5/access/gridded/NOAAGlobalTemp_v.*.nc'] at ['2023-01-16 14:34:57']""
history,G,""Data set created from file ['NOAAGlobalTemp_v*.nc'] downloaded from ['https://www.ncei.noaa.gov/data/noaa-global-surface-temperature/v5/access/gridded/NOAAGlobalTemp_v.*.nc'] at ['2023-01-16 14:34:57']""
history,G,""Regridded to 1 degree latitude-longitude resolution""
history,G,""Rebaselined to 1991-2020""
history,G,""Calculated area-average""
history,G,""Calculated annual average from monthly averages using arithmetic mean""
history,G,""Selected years within the range 1900 to 2022.""
history,G,""Wrote to file lac_subregion_2_NOAAGlobalTemp.csv""
history,G,"Data set created from file ['lac_subregion_2_NOAAGlobalTemp.csv'] downloaded from [''] at ['2023-01-16 17:41:29']"
reference,G,"Huang, B., M. J. Menne, T. Boyer, E. Freeman, B. E. Gleason, J. H. Lawrimore, C. Liu, J. J. Rennie, C. Schreck, F. Sun, R. Vose, C. N. Williams, X. Yin, H.-M. Zhang, 2020: Uncertainty estimates for sea surface temperature and land surface air temperature in NOAAGlobalTemp version 5. , J. Climate, 33, 1351-1379, DOI: 10.1175/JCLI-D-19-0395.1"
reference,G,"Zhang, Huai-Min, Jay H. Lawrimore, Boyin Huang, Matthew J. Menne, Xungang Yin, Ahira Sȧnchez-Lugo, Byron E. Gleason, Russell Vose, Derek Arndt, J. Jared Rennie, and Claude N. Williams. (2019) Updated Temperature Data Give a Sharper View of Climate Trends. Eos, 100, https://doi.org/10.1029/2019EO128229"
rights,G,TBD
comments,G,Data produced by climind version 0.1
comments,G,Format description https://help.ceda.ac.uk/article/105-badc-csv
long_name,time,time,days since 1800-01-01 00:00:00.0
type,time,int
long_name,year,year,1
type,year,int
long_name,data,lac_subregion_2,degC
type,data,float
coordinate_variable,time,t
data
time,year,data
36524,1900,-0.6240
36889,1901,-0.8383
37254,1902,-0.6463
37619,1903,-1.1768
37984,1904,-0.8569
38350,1905,-1.0926
38715,1906,-1.0511
39080,1907,-0.6337
39445,1908,-0.7984
39811,1909,-0.8531
40176,1910,-0.8682
40541,1911,-0.5375
40906,1912,-1.2589
41272,1913,-1.3254
41637,1914,-0.9835
42002,1915,-0.9939
42367,1916,-0.8469
42733,1917,-1.1443
43098,1918,-0.9025
43463,1919,-1.0632
43828,1920,-1.1060
44194,1921,-0.4922
44559,1922,-0.5689
44924,1923,-0.8110
45289,1924,-0.9765
45655,1925,-0.5350
46020,1926,-0.7529
46385,1927,-0.2980
46750,1928,-0.7254
47116,1929,-0.8563
47481,1930,-0.7545
47846,1931,-0.6675
48211,1932,-0.7347
48577,1933,-0.4463
48942,1934,-0.2686
49307,1935,-0.6809
49672,1936,-0.6286
50038,1937,-0.5457
50403,1938,-0.5046
50768,1939,-0.4597
51133,1940,-0.7114
51499,1941,-0.4949
51864,1942,-0.6372
52229,1943,-0.5182
52594,1944,-0.7506
52960,1945,-0.5303
53325,1946,-0.4108
53690,1947,-0.7667
54055,1948,-0.5911
54421,1949,-0.6433
54786,1950,-0.4041
55151,1951,-0.4230
55516,1952,-0.5055
55882,1953,-0.3248
56247,1954,-0.1642
56612,1955,-0.6602
56977,1956,-0.4249
57343,1957,-0.2670
57708,1958,-0.4944
58073,1959,-0.4910
58438,1960,-0.7169
58804,1961,-0.7581
59169,1962,-0.4194
59534,1963,-0.4311
59899,1964,-0.7641
60265,1965,-0.5282
60630,1966,-0.8719
60995,1967,-0.6903
61360,1968,-1.0553
61726,1969,-0.5304
62091,1970,-0.8730
62456,1971,-0.7601
62821,1972,-0.4236
63187,1973,-0.8292
63552,1974,-0.6901
63917,1975,-0.9707
64282,1976,-1.1221
64648,1977,-0.4334
65013,1978,-0.6664
65378,1979,-0.9339
65743,1980,-0.3527
66109,1981,-0.4554
66474,1982,-0.3780
66839,1983,-0.5990
67204,1984,-0.6312
67570,1985,-0.6473
67935,1986,-0.3520
68300,1987,-0.6338
68665,1988,-0.6428
69031,1989,-0.4892
69396,1990,-0.2027
69761,1991,-0.4293
70126,1992,-0.4960
70492,1993,-0.4942
70857,1994,-0.1375
71222,1995,-0.1364
71587,1996,-0.2761
71953,1997,-0.3838
72318,1998,0.1943
72683,1999,-0.1411
73048,2000,-0.1028
73414,2001,-0.2486
73779,2002,-0.1382
74144,2003,-0.0067
74509,2004,-0.1914
74875,2005,0.0541
75240,2006,0.2076
75605,2007,-0.1867
75970,2008,-0.2468
76336,2009,0.0101
76701,2010,-0.3565
77066,2011,0.1657
77431,2012,0.4345
77797,2013,-0.2179
78162,2014,0.0296
78527,2015,0.4356
78892,2016,0.6406
79258,2017,0.6927
79623,2018,0.3549
79988,2019,0.3290
80353,2020,0.6416
80719,2021,0.3022
81084,2022,0.2539
end data
