Conventions,G,BADC-CSV,1
title,G,Regional mean temperature for Mexico
last_revised_date,G,2023-11-01
date_valid,G,2023-11-01
feature_type,G,area average
creator,G,WMO
source,G,Produced by climind version 1.0
observation_station,G,derived data
location,G,90.,-180.,-90.,180.
activity,G,WMO
history,G,""Data set created from file ['HadCRUT.5.0.1.0.analysis.anomalies.ensemble_mean.nc'] downloaded from ['https://www.metoffice.gov.uk/hadobs/hadcrut5/data/current/analysis/HadCRUT.5.0.1.0.analysis.anomalies.ensemble_mean.nc'] at ['2023-10-31 16:06:13']""
history,G,""Regridded to 1 degree latitude-longitude resolution""
history,G,""Rebaselined to 1991-2020""
history,G,""Calculated area-average""
history,G,""Calculated annual average from monthly averages using arithmetic mean""
history,G,""Selected years within the range 1900 to 2023.""
history,G,""Wrote to file lac_subregion_4_HadCRUT5.csv""
history,G,"Data set created from file ['lac_subregion_4_HadCRUT5.csv'] downloaded from [''] at ['2023-11-01 16:38:19']"
reference,G,"Morice, C. P., Kennedy, J. J., Rayner, N. A., Winn, J. P., Hogan, E., Killick, R. E., et al. (2021). An updated assessment of near-surface temperature change from 1850: the HadCRUT5 data set. Journal of Geophysical Research: Atmospheres, 126, e2019JD032361. https://doi.org/10.1029/2019JD032361"
rights,G,TBD
comments,G,Data produced by climind version 1.0
comments,G,Format description https://help.ceda.ac.uk/article/105-badc-csv
comments,G,"Original data acknowledgement: HadCRUT.5.0.1.0 data were obtained from http://www.metoffice.gov.uk/hadobs/hadcrut5 on 2023-10-31 16:06:13 and are © British Crown Copyright, Met Office 2023, provided under an Open Government License, http://www.nationalarchives.gov.uk/doc/open-government-licence/version/3/"
long_name,time,time,days since 1800-01-01 00:00:00.0
type,time,int
long_name,year,year,1
type,year,int
long_name,data,lac_subregion_4,degC
type,data,float
coordinate_variable,time,t
data
time,year,data
36524,1900,-0.9136
36889,1901,-1.3341
37254,1902,-1.0534
37619,1903,-1.4519
37984,1904,-1.2964
38350,1905,-1.1930
38715,1906,-1.2583
39080,1907,-0.9197
39445,1908,-1.0730
39811,1909,-1.1595
40176,1910,-1.3026
40541,1911,-0.9771
40906,1912,-1.4514
41272,1913,-1.6597
41637,1914,-1.1865
42002,1915,-1.1052
42367,1916,-0.9525
42733,1917,-1.2225
43098,1918,-1.1864
43463,1919,-1.3793
43828,1920,-1.3280
44194,1921,-0.9319
44559,1922,-0.8750
44924,1923,-1.0022
45289,1924,-1.2487
45655,1925,-1.0128
46020,1926,-0.9524
46385,1927,-0.7335
46750,1928,-0.8817
47116,1929,-1.1069
47481,1930,-1.0085
47846,1931,-0.9996
48211,1932,-0.9655
48577,1933,-0.7606
48942,1934,-0.5959
49307,1935,-0.9215
49672,1936,-0.8182
50038,1937,-0.6467
50403,1938,-0.7482
50768,1939,-0.7547
51133,1940,-0.6852
51499,1941,-0.5960
51864,1942,-0.6796
52229,1943,-0.5737
52594,1944,-0.8113
52960,1945,-0.4537
53325,1946,-0.4507
53690,1947,-0.7079
54055,1948,-0.4600
54421,1949,-0.6526
54786,1950,-0.4308
55151,1951,-0.4515
55516,1952,-0.6183
55882,1953,-0.4264
56247,1954,-0.3854
56612,1955,-0.9100
56977,1956,-0.6624
57343,1957,-0.2618
57708,1958,-0.5188
58073,1959,-0.4967
58438,1960,-0.7147
58804,1961,-0.7913
59169,1962,-0.5364
59534,1963,-0.5395
59899,1964,-0.9167
60265,1965,-0.7190
60630,1966,-0.9890
60995,1967,-0.7810
61360,1968,-1.1292
61726,1969,-0.6017
62091,1970,-1.0123
62456,1971,-0.8885
62821,1972,-0.4561
63187,1973,-0.9245
63552,1974,-0.8617
63917,1975,-1.0435
64282,1976,-1.1283
64648,1977,-0.5147
65013,1978,-0.6550
65378,1979,-0.9432
65743,1980,-0.4407
66109,1981,-0.6398
66474,1982,-0.3963
66839,1983,-0.5359
67204,1984,-0.6953
67570,1985,-0.7724
67935,1986,-0.5095
68300,1987,-0.7915
68665,1988,-0.7978
69031,1989,-0.4478
69396,1990,-0.2644
69761,1991,-0.3877
70126,1992,-0.4255
70492,1993,-0.2785
70857,1994,-0.0270
71222,1995,-0.0488
71587,1996,-0.1753
71953,1997,-0.2178
72318,1998,0.1194
72683,1999,-0.3290
73048,2000,-0.0792
73414,2001,-0.2897
73779,2002,-0.1859
74144,2003,-0.0921
74509,2004,-0.3121
74875,2005,0.0155
75240,2006,0.1490
75605,2007,-0.2132
75970,2008,-0.2114
76336,2009,0.1963
76701,2010,-0.4963
77066,2011,0.0940
77431,2012,0.2665
77797,2013,-0.1663
78162,2014,0.1475
78527,2015,0.3212
78892,2016,0.4877
79258,2017,0.6144
79623,2018,0.3305
79988,2019,0.4634
80353,2020,0.7304
80719,2021,0.4523
81084,2022,0.3411
81449,2023,1.1083
end data
