Conventions,G,BADC-CSV,1
title,G,Global ocean area affected by marine cold spells
last_revised_date,G,2023-08-01
date_valid,G,2023-08-01
feature_type,G,area average
creator,G,WMO
source,G,Produced by climind version 0.1
observation_station,G,derived data
location,G,90.,-180.,-90.,180.
activity,G,WMO
history,G,"Data set created from file ['OISST_MCS_cat_daily_1982-2011_total.csv'] downloaded from ['https://raw.githubusercontent.com/robwschlegel/MHWapp/master/data/annual_summary/OISST_MCS_cat_daily_1982-2011_total.csv'] at ['2023-08-01 17:04:50']"
reference,G,"Hobday, A.J.; Oliver, E. C. J.; Sen Gupta, A. et al. Categorizing and naming marine heatwaves. Oceanography 2018, 31 (2), 1–13. https://doi.org/10.5670/oceanog.2018.205."
rights,G,TBD
comments,G,Data produced by climind version 0.1
comments,G,Format description https://help.ceda.ac.uk/article/105-badc-csv
long_name,time,time,days since 1800-01-01 00:00:00.0
type,time,int
long_name,year,year,1
type,year,int
long_name,data,mcs,%
type,data,float
coordinate_variable,time,t
data
time,year,data
66474,1982,58.6900
66839,1983,56.9500
67204,1984,58.3900
67570,1985,61.0200
67935,1986,56.8000
68300,1987,47.7800
68665,1988,51.8000
69031,1989,56.3000
69396,1990,50.1500
69761,1991,51.8100
70126,1992,51.7900
70492,1993,50.5300
70857,1994,51.9100
71222,1995,49.3100
71587,1996,51.6600
71953,1997,50.2800
72318,1998,45.0000
72683,1999,50.2100
73048,2000,52.4100
73414,2001,42.0000
73779,2002,41.9100
74144,2003,32.8400
74509,2004,39.2200
74875,2005,34.5600
75240,2006,36.4600
75605,2007,34.1800
75970,2008,37.7000
76336,2009,30.5600
76701,2010,34.4300
77066,2011,37.5900
77431,2012,36.1900
77797,2013,33.2800
78162,2014,29.0300
78527,2015,27.2100
78892,2016,23.2000
79258,2017,21.8300
79623,2018,24.4100
79988,2019,21.5200
80353,2020,21.4000
80719,2021,20.7600
81084,2022,20.7500
end data
