Conventions,G,BADC-CSV,1
title,G,Global ocean area affected by marine heatwaves
last_revised_date,G,2024-03-21
date_valid,G,2024-03-21
feature_type,G,area average
creator,G,WMO
source,G,Produced by climind version 1.0
observation_station,G,derived data
location,G,90.,-180.,-90.,180.
activity,G,WMO
history,G,"Data set created from file ['OISST_cat_daily_1982-2011_total.csv'] downloaded from ['https://raw.githubusercontent.com/robwschlegel/MHWapp/master/data/annual_summary/OISST_cat_daily_1982-2011_total.csv'] at ['2024-02-14 11:23:47']"
reference,G,"Hobday, A.J.; Oliver, E. C. J.; Sen Gupta, A. et al. Categorizing and naming marine heatwaves. Oceanography 2018, 31 (2), 1–13. https://doi.org/10.5670/oceanog.2018.205."
rights,G,TBD
comments,G,Data produced by climind version 1.0
comments,G,Format description https://help.ceda.ac.uk/article/105-badc-csv
comments,G,"Original data acknowledgement: "
long_name,time,time,days since 1800-01-01 00:00:00.0
type,time,int
long_name,year,year,1
type,year,int
long_name,data,mhw,%
type,data,float
coordinate_variable,time,t
data
time,year,data
66474,1982,67.2300
66839,1983,69.6200
67204,1984,65.7800
67570,1985,48.9600
67935,1986,49.9000
68300,1987,66.2800
68665,1988,66.1800
69031,1989,54.7100
69396,1990,63.8900
69761,1991,68.6100
70126,1992,59.4400
70492,1993,58.6600
70857,1994,60.7900
71222,1995,68.9100
71587,1996,61.0000
71953,1997,77.8800
72318,1998,79.3300
72683,1999,60.2300
73048,2000,65.8300
73414,2001,75.6100
73779,2002,80.1000
74144,2003,81.4500
74509,2004,77.1800
74875,2005,86.5700
75240,2006,83.7500
75605,2007,73.4200
75970,2008,71.9000
76336,2009,86.2100
76701,2010,82.1400
77066,2011,69.3800
77431,2012,79.1500
77797,2013,82.7000
78162,2014,83.3200
78527,2015,86.2200
78892,2016,90.9900
79258,2017,90.3900
79623,2018,82.6500
79988,2019,89.4600
80353,2020,88.2300
80719,2021,79.8700
81084,2022,80.8600
81449,2023,93.9900
end data
