Conventions,G,BADC-CSV,1
title,G,Regional mean temperature for WMO RA 6 Europe
last_revised_date,G,2023-08-28
date_valid,G,2023-08-28
feature_type,G,area average
creator,G,WMO
source,G,Produced by climind version 0.1
observation_station,G,derived data
location,G,90.,-180.,-90.,180.
rights,G,TBD
activity,G,WMO
comments,G,Format description https://help.ceda.ac.uk/article/105-badc-csv
history,wmo_ra_6_Berkeley_Earth,""Data set created from file ['Land_and_Ocean_LatLong1.nc'] downloaded from ['https://berkeley-earth-temperature.s3.us-west-1.amazonaws.com/Global/Gridded/Land_and_Ocean_LatLong1.nc'] at ['2023-08-07 17:34:59']""
history,wmo_ra_6_Berkeley_Earth,""Rebaselined to 1991-2020""
history,wmo_ra_6_Berkeley_Earth,""Calculated area-average""
history,wmo_ra_6_Berkeley_Earth,""Calculated annual average from monthly averages using arithmetic mean""
history,wmo_ra_6_Berkeley_Earth,""Selected years within the range 1900 to 2022.""
history,wmo_ra_6_Berkeley_Earth,""Wrote to file wmo_ra_6_Berkeley Earth.csv""
history,wmo_ra_6_Berkeley_Earth,"Data set created from file ['wmo_ra_6_Berkeley Earth.csv'] downloaded from [''] at ['2023-08-09 10:59:50']"
history,wmo_ra_6_Berkeley_Earth,"Calculated 10-year moving average"
reference,wmo_ra_6_Berkeley_Earth,"Rohde, R. A. and Hausfather, Z.: The Berkeley Earth Land/Ocean Temperature Record, Earth Syst. Sci. Data, 12, 3469-3479, https://doi.org/10.5194/essd-12-3469-2020, 2020"
comments,wmo_ra_6_Berkeley_Earth,"Original data acknowledgement: "
history,wmo_ra_6_ERA5,""Gridded dataset created from file ['era5_2m_tas_2023.nc'] downloaded from ['']""
history,wmo_ra_6_ERA5,""Regridded to 1 degree latitude-longitude resolution""
history,wmo_ra_6_ERA5,""Rebaselined to 1991-2020""
history,wmo_ra_6_ERA5,""Calculated area-average""
history,wmo_ra_6_ERA5,""Calculated annual average from monthly averages using arithmetic mean""
history,wmo_ra_6_ERA5,""Selected years within the range 1900 to 2022.""
history,wmo_ra_6_ERA5,""Wrote to file wmo_ra_6_ERA5.csv""
history,wmo_ra_6_ERA5,"Data set created from file ['wmo_ra_6_ERA5.csv'] downloaded from [''] at ['2023-08-09 11:00:35']"
history,wmo_ra_6_ERA5,"Calculated 10-year moving average"
reference,wmo_ra_6_ERA5,"Hersbach H, Bell B, Berrisford P et al. 2020. The ERA5 global reanalysis. Q. J. R. Meteorol. Soc. 146: 1999-2049. https://doi.org/10.1002/qj.3803"
comments,wmo_ra_6_ERA5,"Original data acknowledgement: "
history,wmo_ra_6_GISTEMP,""Data set created from file ['gistemp1200_GHCNv4_ERSSTv5.nc.gz'] downloaded from ['https://data.giss.nasa.gov/pub/gistemp/gistemp1200_GHCNv4_ERSSTv5.nc.gz'] at ['2023-08-07 16:14:33']""
history,wmo_ra_6_GISTEMP,""Regridded to 1 degree latitude-longitude resolution""
history,wmo_ra_6_GISTEMP,""Rebaselined to 1991-2020""
history,wmo_ra_6_GISTEMP,""Calculated area-average""
history,wmo_ra_6_GISTEMP,""Calculated annual average from monthly averages using arithmetic mean""
history,wmo_ra_6_GISTEMP,""Selected years within the range 1900 to 2022.""
history,wmo_ra_6_GISTEMP,""Wrote to file wmo_ra_6_GISTEMP.csv""
history,wmo_ra_6_GISTEMP,"Data set created from file ['wmo_ra_6_GISTEMP.csv'] downloaded from [''] at ['2023-08-09 11:00:56']"
history,wmo_ra_6_GISTEMP,"Calculated 10-year moving average"
reference,wmo_ra_6_GISTEMP,"Lenssen, N., G. Schmidt, J. Hansen, M. Menne, A. Persin, R. Ruedy, and D. Zyss, 2019: Improvements in the GISTEMP uncertainty model. J. Geophys. Res. Atmos., 124, no. 12, 6307-6326, doi:10.1029/2018JD029522"
comments,wmo_ra_6_GISTEMP,"Original data acknowledgement: "
history,wmo_ra_6_HadCRUT5,""Data set created from file ['HadCRUT.5.0.1.0.analysis.anomalies.ensemble_mean.nc'] downloaded from ['https://www.metoffice.gov.uk/hadobs/hadcrut5/data/current/analysis/HadCRUT.5.0.1.0.analysis.anomalies.ensemble_mean.nc'] at ['2023-08-07 16:14:34']""
history,wmo_ra_6_HadCRUT5,""Regridded to 1 degree latitude-longitude resolution""
history,wmo_ra_6_HadCRUT5,""Rebaselined to 1991-2020""
history,wmo_ra_6_HadCRUT5,""Calculated area-average""
history,wmo_ra_6_HadCRUT5,""Calculated annual average from monthly averages using arithmetic mean""
history,wmo_ra_6_HadCRUT5,""Selected years within the range 1900 to 2022.""
history,wmo_ra_6_HadCRUT5,""Wrote to file wmo_ra_6_HadCRUT5.csv""
history,wmo_ra_6_HadCRUT5,"Data set created from file ['wmo_ra_6_HadCRUT5.csv'] downloaded from [''] at ['2023-08-09 11:01:35']"
history,wmo_ra_6_HadCRUT5,"Calculated 10-year moving average"
reference,wmo_ra_6_HadCRUT5,"Morice, C. P., Kennedy, J. J., Rayner, N. A., Winn, J. P., Hogan, E., Killick, R. E., et al. (2021). An updated assessment of near-surface temperature change from 1850: the HadCRUT5 data set. Journal of Geophysical Research: Atmospheres, 126, e2019JD032361. https://doi.org/10.1029/2019JD032361"
comments,wmo_ra_6_HadCRUT5,"Original data acknowledgement: HadCRUT.5.0.1.0 data were obtained from http://www.metoffice.gov.uk/hadobs/hadcrut5 on 2023-08-07 16:14:34 and are © British Crown Copyright, Met Office 2023, provided under an Open Government License, http://www.nationalarchives.gov.uk/doc/open-government-licence/version/3/"
history,wmo_ra_6_JRA-55,""Data set created from file ['anl_surf125.011_tmp.202301_202312', 'anl_surf125.2023MMMM'] downloaded from ['', ''] at ['2023-08-07 16:16:00']""
history,wmo_ra_6_JRA-55,""Regridded to 1 degree latitude-longitude resolution""
history,wmo_ra_6_JRA-55,""Rebaselined to 1991-2020""
history,wmo_ra_6_JRA-55,""Calculated area-average""
history,wmo_ra_6_JRA-55,""Calculated annual average from monthly averages using arithmetic mean""
history,wmo_ra_6_JRA-55,""Selected years within the range 1900 to 2022.""
history,wmo_ra_6_JRA-55,""Wrote to file wmo_ra_6_JRA-55.csv""
history,wmo_ra_6_JRA-55,"Data set created from file ['wmo_ra_6_JRA-55.csv'] downloaded from [''] at ['2023-08-09 11:02:22']"
history,wmo_ra_6_JRA-55,"Calculated 10-year moving average"
reference,wmo_ra_6_JRA-55,"Kobayashi, S., Ota, Y., Harada, Y., Ebita, A., Moriya, M., Onoda, H., Onogi, K., Kamahori, H., Kobayashi, C., Endo, H. and Miyaoka, K., (2015). The JRA-55 reanalysis: General specifications and basic characteristics. Journal of the Meteorological Society of Japan. Ser. II, 93(1), pp.5-48."
comments,wmo_ra_6_JRA-55,"Original data acknowledgement: "
history,wmo_ra_6_NOAAGlobalTemp,""Data set created from file ['NOAAGlobalTemp_v*.nc'] downloaded from ['https://www.ncei.noaa.gov/data/noaa-global-surface-temperature/v5/access/gridded/NOAAGlobalTemp_v.*.nc'] at ['2023-08-07 16:18:17']""
history,wmo_ra_6_NOAAGlobalTemp,""Data set created from file ['NOAAGlobalTemp_v*.nc'] downloaded from ['https://www.ncei.noaa.gov/data/noaa-global-surface-temperature/v5/access/gridded/NOAAGlobalTemp_v.*.nc'] at ['2023-08-07 16:18:17']""
history,wmo_ra_6_NOAAGlobalTemp,""Regridded to 1 degree latitude-longitude resolution""
history,wmo_ra_6_NOAAGlobalTemp,""Rebaselined to 1991-2020""
history,wmo_ra_6_NOAAGlobalTemp,""Calculated area-average""
history,wmo_ra_6_NOAAGlobalTemp,""Calculated annual average from monthly averages using arithmetic mean""
history,wmo_ra_6_NOAAGlobalTemp,""Selected years within the range 1900 to 2022.""
history,wmo_ra_6_NOAAGlobalTemp,""Wrote to file wmo_ra_6_NOAAGlobalTemp.csv""
history,wmo_ra_6_NOAAGlobalTemp,"Data set created from file ['wmo_ra_6_NOAAGlobalTemp.csv'] downloaded from [''] at ['2023-08-09 12:23:32']"
history,wmo_ra_6_NOAAGlobalTemp,"Calculated 10-year moving average"
reference,wmo_ra_6_NOAAGlobalTemp,"Huang, B., M. J. Menne, T. Boyer, E. Freeman, B. E. Gleason, J. H. Lawrimore, C. Liu, J. J. Rennie, C. Schreck, F. Sun, R. Vose, C. N. Williams, X. Yin, H.-M. Zhang, 2020: Uncertainty estimates for sea surface temperature and land surface air temperature in NOAAGlobalTemp version 5. , J. Climate, 33, 1351-1379, DOI: 10.1175/JCLI-D-19-0395.1"
reference,wmo_ra_6_NOAAGlobalTemp,"Zhang, Huai-Min, Jay H. Lawrimore, Boyin Huang, Matthew J. Menne, Xungang Yin, Ahira Sȧnchez-Lugo, Byron E. Gleason, Russell Vose, Derek Arndt, J. Jared Rennie, and Claude N. Williams. (2019) Updated Temperature Data Give a Sharper View of Climate Trends. Eos, 100, https://doi.org/10.1029/2019EO128229"
comments,wmo_ra_6_NOAAGlobalTemp,"Original data acknowledgement: "
long_name,time,time,days since 1800-01-01 00:00:00.0
type,time,int
long_name,year,year,1
type,year,int
long_name,wmo_ra_6_Berkeley_Earth,wmo_ra_6,degC
type,wmo_ra_6_Berkeley_Earth,float
long_name,wmo_ra_6_ERA5,wmo_ra_6,degC
type,wmo_ra_6_ERA5,float
long_name,wmo_ra_6_GISTEMP,wmo_ra_6,degC
type,wmo_ra_6_GISTEMP,float
long_name,wmo_ra_6_HadCRUT5,wmo_ra_6,degC
type,wmo_ra_6_HadCRUT5,float
long_name,wmo_ra_6_JRA-55,wmo_ra_6,degC
type,wmo_ra_6_JRA-55,float
long_name,wmo_ra_6_NOAAGlobalTemp,wmo_ra_6,degC
type,wmo_ra_6_NOAAGlobalTemp,float
coordinate_variable,time,t
data
time,year,wmo_ra_6_Berkeley_Earth,wmo_ra_6_ERA5,wmo_ra_6_GISTEMP,wmo_ra_6_HadCRUT5,wmo_ra_6_JRA-55,wmo_ra_6_NOAAGlobalTemp
36524,1900,,,,,,
36889,1901,,,,,,
37254,1902,,,,,,
37619,1903,,,,,,
37984,1904,,,,,,
38350,1905,,,,,,
38715,1906,,,,,,
39080,1907,,,,,,
39445,1908,,,,,,
39811,1909,-1.4134,,-1.6536,-1.4229,,-1.4622
40176,1910,-1.4034,,-1.6476,-1.3929,,-1.4228
40541,1911,-1.4456,,-1.6769,-1.4246,,-1.4633
40906,1912,-1.4002,,-1.6353,-1.3903,,-1.4329
41272,1913,-1.4140,,-1.6465,-1.4017,,-1.4499
41637,1914,-1.4036,,-1.6363,-1.3821,,-1.4205
42002,1915,-1.4469,,-1.6774,-1.4199,,-1.4563
42367,1916,-1.4341,,-1.6667,-1.4254,,-1.4637
42733,1917,-1.4205,,-1.6456,-1.4184,,-1.4449
43098,1918,-1.3998,,-1.6310,-1.3992,,-1.3989
43463,1919,-1.4267,,-1.6635,-1.4314,,-1.4221
43828,1920,-1.4219,,-1.6593,-1.4321,,-1.4289
44194,1921,-1.3951,,-1.6341,-1.4046,,-1.3912
44559,1922,-1.3784,,-1.6242,-1.3723,,-1.3532
44924,1923,-1.3586,,-1.6042,-1.3558,,-1.3449
45289,1924,-1.3399,,-1.5828,-1.3422,,-1.3554
45655,1925,-1.2648,,-1.5209,-1.2772,,-1.2910
46020,1926,-1.2755,,-1.5195,-1.2706,,-1.3032
46385,1927,-1.2162,,-1.4536,-1.1968,,-1.2560
46750,1928,-1.1812,,-1.4033,-1.1570,,-1.2469
47116,1929,-1.1551,,-1.3619,-1.1371,,-1.2411
47481,1930,-1.0952,,-1.2918,-1.0871,,-1.2067
47846,1931,-1.1174,,-1.3028,-1.1029,,-1.2405
48211,1932,-1.0525,,-1.2218,-1.0401,,-1.1857
48577,1933,-1.1047,,-1.2637,-1.0843,,-1.2370
48942,1934,-1.0181,,-1.1681,-0.9969,,-1.1444
49307,1935,-1.0191,,-1.1476,-0.9870,,-1.1417
49672,1936,-0.9609,,-1.0877,-0.9288,,-1.0757
50038,1937,-0.8783,,-1.0061,-0.8540,,-0.9980
50403,1938,-0.8026,,-0.9371,-0.7788,,-0.9164
50768,1939,-0.7187,,-0.8523,-0.6889,,-0.8245
51133,1940,-0.8271,,-0.9574,-0.7879,,-0.9373
51499,1941,-0.8790,,-1.0040,-0.8462,,-0.9970
51864,1942,-0.9918,,-1.1088,-0.9538,,-1.1016
52229,1943,-0.9223,,-1.0342,-0.8815,,-1.0066
52594,1944,-0.9731,,-1.0876,-0.9269,,-1.0458
52960,1945,-1.0092,,-1.1293,-0.9696,,-1.0895
53325,1946,-1.0264,,-1.1530,-0.9947,,-1.1161
53690,1947,-1.0496,,-1.1863,-1.0347,,-1.1631
54055,1948,-1.0930,,-1.2236,-1.0788,,-1.1904
54421,1949,-1.1054,,-1.2343,-1.0913,,-1.1927
54786,1950,-1.0204,,-1.1631,-1.0153,,-1.0961
55151,1951,-0.9236,,-1.0741,-0.9236,,-0.9805
55516,1952,-0.8270,,-0.9914,-0.8379,,-0.8913
55882,1953,-0.8412,,-1.0012,-0.8526,,-0.9188
56247,1954,-0.8542,,-1.0235,-0.8825,,-0.9467
56612,1955,-0.8455,,-1.0173,-0.8769,,-0.9271
56977,1956,-0.9770,,-1.1470,-1.0007,,-1.0471
57343,1957,-0.9684,,-1.1393,-0.9852,,-1.0141
57708,1958,-0.9931,,-1.1644,-1.0190,,-1.0523
58073,1959,-1.0032,,-1.1714,-1.0352,,-1.0608
58438,1960,-0.9851,,-1.1509,-1.0219,,-1.0433
58804,1961,-0.9323,,-1.1007,-0.9758,,-0.9888
59169,1962,-0.9135,,-1.0909,-0.9647,,-0.9709
59534,1963,-0.9497,,-1.1432,-1.0125,,-1.0097
59899,1964,-0.9611,,-1.1428,-1.0215,,-1.0083
60265,1965,-0.9822,,-1.1613,-1.0426,,-1.0377
60630,1966,-0.8755,,-1.0496,-0.9406,,-0.9213
60995,1967,-0.9102,,-1.0768,-0.9672,-0.7988,-0.9438
61360,1968,-0.9432,,-1.1085,-0.9864,-0.8197,-0.9545
61726,1969,-1.0335,,-1.1905,-1.0688,-0.9132,-1.0477
62091,1970,-1.0861,,-1.2406,-1.1162,-0.9682,-1.0889
62456,1971,-1.1729,,-1.3139,-1.1932,-1.0614,-1.1666
62821,1972,-1.1934,,-1.3229,-1.2088,-1.0757,-1.1743
63187,1973,-1.1868,,-1.3020,-1.1920,-1.0809,-1.1494
63552,1974,-1.1266,,-1.2432,-1.1358,-1.0465,-1.0953
63917,1975,-1.0484,,-1.1551,-1.0558,-0.9819,-0.9891
64282,1976,-1.1138,,-1.2143,-1.1165,-1.0633,-1.0701
64648,1977,-1.1237,,-1.2151,-1.1313,-1.0711,-1.0818
65013,1978,-1.1401,,-1.2330,-1.1568,-1.1069,-1.1133
65378,1979,-1.0731,,-1.1739,-1.0955,-1.0483,-1.0402
65743,1980,-1.0937,,-1.1858,-1.1148,-1.0855,-1.0686
66109,1981,-1.0393,,-1.1405,-1.0641,-1.0408,-1.0301
66474,1982,-1.0474,,-1.1321,-1.0679,-1.0588,-1.0303
66839,1983,-1.0165,,-1.0947,-1.0331,-1.0257,-0.9920
67204,1984,-1.0728,,-1.1411,-1.0776,-1.0799,-1.0412
67570,1985,-1.1694,,-1.2428,-1.1768,-1.1889,-1.1574
67935,1986,-1.1182,,-1.1985,-1.1357,-1.1413,-1.0962
68300,1987,-1.2024,,-1.2793,-1.2127,-1.2181,-1.1758
68665,1988,-1.1210,-1.1018,-1.1895,-1.1295,-1.1492,-1.0966
69031,1989,-1.0309,-0.9992,-1.0971,-1.0405,-1.0607,-0.9995
69396,1990,-0.9175,-0.8829,-0.9789,-0.9265,-0.9546,-0.8797
69761,1991,-0.9063,-0.8751,-0.9659,-0.9168,-0.9555,-0.8667
70126,1992,-0.8955,-0.8725,-0.9476,-0.8980,-0.9562,-0.8530
70492,1993,-0.9367,-0.9219,-0.9892,-0.9399,-1.0120,-0.9055
70857,1994,-0.8836,-0.8727,-0.9328,-0.8926,-0.9536,-0.8562
71222,1995,-0.7578,-0.7341,-0.8047,-0.7657,-0.8195,-0.7298
71587,1996,-0.7362,-0.7045,-0.7862,-0.7444,-0.7922,-0.7221
71953,1997,-0.6279,-0.6090,-0.6719,-0.6433,-0.6943,-0.6191
72318,1998,-0.6005,-0.5831,-0.6412,-0.6191,-0.6587,-0.6009
72683,1999,-0.5950,-0.5848,-0.6277,-0.6101,-0.6529,-0.5994
73048,2000,-0.5527,-0.5466,-0.5819,-0.5749,-0.6045,-0.5603
73414,2001,-0.5068,-0.4894,-0.5284,-0.5277,-0.5398,-0.5108
73779,2002,-0.4126,-0.3920,-0.4421,-0.4457,-0.4289,-0.4367
74144,2003,-0.2803,-0.2652,-0.3159,-0.3244,-0.2824,-0.3183
74509,2004,-0.2364,-0.2244,-0.2777,-0.2786,-0.2354,-0.2723
74875,2005,-0.1961,-0.1910,-0.2354,-0.2413,-0.1966,-0.2436
75240,2006,-0.1130,-0.1168,-0.1231,-0.1486,-0.1120,-0.1516
75605,2007,0.0009,-0.0155,-0.0115,-0.0321,-0.0020,-0.0364
75970,2008,0.0731,0.0563,0.0618,0.0469,0.0716,0.0541
76336,2009,0.0890,0.0598,0.0796,0.0653,0.0946,0.0684
76701,2010,0.0794,0.0654,0.0633,0.0647,0.1091,0.0582
77066,2011,0.1042,0.0730,0.0957,0.0907,0.1252,0.0808
77431,2012,0.1051,0.0820,0.1024,0.1014,0.1328,0.0909
77797,2013,0.1203,0.0979,0.1225,0.1253,0.1444,0.1152
78162,2014,0.1982,0.1697,0.2099,0.2040,0.2141,0.1847
78527,2015,0.2282,0.1988,0.2507,0.2510,0.2438,0.2412
78892,2016,0.2995,0.2762,0.3111,0.3279,0.3192,0.3102
79258,2017,0.2879,0.2795,0.3040,0.3222,0.3186,0.3015
79623,2018,0.3125,0.3085,0.3309,0.3469,0.3462,0.3274
79988,2019,0.3876,0.4060,0.4102,0.4226,0.4303,0.4025
80353,2020,0.4733,0.4813,0.5186,0.5101,0.4954,0.5013
80719,2021,0.5095,0.5305,0.5521,0.5478,0.5373,0.5205
81084,2022,0.5758,0.6124,0.6239,0.6069,0.6115,0.5860
end data
