Conventions,G,BADC-CSV,1
title,G,Regional mean temperature for WMO RA 6 Europe
last_revised_date,G,2023-08-28
date_valid,G,2023-08-28
feature_type,G,area average
creator,G,WMO
source,G,Produced by climind version 0.1
observation_station,G,derived data
location,G,90.,-180.,-90.,180.
activity,G,WMO
history,G,""Data set created from file ['anl_surf125.011_tmp.202301_202312', 'anl_surf125.2023MMMM'] downloaded from ['', ''] at ['2023-08-07 16:16:00']""
history,G,""Regridded to 1 degree latitude-longitude resolution""
history,G,""Rebaselined to 1991-2020""
history,G,""Calculated area-average""
history,G,""Calculated annual average from monthly averages using arithmetic mean""
history,G,""Selected years within the range 1900 to 2022.""
history,G,""Wrote to file wmo_ra_6_JRA-55.csv""
history,G,"Data set created from file ['wmo_ra_6_JRA-55.csv'] downloaded from [''] at ['2023-08-09 11:02:22']"
history,G,"Calculated 10-year moving average"
reference,G,"Kobayashi, S., Ota, Y., Harada, Y., Ebita, A., Moriya, M., Onoda, H., Onogi, K., Kamahori, H., Kobayashi, C., Endo, H. and Miyaoka, K., (2015). The JRA-55 reanalysis: General specifications and basic characteristics. Journal of the Meteorological Society of Japan. Ser. II, 93(1), pp.5-48."
rights,G,TBD
comments,G,Data produced by climind version 0.1
comments,G,Format description https://help.ceda.ac.uk/article/105-badc-csv
comments,G,"Original data acknowledgement: "
long_name,time,time,days since 1800-01-01 00:00:00.0
type,time,int
long_name,year,year,1
type,year,int
long_name,data,wmo_ra_6,degC
type,data,float
coordinate_variable,time,t
data
time,year,data
57708,1958,
58073,1959,
58438,1960,
58804,1961,
59169,1962,
59534,1963,
59899,1964,
60265,1965,
60630,1966,
60995,1967,-0.7988
61360,1968,-0.8197
61726,1969,-0.9132
62091,1970,-0.9682
62456,1971,-1.0614
62821,1972,-1.0757
63187,1973,-1.0809
63552,1974,-1.0465
63917,1975,-0.9819
64282,1976,-1.0633
64648,1977,-1.0711
65013,1978,-1.1069
65378,1979,-1.0483
65743,1980,-1.0855
66109,1981,-1.0408
66474,1982,-1.0588
66839,1983,-1.0257
67204,1984,-1.0799
67570,1985,-1.1889
67935,1986,-1.1413
68300,1987,-1.2181
68665,1988,-1.1492
69031,1989,-1.0607
69396,1990,-0.9546
69761,1991,-0.9555
70126,1992,-0.9562
70492,1993,-1.0120
70857,1994,-0.9536
71222,1995,-0.8195
71587,1996,-0.7922
71953,1997,-0.6943
72318,1998,-0.6587
72683,1999,-0.6529
73048,2000,-0.6045
73414,2001,-0.5398
73779,2002,-0.4289
74144,2003,-0.2824
74509,2004,-0.2354
74875,2005,-0.1966
75240,2006,-0.1120
75605,2007,-0.0020
75970,2008,0.0716
76336,2009,0.0946
76701,2010,0.1091
77066,2011,0.1252
77431,2012,0.1328
77797,2013,0.1444
78162,2014,0.2141
78527,2015,0.2438
78892,2016,0.3192
79258,2017,0.3186
79623,2018,0.3462
79988,2019,0.4303
80353,2020,0.4954
80719,2021,0.5373
81084,2022,0.6115
end data
