Conventions,G,BADC-CSV,1
title,G,Regional mean temperature for Southern Africa
last_revised_date,G,2023-01-31
date_valid,G,2023-01-31
feature_type,G,area average
creator,G,WMO
source,G,Produced by climind version 0.1
observation_station,G,derived data
location,G,90.,-180.,-90.,180.
activity,G,WMO
history,G,""Data set created from file ['anl_surf125.011_tmp.202301_202312', 'anl_surf125.2023MMMM'] downloaded from ['', ''] at ['2023-01-09 09:22:14']""
history,G,""Regridded to 1 degree latitude-longitude resolution""
history,G,""Rebaselined to 1991-2020""
history,G,""Calculated area-average""
history,G,""Calculated annual average from monthly averages using arithmetic mean""
history,G,""Selected years within the range 1900 to 2022.""
history,G,""Wrote to file africa_subregion_5_JRA-55.csv""
history,G,"Data set created from file ['africa_subregion_5_JRA-55.csv'] downloaded from [''] at ['2023-01-31 19:01:33']"
reference,G,"Kobayashi, S., Ota, Y., Harada, Y., Ebita, A., Moriya, M., Onoda, H., Onogi, K., Kamahori, H., Kobayashi, C., Endo, H. and Miyaoka, K., (2015). The JRA-55 reanalysis: General specifications and basic characteristics. Journal of the Meteorological Society of Japan. Ser. II, 93(1), pp.5-48."
rights,G,TBD
comments,G,Data produced by climind version 0.1
comments,G,Format description https://help.ceda.ac.uk/article/105-badc-csv
long_name,time,time,days since 1800-01-01 00:00:00.0
type,time,int
long_name,year,year,1
type,year,int
long_name,data,africa_subregion_5,degC
type,data,float
coordinate_variable,time,t
data
time,year,data
57708,1958,-0.5127
58073,1959,-0.5183
58438,1960,-0.5538
58804,1961,-0.5409
59169,1962,-0.5028
59534,1963,-0.9273
59899,1964,-0.8004
60265,1965,-0.5145
60630,1966,-0.3692
60995,1967,-0.8227
61360,1968,-0.5708
61726,1969,-0.1346
62091,1970,-0.2773
62456,1971,-0.6878
62821,1972,-0.5772
63187,1973,-0.3473
63552,1974,-1.3276
63917,1975,-0.8722
64282,1976,-1.2567
64648,1977,-0.4071
65013,1978,-0.7643
65378,1979,-0.4756
65743,1980,-0.3280
66109,1981,-0.6859
66474,1982,-0.3118
66839,1983,0.2517
67204,1984,-0.2600
67570,1985,-0.3970
67935,1986,-0.4171
68300,1987,0.3253
68665,1988,-0.2604
69031,1989,-0.5297
69396,1990,-0.1488
69761,1991,-0.4410
70126,1992,0.1573
70492,1993,-0.1018
70857,1994,-0.3037
71222,1995,0.2184
71587,1996,-0.3406
71953,1997,-0.3001
72318,1998,0.3159
72683,1999,-0.0783
73048,2000,-0.4564
73414,2001,-0.2288
73779,2002,-0.0064
74144,2003,0.1006
74509,2004,-0.2519
74875,2005,0.3171
75240,2006,-0.5849
75605,2007,-0.1137
75970,2008,-0.2741
76336,2009,-0.2784
76701,2010,0.1526
77066,2011,-0.4445
77431,2012,-0.1220
77797,2013,0.1650
78162,2014,-0.0890
78527,2015,0.6066
78892,2016,0.7134
79258,2017,0.0568
79623,2018,0.3922
79988,2019,0.9328
80353,2020,0.2871
80719,2021,-0.0068
81084,2022,-0.0732
end data
