Conventions,G,BADC-CSV,1
title,G,Regional mean temperature for WMO RA 1 Eastern Africa
last_revised_date,G,2023-10-27
date_valid,G,2023-10-27
feature_type,G,area average
creator,G,WMO
source,G,Produced by climind version 1.0
observation_station,G,derived data
location,G,90.,-180.,-90.,180.
activity,G,WMO
history,G,""Data set created from file ['HadCRUT.5.0.1.0.analysis.anomalies.ensemble_mean.nc'] downloaded from ['https://www.metoffice.gov.uk/hadobs/hadcrut5/data/current/analysis/HadCRUT.5.0.1.0.analysis.anomalies.ensemble_mean.nc'] at ['2023-10-13 17:19:31']""
history,G,""Regridded to 1 degree latitude-longitude resolution""
history,G,""Rebaselined to 1991-2020""
history,G,""Calculated area-average""
history,G,""Calculated annual average from monthly averages using arithmetic mean""
history,G,""Selected years within the range 1900 to 2023.""
history,G,""Wrote to file africa_subregion_4_HadCRUT5.csv""
history,G,"Data set created from file ['africa_subregion_4_HadCRUT5.csv'] downloaded from [''] at ['2023-10-27 10:56:04']"
reference,G,"Morice, C. P., Kennedy, J. J., Rayner, N. A., Winn, J. P., Hogan, E., Killick, R. E., et al. (2021). An updated assessment of near-surface temperature change from 1850: the HadCRUT5 data set. Journal of Geophysical Research: Atmospheres, 126, e2019JD032361. https://doi.org/10.1029/2019JD032361"
rights,G,TBD
comments,G,Data produced by climind version 1.0
comments,G,Format description https://help.ceda.ac.uk/article/105-badc-csv
comments,G,"Original data acknowledgement: HadCRUT.5.0.1.0 data were obtained from http://www.metoffice.gov.uk/hadobs/hadcrut5 on 2023-10-13 17:19:31 and are © British Crown Copyright, Met Office 2023, provided under an Open Government License, http://www.nationalarchives.gov.uk/doc/open-government-licence/version/3/"
long_name,time,time,days since 1800-01-01 00:00:00.0
type,time,int
long_name,year,year,1
type,year,int
long_name,data,africa_subregion_4,degC
type,data,float
coordinate_variable,time,t
data
time,year,data
36524,1900,-0.9179
36889,1901,-0.5302
37254,1902,-0.7705
37619,1903,-1.1326
37984,1904,-1.4706
38350,1905,-1.0458
38715,1906,-0.9564
39080,1907,-1.0346
39445,1908,-0.8059
39811,1909,-0.8499
40176,1910,-0.9801
40541,1911,-0.9715
40906,1912,-1.1007
41272,1913,-1.2290
41637,1914,-0.7425
42002,1915,-0.6094
42367,1916,-1.2123
42733,1917,-1.1459
43098,1918,-0.8977
43463,1919,-0.5423
43828,1920,-1.2010
44194,1921,-0.9652
44559,1922,-0.8836
44924,1923,-0.9393
45289,1924,-0.3629
45655,1925,-0.7804
46020,1926,-0.6517
46385,1927,-0.5399
46750,1928,-0.3742
47116,1929,-0.8012
47481,1930,-1.0427
47846,1931,-0.5075
48211,1932,-0.7302
48577,1933,-0.3388
48942,1934,-0.7859
49307,1935,-0.7484
49672,1936,-0.6353
50038,1937,-0.7856
50403,1938,-0.8967
50768,1939,-0.5814
51133,1940,-0.4379
51499,1941,-0.4257
51864,1942,-0.6690
52229,1943,-1.1446
52594,1944,-0.8893
52960,1945,-1.0251
53325,1946,-0.9801
53690,1947,-0.9088
54055,1948,-1.1247
54421,1949,-1.1260
54786,1950,-1.2296
55151,1951,-1.0718
55516,1952,-0.6679
55882,1953,-0.8550
56247,1954,-0.9230
56612,1955,-0.9369
56977,1956,-1.1794
57343,1957,-1.0096
57708,1958,-0.6367
58073,1959,-0.9645
58438,1960,-0.8176
58804,1961,-1.1671
59169,1962,-1.0202
59534,1963,-0.8845
59899,1964,-1.3248
60265,1965,-1.1570
60630,1966,-0.8627
60995,1967,-1.3140
61360,1968,-1.3415
61726,1969,-0.6365
62091,1970,-0.8556
62456,1971,-1.2651
62821,1972,-0.8245
63187,1973,-0.5925
63552,1974,-1.0545
63917,1975,-1.0461
64282,1976,-0.7042
64648,1977,-0.8472
65013,1978,-0.6975
65378,1979,-0.5035
65743,1980,-0.3611
66109,1981,-0.6060
66474,1982,-0.6484
66839,1983,-0.4895
67204,1984,-0.5506
67570,1985,-0.6588
67935,1986,-0.6067
68300,1987,-0.1848
68665,1988,-0.3289
69031,1989,-0.9164
69396,1990,-0.3520
69761,1991,-0.4610
70126,1992,-0.8201
70492,1993,-0.5421
70857,1994,-0.5384
71222,1995,-0.3856
71587,1996,-0.3376
71953,1997,-0.1313
72318,1998,-0.0764
72683,1999,-0.3550
73048,2000,-0.2444
73414,2001,-0.1599
73779,2002,0.1168
74144,2003,0.1630
74509,2004,0.0781
74875,2005,0.3242
75240,2006,0.0268
75605,2007,0.0518
75970,2008,0.0206
76336,2009,0.5042
76701,2010,0.6467
77066,2011,0.1728
77431,2012,0.0717
77797,2013,0.1265
78162,2014,0.1461
78527,2015,0.4075
78892,2016,0.4811
79258,2017,0.3267
79623,2018,0.0661
79988,2019,0.2412
80353,2020,0.0800
80719,2021,0.1219
81084,2022,0.0639
81449,2023,0.1731
end data
