Conventions,G,BADC-CSV,1
title,G,Regional mean temperature for WMO RA 1 North Africa
last_revised_date,G,2023-10-31
date_valid,G,2023-10-31
feature_type,G,area average
creator,G,WMO
source,G,Produced by climind version 1.0
observation_station,G,derived data
location,G,90.,-180.,-90.,180.
activity,G,WMO
history,G,""Data set created from file ['HadCRUT.5.0.1.0.analysis.anomalies.ensemble_mean.nc'] downloaded from ['https://www.metoffice.gov.uk/hadobs/hadcrut5/data/current/analysis/HadCRUT.5.0.1.0.analysis.anomalies.ensemble_mean.nc'] at ['2023-10-13 17:19:31']""
history,G,""Regridded to 1 degree latitude-longitude resolution""
history,G,""Rebaselined to 1991-2020""
history,G,""Calculated area-average""
history,G,""Calculated annual average from monthly averages using arithmetic mean""
history,G,""Selected years within the range 1900 to 2023.""
history,G,""Wrote to file africa_subregion_1_HadCRUT5.csv""
history,G,"Data set created from file ['africa_subregion_1_HadCRUT5.csv'] downloaded from [''] at ['2023-10-27 10:55:57']"
reference,G,"Morice, C. P., Kennedy, J. J., Rayner, N. A., Winn, J. P., Hogan, E., Killick, R. E., et al. (2021). An updated assessment of near-surface temperature change from 1850: the HadCRUT5 data set. Journal of Geophysical Research: Atmospheres, 126, e2019JD032361. https://doi.org/10.1029/2019JD032361"
rights,G,TBD
comments,G,Data produced by climind version 1.0
comments,G,Format description https://help.ceda.ac.uk/article/105-badc-csv
comments,G,"Original data acknowledgement: HadCRUT.5.0.1.0 data were obtained from http://www.metoffice.gov.uk/hadobs/hadcrut5 on 2023-10-13 17:19:31 and are © British Crown Copyright, Met Office 2023, provided under an Open Government License, http://www.nationalarchives.gov.uk/doc/open-government-licence/version/3/"
long_name,time,time,days since 1800-01-01 00:00:00.0
type,time,int
long_name,year,year,1
type,year,int
long_name,data,africa_subregion_1,degC
type,data,float
coordinate_variable,time,t
data
time,year,data
36524,1900,-1.2109
36889,1901,-1.1892
37254,1902,-1.2153
37619,1903,-1.7180
37984,1904,-1.7093
38350,1905,-1.5857
38715,1906,-1.1936
39080,1907,-1.6118
39445,1908,-1.3388
39811,1909,-1.1000
40176,1910,-1.4940
40541,1911,-1.4968
40906,1912,-1.1063
41272,1913,-1.1294
41637,1914,-1.1087
42002,1915,-1.1556
42367,1916,-1.1730
42733,1917,-1.5612
43098,1918,-1.4881
43463,1919,-1.2095
43828,1920,-1.3226
44194,1921,-1.2273
44559,1922,-1.1534
44924,1923,-1.6235
45289,1924,-0.9255
45655,1925,-1.4589
46020,1926,-0.8886
46385,1927,-0.9174
46750,1928,-0.9530
47116,1929,-1.2677
47481,1930,-1.1130
47846,1931,-0.7294
48211,1932,-1.3055
48577,1933,-1.1767
48942,1934,-1.3420
49307,1935,-1.0321
49672,1936,-0.7824
50038,1937,-0.5197
50403,1938,-1.1568
50768,1939,-0.9505
51133,1940,-1.0053
51499,1941,-0.7272
51864,1942,-0.6905
52229,1943,-1.0288
52594,1944,-1.0404
52960,1945,-1.0318
53325,1946,-0.6844
53690,1947,-0.5045
54055,1948,-1.1811
54421,1949,-1.2247
54786,1950,-1.2846
55151,1951,-0.9496
55516,1952,-0.8776
55882,1953,-1.2419
56247,1954,-1.4555
56612,1955,-0.3840
56977,1956,-1.3792
57343,1957,-1.3664
57708,1958,-0.7776
58073,1959,-1.1514
58438,1960,-0.6701
58804,1961,-1.1269
59169,1962,-0.8535
59534,1963,-0.7395
59899,1964,-1.1389
60265,1965,-1.2316
60630,1966,-0.8820
60995,1967,-1.3840
61360,1968,-1.0268
61726,1969,-0.6532
62091,1970,-0.9937
62456,1971,-1.3648
62821,1972,-1.2381
63187,1973,-1.2338
63552,1974,-1.4680
63917,1975,-1.4066
64282,1976,-1.4579
64648,1977,-0.8861
65013,1978,-0.9270
65378,1979,-0.6006
65743,1980,-0.8953
66109,1981,-0.7558
66474,1982,-1.0336
66839,1983,-0.8356
67204,1984,-0.9884
67570,1985,-0.7019
67935,1986,-0.9329
68300,1987,-0.3584
68665,1988,-0.4110
69031,1989,-0.6472
69396,1990,-0.4542
69761,1991,-0.8847
70126,1992,-1.1869
70492,1993,-0.5968
70857,1994,-0.5082
71222,1995,-0.3207
71587,1996,-0.3353
71953,1997,-0.3155
72318,1998,-0.0893
72683,1999,0.0629
73048,2000,-0.3549
73414,2001,0.2305
73779,2002,0.0582
74144,2003,0.1133
74509,2004,-0.0357
74875,2005,0.0264
75240,2006,0.0273
75605,2007,0.0222
75970,2008,0.0923
76336,2009,0.1738
76701,2010,1.1738
77066,2011,-0.0346
77431,2012,0.1213
77797,2013,0.1791
78162,2014,0.3407
78527,2015,0.2286
78892,2016,0.8014
79258,2017,0.1575
79623,2018,0.3603
79988,2019,0.0654
80353,2020,0.4271
80719,2021,0.7520
81084,2022,0.4508
81449,2023,0.5451
end data
