Conventions,G,BADC-CSV,1
title,G,Regional mean temperature for WMO RA 1 Southern Africa
last_revised_date,G,2023-11-05
date_valid,G,2023-11-05
feature_type,G,area average
creator,G,WMO
source,G,Produced by climind version 1.0
observation_station,G,derived data
location,G,90.,-180.,-90.,180.
activity,G,WMO
history,G,""Gridded dataset created from file ['era5_2m_tas_2023.nc'] downloaded from ['']""
history,G,""Regridded to 1 degree latitude-longitude resolution""
history,G,""Rebaselined to 1991-2020""
history,G,""Calculated area-average""
history,G,""Calculated annual average from monthly averages using arithmetic mean""
history,G,""Selected years within the range 1900 to 2023.""
history,G,""Wrote to file africa_subregion_5_ERA5.csv""
history,G,"Data set created from file ['africa_subregion_5_ERA5.csv'] downloaded from [''] at ['2023-11-01 16:36:39']"
reference,G,"Hersbach H, Bell B, Berrisford P et al. 2020. The ERA5 global reanalysis. Q. J. R. Meteorol. Soc. 146: 1999-2049. https://doi.org/10.1002/qj.3803"
rights,G,TBD
comments,G,Data produced by climind version 1.0
comments,G,Format description https://help.ceda.ac.uk/article/105-badc-csv
comments,G,"Original data acknowledgement: Contains using Copernicus Climate Change Service information [2023]. Neither the European Commission nor ECMWF is responsible for any use that may be made of the Copernicus information or data it contains."
long_name,time,time,days since 1800-01-01 00:00:00.0
type,time,int
long_name,year,year,1
type,year,int
long_name,data,africa_subregion_5,degC
type,data,float
coordinate_variable,time,t
data
time,year,data
65378,1979,-0.6577
65743,1980,-0.5426
66109,1981,-0.8807
66474,1982,-0.4993
66839,1983,0.0750
67204,1984,-0.3043
67570,1985,-0.4989
67935,1986,-0.5175
68300,1987,0.1723
68665,1988,-0.3910
69031,1989,-0.5712
69396,1990,-0.1608
69761,1991,-0.4289
70126,1992,0.1367
70492,1993,-0.1207
70857,1994,-0.3479
71222,1995,0.1045
71587,1996,-0.4574
71953,1997,-0.3911
72318,1998,0.2623
72683,1999,-0.1496
73048,2000,-0.6027
73414,2001,-0.3494
73779,2002,-0.0366
74144,2003,0.1209
74509,2004,-0.2091
74875,2005,0.4063
75240,2006,-0.4996
75605,2007,-0.0686
75970,2008,-0.2354
76336,2009,-0.2238
76701,2010,0.1696
77066,2011,-0.4612
77431,2012,-0.1108
77797,2013,0.1152
78162,2014,-0.0220
78527,2015,0.6683
78892,2016,0.7874
79258,2017,0.1690
79623,2018,0.4341
79988,2019,1.0340
80353,2020,0.3064
80719,2021,0.0039
81084,2022,0.0381
81449,2023,0.3924
end data
