Conventions,G,BADC-CSV,1
title,G,Regional mean temperature for WMO RA 1 North Africa
last_revised_date,G,2024-01-22
date_valid,G,2024-01-22
feature_type,G,area average
creator,G,WMO
source,G,Produced by climind version 1.0
observation_station,G,derived data
location,G,90.,-180.,-90.,180.
activity,G,WMO
history,G,""Data set created from file ['anl_surf125.011_tmp.202401_202412', 'anl_surf125.2024MMMM'] downloaded from ['', ''] at ['2024-01-15 11:20:51']""
history,G,""Regridded to 1 degree latitude-longitude resolution""
history,G,""Rebaselined to 1991-2020""
history,G,""Calculated area-average""
history,G,""Calculated annual average from monthly averages using arithmetic mean""
history,G,""Selected years within the range 1900 to 2023.""
history,G,""Wrote to file africa_subregion_1_JRA-55.csv""
history,G,"Data set created from file ['africa_subregion_1_JRA-55.csv'] downloaded from [''] at ['2024-01-17 11:08:43']"
reference,G,"Kobayashi, S., Ota, Y., Harada, Y., Ebita, A., Moriya, M., Onoda, H., Onogi, K., Kamahori, H., Kobayashi, C., Endo, H. and Miyaoka, K., (2015). The JRA-55 reanalysis: General specifications and basic characteristics. Journal of the Meteorological Society of Japan. Ser. II, 93(1), pp.5-48."
rights,G,TBD
comments,G,Data produced by climind version 1.0
comments,G,Format description https://help.ceda.ac.uk/article/105-badc-csv
comments,G,"Original data acknowledgement: "
long_name,time,time,days since 1800-01-01 00:00:00.0
type,time,int
long_name,year,year,1
type,year,int
long_name,data,africa_subregion_1,degC
type,data,float
coordinate_variable,time,t
data
time,year,data
57708,1958,-0.5768
58073,1959,-1.0602
58438,1960,-0.4754
58804,1961,-1.1689
59169,1962,-0.9242
59534,1963,-0.7163
59899,1964,-0.7588
60265,1965,-0.9874
60630,1966,-0.5965
60995,1967,-1.3348
61360,1968,-0.9538
61726,1969,-0.4709
62091,1970,-0.8808
62456,1971,-1.2598
62821,1972,-1.0991
63187,1973,-1.0424
63552,1974,-1.2986
63917,1975,-1.2244
64282,1976,-1.3309
64648,1977,-0.6061
65013,1978,-0.7121
65378,1979,-0.5472
65743,1980,-0.7567
66109,1981,-0.6929
66474,1982,-1.0893
66839,1983,-0.8371
67204,1984,-0.9509
67570,1985,-0.5150
67935,1986,-0.8508
68300,1987,-0.2156
68665,1988,-0.2502
69031,1989,-0.5043
69396,1990,-0.2861
69761,1991,-0.9681
70126,1992,-1.3284
70492,1993,-0.6470
70857,1994,-0.3696
71222,1995,-0.2811
71587,1996,-0.2426
71953,1997,-0.2490
72318,1998,-0.0064
72683,1999,0.1705
73048,2000,-0.3961
73414,2001,0.3388
73779,2002,0.0940
74144,2003,0.0445
74509,2004,-0.1341
74875,2005,0.0158
75240,2006,-0.0726
75605,2007,-0.0300
75970,2008,0.0140
76336,2009,0.0733
76701,2010,1.2421
77066,2011,-0.1200
77431,2012,0.0307
77797,2013,0.1554
78162,2014,0.4918
78527,2015,0.0592
78892,2016,0.8274
79258,2017,0.1119
79623,2018,0.5336
79988,2019,0.1254
80353,2020,0.5164
80719,2021,0.8592
81084,2022,0.4099
81449,2023,0.6946
end data
