Conventions,G,BADC-CSV,1
title,G,Regional mean temperature for WMO RA 1 West Africa
last_revised_date,G,2023-11-05
date_valid,G,2023-11-05
feature_type,G,area average
creator,G,WMO
source,G,Produced by climind version 1.0
observation_station,G,derived data
location,G,90.,-180.,-90.,180.
activity,G,WMO
history,G,""Data set created from file ['HadCRUT.5.0.1.0.analysis.anomalies.ensemble_mean.nc'] downloaded from ['https://www.metoffice.gov.uk/hadobs/hadcrut5/data/current/analysis/HadCRUT.5.0.1.0.analysis.anomalies.ensemble_mean.nc'] at ['2023-10-31 16:06:13']""
history,G,""Regridded to 1 degree latitude-longitude resolution""
history,G,""Rebaselined to 1991-2020""
history,G,""Calculated area-average""
history,G,""Calculated annual average from monthly averages using arithmetic mean""
history,G,""Selected years within the range 1900 to 2023.""
history,G,""Wrote to file africa_subregion_2_HadCRUT5.csv""
history,G,"Data set created from file ['africa_subregion_2_HadCRUT5.csv'] downloaded from [''] at ['2023-11-01 16:38:00']"
reference,G,"Morice, C. P., Kennedy, J. J., Rayner, N. A., Winn, J. P., Hogan, E., Killick, R. E., et al. (2021). An updated assessment of near-surface temperature change from 1850: the HadCRUT5 data set. Journal of Geophysical Research: Atmospheres, 126, e2019JD032361. https://doi.org/10.1029/2019JD032361"
rights,G,TBD
comments,G,Data produced by climind version 1.0
comments,G,Format description https://help.ceda.ac.uk/article/105-badc-csv
comments,G,"Original data acknowledgement: HadCRUT.5.0.1.0 data were obtained from http://www.metoffice.gov.uk/hadobs/hadcrut5 on 2023-10-31 16:06:13 and are © British Crown Copyright, Met Office 2023, provided under an Open Government License, http://www.nationalarchives.gov.uk/doc/open-government-licence/version/3/"
long_name,time,time,days since 1800-01-01 00:00:00.0
type,time,int
long_name,year,year,1
type,year,int
long_name,data,africa_subregion_2,degC
type,data,float
coordinate_variable,time,t
data
time,year,data
36524,1900,-0.7778
36889,1901,-0.9282
37254,1902,-0.7549
37619,1903,-1.2661
37984,1904,-1.2314
38350,1905,-1.1375
38715,1906,-0.7986
39080,1907,-1.0689
39445,1908,-0.7217
39811,1909,-0.8022
40176,1910,-0.8491
40541,1911,-1.0253
40906,1912,-0.5713
41272,1913,-0.4614
41637,1914,-0.4104
42002,1915,-0.5518
42367,1916,-1.0145
42733,1917,-0.7499
43098,1918,-1.0214
43463,1919,-0.5803
43828,1920,-1.0379
44194,1921,-0.6166
44559,1922,-0.7848
44924,1923,-0.8755
45289,1924,-0.7130
45655,1925,-1.0297
46020,1926,-0.6226
46385,1927,-1.0167
46750,1928,-1.0900
47116,1929,-1.1233
47481,1930,-0.7185
47846,1931,-0.1603
48211,1932,-0.7641
48577,1933,-0.7116
48942,1934,-0.7594
49307,1935,-0.2764
49672,1936,-0.5217
50038,1937,-0.1670
50403,1938,-0.1504
50768,1939,-0.4263
51133,1940,-0.3948
51499,1941,-0.1300
51864,1942,-0.4147
52229,1943,-0.9483
52594,1944,-0.5797
52960,1945,-0.7675
53325,1946,-0.8405
53690,1947,-0.5250
54055,1948,-1.0142
54421,1949,-0.6726
54786,1950,-1.1550
55151,1951,-0.7034
55516,1952,-0.9471
55882,1953,-0.8598
56247,1954,-1.0961
56612,1955,-0.8313
56977,1956,-1.0282
57343,1957,-1.0145
57708,1958,-0.6020
58073,1959,-0.7867
58438,1960,-0.8170
58804,1961,-1.0511
59169,1962,-0.8837
59534,1963,-0.5741
59899,1964,-0.8756
60265,1965,-1.1076
60630,1966,-0.7030
60995,1967,-1.0801
61360,1968,-0.8101
61726,1969,-0.2015
62091,1970,-0.5391
62456,1971,-0.9032
62821,1972,-0.7005
63187,1973,-0.4285
63552,1974,-1.1807
63917,1975,-1.1465
64282,1976,-1.1627
64648,1977,-0.6845
65013,1978,-0.6275
65378,1979,-0.3893
65743,1980,-0.3727
66109,1981,-0.5774
66474,1982,-0.7883
66839,1983,-0.2224
67204,1984,-0.3854
67570,1985,-0.5710
67935,1986,-0.7062
68300,1987,0.1375
68665,1988,-0.4562
69031,1989,-0.6988
69396,1990,-0.1428
69761,1991,-0.3857
70126,1992,-0.7656
70492,1993,-0.3700
70857,1994,-0.7561
71222,1995,-0.2819
71587,1996,-0.0989
71953,1997,-0.1062
72318,1998,0.2173
72683,1999,-0.3514
73048,2000,-0.3582
73414,2001,-0.1086
73779,2002,-0.0105
74144,2003,0.0518
74509,2004,0.1280
74875,2005,0.2569
75240,2006,0.0004
75605,2007,0.0699
75970,2008,-0.1944
76336,2009,0.2552
76701,2010,0.7572
77066,2011,0.2114
77431,2012,-0.0777
77797,2013,0.2372
78162,2014,0.1632
78527,2015,0.1712
78892,2016,0.5149
79258,2017,0.2578
79623,2018,0.1666
79988,2019,0.0864
80353,2020,0.3216
80719,2021,0.5995
81084,2022,-0.0298
81449,2023,0.5508
end data
