Conventions,G,BADC-CSV,1
title,G,Regional mean temperature for West Africa
last_revised_date,G,2023-01-31
date_valid,G,2023-01-31
feature_type,G,area average
creator,G,WMO
source,G,Produced by climind version 0.1
observation_station,G,derived data
location,G,90.,-180.,-90.,180.
activity,G,WMO
history,G,""Gridded dataset created from file ['era5_2m_tas_2023.nc'] downloaded from ['']""
history,G,""Regridded to 1 degree latitude-longitude resolution""
history,G,""Rebaselined to 1991-2020""
history,G,""Calculated area-average""
history,G,""Calculated annual average from monthly averages using arithmetic mean""
history,G,""Selected years within the range 1900 to 2022.""
history,G,""Wrote to file africa_subregion_2_ERA5.csv""
history,G,"Data set created from file ['africa_subregion_2_ERA5.csv'] downloaded from [''] at ['2023-01-31 19:00:12']"
reference,G,"Hersbach H, Bell B, Berrisford P et al. 2020. The ERA5 global reanalysis. Q. J. R. Meteorol. Soc. 146: 1999-2049. https://doi.org/10.1002/qj.3803"
rights,G,TBD
comments,G,Data produced by climind version 0.1
comments,G,Format description https://help.ceda.ac.uk/article/105-badc-csv
long_name,time,time,days since 1800-01-01 00:00:00.0
type,time,int
long_name,year,year,1
type,year,int
long_name,data,africa_subregion_2,degC
type,data,float
coordinate_variable,time,t
data
time,year,data
65378,1979,-0.4720
65743,1980,-0.3202
66109,1981,-0.6142
66474,1982,-0.8478
66839,1983,-0.2151
67204,1984,-0.5813
67570,1985,-0.6868
67935,1986,-0.6910
68300,1987,0.2430
68665,1988,-0.3857
69031,1989,-0.6003
69396,1990,-0.1051
69761,1991,-0.4451
70126,1992,-0.8288
70492,1993,-0.3776
70857,1994,-0.6735
71222,1995,-0.3859
71587,1996,-0.1994
71953,1997,-0.2861
72318,1998,0.1696
72683,1999,-0.5435
73048,2000,-0.3879
73414,2001,-0.0800
73779,2002,-0.0087
74144,2003,0.0989
74509,2004,0.0513
74875,2005,0.3127
75240,2006,0.0378
75605,2007,-0.0275
75970,2008,-0.2464
76336,2009,0.3208
76701,2010,0.8869
77066,2011,0.2658
77431,2012,-0.0685
77797,2013,0.2167
78162,2014,0.1484
78527,2015,0.1087
78892,2016,0.5976
79258,2017,0.3700
79623,2018,0.2161
79988,2019,0.2202
80353,2020,0.5375
80719,2021,0.7886
81084,2022,0.1408
end data
