Conventions,G,BADC-CSV,1
title,G,Regional mean temperature for WMO RA 1 Indian Ocean
last_revised_date,G,2024-01-25
date_valid,G,2024-01-25
feature_type,G,area average
creator,G,WMO
source,G,Produced by climind version 1.0
observation_station,G,derived data
location,G,90.,-180.,-90.,180.
activity,G,WMO
history,G,""Data set created from file ['HadCRUT.5.0.2.0.analysis.anomalies.ensemble_mean.nc'] downloaded from ['https://www.metoffice.gov.uk/hadobs/hadcrut5/data/HadCRUT.5.0.2.0/analysis/HadCRUT.5.0.2.0.analysis.anomalies.ensemble_mean.nc'] at ['2024-01-15 11:56:27']""
history,G,""Regridded to 1 degree latitude-longitude resolution""
history,G,""Rebaselined to 1991-2020""
history,G,""Calculated area-average""
history,G,""Calculated annual average from monthly averages using arithmetic mean""
history,G,""Selected years within the range 1900 to 2023.""
history,G,""Wrote to file africa_subregion_6_HadCRUT5.csv""
history,G,"Data set created from file ['africa_subregion_6_HadCRUT5.csv'] downloaded from [''] at ['2024-01-17 11:08:06']"
reference,G,"Morice, C. P., Kennedy, J. J., Rayner, N. A., Winn, J. P., Hogan, E., Killick, R. E., et al. (2021). An updated assessment of near-surface temperature change from 1850: the HadCRUT5 data set. Journal of Geophysical Research: Atmospheres, 126, e2019JD032361. https://doi.org/10.1029/2019JD032361"
rights,G,TBD
comments,G,Data produced by climind version 1.0
comments,G,Format description https://help.ceda.ac.uk/article/105-badc-csv
comments,G,"Original data acknowledgement: HadCRUT.5.0.2.0 data were obtained from http://www.metoffice.gov.uk/hadobs/hadcrut5 on 2024-01-15 11:56:27 and are © British Crown Copyright, Met Office 2024, provided under an Open Government License, http://www.nationalarchives.gov.uk/doc/open-government-licence/version/3/"
long_name,time,time,days since 1800-01-01 00:00:00.0
type,time,int
long_name,year,year,1
type,year,int
long_name,data,africa_subregion_6,degC
type,data,float
coordinate_variable,time,t
data
time,year,data
36524,1900,-0.2055
36889,1901,-0.4630
37254,1902,-0.1755
37619,1903,-0.4449
37984,1904,-0.6092
38350,1905,-0.4173
38715,1906,-0.3765
39080,1907,-0.5536
39445,1908,-0.3010
39811,1909,-0.4439
40176,1910,-0.8025
40541,1911,-0.8007
40906,1912,-0.3009
41272,1913,-0.5365
41637,1914,-0.3570
42002,1915,-0.2644
42367,1916,-0.6832
42733,1917,-0.7439
43098,1918,-0.5802
43463,1919,-0.4479
43828,1920,-0.6430
44194,1921,-0.7125
44559,1922,-0.8477
44924,1923,-0.2497
45289,1924,-0.5585
45655,1925,-0.1548
46020,1926,0.1083
46385,1927,-0.4595
46750,1928,-0.3110
47116,1929,-0.2851
47481,1930,-0.6334
47846,1931,-0.5460
48211,1932,-0.6093
48577,1933,-0.6551
48942,1934,-0.6734
49307,1935,-0.6900
49672,1936,-0.3485
50038,1937,-0.3846
50403,1938,-0.4086
50768,1939,-0.3904
51133,1940,-0.4890
51499,1941,-0.1987
51864,1942,-0.3229
52229,1943,-0.7069
52594,1944,-0.3976
52960,1945,-0.5256
53325,1946,-0.4703
53690,1947,-0.4512
54055,1948,-0.4327
54421,1949,-0.4801
54786,1950,-0.7817
55151,1951,-0.8042
55516,1952,-0.5491
55882,1953,-0.5514
56247,1954,-0.6066
56612,1955,-0.8445
56977,1956,-0.7852
57343,1957,-0.5852
57708,1958,-0.5229
58073,1959,-0.8124
58438,1960,-0.8409
58804,1961,-0.0216
59169,1962,-0.5671
59534,1963,-0.8639
59899,1964,-1.0183
60265,1965,-1.1646
60630,1966,-0.5343
60995,1967,-0.3556
61360,1968,-0.9881
61726,1969,-0.1531
62091,1970,-0.5122
62456,1971,-0.8554
62821,1972,-0.6122
63187,1973,-0.5647
63552,1974,-0.8033
63917,1975,-0.8638
64282,1976,-0.6058
64648,1977,-0.2508
65013,1978,-0.3060
65378,1979,-0.4761
65743,1980,-0.4844
66109,1981,-0.4545
66474,1982,-0.4748
66839,1983,-0.1979
67204,1984,-0.7823
67570,1985,-0.6195
67935,1986,-0.6477
68300,1987,-0.1994
68665,1988,-0.1929
69031,1989,-0.5132
69396,1990,-0.4169
69761,1991,-0.1726
70126,1992,-0.1626
70492,1993,-0.3575
70857,1994,-0.2341
71222,1995,-0.3042
71587,1996,-0.3622
71953,1997,-0.2578
72318,1998,0.0665
72683,1999,-0.2647
73048,2000,-0.2702
73414,2001,-0.0647
73779,2002,-0.0819
74144,2003,-0.0491
74509,2004,-0.1778
74875,2005,0.0340
75240,2006,-0.0085
75605,2007,0.1030
75970,2008,-0.2762
76336,2009,0.1577
76701,2010,0.3241
77066,2011,0.2608
77431,2012,0.0154
77797,2013,-0.0466
78162,2014,0.2936
78527,2015,0.2911
78892,2016,0.1762
79258,2017,0.4341
79623,2018,0.2152
79988,2019,0.5678
80353,2020,0.1514
80719,2021,0.2084
81084,2022,0.0699
81449,2023,0.4935
end data
