Conventions,G,BADC-CSV,1
title,G,Regional mean temperature for Indian Ocean
last_revised_date,G,2023-02-01
date_valid,G,2023-02-01
feature_type,G,area average
creator,G,WMO
source,G,Produced by climind version 0.1
observation_station,G,derived data
location,G,90.,-180.,-90.,180.
activity,G,WMO
history,G,""Data set created from file ['anl_surf125.011_tmp.202301_202312', 'anl_surf125.2023MMMM'] downloaded from ['', ''] at ['2023-01-09 09:22:14']""
history,G,""Regridded to 1 degree latitude-longitude resolution""
history,G,""Rebaselined to 1991-2020""
history,G,""Calculated area-average""
history,G,""Calculated annual average from monthly averages using arithmetic mean""
history,G,""Selected years within the range 1900 to 2022.""
history,G,""Wrote to file africa_subregion_6_JRA-55.csv""
history,G,"Data set created from file ['africa_subregion_6_JRA-55.csv'] downloaded from [''] at ['2023-02-01 16:42:38']"
reference,G,"Kobayashi, S., Ota, Y., Harada, Y., Ebita, A., Moriya, M., Onoda, H., Onogi, K., Kamahori, H., Kobayashi, C., Endo, H. and Miyaoka, K., (2015). The JRA-55 reanalysis: General specifications and basic characteristics. Journal of the Meteorological Society of Japan. Ser. II, 93(1), pp.5-48."
rights,G,TBD
comments,G,Data produced by climind version 0.1
comments,G,Format description https://help.ceda.ac.uk/article/105-badc-csv
long_name,time,time,days since 1800-01-01 00:00:00.0
type,time,int
long_name,year,year,1
type,year,int
long_name,data,africa_subregion_6,degC
type,data,float
coordinate_variable,time,t
data
time,year,data
57708,1958,-0.5476
58073,1959,-0.6472
58438,1960,-0.7143
58804,1961,-0.4369
59169,1962,-0.8511
59534,1963,-1.2110
59899,1964,-0.8725
60265,1965,-1.0744
60630,1966,-0.5600
60995,1967,-0.5685
61360,1968,-0.9734
61726,1969,-0.2389
62091,1970,-0.3407
62456,1971,-0.5945
62821,1972,-0.2621
63187,1973,-0.2871
63552,1974,-0.7278
63917,1975,-0.6899
64282,1976,-0.5093
64648,1977,-0.1883
65013,1978,-0.2615
65378,1979,-0.5487
65743,1980,-0.3513
66109,1981,-0.4151
66474,1982,-0.5378
66839,1983,-0.1227
67204,1984,-0.7608
67570,1985,-0.7410
67935,1986,-0.8434
68300,1987,-0.0634
68665,1988,-0.0719
69031,1989,-0.5529
69396,1990,-0.2851
69761,1991,-0.4338
70126,1992,-0.4902
70492,1993,-0.4585
70857,1994,-0.3512
71222,1995,-0.1668
71587,1996,-0.3176
71953,1997,-0.2834
72318,1998,0.0255
72683,1999,-0.3423
73048,2000,-0.3692
73414,2001,-0.0928
73779,2002,-0.0821
74144,2003,0.0301
74509,2004,-0.0822
74875,2005,0.1303
75240,2006,0.0757
75605,2007,0.0776
75970,2008,-0.1856
76336,2009,0.2527
76701,2010,0.4817
77066,2011,0.2367
77431,2012,0.0124
77797,2013,0.0390
78162,2014,0.3266
78527,2015,0.2885
78892,2016,0.2365
79258,2017,0.2466
79623,2018,0.1569
79988,2019,0.6547
80353,2020,0.3844
80719,2021,0.3785
81084,2022,-0.0366
end data
