Conventions,G,BADC-CSV,1
title,G,Regional mean temperature for Eastern Africa
last_revised_date,G,2023-02-03
date_valid,G,2023-02-03
feature_type,G,area average
creator,G,WMO
source,G,Produced by climind version 0.1
observation_station,G,derived data
location,G,90.,-180.,-90.,180.
activity,G,WMO
history,G,""Data set created from file ['anl_surf125.011_tmp.202301_202312', 'anl_surf125.2023MMMM'] downloaded from ['', ''] at ['2023-01-09 09:22:14']""
history,G,""Regridded to 1 degree latitude-longitude resolution""
history,G,""Rebaselined to 1991-2020""
history,G,""Calculated area-average""
history,G,""Calculated annual average from monthly averages using arithmetic mean""
history,G,""Selected years within the range 1900 to 2022.""
history,G,""Wrote to file africa_subregion_4_JRA-55.csv""
history,G,"Data set created from file ['africa_subregion_4_JRA-55.csv'] downloaded from [''] at ['2023-02-02 18:40:27']"
reference,G,"Kobayashi, S., Ota, Y., Harada, Y., Ebita, A., Moriya, M., Onoda, H., Onogi, K., Kamahori, H., Kobayashi, C., Endo, H. and Miyaoka, K., (2015). The JRA-55 reanalysis: General specifications and basic characteristics. Journal of the Meteorological Society of Japan. Ser. II, 93(1), pp.5-48."
rights,G,TBD
comments,G,Data produced by climind version 0.1
comments,G,Format description https://help.ceda.ac.uk/article/105-badc-csv
long_name,time,time,days since 1800-01-01 00:00:00.0
type,time,int
long_name,year,year,1
type,year,int
long_name,data,africa_subregion_4,degC
type,data,float
coordinate_variable,time,t
data
time,year,data
57708,1958,-0.6871
58073,1959,-0.8936
58438,1960,-0.5274
58804,1961,-0.9896
59169,1962,-0.7552
59534,1963,-0.6587
59899,1964,-1.1952
60265,1965,-0.9823
60630,1966,-0.8688
60995,1967,-1.1823
61360,1968,-1.2397
61726,1969,-0.5174
62091,1970,-0.8586
62456,1971,-1.2530
62821,1972,-0.7316
63187,1973,-0.4522
63552,1974,-1.1135
63917,1975,-1.2026
64282,1976,-0.9813
64648,1977,-1.1772
65013,1978,-1.0207
65378,1979,-0.5329
65743,1980,-0.4010
66109,1981,-0.4706
66474,1982,-0.7289
66839,1983,-0.5377
67204,1984,-0.5559
67570,1985,-0.8655
67935,1986,-0.7341
68300,1987,-0.2266
68665,1988,-0.1172
69031,1989,-0.6816
69396,1990,-0.0202
69761,1991,-0.1646
70126,1992,-0.5367
70492,1993,-0.2712
70857,1994,-0.3051
71222,1995,0.0454
71587,1996,-0.2616
71953,1997,-0.1918
72318,1998,0.1746
72683,1999,-0.0602
73048,2000,-0.3157
73414,2001,-0.0398
73779,2002,0.1322
74144,2003,0.1817
74509,2004,-0.0668
74875,2005,0.1784
75240,2006,-0.0588
75605,2007,-0.1025
75970,2008,-0.1390
76336,2009,0.3662
76701,2010,0.4525
77066,2011,-0.0117
77431,2012,0.0210
77797,2013,0.2136
78162,2014,0.1108
78527,2015,0.2446
78892,2016,0.3858
79258,2017,0.1710
79623,2018,-0.0913
79988,2019,0.1255
80353,2020,-0.1864
80719,2021,0.1377
81084,2022,0.1162
end data
