Conventions,G,BADC-CSV,1
title,G,Regional mean temperature for WMO RA 1 North Africa
last_revised_date,G,2024-02-08
date_valid,G,2024-02-08
feature_type,G,area average
creator,G,WMO
source,G,Produced by climind version 1.0
observation_station,G,derived data
location,G,90.,-180.,-90.,180.
rights,G,TBD
activity,G,WMO
comments,G,Format description https://help.ceda.ac.uk/article/105-badc-csv
history,africa_subregion_1_Berkeley_Earth,""Data set created from file ['Land_and_Ocean_LatLong1.nc'] downloaded from ['https://berkeley-earth-temperature.s3.us-west-1.amazonaws.com/Global/Gridded/Land_and_Ocean_LatLong1.nc'] at ['2024-01-17 10:19:03']""
history,africa_subregion_1_Berkeley_Earth,""Rebaselined to 1991-2020""
history,africa_subregion_1_Berkeley_Earth,""Calculated area-average""
history,africa_subregion_1_Berkeley_Earth,""Calculated annual average from monthly averages using arithmetic mean""
history,africa_subregion_1_Berkeley_Earth,""Selected years within the range 1900 to 2023.""
history,africa_subregion_1_Berkeley_Earth,""Wrote to file africa_subregion_1_Berkeley Earth.csv""
history,africa_subregion_1_Berkeley_Earth,"Data set created from file ['africa_subregion_1_Berkeley Earth.csv'] downloaded from [''] at ['2024-01-17 11:05:51']"
reference,africa_subregion_1_Berkeley_Earth,"Rohde, R. A. and Hausfather, Z.: The Berkeley Earth Land/Ocean Temperature Record, Earth Syst. Sci. Data, 12, 3469-3479, https://doi.org/10.5194/essd-12-3469-2020, 2020"
comments,africa_subregion_1_Berkeley_Earth,"Original data acknowledgement: "
history,africa_subregion_1_ERA5,""Gridded dataset created from file ['era5_2m_tas_2024.nc'] downloaded from ['']""
history,africa_subregion_1_ERA5,""Regridded to 1 degree latitude-longitude resolution""
history,africa_subregion_1_ERA5,""Rebaselined to 1991-2020""
history,africa_subregion_1_ERA5,""Calculated area-average""
history,africa_subregion_1_ERA5,""Calculated annual average from monthly averages using arithmetic mean""
history,africa_subregion_1_ERA5,""Selected years within the range 1900 to 2023.""
history,africa_subregion_1_ERA5,""Wrote to file africa_subregion_1_ERA5.csv""
history,africa_subregion_1_ERA5,"Data set created from file ['africa_subregion_1_ERA5.csv'] downloaded from [''] at ['2024-01-17 11:06:35']"
reference,africa_subregion_1_ERA5,"Hersbach H, Bell B, Berrisford P et al. 2020. The ERA5 global reanalysis. Q. J. R. Meteorol. Soc. 146: 1999-2049. https://doi.org/10.1002/qj.3803"
comments,africa_subregion_1_ERA5,"Original data acknowledgement: Contains using Copernicus Climate Change Service information [2024]. Neither the European Commission nor ECMWF is responsible for any use that may be made of the Copernicus information or data it contains."
history,africa_subregion_1_GISTEMP,""Data set created from file ['gistemp1200_GHCNv4_ERSSTv5.nc.gz'] downloaded from ['https://data.giss.nasa.gov/pub/gistemp/gistemp1200_GHCNv4_ERSSTv5.nc.gz'] at ['2024-01-15 11:20:46']""
history,africa_subregion_1_GISTEMP,""Regridded to 1 degree latitude-longitude resolution""
history,africa_subregion_1_GISTEMP,""Rebaselined to 1991-2020""
history,africa_subregion_1_GISTEMP,""Calculated area-average""
history,africa_subregion_1_GISTEMP,""Calculated annual average from monthly averages using arithmetic mean""
history,africa_subregion_1_GISTEMP,""Selected years within the range 1900 to 2023.""
history,africa_subregion_1_GISTEMP,""Wrote to file africa_subregion_1_GISTEMP.csv""
history,africa_subregion_1_GISTEMP,"Data set created from file ['africa_subregion_1_GISTEMP.csv'] downloaded from [''] at ['2024-01-17 11:07:03']"
reference,africa_subregion_1_GISTEMP,"Lenssen, N., G. Schmidt, J. Hansen, M. Menne, A. Persin, R. Ruedy, and D. Zyss, 2019: Improvements in the GISTEMP uncertainty model. J. Geophys. Res. Atmos., 124, no. 12, 6307-6326, doi:10.1029/2018JD029522"
comments,africa_subregion_1_GISTEMP,"Original data acknowledgement: "
history,africa_subregion_1_HadCRUT5,""Data set created from file ['HadCRUT.5.0.2.0.analysis.anomalies.ensemble_mean.nc'] downloaded from ['https://www.metoffice.gov.uk/hadobs/hadcrut5/data/HadCRUT.5.0.2.0/analysis/HadCRUT.5.0.2.0.analysis.anomalies.ensemble_mean.nc'] at ['2024-01-15 11:56:27']""
history,africa_subregion_1_HadCRUT5,""Regridded to 1 degree latitude-longitude resolution""
history,africa_subregion_1_HadCRUT5,""Rebaselined to 1991-2020""
history,africa_subregion_1_HadCRUT5,""Calculated area-average""
history,africa_subregion_1_HadCRUT5,""Calculated annual average from monthly averages using arithmetic mean""
history,africa_subregion_1_HadCRUT5,""Selected years within the range 1900 to 2023.""
history,africa_subregion_1_HadCRUT5,""Wrote to file africa_subregion_1_HadCRUT5.csv""
history,africa_subregion_1_HadCRUT5,"Data set created from file ['africa_subregion_1_HadCRUT5.csv'] downloaded from [''] at ['2024-01-17 11:07:55']"
reference,africa_subregion_1_HadCRUT5,"Morice, C. P., Kennedy, J. J., Rayner, N. A., Winn, J. P., Hogan, E., Killick, R. E., et al. (2021). An updated assessment of near-surface temperature change from 1850: the HadCRUT5 data set. Journal of Geophysical Research: Atmospheres, 126, e2019JD032361. https://doi.org/10.1029/2019JD032361"
comments,africa_subregion_1_HadCRUT5,"Original data acknowledgement: HadCRUT.5.0.2.0 data were obtained from http://www.metoffice.gov.uk/hadobs/hadcrut5 on 2024-01-15 11:56:27 and are © British Crown Copyright, Met Office 2024, provided under an Open Government License, http://www.nationalarchives.gov.uk/doc/open-government-licence/version/3/"
history,africa_subregion_1_JRA-55,""Data set created from file ['anl_surf125.011_tmp.202401_202412', 'anl_surf125.2024MMMM'] downloaded from ['', ''] at ['2024-01-15 11:20:51']""
history,africa_subregion_1_JRA-55,""Regridded to 1 degree latitude-longitude resolution""
history,africa_subregion_1_JRA-55,""Rebaselined to 1991-2020""
history,africa_subregion_1_JRA-55,""Calculated area-average""
history,africa_subregion_1_JRA-55,""Calculated annual average from monthly averages using arithmetic mean""
history,africa_subregion_1_JRA-55,""Selected years within the range 1900 to 2023.""
history,africa_subregion_1_JRA-55,""Wrote to file africa_subregion_1_JRA-55.csv""
history,africa_subregion_1_JRA-55,"Data set created from file ['africa_subregion_1_JRA-55.csv'] downloaded from [''] at ['2024-01-17 11:08:43']"
reference,africa_subregion_1_JRA-55,"Kobayashi, S., Ota, Y., Harada, Y., Ebita, A., Moriya, M., Onoda, H., Onogi, K., Kamahori, H., Kobayashi, C., Endo, H. and Miyaoka, K., (2015). The JRA-55 reanalysis: General specifications and basic characteristics. Journal of the Meteorological Society of Japan. Ser. II, 93(1), pp.5-48."
comments,africa_subregion_1_JRA-55,"Original data acknowledgement: "
history,africa_subregion_1_NOAA_Interim,""Data set created from file ['NOAAGlobalTemp_v*.nc'] downloaded from ['https://www.ncei.noaa.gov/data/noaa-global-surface-temperature/v5.1/access/gridded/NOAAGlobalTemp_v.*.nc'] at ['2024-01-17 10:19:08']""
history,africa_subregion_1_NOAA_Interim,""Data set created from file ['NOAAGlobalTemp_v*.nc'] downloaded from ['https://www.ncei.noaa.gov/data/noaa-global-surface-temperature/v5.1/access/gridded/NOAAGlobalTemp_v.*.nc'] at ['2024-01-17 10:19:08']""
history,africa_subregion_1_NOAA_Interim,""Regridded to 1 degree latitude-longitude resolution""
history,africa_subregion_1_NOAA_Interim,""Rebaselined to 1991-2020""
history,africa_subregion_1_NOAA_Interim,""Calculated area-average""
history,africa_subregion_1_NOAA_Interim,""Calculated annual average from monthly averages using arithmetic mean""
history,africa_subregion_1_NOAA_Interim,""Selected years within the range 1900 to 2023.""
history,africa_subregion_1_NOAA_Interim,""Wrote to file africa_subregion_1_NOAA Interim.csv""
history,africa_subregion_1_NOAA_Interim,"Data set created from file ['africa_subregion_1_NOAA Interim.csv'] downloaded from [''] at ['2024-01-17 11:10:14']"
reference,africa_subregion_1_NOAA_Interim,"Vose, R.S., B. Huang, X. Yin., D. Arndt, D.R. Easterling, J.H. Lawrimore, M.J. Menne, A. Sanchez-Lugo, H.-M. Zhang, 2021: Implementing full spatial coverage in NOAA’s global temperature analysis. Geophysical Research Letters, 48, e2020GL090873. https://doi.org/10.1029/2020GL090873"
comments,africa_subregion_1_NOAA_Interim,"Original data acknowledgement: "
history,africa_subregion_2_Berkeley_Earth,""Data set created from file ['Land_and_Ocean_LatLong1.nc'] downloaded from ['https://berkeley-earth-temperature.s3.us-west-1.amazonaws.com/Global/Gridded/Land_and_Ocean_LatLong1.nc'] at ['2024-01-17 10:19:03']""
history,africa_subregion_2_Berkeley_Earth,""Rebaselined to 1991-2020""
history,africa_subregion_2_Berkeley_Earth,""Calculated area-average""
history,africa_subregion_2_Berkeley_Earth,""Calculated annual average from monthly averages using arithmetic mean""
history,africa_subregion_2_Berkeley_Earth,""Selected years within the range 1900 to 2023.""
history,africa_subregion_2_Berkeley_Earth,""Wrote to file africa_subregion_2_Berkeley Earth.csv""
history,africa_subregion_2_Berkeley_Earth,"Data set created from file ['africa_subregion_2_Berkeley Earth.csv'] downloaded from [''] at ['2024-01-17 11:05:53']"
reference,africa_subregion_2_Berkeley_Earth,"Rohde, R. A. and Hausfather, Z.: The Berkeley Earth Land/Ocean Temperature Record, Earth Syst. Sci. Data, 12, 3469-3479, https://doi.org/10.5194/essd-12-3469-2020, 2020"
comments,africa_subregion_2_Berkeley_Earth,"Original data acknowledgement: "
history,africa_subregion_2_ERA5,""Gridded dataset created from file ['era5_2m_tas_2024.nc'] downloaded from ['']""
history,africa_subregion_2_ERA5,""Regridded to 1 degree latitude-longitude resolution""
history,africa_subregion_2_ERA5,""Rebaselined to 1991-2020""
history,africa_subregion_2_ERA5,""Calculated area-average""
history,africa_subregion_2_ERA5,""Calculated annual average from monthly averages using arithmetic mean""
history,africa_subregion_2_ERA5,""Selected years within the range 1900 to 2023.""
history,africa_subregion_2_ERA5,""Wrote to file africa_subregion_2_ERA5.csv""
history,africa_subregion_2_ERA5,"Data set created from file ['africa_subregion_2_ERA5.csv'] downloaded from [''] at ['2024-01-17 11:06:36']"
reference,africa_subregion_2_ERA5,"Hersbach H, Bell B, Berrisford P et al. 2020. The ERA5 global reanalysis. Q. J. R. Meteorol. Soc. 146: 1999-2049. https://doi.org/10.1002/qj.3803"
comments,africa_subregion_2_ERA5,"Original data acknowledgement: Contains using Copernicus Climate Change Service information [2024]. Neither the European Commission nor ECMWF is responsible for any use that may be made of the Copernicus information or data it contains."
history,africa_subregion_2_GISTEMP,""Data set created from file ['gistemp1200_GHCNv4_ERSSTv5.nc.gz'] downloaded from ['https://data.giss.nasa.gov/pub/gistemp/gistemp1200_GHCNv4_ERSSTv5.nc.gz'] at ['2024-01-15 11:20:46']""
history,africa_subregion_2_GISTEMP,""Regridded to 1 degree latitude-longitude resolution""
history,africa_subregion_2_GISTEMP,""Rebaselined to 1991-2020""
history,africa_subregion_2_GISTEMP,""Calculated area-average""
history,africa_subregion_2_GISTEMP,""Calculated annual average from monthly averages using arithmetic mean""
history,africa_subregion_2_GISTEMP,""Selected years within the range 1900 to 2023.""
history,africa_subregion_2_GISTEMP,""Wrote to file africa_subregion_2_GISTEMP.csv""
history,africa_subregion_2_GISTEMP,"Data set created from file ['africa_subregion_2_GISTEMP.csv'] downloaded from [''] at ['2024-01-17 11:07:05']"
reference,africa_subregion_2_GISTEMP,"Lenssen, N., G. Schmidt, J. Hansen, M. Menne, A. Persin, R. Ruedy, and D. Zyss, 2019: Improvements in the GISTEMP uncertainty model. J. Geophys. Res. Atmos., 124, no. 12, 6307-6326, doi:10.1029/2018JD029522"
comments,africa_subregion_2_GISTEMP,"Original data acknowledgement: "
history,africa_subregion_2_HadCRUT5,""Data set created from file ['HadCRUT.5.0.2.0.analysis.anomalies.ensemble_mean.nc'] downloaded from ['https://www.metoffice.gov.uk/hadobs/hadcrut5/data/HadCRUT.5.0.2.0/analysis/HadCRUT.5.0.2.0.analysis.anomalies.ensemble_mean.nc'] at ['2024-01-15 11:56:27']""
history,africa_subregion_2_HadCRUT5,""Regridded to 1 degree latitude-longitude resolution""
history,africa_subregion_2_HadCRUT5,""Rebaselined to 1991-2020""
history,africa_subregion_2_HadCRUT5,""Calculated area-average""
history,africa_subregion_2_HadCRUT5,""Calculated annual average from monthly averages using arithmetic mean""
history,africa_subregion_2_HadCRUT5,""Selected years within the range 1900 to 2023.""
history,africa_subregion_2_HadCRUT5,""Wrote to file africa_subregion_2_HadCRUT5.csv""
history,africa_subregion_2_HadCRUT5,"Data set created from file ['africa_subregion_2_HadCRUT5.csv'] downloaded from [''] at ['2024-01-17 11:07:57']"
reference,africa_subregion_2_HadCRUT5,"Morice, C. P., Kennedy, J. J., Rayner, N. A., Winn, J. P., Hogan, E., Killick, R. E., et al. (2021). An updated assessment of near-surface temperature change from 1850: the HadCRUT5 data set. Journal of Geophysical Research: Atmospheres, 126, e2019JD032361. https://doi.org/10.1029/2019JD032361"
comments,africa_subregion_2_HadCRUT5,"Original data acknowledgement: HadCRUT.5.0.2.0 data were obtained from http://www.metoffice.gov.uk/hadobs/hadcrut5 on 2024-01-15 11:56:27 and are © British Crown Copyright, Met Office 2024, provided under an Open Government License, http://www.nationalarchives.gov.uk/doc/open-government-licence/version/3/"
history,africa_subregion_2_JRA-55,""Data set created from file ['anl_surf125.011_tmp.202401_202412', 'anl_surf125.2024MMMM'] downloaded from ['', ''] at ['2024-01-15 11:20:51']""
history,africa_subregion_2_JRA-55,""Regridded to 1 degree latitude-longitude resolution""
history,africa_subregion_2_JRA-55,""Rebaselined to 1991-2020""
history,africa_subregion_2_JRA-55,""Calculated area-average""
history,africa_subregion_2_JRA-55,""Calculated annual average from monthly averages using arithmetic mean""
history,africa_subregion_2_JRA-55,""Selected years within the range 1900 to 2023.""
history,africa_subregion_2_JRA-55,""Wrote to file africa_subregion_2_JRA-55.csv""
history,africa_subregion_2_JRA-55,"Data set created from file ['africa_subregion_2_JRA-55.csv'] downloaded from [''] at ['2024-01-17 11:08:43']"
reference,africa_subregion_2_JRA-55,"Kobayashi, S., Ota, Y., Harada, Y., Ebita, A., Moriya, M., Onoda, H., Onogi, K., Kamahori, H., Kobayashi, C., Endo, H. and Miyaoka, K., (2015). The JRA-55 reanalysis: General specifications and basic characteristics. Journal of the Meteorological Society of Japan. Ser. II, 93(1), pp.5-48."
comments,africa_subregion_2_JRA-55,"Original data acknowledgement: "
history,africa_subregion_2_NOAA_Interim,""Data set created from file ['NOAAGlobalTemp_v*.nc'] downloaded from ['https://www.ncei.noaa.gov/data/noaa-global-surface-temperature/v5.1/access/gridded/NOAAGlobalTemp_v.*.nc'] at ['2024-01-17 10:19:08']""
history,africa_subregion_2_NOAA_Interim,""Data set created from file ['NOAAGlobalTemp_v*.nc'] downloaded from ['https://www.ncei.noaa.gov/data/noaa-global-surface-temperature/v5.1/access/gridded/NOAAGlobalTemp_v.*.nc'] at ['2024-01-17 10:19:08']""
history,africa_subregion_2_NOAA_Interim,""Regridded to 1 degree latitude-longitude resolution""
history,africa_subregion_2_NOAA_Interim,""Rebaselined to 1991-2020""
history,africa_subregion_2_NOAA_Interim,""Calculated area-average""
history,africa_subregion_2_NOAA_Interim,""Calculated annual average from monthly averages using arithmetic mean""
history,africa_subregion_2_NOAA_Interim,""Selected years within the range 1900 to 2023.""
history,africa_subregion_2_NOAA_Interim,""Wrote to file africa_subregion_2_NOAA Interim.csv""
history,africa_subregion_2_NOAA_Interim,"Data set created from file ['africa_subregion_2_NOAA Interim.csv'] downloaded from [''] at ['2024-01-17 11:10:16']"
reference,africa_subregion_2_NOAA_Interim,"Vose, R.S., B. Huang, X. Yin., D. Arndt, D.R. Easterling, J.H. Lawrimore, M.J. Menne, A. Sanchez-Lugo, H.-M. Zhang, 2021: Implementing full spatial coverage in NOAA’s global temperature analysis. Geophysical Research Letters, 48, e2020GL090873. https://doi.org/10.1029/2020GL090873"
comments,africa_subregion_2_NOAA_Interim,"Original data acknowledgement: "
history,africa_subregion_3_Berkeley_Earth,""Data set created from file ['Land_and_Ocean_LatLong1.nc'] downloaded from ['https://berkeley-earth-temperature.s3.us-west-1.amazonaws.com/Global/Gridded/Land_and_Ocean_LatLong1.nc'] at ['2024-01-17 10:19:03']""
history,africa_subregion_3_Berkeley_Earth,""Rebaselined to 1991-2020""
history,africa_subregion_3_Berkeley_Earth,""Calculated area-average""
history,africa_subregion_3_Berkeley_Earth,""Calculated annual average from monthly averages using arithmetic mean""
history,africa_subregion_3_Berkeley_Earth,""Selected years within the range 1900 to 2023.""
history,africa_subregion_3_Berkeley_Earth,""Wrote to file africa_subregion_3_Berkeley Earth.csv""
history,africa_subregion_3_Berkeley_Earth,"Data set created from file ['africa_subregion_3_Berkeley Earth.csv'] downloaded from [''] at ['2024-01-17 11:05:55']"
reference,africa_subregion_3_Berkeley_Earth,"Rohde, R. A. and Hausfather, Z.: The Berkeley Earth Land/Ocean Temperature Record, Earth Syst. Sci. Data, 12, 3469-3479, https://doi.org/10.5194/essd-12-3469-2020, 2020"
comments,africa_subregion_3_Berkeley_Earth,"Original data acknowledgement: "
history,africa_subregion_3_ERA5,""Gridded dataset created from file ['era5_2m_tas_2024.nc'] downloaded from ['']""
history,africa_subregion_3_ERA5,""Regridded to 1 degree latitude-longitude resolution""
history,africa_subregion_3_ERA5,""Rebaselined to 1991-2020""
history,africa_subregion_3_ERA5,""Calculated area-average""
history,africa_subregion_3_ERA5,""Calculated annual average from monthly averages using arithmetic mean""
history,africa_subregion_3_ERA5,""Selected years within the range 1900 to 2023.""
history,africa_subregion_3_ERA5,""Wrote to file africa_subregion_3_ERA5.csv""
history,africa_subregion_3_ERA5,"Data set created from file ['africa_subregion_3_ERA5.csv'] downloaded from [''] at ['2024-01-17 11:06:37']"
reference,africa_subregion_3_ERA5,"Hersbach H, Bell B, Berrisford P et al. 2020. The ERA5 global reanalysis. Q. J. R. Meteorol. Soc. 146: 1999-2049. https://doi.org/10.1002/qj.3803"
comments,africa_subregion_3_ERA5,"Original data acknowledgement: Contains using Copernicus Climate Change Service information [2024]. Neither the European Commission nor ECMWF is responsible for any use that may be made of the Copernicus information or data it contains."
history,africa_subregion_3_GISTEMP,""Data set created from file ['gistemp1200_GHCNv4_ERSSTv5.nc.gz'] downloaded from ['https://data.giss.nasa.gov/pub/gistemp/gistemp1200_GHCNv4_ERSSTv5.nc.gz'] at ['2024-01-15 11:20:46']""
history,africa_subregion_3_GISTEMP,""Regridded to 1 degree latitude-longitude resolution""
history,africa_subregion_3_GISTEMP,""Rebaselined to 1991-2020""
history,africa_subregion_3_GISTEMP,""Calculated area-average""
history,africa_subregion_3_GISTEMP,""Calculated annual average from monthly averages using arithmetic mean""
history,africa_subregion_3_GISTEMP,""Selected years within the range 1900 to 2023.""
history,africa_subregion_3_GISTEMP,""Wrote to file africa_subregion_3_GISTEMP.csv""
history,africa_subregion_3_GISTEMP,"Data set created from file ['africa_subregion_3_GISTEMP.csv'] downloaded from [''] at ['2024-01-17 11:07:06']"
reference,africa_subregion_3_GISTEMP,"Lenssen, N., G. Schmidt, J. Hansen, M. Menne, A. Persin, R. Ruedy, and D. Zyss, 2019: Improvements in the GISTEMP uncertainty model. J. Geophys. Res. Atmos., 124, no. 12, 6307-6326, doi:10.1029/2018JD029522"
comments,africa_subregion_3_GISTEMP,"Original data acknowledgement: "
history,africa_subregion_3_HadCRUT5,""Data set created from file ['HadCRUT.5.0.2.0.analysis.anomalies.ensemble_mean.nc'] downloaded from ['https://www.metoffice.gov.uk/hadobs/hadcrut5/data/HadCRUT.5.0.2.0/analysis/HadCRUT.5.0.2.0.analysis.anomalies.ensemble_mean.nc'] at ['2024-01-15 11:56:27']""
history,africa_subregion_3_HadCRUT5,""Regridded to 1 degree latitude-longitude resolution""
history,africa_subregion_3_HadCRUT5,""Rebaselined to 1991-2020""
history,africa_subregion_3_HadCRUT5,""Calculated area-average""
history,africa_subregion_3_HadCRUT5,""Calculated annual average from monthly averages using arithmetic mean""
history,africa_subregion_3_HadCRUT5,""Selected years within the range 1900 to 2023.""
history,africa_subregion_3_HadCRUT5,""Wrote to file africa_subregion_3_HadCRUT5.csv""
history,africa_subregion_3_HadCRUT5,"Data set created from file ['africa_subregion_3_HadCRUT5.csv'] downloaded from [''] at ['2024-01-17 11:07:59']"
reference,africa_subregion_3_HadCRUT5,"Morice, C. P., Kennedy, J. J., Rayner, N. A., Winn, J. P., Hogan, E., Killick, R. E., et al. (2021). An updated assessment of near-surface temperature change from 1850: the HadCRUT5 data set. Journal of Geophysical Research: Atmospheres, 126, e2019JD032361. https://doi.org/10.1029/2019JD032361"
comments,africa_subregion_3_HadCRUT5,"Original data acknowledgement: HadCRUT.5.0.2.0 data were obtained from http://www.metoffice.gov.uk/hadobs/hadcrut5 on 2024-01-15 11:56:27 and are © British Crown Copyright, Met Office 2024, provided under an Open Government License, http://www.nationalarchives.gov.uk/doc/open-government-licence/version/3/"
history,africa_subregion_3_JRA-55,""Data set created from file ['anl_surf125.011_tmp.202401_202412', 'anl_surf125.2024MMMM'] downloaded from ['', ''] at ['2024-01-15 11:20:51']""
history,africa_subregion_3_JRA-55,""Regridded to 1 degree latitude-longitude resolution""
history,africa_subregion_3_JRA-55,""Rebaselined to 1991-2020""
history,africa_subregion_3_JRA-55,""Calculated area-average""
history,africa_subregion_3_JRA-55,""Calculated annual average from monthly averages using arithmetic mean""
history,africa_subregion_3_JRA-55,""Selected years within the range 1900 to 2023.""
history,africa_subregion_3_JRA-55,""Wrote to file africa_subregion_3_JRA-55.csv""
history,africa_subregion_3_JRA-55,"Data set created from file ['africa_subregion_3_JRA-55.csv'] downloaded from [''] at ['2024-01-17 11:08:44']"
reference,africa_subregion_3_JRA-55,"Kobayashi, S., Ota, Y., Harada, Y., Ebita, A., Moriya, M., Onoda, H., Onogi, K., Kamahori, H., Kobayashi, C., Endo, H. and Miyaoka, K., (2015). The JRA-55 reanalysis: General specifications and basic characteristics. Journal of the Meteorological Society of Japan. Ser. II, 93(1), pp.5-48."
comments,africa_subregion_3_JRA-55,"Original data acknowledgement: "
history,africa_subregion_3_NOAA_Interim,""Data set created from file ['NOAAGlobalTemp_v*.nc'] downloaded from ['https://www.ncei.noaa.gov/data/noaa-global-surface-temperature/v5.1/access/gridded/NOAAGlobalTemp_v.*.nc'] at ['2024-01-17 10:19:08']""
history,africa_subregion_3_NOAA_Interim,""Data set created from file ['NOAAGlobalTemp_v*.nc'] downloaded from ['https://www.ncei.noaa.gov/data/noaa-global-surface-temperature/v5.1/access/gridded/NOAAGlobalTemp_v.*.nc'] at ['2024-01-17 10:19:08']""
history,africa_subregion_3_NOAA_Interim,""Regridded to 1 degree latitude-longitude resolution""
history,africa_subregion_3_NOAA_Interim,""Rebaselined to 1991-2020""
history,africa_subregion_3_NOAA_Interim,""Calculated area-average""
history,africa_subregion_3_NOAA_Interim,""Calculated annual average from monthly averages using arithmetic mean""
history,africa_subregion_3_NOAA_Interim,""Selected years within the range 1900 to 2023.""
history,africa_subregion_3_NOAA_Interim,""Wrote to file africa_subregion_3_NOAA Interim.csv""
history,africa_subregion_3_NOAA_Interim,"Data set created from file ['africa_subregion_3_NOAA Interim.csv'] downloaded from [''] at ['2024-01-17 11:10:18']"
reference,africa_subregion_3_NOAA_Interim,"Vose, R.S., B. Huang, X. Yin., D. Arndt, D.R. Easterling, J.H. Lawrimore, M.J. Menne, A. Sanchez-Lugo, H.-M. Zhang, 2021: Implementing full spatial coverage in NOAA’s global temperature analysis. Geophysical Research Letters, 48, e2020GL090873. https://doi.org/10.1029/2020GL090873"
comments,africa_subregion_3_NOAA_Interim,"Original data acknowledgement: "
history,africa_subregion_4_Berkeley_Earth,""Data set created from file ['Land_and_Ocean_LatLong1.nc'] downloaded from ['https://berkeley-earth-temperature.s3.us-west-1.amazonaws.com/Global/Gridded/Land_and_Ocean_LatLong1.nc'] at ['2024-01-17 10:19:03']""
history,africa_subregion_4_Berkeley_Earth,""Rebaselined to 1991-2020""
history,africa_subregion_4_Berkeley_Earth,""Calculated area-average""
history,africa_subregion_4_Berkeley_Earth,""Calculated annual average from monthly averages using arithmetic mean""
history,africa_subregion_4_Berkeley_Earth,""Selected years within the range 1900 to 2023.""
history,africa_subregion_4_Berkeley_Earth,""Wrote to file africa_subregion_4_Berkeley Earth.csv""
history,africa_subregion_4_Berkeley_Earth,"Data set created from file ['africa_subregion_4_Berkeley Earth.csv'] downloaded from [''] at ['2024-01-17 11:05:58']"
reference,africa_subregion_4_Berkeley_Earth,"Rohde, R. A. and Hausfather, Z.: The Berkeley Earth Land/Ocean Temperature Record, Earth Syst. Sci. Data, 12, 3469-3479, https://doi.org/10.5194/essd-12-3469-2020, 2020"
comments,africa_subregion_4_Berkeley_Earth,"Original data acknowledgement: "
history,africa_subregion_4_ERA5,""Gridded dataset created from file ['era5_2m_tas_2024.nc'] downloaded from ['']""
history,africa_subregion_4_ERA5,""Regridded to 1 degree latitude-longitude resolution""
history,africa_subregion_4_ERA5,""Rebaselined to 1991-2020""
history,africa_subregion_4_ERA5,""Calculated area-average""
history,africa_subregion_4_ERA5,""Calculated annual average from monthly averages using arithmetic mean""
history,africa_subregion_4_ERA5,""Selected years within the range 1900 to 2023.""
history,africa_subregion_4_ERA5,""Wrote to file africa_subregion_4_ERA5.csv""
history,africa_subregion_4_ERA5,"Data set created from file ['africa_subregion_4_ERA5.csv'] downloaded from [''] at ['2024-01-17 11:06:37']"
reference,africa_subregion_4_ERA5,"Hersbach H, Bell B, Berrisford P et al. 2020. The ERA5 global reanalysis. Q. J. R. Meteorol. Soc. 146: 1999-2049. https://doi.org/10.1002/qj.3803"
comments,africa_subregion_4_ERA5,"Original data acknowledgement: Contains using Copernicus Climate Change Service information [2024]. Neither the European Commission nor ECMWF is responsible for any use that may be made of the Copernicus information or data it contains."
history,africa_subregion_4_GISTEMP,""Data set created from file ['gistemp1200_GHCNv4_ERSSTv5.nc.gz'] downloaded from ['https://data.giss.nasa.gov/pub/gistemp/gistemp1200_GHCNv4_ERSSTv5.nc.gz'] at ['2024-01-15 11:20:46']""
history,africa_subregion_4_GISTEMP,""Regridded to 1 degree latitude-longitude resolution""
history,africa_subregion_4_GISTEMP,""Rebaselined to 1991-2020""
history,africa_subregion_4_GISTEMP,""Calculated area-average""
history,africa_subregion_4_GISTEMP,""Calculated annual average from monthly averages using arithmetic mean""
history,africa_subregion_4_GISTEMP,""Selected years within the range 1900 to 2023.""
history,africa_subregion_4_GISTEMP,""Wrote to file africa_subregion_4_GISTEMP.csv""
history,africa_subregion_4_GISTEMP,"Data set created from file ['africa_subregion_4_GISTEMP.csv'] downloaded from [''] at ['2024-01-17 11:07:07']"
reference,africa_subregion_4_GISTEMP,"Lenssen, N., G. Schmidt, J. Hansen, M. Menne, A. Persin, R. Ruedy, and D. Zyss, 2019: Improvements in the GISTEMP uncertainty model. J. Geophys. Res. Atmos., 124, no. 12, 6307-6326, doi:10.1029/2018JD029522"
comments,africa_subregion_4_GISTEMP,"Original data acknowledgement: "
history,africa_subregion_4_HadCRUT5,""Data set created from file ['HadCRUT.5.0.2.0.analysis.anomalies.ensemble_mean.nc'] downloaded from ['https://www.metoffice.gov.uk/hadobs/hadcrut5/data/HadCRUT.5.0.2.0/analysis/HadCRUT.5.0.2.0.analysis.anomalies.ensemble_mean.nc'] at ['2024-01-15 11:56:27']""
history,africa_subregion_4_HadCRUT5,""Regridded to 1 degree latitude-longitude resolution""
history,africa_subregion_4_HadCRUT5,""Rebaselined to 1991-2020""
history,africa_subregion_4_HadCRUT5,""Calculated area-average""
history,africa_subregion_4_HadCRUT5,""Calculated annual average from monthly averages using arithmetic mean""
history,africa_subregion_4_HadCRUT5,""Selected years within the range 1900 to 2023.""
history,africa_subregion_4_HadCRUT5,""Wrote to file africa_subregion_4_HadCRUT5.csv""
history,africa_subregion_4_HadCRUT5,"Data set created from file ['africa_subregion_4_HadCRUT5.csv'] downloaded from [''] at ['2024-01-17 11:08:02']"
reference,africa_subregion_4_HadCRUT5,"Morice, C. P., Kennedy, J. J., Rayner, N. A., Winn, J. P., Hogan, E., Killick, R. E., et al. (2021). An updated assessment of near-surface temperature change from 1850: the HadCRUT5 data set. Journal of Geophysical Research: Atmospheres, 126, e2019JD032361. https://doi.org/10.1029/2019JD032361"
comments,africa_subregion_4_HadCRUT5,"Original data acknowledgement: HadCRUT.5.0.2.0 data were obtained from http://www.metoffice.gov.uk/hadobs/hadcrut5 on 2024-01-15 11:56:27 and are © British Crown Copyright, Met Office 2024, provided under an Open Government License, http://www.nationalarchives.gov.uk/doc/open-government-licence/version/3/"
history,africa_subregion_4_JRA-55,""Data set created from file ['anl_surf125.011_tmp.202401_202412', 'anl_surf125.2024MMMM'] downloaded from ['', ''] at ['2024-01-15 11:20:51']""
history,africa_subregion_4_JRA-55,""Regridded to 1 degree latitude-longitude resolution""
history,africa_subregion_4_JRA-55,""Rebaselined to 1991-2020""
history,africa_subregion_4_JRA-55,""Calculated area-average""
history,africa_subregion_4_JRA-55,""Calculated annual average from monthly averages using arithmetic mean""
history,africa_subregion_4_JRA-55,""Selected years within the range 1900 to 2023.""
history,africa_subregion_4_JRA-55,""Wrote to file africa_subregion_4_JRA-55.csv""
history,africa_subregion_4_JRA-55,"Data set created from file ['africa_subregion_4_JRA-55.csv'] downloaded from [''] at ['2024-01-17 11:08:45']"
reference,africa_subregion_4_JRA-55,"Kobayashi, S., Ota, Y., Harada, Y., Ebita, A., Moriya, M., Onoda, H., Onogi, K., Kamahori, H., Kobayashi, C., Endo, H. and Miyaoka, K., (2015). The JRA-55 reanalysis: General specifications and basic characteristics. Journal of the Meteorological Society of Japan. Ser. II, 93(1), pp.5-48."
comments,africa_subregion_4_JRA-55,"Original data acknowledgement: "
history,africa_subregion_4_NOAA_Interim,""Data set created from file ['NOAAGlobalTemp_v*.nc'] downloaded from ['https://www.ncei.noaa.gov/data/noaa-global-surface-temperature/v5.1/access/gridded/NOAAGlobalTemp_v.*.nc'] at ['2024-01-17 10:19:08']""
history,africa_subregion_4_NOAA_Interim,""Data set created from file ['NOAAGlobalTemp_v*.nc'] downloaded from ['https://www.ncei.noaa.gov/data/noaa-global-surface-temperature/v5.1/access/gridded/NOAAGlobalTemp_v.*.nc'] at ['2024-01-17 10:19:08']""
history,africa_subregion_4_NOAA_Interim,""Regridded to 1 degree latitude-longitude resolution""
history,africa_subregion_4_NOAA_Interim,""Rebaselined to 1991-2020""
history,africa_subregion_4_NOAA_Interim,""Calculated area-average""
history,africa_subregion_4_NOAA_Interim,""Calculated annual average from monthly averages using arithmetic mean""
history,africa_subregion_4_NOAA_Interim,""Selected years within the range 1900 to 2023.""
history,africa_subregion_4_NOAA_Interim,""Wrote to file africa_subregion_4_NOAA Interim.csv""
history,africa_subregion_4_NOAA_Interim,"Data set created from file ['africa_subregion_4_NOAA Interim.csv'] downloaded from [''] at ['2024-01-17 11:10:21']"
reference,africa_subregion_4_NOAA_Interim,"Vose, R.S., B. Huang, X. Yin., D. Arndt, D.R. Easterling, J.H. Lawrimore, M.J. Menne, A. Sanchez-Lugo, H.-M. Zhang, 2021: Implementing full spatial coverage in NOAA’s global temperature analysis. Geophysical Research Letters, 48, e2020GL090873. https://doi.org/10.1029/2020GL090873"
comments,africa_subregion_4_NOAA_Interim,"Original data acknowledgement: "
history,africa_subregion_5_Berkeley_Earth,""Data set created from file ['Land_and_Ocean_LatLong1.nc'] downloaded from ['https://berkeley-earth-temperature.s3.us-west-1.amazonaws.com/Global/Gridded/Land_and_Ocean_LatLong1.nc'] at ['2024-01-17 10:19:03']""
history,africa_subregion_5_Berkeley_Earth,""Rebaselined to 1991-2020""
history,africa_subregion_5_Berkeley_Earth,""Calculated area-average""
history,africa_subregion_5_Berkeley_Earth,""Calculated annual average from monthly averages using arithmetic mean""
history,africa_subregion_5_Berkeley_Earth,""Selected years within the range 1900 to 2023.""
history,africa_subregion_5_Berkeley_Earth,""Wrote to file africa_subregion_5_Berkeley Earth.csv""
history,africa_subregion_5_Berkeley_Earth,"Data set created from file ['africa_subregion_5_Berkeley Earth.csv'] downloaded from [''] at ['2024-01-17 11:06:00']"
reference,africa_subregion_5_Berkeley_Earth,"Rohde, R. A. and Hausfather, Z.: The Berkeley Earth Land/Ocean Temperature Record, Earth Syst. Sci. Data, 12, 3469-3479, https://doi.org/10.5194/essd-12-3469-2020, 2020"
comments,africa_subregion_5_Berkeley_Earth,"Original data acknowledgement: "
history,africa_subregion_5_ERA5,""Gridded dataset created from file ['era5_2m_tas_2024.nc'] downloaded from ['']""
history,africa_subregion_5_ERA5,""Regridded to 1 degree latitude-longitude resolution""
history,africa_subregion_5_ERA5,""Rebaselined to 1991-2020""
history,africa_subregion_5_ERA5,""Calculated area-average""
history,africa_subregion_5_ERA5,""Calculated annual average from monthly averages using arithmetic mean""
history,africa_subregion_5_ERA5,""Selected years within the range 1900 to 2023.""
history,africa_subregion_5_ERA5,""Wrote to file africa_subregion_5_ERA5.csv""
history,africa_subregion_5_ERA5,"Data set created from file ['africa_subregion_5_ERA5.csv'] downloaded from [''] at ['2024-01-17 11:06:38']"
reference,africa_subregion_5_ERA5,"Hersbach H, Bell B, Berrisford P et al. 2020. The ERA5 global reanalysis. Q. J. R. Meteorol. Soc. 146: 1999-2049. https://doi.org/10.1002/qj.3803"
comments,africa_subregion_5_ERA5,"Original data acknowledgement: Contains using Copernicus Climate Change Service information [2024]. Neither the European Commission nor ECMWF is responsible for any use that may be made of the Copernicus information or data it contains."
history,africa_subregion_5_GISTEMP,""Data set created from file ['gistemp1200_GHCNv4_ERSSTv5.nc.gz'] downloaded from ['https://data.giss.nasa.gov/pub/gistemp/gistemp1200_GHCNv4_ERSSTv5.nc.gz'] at ['2024-01-15 11:20:46']""
history,africa_subregion_5_GISTEMP,""Regridded to 1 degree latitude-longitude resolution""
history,africa_subregion_5_GISTEMP,""Rebaselined to 1991-2020""
history,africa_subregion_5_GISTEMP,""Calculated area-average""
history,africa_subregion_5_GISTEMP,""Calculated annual average from monthly averages using arithmetic mean""
history,africa_subregion_5_GISTEMP,""Selected years within the range 1900 to 2023.""
history,africa_subregion_5_GISTEMP,""Wrote to file africa_subregion_5_GISTEMP.csv""
history,africa_subregion_5_GISTEMP,"Data set created from file ['africa_subregion_5_GISTEMP.csv'] downloaded from [''] at ['2024-01-17 11:07:09']"
reference,africa_subregion_5_GISTEMP,"Lenssen, N., G. Schmidt, J. Hansen, M. Menne, A. Persin, R. Ruedy, and D. Zyss, 2019: Improvements in the GISTEMP uncertainty model. J. Geophys. Res. Atmos., 124, no. 12, 6307-6326, doi:10.1029/2018JD029522"
comments,africa_subregion_5_GISTEMP,"Original data acknowledgement: "
history,africa_subregion_5_HadCRUT5,""Data set created from file ['HadCRUT.5.0.2.0.analysis.anomalies.ensemble_mean.nc'] downloaded from ['https://www.metoffice.gov.uk/hadobs/hadcrut5/data/HadCRUT.5.0.2.0/analysis/HadCRUT.5.0.2.0.analysis.anomalies.ensemble_mean.nc'] at ['2024-01-15 11:56:27']""
history,africa_subregion_5_HadCRUT5,""Regridded to 1 degree latitude-longitude resolution""
history,africa_subregion_5_HadCRUT5,""Rebaselined to 1991-2020""
history,africa_subregion_5_HadCRUT5,""Calculated area-average""
history,africa_subregion_5_HadCRUT5,""Calculated annual average from monthly averages using arithmetic mean""
history,africa_subregion_5_HadCRUT5,""Selected years within the range 1900 to 2023.""
history,africa_subregion_5_HadCRUT5,""Wrote to file africa_subregion_5_HadCRUT5.csv""
history,africa_subregion_5_HadCRUT5,"Data set created from file ['africa_subregion_5_HadCRUT5.csv'] downloaded from [''] at ['2024-01-17 11:08:04']"
reference,africa_subregion_5_HadCRUT5,"Morice, C. P., Kennedy, J. J., Rayner, N. A., Winn, J. P., Hogan, E., Killick, R. E., et al. (2021). An updated assessment of near-surface temperature change from 1850: the HadCRUT5 data set. Journal of Geophysical Research: Atmospheres, 126, e2019JD032361. https://doi.org/10.1029/2019JD032361"
comments,africa_subregion_5_HadCRUT5,"Original data acknowledgement: HadCRUT.5.0.2.0 data were obtained from http://www.metoffice.gov.uk/hadobs/hadcrut5 on 2024-01-15 11:56:27 and are © British Crown Copyright, Met Office 2024, provided under an Open Government License, http://www.nationalarchives.gov.uk/doc/open-government-licence/version/3/"
history,africa_subregion_5_JRA-55,""Data set created from file ['anl_surf125.011_tmp.202401_202412', 'anl_surf125.2024MMMM'] downloaded from ['', ''] at ['2024-01-15 11:20:51']""
history,africa_subregion_5_JRA-55,""Regridded to 1 degree latitude-longitude resolution""
history,africa_subregion_5_JRA-55,""Rebaselined to 1991-2020""
history,africa_subregion_5_JRA-55,""Calculated area-average""
history,africa_subregion_5_JRA-55,""Calculated annual average from monthly averages using arithmetic mean""
history,africa_subregion_5_JRA-55,""Selected years within the range 1900 to 2023.""
history,africa_subregion_5_JRA-55,""Wrote to file africa_subregion_5_JRA-55.csv""
history,africa_subregion_5_JRA-55,"Data set created from file ['africa_subregion_5_JRA-55.csv'] downloaded from [''] at ['2024-01-17 11:08:46']"
reference,africa_subregion_5_JRA-55,"Kobayashi, S., Ota, Y., Harada, Y., Ebita, A., Moriya, M., Onoda, H., Onogi, K., Kamahori, H., Kobayashi, C., Endo, H. and Miyaoka, K., (2015). The JRA-55 reanalysis: General specifications and basic characteristics. Journal of the Meteorological Society of Japan. Ser. II, 93(1), pp.5-48."
comments,africa_subregion_5_JRA-55,"Original data acknowledgement: "
history,africa_subregion_5_NOAA_Interim,""Data set created from file ['NOAAGlobalTemp_v*.nc'] downloaded from ['https://www.ncei.noaa.gov/data/noaa-global-surface-temperature/v5.1/access/gridded/NOAAGlobalTemp_v.*.nc'] at ['2024-01-17 10:19:08']""
history,africa_subregion_5_NOAA_Interim,""Data set created from file ['NOAAGlobalTemp_v*.nc'] downloaded from ['https://www.ncei.noaa.gov/data/noaa-global-surface-temperature/v5.1/access/gridded/NOAAGlobalTemp_v.*.nc'] at ['2024-01-17 10:19:08']""
history,africa_subregion_5_NOAA_Interim,""Regridded to 1 degree latitude-longitude resolution""
history,africa_subregion_5_NOAA_Interim,""Rebaselined to 1991-2020""
history,africa_subregion_5_NOAA_Interim,""Calculated area-average""
history,africa_subregion_5_NOAA_Interim,""Calculated annual average from monthly averages using arithmetic mean""
history,africa_subregion_5_NOAA_Interim,""Selected years within the range 1900 to 2023.""
history,africa_subregion_5_NOAA_Interim,""Wrote to file africa_subregion_5_NOAA Interim.csv""
history,africa_subregion_5_NOAA_Interim,"Data set created from file ['africa_subregion_5_NOAA Interim.csv'] downloaded from [''] at ['2024-01-17 11:10:23']"
reference,africa_subregion_5_NOAA_Interim,"Vose, R.S., B. Huang, X. Yin., D. Arndt, D.R. Easterling, J.H. Lawrimore, M.J. Menne, A. Sanchez-Lugo, H.-M. Zhang, 2021: Implementing full spatial coverage in NOAA’s global temperature analysis. Geophysical Research Letters, 48, e2020GL090873. https://doi.org/10.1029/2020GL090873"
comments,africa_subregion_5_NOAA_Interim,"Original data acknowledgement: "
history,africa_subregion_6_Berkeley_Earth,""Data set created from file ['Land_and_Ocean_LatLong1.nc'] downloaded from ['https://berkeley-earth-temperature.s3.us-west-1.amazonaws.com/Global/Gridded/Land_and_Ocean_LatLong1.nc'] at ['2024-01-17 10:19:03']""
history,africa_subregion_6_Berkeley_Earth,""Rebaselined to 1991-2020""
history,africa_subregion_6_Berkeley_Earth,""Calculated area-average""
history,africa_subregion_6_Berkeley_Earth,""Calculated annual average from monthly averages using arithmetic mean""
history,africa_subregion_6_Berkeley_Earth,""Selected years within the range 1900 to 2023.""
history,africa_subregion_6_Berkeley_Earth,""Wrote to file africa_subregion_6_Berkeley Earth.csv""
history,africa_subregion_6_Berkeley_Earth,"Data set created from file ['africa_subregion_6_Berkeley Earth.csv'] downloaded from [''] at ['2024-01-17 11:06:02']"
reference,africa_subregion_6_Berkeley_Earth,"Rohde, R. A. and Hausfather, Z.: The Berkeley Earth Land/Ocean Temperature Record, Earth Syst. Sci. Data, 12, 3469-3479, https://doi.org/10.5194/essd-12-3469-2020, 2020"
comments,africa_subregion_6_Berkeley_Earth,"Original data acknowledgement: "
history,africa_subregion_6_ERA5,""Gridded dataset created from file ['era5_2m_tas_2024.nc'] downloaded from ['']""
history,africa_subregion_6_ERA5,""Regridded to 1 degree latitude-longitude resolution""
history,africa_subregion_6_ERA5,""Rebaselined to 1991-2020""
history,africa_subregion_6_ERA5,""Calculated area-average""
history,africa_subregion_6_ERA5,""Calculated annual average from monthly averages using arithmetic mean""
history,africa_subregion_6_ERA5,""Selected years within the range 1900 to 2023.""
history,africa_subregion_6_ERA5,""Wrote to file africa_subregion_6_ERA5.csv""
history,africa_subregion_6_ERA5,"Data set created from file ['africa_subregion_6_ERA5.csv'] downloaded from [''] at ['2024-01-17 11:06:39']"
reference,africa_subregion_6_ERA5,"Hersbach H, Bell B, Berrisford P et al. 2020. The ERA5 global reanalysis. Q. J. R. Meteorol. Soc. 146: 1999-2049. https://doi.org/10.1002/qj.3803"
comments,africa_subregion_6_ERA5,"Original data acknowledgement: Contains using Copernicus Climate Change Service information [2024]. Neither the European Commission nor ECMWF is responsible for any use that may be made of the Copernicus information or data it contains."
history,africa_subregion_6_GISTEMP,""Data set created from file ['gistemp1200_GHCNv4_ERSSTv5.nc.gz'] downloaded from ['https://data.giss.nasa.gov/pub/gistemp/gistemp1200_GHCNv4_ERSSTv5.nc.gz'] at ['2024-01-15 11:20:46']""
history,africa_subregion_6_GISTEMP,""Regridded to 1 degree latitude-longitude resolution""
history,africa_subregion_6_GISTEMP,""Rebaselined to 1991-2020""
history,africa_subregion_6_GISTEMP,""Calculated area-average""
history,africa_subregion_6_GISTEMP,""Calculated annual average from monthly averages using arithmetic mean""
history,africa_subregion_6_GISTEMP,""Selected years within the range 1900 to 2023.""
history,africa_subregion_6_GISTEMP,""Wrote to file africa_subregion_6_GISTEMP.csv""
history,africa_subregion_6_GISTEMP,"Data set created from file ['africa_subregion_6_GISTEMP.csv'] downloaded from [''] at ['2024-01-17 11:07:10']"
reference,africa_subregion_6_GISTEMP,"Lenssen, N., G. Schmidt, J. Hansen, M. Menne, A. Persin, R. Ruedy, and D. Zyss, 2019: Improvements in the GISTEMP uncertainty model. J. Geophys. Res. Atmos., 124, no. 12, 6307-6326, doi:10.1029/2018JD029522"
comments,africa_subregion_6_GISTEMP,"Original data acknowledgement: "
history,africa_subregion_6_HadCRUT5,""Data set created from file ['HadCRUT.5.0.2.0.analysis.anomalies.ensemble_mean.nc'] downloaded from ['https://www.metoffice.gov.uk/hadobs/hadcrut5/data/HadCRUT.5.0.2.0/analysis/HadCRUT.5.0.2.0.analysis.anomalies.ensemble_mean.nc'] at ['2024-01-15 11:56:27']""
history,africa_subregion_6_HadCRUT5,""Regridded to 1 degree latitude-longitude resolution""
history,africa_subregion_6_HadCRUT5,""Rebaselined to 1991-2020""
history,africa_subregion_6_HadCRUT5,""Calculated area-average""
history,africa_subregion_6_HadCRUT5,""Calculated annual average from monthly averages using arithmetic mean""
history,africa_subregion_6_HadCRUT5,""Selected years within the range 1900 to 2023.""
history,africa_subregion_6_HadCRUT5,""Wrote to file africa_subregion_6_HadCRUT5.csv""
history,africa_subregion_6_HadCRUT5,"Data set created from file ['africa_subregion_6_HadCRUT5.csv'] downloaded from [''] at ['2024-01-17 11:08:06']"
reference,africa_subregion_6_HadCRUT5,"Morice, C. P., Kennedy, J. J., Rayner, N. A., Winn, J. P., Hogan, E., Killick, R. E., et al. (2021). An updated assessment of near-surface temperature change from 1850: the HadCRUT5 data set. Journal of Geophysical Research: Atmospheres, 126, e2019JD032361. https://doi.org/10.1029/2019JD032361"
comments,africa_subregion_6_HadCRUT5,"Original data acknowledgement: HadCRUT.5.0.2.0 data were obtained from http://www.metoffice.gov.uk/hadobs/hadcrut5 on 2024-01-15 11:56:27 and are © British Crown Copyright, Met Office 2024, provided under an Open Government License, http://www.nationalarchives.gov.uk/doc/open-government-licence/version/3/"
history,africa_subregion_6_JRA-55,""Data set created from file ['anl_surf125.011_tmp.202401_202412', 'anl_surf125.2024MMMM'] downloaded from ['', ''] at ['2024-01-15 11:20:51']""
history,africa_subregion_6_JRA-55,""Regridded to 1 degree latitude-longitude resolution""
history,africa_subregion_6_JRA-55,""Rebaselined to 1991-2020""
history,africa_subregion_6_JRA-55,""Calculated area-average""
history,africa_subregion_6_JRA-55,""Calculated annual average from monthly averages using arithmetic mean""
history,africa_subregion_6_JRA-55,""Selected years within the range 1900 to 2023.""
history,africa_subregion_6_JRA-55,""Wrote to file africa_subregion_6_JRA-55.csv""
history,africa_subregion_6_JRA-55,"Data set created from file ['africa_subregion_6_JRA-55.csv'] downloaded from [''] at ['2024-01-17 11:08:47']"
reference,africa_subregion_6_JRA-55,"Kobayashi, S., Ota, Y., Harada, Y., Ebita, A., Moriya, M., Onoda, H., Onogi, K., Kamahori, H., Kobayashi, C., Endo, H. and Miyaoka, K., (2015). The JRA-55 reanalysis: General specifications and basic characteristics. Journal of the Meteorological Society of Japan. Ser. II, 93(1), pp.5-48."
comments,africa_subregion_6_JRA-55,"Original data acknowledgement: "
history,africa_subregion_6_NOAA_Interim,""Data set created from file ['NOAAGlobalTemp_v*.nc'] downloaded from ['https://www.ncei.noaa.gov/data/noaa-global-surface-temperature/v5.1/access/gridded/NOAAGlobalTemp_v.*.nc'] at ['2024-01-17 10:19:08']""
history,africa_subregion_6_NOAA_Interim,""Data set created from file ['NOAAGlobalTemp_v*.nc'] downloaded from ['https://www.ncei.noaa.gov/data/noaa-global-surface-temperature/v5.1/access/gridded/NOAAGlobalTemp_v.*.nc'] at ['2024-01-17 10:19:08']""
history,africa_subregion_6_NOAA_Interim,""Regridded to 1 degree latitude-longitude resolution""
history,africa_subregion_6_NOAA_Interim,""Rebaselined to 1991-2020""
history,africa_subregion_6_NOAA_Interim,""Calculated area-average""
history,africa_subregion_6_NOAA_Interim,""Calculated annual average from monthly averages using arithmetic mean""
history,africa_subregion_6_NOAA_Interim,""Selected years within the range 1900 to 2023.""
history,africa_subregion_6_NOAA_Interim,""Wrote to file africa_subregion_6_NOAA Interim.csv""
history,africa_subregion_6_NOAA_Interim,"Data set created from file ['africa_subregion_6_NOAA Interim.csv'] downloaded from [''] at ['2024-01-17 11:10:25']"
reference,africa_subregion_6_NOAA_Interim,"Vose, R.S., B. Huang, X. Yin., D. Arndt, D.R. Easterling, J.H. Lawrimore, M.J. Menne, A. Sanchez-Lugo, H.-M. Zhang, 2021: Implementing full spatial coverage in NOAA’s global temperature analysis. Geophysical Research Letters, 48, e2020GL090873. https://doi.org/10.1029/2020GL090873"
comments,africa_subregion_6_NOAA_Interim,"Original data acknowledgement: "
history,wmo_ra_1_Berkeley_Earth,""Data set created from file ['Land_and_Ocean_LatLong1.nc'] downloaded from ['https://berkeley-earth-temperature.s3.us-west-1.amazonaws.com/Global/Gridded/Land_and_Ocean_LatLong1.nc'] at ['2024-01-17 10:19:03']""
history,wmo_ra_1_Berkeley_Earth,""Rebaselined to 1991-2020""
history,wmo_ra_1_Berkeley_Earth,""Calculated area-average""
history,wmo_ra_1_Berkeley_Earth,""Calculated annual average from monthly averages using arithmetic mean""
history,wmo_ra_1_Berkeley_Earth,""Selected years within the range 1900 to 2023.""
history,wmo_ra_1_Berkeley_Earth,""Wrote to file wmo_ra_1_Berkeley Earth.csv""
history,wmo_ra_1_Berkeley_Earth,"Data set created from file ['wmo_ra_1_Berkeley Earth.csv'] downloaded from [''] at ['2024-01-17 11:05:25']"
reference,wmo_ra_1_Berkeley_Earth,"Rohde, R. A. and Hausfather, Z.: The Berkeley Earth Land/Ocean Temperature Record, Earth Syst. Sci. Data, 12, 3469-3479, https://doi.org/10.5194/essd-12-3469-2020, 2020"
comments,wmo_ra_1_Berkeley_Earth,"Original data acknowledgement: "
history,wmo_ra_1_ERA5,""Gridded dataset created from file ['era5_2m_tas_2024.nc'] downloaded from ['']""
history,wmo_ra_1_ERA5,""Regridded to 1 degree latitude-longitude resolution""
history,wmo_ra_1_ERA5,""Rebaselined to 1991-2020""
history,wmo_ra_1_ERA5,""Calculated area-average""
history,wmo_ra_1_ERA5,""Calculated annual average from monthly averages using arithmetic mean""
history,wmo_ra_1_ERA5,""Selected years within the range 1900 to 2023.""
history,wmo_ra_1_ERA5,""Wrote to file wmo_ra_1_ERA5.csv""
history,wmo_ra_1_ERA5,"Data set created from file ['wmo_ra_1_ERA5.csv'] downloaded from [''] at ['2024-01-17 11:06:29']"
reference,wmo_ra_1_ERA5,"Hersbach H, Bell B, Berrisford P et al. 2020. The ERA5 global reanalysis. Q. J. R. Meteorol. Soc. 146: 1999-2049. https://doi.org/10.1002/qj.3803"
comments,wmo_ra_1_ERA5,"Original data acknowledgement: Contains using Copernicus Climate Change Service information [2024]. Neither the European Commission nor ECMWF is responsible for any use that may be made of the Copernicus information or data it contains."
history,wmo_ra_1_GISTEMP,""Data set created from file ['gistemp1200_GHCNv4_ERSSTv5.nc.gz'] downloaded from ['https://data.giss.nasa.gov/pub/gistemp/gistemp1200_GHCNv4_ERSSTv5.nc.gz'] at ['2024-01-15 11:20:46']""
history,wmo_ra_1_GISTEMP,""Regridded to 1 degree latitude-longitude resolution""
history,wmo_ra_1_GISTEMP,""Rebaselined to 1991-2020""
history,wmo_ra_1_GISTEMP,""Calculated area-average""
history,wmo_ra_1_GISTEMP,""Calculated annual average from monthly averages using arithmetic mean""
history,wmo_ra_1_GISTEMP,""Selected years within the range 1900 to 2023.""
history,wmo_ra_1_GISTEMP,""Wrote to file wmo_ra_1_GISTEMP.csv""
history,wmo_ra_1_GISTEMP,"Data set created from file ['wmo_ra_1_GISTEMP.csv'] downloaded from [''] at ['2024-01-17 11:06:48']"
reference,wmo_ra_1_GISTEMP,"Lenssen, N., G. Schmidt, J. Hansen, M. Menne, A. Persin, R. Ruedy, and D. Zyss, 2019: Improvements in the GISTEMP uncertainty model. J. Geophys. Res. Atmos., 124, no. 12, 6307-6326, doi:10.1029/2018JD029522"
comments,wmo_ra_1_GISTEMP,"Original data acknowledgement: "
history,wmo_ra_1_HadCRUT5,""Data set created from file ['HadCRUT.5.0.2.0.analysis.anomalies.ensemble_mean.nc'] downloaded from ['https://www.metoffice.gov.uk/hadobs/hadcrut5/data/HadCRUT.5.0.2.0/analysis/HadCRUT.5.0.2.0.analysis.anomalies.ensemble_mean.nc'] at ['2024-01-15 11:56:27']""
history,wmo_ra_1_HadCRUT5,""Regridded to 1 degree latitude-longitude resolution""
history,wmo_ra_1_HadCRUT5,""Rebaselined to 1991-2020""
history,wmo_ra_1_HadCRUT5,""Calculated area-average""
history,wmo_ra_1_HadCRUT5,""Calculated annual average from monthly averages using arithmetic mean""
history,wmo_ra_1_HadCRUT5,""Selected years within the range 1900 to 2023.""
history,wmo_ra_1_HadCRUT5,""Wrote to file wmo_ra_1_HadCRUT5.csv""
history,wmo_ra_1_HadCRUT5,"Data set created from file ['wmo_ra_1_HadCRUT5.csv'] downloaded from [''] at ['2024-01-17 11:07:29']"
reference,wmo_ra_1_HadCRUT5,"Morice, C. P., Kennedy, J. J., Rayner, N. A., Winn, J. P., Hogan, E., Killick, R. E., et al. (2021). An updated assessment of near-surface temperature change from 1850: the HadCRUT5 data set. Journal of Geophysical Research: Atmospheres, 126, e2019JD032361. https://doi.org/10.1029/2019JD032361"
comments,wmo_ra_1_HadCRUT5,"Original data acknowledgement: HadCRUT.5.0.2.0 data were obtained from http://www.metoffice.gov.uk/hadobs/hadcrut5 on 2024-01-15 11:56:27 and are © British Crown Copyright, Met Office 2024, provided under an Open Government License, http://www.nationalarchives.gov.uk/doc/open-government-licence/version/3/"
history,wmo_ra_1_JRA-55,""Data set created from file ['anl_surf125.011_tmp.202401_202412', 'anl_surf125.2024MMMM'] downloaded from ['', ''] at ['2024-01-15 11:20:51']""
history,wmo_ra_1_JRA-55,""Regridded to 1 degree latitude-longitude resolution""
history,wmo_ra_1_JRA-55,""Rebaselined to 1991-2020""
history,wmo_ra_1_JRA-55,""Calculated area-average""
history,wmo_ra_1_JRA-55,""Calculated annual average from monthly averages using arithmetic mean""
history,wmo_ra_1_JRA-55,""Selected years within the range 1900 to 2023.""
history,wmo_ra_1_JRA-55,""Wrote to file wmo_ra_1_JRA-55.csv""
history,wmo_ra_1_JRA-55,"Data set created from file ['wmo_ra_1_JRA-55.csv'] downloaded from [''] at ['2024-01-17 11:08:33']"
reference,wmo_ra_1_JRA-55,"Kobayashi, S., Ota, Y., Harada, Y., Ebita, A., Moriya, M., Onoda, H., Onogi, K., Kamahori, H., Kobayashi, C., Endo, H. and Miyaoka, K., (2015). The JRA-55 reanalysis: General specifications and basic characteristics. Journal of the Meteorological Society of Japan. Ser. II, 93(1), pp.5-48."
comments,wmo_ra_1_JRA-55,"Original data acknowledgement: "
history,wmo_ra_1_NOAA_Interim,""Data set created from file ['NOAAGlobalTemp_v*.nc'] downloaded from ['https://www.ncei.noaa.gov/data/noaa-global-surface-temperature/v5.1/access/gridded/NOAAGlobalTemp_v.*.nc'] at ['2024-01-17 10:19:08']""
history,wmo_ra_1_NOAA_Interim,""Data set created from file ['NOAAGlobalTemp_v*.nc'] downloaded from ['https://www.ncei.noaa.gov/data/noaa-global-surface-temperature/v5.1/access/gridded/NOAAGlobalTemp_v.*.nc'] at ['2024-01-17 10:19:08']""
history,wmo_ra_1_NOAA_Interim,""Regridded to 1 degree latitude-longitude resolution""
history,wmo_ra_1_NOAA_Interim,""Rebaselined to 1991-2020""
history,wmo_ra_1_NOAA_Interim,""Calculated area-average""
history,wmo_ra_1_NOAA_Interim,""Calculated annual average from monthly averages using arithmetic mean""
history,wmo_ra_1_NOAA_Interim,""Selected years within the range 1900 to 2023.""
history,wmo_ra_1_NOAA_Interim,""Wrote to file wmo_ra_1_NOAA Interim.csv""
history,wmo_ra_1_NOAA_Interim,"Data set created from file ['wmo_ra_1_NOAA Interim.csv'] downloaded from [''] at ['2024-01-17 11:09:48']"
reference,wmo_ra_1_NOAA_Interim,"Vose, R.S., B. Huang, X. Yin., D. Arndt, D.R. Easterling, J.H. Lawrimore, M.J. Menne, A. Sanchez-Lugo, H.-M. Zhang, 2021: Implementing full spatial coverage in NOAA’s global temperature analysis. Geophysical Research Letters, 48, e2020GL090873. https://doi.org/10.1029/2020GL090873"
comments,wmo_ra_1_NOAA_Interim,"Original data acknowledgement: "
long_name,time,time,days since 1800-01-01 00:00:00.0
type,time,int
long_name,year,year,1
type,year,int
long_name,africa_subregion_1_Berkeley_Earth,africa_subregion_1,degC
type,africa_subregion_1_Berkeley_Earth,float
long_name,africa_subregion_1_ERA5,africa_subregion_1,degC
type,africa_subregion_1_ERA5,float
long_name,africa_subregion_1_GISTEMP,africa_subregion_1,degC
type,africa_subregion_1_GISTEMP,float
long_name,africa_subregion_1_HadCRUT5,africa_subregion_1,degC
type,africa_subregion_1_HadCRUT5,float
long_name,africa_subregion_1_JRA-55,africa_subregion_1,degC
type,africa_subregion_1_JRA-55,float
long_name,africa_subregion_1_NOAA_Interim,africa_subregion_1,degC
type,africa_subregion_1_NOAA_Interim,float
long_name,africa_subregion_2_Berkeley_Earth,africa_subregion_2,degC
type,africa_subregion_2_Berkeley_Earth,float
long_name,africa_subregion_2_ERA5,africa_subregion_2,degC
type,africa_subregion_2_ERA5,float
long_name,africa_subregion_2_GISTEMP,africa_subregion_2,degC
type,africa_subregion_2_GISTEMP,float
long_name,africa_subregion_2_HadCRUT5,africa_subregion_2,degC
type,africa_subregion_2_HadCRUT5,float
long_name,africa_subregion_2_JRA-55,africa_subregion_2,degC
type,africa_subregion_2_JRA-55,float
long_name,africa_subregion_2_NOAA_Interim,africa_subregion_2,degC
type,africa_subregion_2_NOAA_Interim,float
long_name,africa_subregion_3_Berkeley_Earth,africa_subregion_3,degC
type,africa_subregion_3_Berkeley_Earth,float
long_name,africa_subregion_3_ERA5,africa_subregion_3,degC
type,africa_subregion_3_ERA5,float
long_name,africa_subregion_3_GISTEMP,africa_subregion_3,degC
type,africa_subregion_3_GISTEMP,float
long_name,africa_subregion_3_HadCRUT5,africa_subregion_3,degC
type,africa_subregion_3_HadCRUT5,float
long_name,africa_subregion_3_JRA-55,africa_subregion_3,degC
type,africa_subregion_3_JRA-55,float
long_name,africa_subregion_3_NOAA_Interim,africa_subregion_3,degC
type,africa_subregion_3_NOAA_Interim,float
long_name,africa_subregion_4_Berkeley_Earth,africa_subregion_4,degC
type,africa_subregion_4_Berkeley_Earth,float
long_name,africa_subregion_4_ERA5,africa_subregion_4,degC
type,africa_subregion_4_ERA5,float
long_name,africa_subregion_4_GISTEMP,africa_subregion_4,degC
type,africa_subregion_4_GISTEMP,float
long_name,africa_subregion_4_HadCRUT5,africa_subregion_4,degC
type,africa_subregion_4_HadCRUT5,float
long_name,africa_subregion_4_JRA-55,africa_subregion_4,degC
type,africa_subregion_4_JRA-55,float
long_name,africa_subregion_4_NOAA_Interim,africa_subregion_4,degC
type,africa_subregion_4_NOAA_Interim,float
long_name,africa_subregion_5_Berkeley_Earth,africa_subregion_5,degC
type,africa_subregion_5_Berkeley_Earth,float
long_name,africa_subregion_5_ERA5,africa_subregion_5,degC
type,africa_subregion_5_ERA5,float
long_name,africa_subregion_5_GISTEMP,africa_subregion_5,degC
type,africa_subregion_5_GISTEMP,float
long_name,africa_subregion_5_HadCRUT5,africa_subregion_5,degC
type,africa_subregion_5_HadCRUT5,float
long_name,africa_subregion_5_JRA-55,africa_subregion_5,degC
type,africa_subregion_5_JRA-55,float
long_name,africa_subregion_5_NOAA_Interim,africa_subregion_5,degC
type,africa_subregion_5_NOAA_Interim,float
long_name,africa_subregion_6_Berkeley_Earth,africa_subregion_6,degC
type,africa_subregion_6_Berkeley_Earth,float
long_name,africa_subregion_6_ERA5,africa_subregion_6,degC
type,africa_subregion_6_ERA5,float
long_name,africa_subregion_6_GISTEMP,africa_subregion_6,degC
type,africa_subregion_6_GISTEMP,float
long_name,africa_subregion_6_HadCRUT5,africa_subregion_6,degC
type,africa_subregion_6_HadCRUT5,float
long_name,africa_subregion_6_JRA-55,africa_subregion_6,degC
type,africa_subregion_6_JRA-55,float
long_name,africa_subregion_6_NOAA_Interim,africa_subregion_6,degC
type,africa_subregion_6_NOAA_Interim,float
long_name,wmo_ra_1_Berkeley_Earth,wmo_ra_1,degC
type,wmo_ra_1_Berkeley_Earth,float
long_name,wmo_ra_1_ERA5,wmo_ra_1,degC
type,wmo_ra_1_ERA5,float
long_name,wmo_ra_1_GISTEMP,wmo_ra_1,degC
type,wmo_ra_1_GISTEMP,float
long_name,wmo_ra_1_HadCRUT5,wmo_ra_1,degC
type,wmo_ra_1_HadCRUT5,float
long_name,wmo_ra_1_JRA-55,wmo_ra_1,degC
type,wmo_ra_1_JRA-55,float
long_name,wmo_ra_1_NOAA_Interim,wmo_ra_1,degC
type,wmo_ra_1_NOAA_Interim,float
coordinate_variable,time,t
data
time,year,africa_subregion_1_Berkeley_Earth,africa_subregion_1_ERA5,africa_subregion_1_GISTEMP,africa_subregion_1_HadCRUT5,africa_subregion_1_JRA-55,africa_subregion_1_NOAA_Interim,africa_subregion_2_Berkeley_Earth,africa_subregion_2_ERA5,africa_subregion_2_GISTEMP,africa_subregion_2_HadCRUT5,africa_subregion_2_JRA-55,africa_subregion_2_NOAA_Interim,africa_subregion_3_Berkeley_Earth,africa_subregion_3_ERA5,africa_subregion_3_GISTEMP,africa_subregion_3_HadCRUT5,africa_subregion_3_JRA-55,africa_subregion_3_NOAA_Interim,africa_subregion_4_Berkeley_Earth,africa_subregion_4_ERA5,africa_subregion_4_GISTEMP,africa_subregion_4_HadCRUT5,africa_subregion_4_JRA-55,africa_subregion_4_NOAA_Interim,africa_subregion_5_Berkeley_Earth,africa_subregion_5_ERA5,africa_subregion_5_GISTEMP,africa_subregion_5_HadCRUT5,africa_subregion_5_JRA-55,africa_subregion_5_NOAA_Interim,africa_subregion_6_Berkeley_Earth,africa_subregion_6_ERA5,africa_subregion_6_GISTEMP,africa_subregion_6_HadCRUT5,africa_subregion_6_JRA-55,africa_subregion_6_NOAA_Interim,wmo_ra_1_Berkeley_Earth,wmo_ra_1_ERA5,wmo_ra_1_GISTEMP,wmo_ra_1_HadCRUT5,wmo_ra_1_JRA-55,wmo_ra_1_NOAA_Interim
36524,1900,-1.0784,,-0.9860,-1.2109,,-1.2658,-1.1370,,-0.9026,-0.7778,,-0.8657,-0.8154,,,-0.8210,,-0.8069,-0.7977,,-0.6323,-0.9179,,-0.7064,-0.6725,,-0.0329,-0.7797,,-0.7624,-1.0453,,-0.8802,-0.2055,,-0.4621,-0.9034,,-0.6567,-0.8918,,-0.8713
36889,1901,-1.0714,,-1.1491,-1.1891,,-0.9138,-1.0350,,-0.6998,-0.9282,,-0.9180,-0.7465,,,-0.6147,,-0.7669,-0.6474,,-1.0134,-0.5302,,-0.6299,-1.1067,,-0.5883,-1.2006,,-0.8868,-1.2301,,-1.0000,-0.4630,,-0.6711,-0.9281,,-0.8782,-0.8865,,-0.8202
37254,1902,-1.0178,,-0.8520,-1.2152,,-0.8137,-0.9930,,-0.3486,-0.7549,,-0.6531,-1.0169,,-0.3903,-0.8464,,-0.8520,-0.9724,,-0.5464,-0.7705,,-0.8468,-1.1335,,-0.5251,-1.0913,,-0.8930,-0.8050,,-0.4692,-0.1755,,-0.7007,-1.0221,,-0.5661,-0.9186,,-0.8101
37619,1903,-1.5053,,-1.2997,-1.7178,,-1.2556,-1.6484,,-1.0147,-1.2660,,-0.7240,-1.3716,,-0.2683,-1.1302,,-0.7048,-1.2359,,-0.7326,-1.1326,,-0.9308,-1.2851,,-0.5887,-1.2382,,-0.9009,-1.0109,,-0.9202,-0.4449,,-0.7043,-1.4008,,-0.8561,-1.2786,,-0.9030
37984,1904,-1.3988,,-1.1458,-1.7091,,-1.5498,-1.7225,,-0.9892,-1.2314,,-1.3676,-1.8327,,-1.1106,-1.5000,,-1.3578,-1.4366,,-1.1904,-1.4706,,-1.2616,-1.7170,,-1.2371,-1.7893,,-1.2337,-1.4951,,-1.0379,-0.6092,,-1.0648,-1.6142,,-1.1307,-1.5158,,-1.3464
38350,1905,-1.4644,,-1.2812,-1.5855,,-1.2938,-1.5683,,-0.6387,-1.1374,,-0.9786,-1.2230,,-0.2068,-0.7842,,-0.8522,-1.1004,,-0.7280,-1.0458,,-0.8967,-1.2371,,-0.6515,-1.1173,,-0.9730,-1.0275,,-0.7025,-0.4173,,-0.8444,-1.3131,,-0.7293,-1.1231,,-0.9978
38715,1906,-1.4342,,-1.2725,-1.1933,,-1.4572,-1.3535,,-0.9356,-0.7985,,-1.0183,-1.5505,,-0.7236,-0.7899,,-0.8438,-1.2875,,-0.9069,-0.9564,,-0.8624,-1.5673,,-1.2017,-1.6316,,-1.0131,-1.1493,,-0.8653,-0.3765,,-0.6773,-1.4280,,-1.0156,-1.0636,,-1.0323
39080,1907,-1.8604,,-1.5168,-1.6115,,-1.9333,-1.7083,,-1.2443,-1.0689,,-1.4681,-1.4508,,-0.6692,-0.8827,,-1.0290,-1.3492,,-1.0056,-1.0346,,-1.0374,-1.7092,,-1.3015,-1.6995,,-1.1220,-1.3285,,-0.6538,-0.5536,,-0.8900,-1.6090,,-1.1588,-1.2486,,-1.3097
39445,1908,-1.4285,,-1.2347,-1.3385,,-1.2344,-1.3067,,-0.9440,-0.7216,,-0.9406,-1.3462,,-0.8901,-1.0000,,-0.9386,-1.2175,,-1.1512,-0.8059,,-1.0699,-1.2676,,-0.7399,-1.2534,,-1.0526,-0.9100,,-0.4008,-0.3010,,-0.7553,-1.3031,,-0.9923,-1.0059,,-1.0432
39811,1909,-1.2469,,-1.2943,-1.0997,,-1.2691,-1.2554,,-0.9902,-0.8021,,-1.1438,-1.3671,,-0.9250,-0.8276,,-0.9390,-1.2669,,-1.1045,-0.8499,,-1.0360,-1.1100,,-0.7105,-1.1880,,-1.0176,-0.9989,,-0.9127,-0.4439,,-0.8880,-1.2410,,-1.0130,-0.9436,,-1.0786
40176,1910,-1.5097,,-1.4351,-1.4936,,-1.5231,-1.1467,,-0.5411,-0.8490,,-1.0668,-1.4901,,-1.0970,-1.0767,,-1.1076,-1.2210,,-1.1770,-0.9801,,-1.2306,-1.4209,,-1.0682,-1.5030,,-1.0626,-1.4960,,-1.1585,-0.8025,,-1.0419,-1.3533,,-1.0631,-1.1697,,-1.1940
40541,1911,-1.4712,,-1.2905,-1.4964,,-1.5491,-1.6207,,-1.0763,-1.0252,,-1.3386,-1.5838,,-1.0876,-0.6490,,-1.1081,-1.3514,,-1.1838,-0.9715,,-1.2016,-1.4942,,-1.1705,-1.3019,,-1.1652,-1.4566,,-1.1471,-0.8007,,-1.1011,-1.5005,,-1.1659,-1.0892,,-1.2709
40906,1912,-1.3959,,-1.3841,-1.1058,,-1.4211,-1.1834,,-0.6382,-0.5712,,-1.0684,-0.9145,,-0.8724,-0.1531,,-1.0352,-1.3965,,-1.2857,-1.1006,,-1.2597,-0.9328,,-0.6851,-0.6958,,-0.8855,-0.8593,,-0.4567,-0.3009,,-0.7845,-1.1641,,-0.9734,-0.7311,,-1.1281
41272,1913,-1.2625,,-1.2735,-1.1290,,-1.1105,-0.9236,,-0.5224,-0.4613,,-0.7233,-1.0097,,-0.6540,-0.4029,,-0.9154,-1.4318,,-1.2664,-1.2289,,-1.3242,-0.8683,,-0.2614,-0.6252,,-0.8768,-1.0976,,-0.8513,-0.5365,,-0.8910,-1.1025,,-0.8169,-0.7750,,-0.9916
41637,1914,-1.1203,,-1.2843,-1.1081,,-1.4935,-0.6494,,-0.6508,-0.4103,,-0.9293,-0.5134,,-0.5607,-0.0266,,-0.5942,-0.7814,,-0.6603,-0.7425,,-0.7286,-0.7401,,-0.3173,-0.6351,,-0.7435,-0.9283,,-0.6928,-0.3570,,-0.6924,-0.7687,,-0.7071,-0.5913,,-0.8957
42002,1915,-1.0984,,-0.9555,-1.1550,,-1.2607,-0.9334,,-0.9485,-0.5517,,-0.9685,-0.6442,,-0.5084,0.0756,,-0.6790,-0.6745,,-0.5673,-0.6094,,-0.7716,-0.8816,,-0.7396,-0.6651,,-0.7967,-0.9115,,-0.7131,-0.2644,,-0.7049,-0.8489,,-0.7517,-0.5846,,-0.8923
42367,1916,-1.0992,,-0.8228,-1.1724,,-1.1197,-1.3470,,-1.3009,-1.0144,,-1.3892,-1.1203,,-0.9750,-0.6718,,-1.1248,-1.2824,,-1.1887,-1.2123,,-1.2783,-0.8720,,-0.7586,-0.9496,,-0.9337,-1.2593,,-1.1017,-0.6832,,-0.9479,-1.1479,,-1.0224,-1.0050,,-1.1665
42733,1917,-1.5287,,-1.4326,-1.5606,,-1.3818,-1.0869,,-0.9757,-0.7498,,-1.3912,-1.1133,,-0.7901,-0.4718,,-1.1217,-1.4567,,-1.3724,-1.1458,,-1.4306,-1.1192,,-0.9444,-1.4961,,-0.9880,-1.4315,,-1.2512,-0.7439,,-1.0908,-1.2656,,-1.1239,-1.0872,,-1.2621
43098,1918,-1.4788,,-1.3302,-1.4875,,-1.6727,-1.3922,,-1.5088,-1.0212,,-1.4543,-1.2734,,-0.9262,-0.4426,,-1.2134,-1.2092,,-1.1145,-0.8977,,-1.2953,-1.3897,,-0.8766,-1.3264,,-0.9685,-1.2880,,-1.0278,-0.5802,,-0.9856,-1.3460,,-1.1648,-1.0340,,-1.3134
43463,1919,-1.3428,,-1.0590,-1.2088,,-1.2318,-1.0911,,-0.8966,-0.5801,,-0.8716,-0.8624,,-0.4665,0.0683,,-0.6573,-0.6835,,-0.6198,-0.5423,,-0.7827,-0.9687,,-0.7203,-0.9044,,-0.7742,-1.0012,,-0.7916,-0.4479,,-0.8072,-0.9876,,-0.7652,-0.6398,,-0.8641
43828,1920,-1.2162,,-1.0449,-1.3219,,-1.2831,-1.3142,,-1.4205,-1.0378,,-1.3771,-1.3946,,-1.1560,-0.3533,,-1.0892,-1.2808,,-1.1227,-1.2010,,-1.2372,-0.7876,,-0.4837,-0.6424,,-0.8702,-1.2709,,-1.0347,-0.6430,,-0.8716,-1.1957,,-1.0452,-0.9179,,-1.1672
44194,1921,-1.3582,,-1.2247,-1.2265,,-1.5821,-1.0717,,-1.1142,-0.6165,,-1.3031,-1.0221,,-0.7341,-0.4528,,-0.9708,-1.0665,,-0.8697,-0.9652,,-1.0271,-0.9632,,-0.8421,-0.9869,,-0.9355,-1.2564,,-1.1508,-0.7125,,-0.9757,-1.0981,,-0.9691,-0.8558,,-1.1599
44559,1922,-1.1549,,-1.1234,-1.1526,,-1.2348,-0.9226,,-1.1124,-0.7846,,-1.3746,-1.0114,,-0.8404,-0.1543,,-0.9052,-1.1541,,-1.0533,-0.8836,,-1.0616,-0.5050,,-0.2528,-0.4372,,-0.7524,-1.3258,,-1.3054,-0.8477,,-0.8757,-0.9562,,-0.8920,-0.6970,,-1.0653
44924,1923,-1.4776,,-1.4403,-1.6227,,-1.6135,-0.9912,,-1.1782,-0.8753,,-1.3059,-1.0878,,-0.8617,-0.4522,,-0.9109,-1.2019,,-1.0253,-0.9392,,-0.9833,-0.7440,,-0.6285,-0.7907,,-0.7955,-0.7853,,-0.5231,-0.2497,,-0.7046,-1.0919,,-1.0226,-0.9279,,-1.1136
45289,1924,-0.8775,,-0.7861,-0.9246,,-0.8145,-0.7535,,-1.1208,-0.7128,,-0.9166,-0.7595,,-0.5123,0.0860,,-0.6760,-0.7656,,-0.6184,-0.3628,,-0.7378,-0.9768,,-0.8069,-0.8266,,-0.8848,-1.0827,,-0.9559,-0.5585,,-0.8379,-0.8316,,-0.7829,-0.5595,,-0.8092
45655,1925,-1.2772,,-1.3791,-1.4580,,-1.2983,-0.9152,,-1.0265,-1.0295,,-1.1967,-1.0158,,-0.6197,-0.8869,,-0.9330,-0.9432,,-0.7760,-0.7803,,-0.9438,-1.1642,,-0.8934,-1.4211,,-0.9166,-0.7482,,-0.4546,-0.1548,,-0.7183,-1.0545,,-0.9388,-1.0948,,-1.0512
46020,1926,-0.7436,,-0.7623,-0.8877,,-0.9631,-0.5735,,-0.5154,-0.6224,,-0.7100,-0.7398,,-0.5213,-0.6359,,-0.6774,-0.8691,,-0.6430,-0.6517,,-0.6889,-0.7997,,-0.6376,-1.0961,,-0.7566,-0.5067,,-0.2254,0.1083,,-0.5237,-0.7407,,-0.6116,-0.7613,,-0.7536
46385,1927,-0.7699,,-0.6614,-0.9165,,-0.7447,-1.0046,,-0.9349,-1.0165,,-0.9283,-0.7430,,-0.4748,-0.5011,,-0.7112,-0.8827,,-0.5965,-0.5399,,-0.7483,-0.7626,,-0.7059,-1.0986,,-0.8287,-1.0745,,-0.8022,-0.4595,,-0.8179,-0.8402,,-0.6860,-0.8111,,-0.7945
46750,1928,-0.8585,,-0.8018,-0.9520,,-1.0467,-1.0237,,-0.8270,-1.0897,,-0.9416,-0.7743,,-0.2276,-0.2868,,-0.6536,-0.7742,,-0.4076,-0.3742,,-0.5250,-0.7612,,-0.5983,-1.1121,,-0.7975,-0.8529,,-0.5481,-0.3110,,-0.7531,-0.8396,,-0.5847,-0.7611,,-0.7913
47116,1929,-1.4112,,-1.2571,-1.2667,,-1.2418,-1.2675,,-1.1704,-1.1231,,-1.2815,-1.1749,,-0.8391,-0.6583,,-0.9586,-0.9922,,-0.7581,-0.8011,,-0.8658,-0.7968,,-0.6436,-1.2530,,-0.8854,-0.9030,,-0.5804,-0.2851,,-0.8147,-1.1197,,-0.9274,-1.0102,,-1.0413
47481,1930,-0.8365,,-0.7350,-1.1130,,-0.8849,-0.8073,,-0.8773,-0.7185,,-1.0117,-1.0021,,-0.7215,-0.3687,,-0.7805,-1.0625,,-0.8762,-1.0428,,-0.8238,-1.1743,,-1.0657,-1.3415,,-0.9882,-1.2527,,-1.0315,-0.6334,,-0.9181,-0.9825,,-0.8656,-0.9219,,-0.9006
47846,1931,-0.5621,,-0.5696,-0.7294,,-0.3597,-0.3665,,-0.4096,-0.1603,,-0.5416,-0.3198,,-0.0782,-0.4113,,-0.3069,-0.5737,,-0.3886,-0.5075,,-0.4480,-0.7487,,-0.4861,-0.9062,,-0.7056,-0.8013,,-0.6150,-0.5460,,-0.5366,-0.5248,,-0.4040,-0.5430,,-0.4793
48211,1932,-0.8634,,-1.0159,-1.3055,,-0.9837,-0.8420,,-0.9220,-0.7641,,-1.0159,-0.7571,,-0.4947,-0.6765,,-0.6698,-1.0443,,-0.8208,-0.7302,,-0.7911,-0.9653,,-0.7465,-1.2071,,-0.8404,-0.9792,,-0.9470,-0.6093,,-0.8703,-0.9010,,-0.8155,-0.9305,,-0.8643
48577,1933,-1.0533,,-1.0585,-1.1767,,-1.0354,-0.8582,,-0.8899,-0.7116,,-0.9915,-0.6924,,-0.3399,-0.4523,,-0.6030,-0.7502,,-0.5969,-0.3388,,-0.6036,-0.9233,,-0.7279,-1.0445,,-0.7937,-1.1870,,-0.9537,-0.6551,,-0.9065,-0.8633,,-0.7396,-0.7429,,-0.8092
48942,1934,-1.1865,,-1.0259,-1.3420,,-1.0688,-1.0587,,-0.9045,-0.7594,,-1.0221,-0.9044,,-0.4826,-0.8712,,-0.7211,-0.9506,,-0.7234,-0.7859,,-0.7826,-0.9228,,-0.4991,-1.2433,,-0.7685,-0.9559,,-0.9066,-0.6734,,-0.8619,-1.0030,,-0.7388,-0.9904,,-0.8738
49307,1935,-1.1721,,-0.9947,-1.0321,,-1.0625,-0.9963,,-0.9441,-0.2764,,-1.0582,-0.8172,,-0.5833,-0.8087,,-0.7605,-0.9156,,-0.7094,-0.7484,,-0.7119,-1.3414,,-1.0425,-1.4856,,-0.9881,-1.1326,,-0.9839,-0.6900,,-0.9159,-1.0520,,-0.8663,-0.8633,,-0.9166
49672,1936,-1.0032,,-0.8690,-0.7824,,-0.7435,-1.1233,,-0.8964,-0.5217,,-0.8619,-0.7415,,-0.6104,-0.8951,,-0.7527,-0.8446,,-0.6420,-0.6353,,-0.7249,-1.2522,,-0.9102,-1.3972,,-0.8802,-0.6833,,-0.5765,-0.3485,,-0.7240,-0.9901,,-0.7872,-0.8319,,-0.7915
50038,1937,-0.5247,,-0.4572,-0.5197,,-0.6623,-0.6966,,-0.7792,-0.1670,,-0.8342,-0.6855,,-0.7241,-0.8329,,-0.7406,-0.9747,,-0.7720,-0.7856,,-0.8023,-1.0599,,-0.6810,-1.1730,,-0.7421,-0.6677,,-0.5523,-0.3846,,-0.7294,-0.7895,,-0.6802,-0.6853,,-0.7558
50403,1938,-1.3995,,-1.3117,-1.1568,,-1.3702,-0.8054,,-0.7557,-0.1504,,-0.9656,-0.6231,,-0.6156,-0.6613,,-0.6582,-0.9458,,-0.7730,-0.8967,,-0.7451,-0.9322,,-0.5504,-1.0968,,-0.6930,-0.7967,,-0.6616,-0.4086,,-0.7307,-0.9409,,-0.8028,-0.7835,,-0.8829
50768,1939,-0.9184,,-0.9415,-0.9504,,-1.0257,-0.8867,,-0.8638,-0.4263,,-0.9825,-0.7620,,-0.7092,-0.6769,,-0.6112,-0.7099,,-0.6148,-0.5814,,-0.5921,-1.3001,,-1.0442,-1.3280,,-0.9078,-0.7981,,-0.7567,-0.3904,,-0.7717,-0.9139,,-0.8345,-0.7824,,-0.8242
51133,1940,-0.9803,,-1.0584,-1.0053,,-0.9437,-0.6107,,-0.7405,-0.3948,,-0.7348,-0.6530,,-0.4530,-0.5463,,-0.6123,-0.5577,,-0.4520,-0.4379,,-0.5327,-0.8098,,-0.5758,-0.8146,,-0.6629,-0.6075,,-0.3520,-0.4890,,-0.4196,-0.7179,,-0.6530,-0.6331,,-0.6901
51499,1941,-0.7549,,-0.9129,-0.7272,,-0.7082,-0.2963,,-0.5236,-0.1300,,-0.5669,-0.3508,,-0.1426,0.0088,,-0.2088,-0.4334,,-0.1782,-0.4257,,-0.2915,-0.3753,,-0.2125,-0.3953,,-0.3910,-0.5834,,-0.3086,-0.1987,,-0.1514,-0.4450,,-0.3935,-0.3368,,-0.4297
51864,1942,-0.7873,,-0.7575,-0.6905,,-0.7476,-0.6086,,-0.7296,-0.4147,,-0.8182,-0.5945,,-0.4758,-0.3306,,-0.4836,-0.6856,,-0.4482,-0.6690,,-0.5015,-0.6397,,-0.3461,-0.6361,,-0.5581,-0.8711,,-0.5401,-0.3229,,-0.3030,-0.6680,,-0.5523,-0.5481,,-0.6171
52229,1943,-1.1299,,-0.9491,-1.0288,,-1.1451,-1.1620,,-1.1452,-0.9483,,-1.2042,-0.8896,,-0.9335,-0.7075,,-0.9406,-0.9864,,-0.7941,-1.1446,,-0.8688,-1.0340,,-0.8235,-1.0290,,-0.8782,-1.1864,,-0.8424,-0.7069,,-0.6751,-1.0449,,-0.9264,-0.9721,,-0.9991
52594,1944,-1.1549,,-1.1458,-1.0403,,-1.1425,-0.7888,,-0.8718,-0.5797,,-1.0147,-0.8065,,-0.7678,-0.5648,,-0.7653,-0.7777,,-0.6250,-0.8893,,-0.6928,-0.7150,,-0.4862,-0.6484,,-0.6318,-0.8569,,-0.6364,-0.3976,,-0.4739,-0.8454,,-0.7719,-0.7389,,-0.8388
52960,1945,-0.9579,,-0.8636,-1.0318,,-1.0719,-0.9037,,-1.0002,-0.7675,,-0.9222,-0.6929,,-0.7525,-0.6758,,-0.8865,-0.8868,,-0.7335,-1.0251,,-0.8204,-0.9085,,-0.6670,-0.8970,,-0.7544,-0.9164,,-0.7289,-0.5256,,-0.5190,-0.8726,,-0.8016,-0.8741,,-0.8792
53325,1946,-0.7331,,-0.8170,-0.6844,,-0.9356,-0.9950,,-1.1739,-0.8405,,-1.1439,-0.8588,,-0.7486,-0.3354,,-0.7580,-0.8655,,-0.6750,-0.9801,,-0.7542,-0.7102,,-0.5639,-0.7881,,-0.6748,-0.8159,,-0.6191,-0.4703,,-0.5360,-0.8328,,-0.7937,-0.7320,,-0.8481
53690,1947,-0.3852,,-0.3631,-0.5045,,-0.4920,-0.6842,,-0.7765,-0.5250,,-0.7841,-0.5970,,-0.6174,-0.1395,,-0.6767,-0.7905,,-0.6702,-0.9088,,-0.7476,-0.6494,,-0.4380,-0.7155,,-0.6152,-0.8648,,-0.7045,-0.4512,,-0.6087,-0.6296,,-0.5777,-0.5689,,-0.6635
54055,1948,-1.1486,,-1.0463,-1.1811,,-1.2479,-1.1431,,-1.2597,-1.0142,,-1.2520,-0.8882,,-0.9122,-0.4901,,-0.9010,-1.1013,,-0.8861,-1.1247,,-0.9159,-0.9055,,-0.7090,-0.9600,,-0.7614,-0.6969,,-0.6220,-0.4327,,-0.7083,-1.0335,,-0.9570,-0.9531,,-1.0095
54421,1949,-1.2271,,-0.9970,-1.2247,,-1.0902,-0.8223,,-0.8693,-0.6726,,-0.8837,-0.7609,,-0.5971,-0.3646,,-0.7666,-1.0207,,-0.7719,-1.1260,,-0.8642,-0.5966,,-0.3079,-0.6474,,-0.5762,-0.6762,,-0.6239,-0.4801,,-0.7388,-0.8825,,-0.7094,-0.8092,,-0.8344
54786,1950,-1.2240,,-0.9510,-1.2846,,-1.1506,-1.3463,,-1.3325,-1.1550,,-1.3086,-1.0249,,-1.0207,-0.8423,,-1.0502,-1.1349,,-0.9518,-1.2296,,-1.0282,-0.9718,,-0.6765,-1.0370,,-0.7937,-1.1735,,-0.9984,-0.7817,,-0.8989,-1.1417,,-0.9866,-1.1069,,-1.0616
55151,1951,-0.7947,,-0.8183,-0.9496,,-0.7722,-0.9211,,-1.0481,-0.7034,,-1.0644,-0.8511,,-0.8347,-0.5375,,-0.8558,-1.0531,,-0.9017,-1.0718,,-0.9061,-0.9744,,-0.8956,-1.0544,,-0.8552,-1.0077,,-0.8835,-0.8042,,-0.9252,-0.9234,,-0.9016,-0.8689,,-0.8931
55516,1952,-0.7608,,-0.6747,-0.8776,,-0.8468,-1.1754,,-1.1945,-0.9471,,-1.1638,-0.7139,,-0.6528,-0.3188,,-0.7266,-0.6961,,-0.5469,-0.6679,,-0.6814,-0.6370,,-0.5970,-0.7211,,-0.6510,-0.8312,,-0.6245,-0.5491,,-0.5982,-0.7992,,-0.7332,-0.7104,,-0.8108
55882,1953,-1.1178,,-1.0808,-1.2419,,-1.1078,-1.0411,,-1.1513,-0.8598,,-1.1124,-0.8707,,-0.7908,-0.4954,,-0.8229,-0.8149,,-0.6995,-0.8550,,-0.7592,-1.0432,,-0.9065,-1.1086,,-0.8450,-0.8163,,-0.6616,-0.5514,,-0.6233,-0.9734,,-0.9211,-0.9095,,-0.9225
56247,1954,-1.3120,,-1.2180,-1.4555,,-1.3218,-1.2495,,-1.2855,-1.0961,,-1.3141,-1.0225,,-0.8872,-0.6761,,-0.9335,-0.8863,,-0.7655,-0.9230,,-0.8428,-1.0833,,-0.9084,-1.1316,,-0.8534,-0.6747,,-0.6669,-0.6066,,-0.7313,-1.1000,,-1.0061,-1.0506,,-1.0453
56612,1955,-0.0712,,-0.2180,-0.3839,,-0.2554,-0.9581,,-1.1351,-0.8313,,-1.0694,-1.1047,,-0.9604,-0.7269,,-0.9877,-0.9997,,-0.8240,-0.9369,,-0.9415,-1.2905,,-1.1212,-1.3710,,-0.9563,-0.9449,,-0.8844,-0.8445,,-0.8641,-0.8869,,-0.8544,-0.8551,,-0.8439
56977,1956,-1.2865,,-1.3264,-1.3792,,-1.2683,-1.1767,,-1.2466,-1.0282,,-1.3214,-1.1230,,-0.9982,-0.8144,,-1.0317,-1.1970,,-1.0342,-1.1794,,-1.0918,-1.1718,,-1.0410,-1.2300,,-0.9582,-0.9919,,-0.9012,-0.7852,,-0.8657,-1.1867,,-1.1255,-1.1236,,-1.1294
57343,1957,-1.1645,,-1.0946,-1.3664,,-1.1384,-1.1618,,-1.2147,-1.0145,,-1.1794,-0.8766,,-0.7636,-0.5842,,-0.8186,-0.9654,,-0.8313,-1.0096,,-0.8718,-0.6565,,-0.5468,-0.6783,,-0.5795,-0.7867,,-0.5733,-0.5852,,-0.5765,-0.9621,,-0.8860,-0.9285,,-0.9111
57708,1958,-0.5234,,-0.5954,-0.7776,-0.5768,-0.6172,-0.6991,,-0.7835,-0.6020,-0.5233,-0.7512,-0.6086,,-0.4752,-0.3093,-0.2447,-0.5556,-0.5456,,-0.3519,-0.6367,-0.6871,-0.4948,-0.7084,,-0.6514,-0.8297,-0.5127,-0.6242,-0.7178,,-0.4535,-0.5229,-0.5476,-0.4810,-0.6197,,-0.5703,-0.6345,-0.5178,-0.6065
58073,1959,-0.9989,,-1.0538,-1.1514,-1.0602,-1.0898,-0.9089,,-1.0209,-0.7867,-0.7900,-0.9870,-0.7849,,-0.6836,-0.5570,-0.1823,-0.7446,-0.8338,,-0.6575,-0.9645,-0.8936,-0.7550,-0.6777,,-0.5817,-0.7565,-0.5183,-0.6351,-0.8860,,-0.6175,-0.8124,-0.6472,-0.6567,-0.8420,,-0.7966,-0.8476,-0.7002,-0.8384
58438,1960,-0.4358,,-0.5172,-0.6701,-0.4754,-0.5828,-0.9107,,-0.9870,-0.8170,-0.6688,-0.9282,-0.7553,,-0.5987,-0.4916,-0.4022,-0.6770,-0.6986,,-0.5310,-0.8176,-0.5274,-0.6334,-0.7429,,-0.6368,-0.8455,-0.5538,-0.7057,-0.9721,,-0.7532,-0.8409,-0.7143,-0.8510,-0.7149,,-0.6579,-0.7364,-0.5330,-0.7091
58804,1961,-1.0124,,-0.8879,-1.1269,-1.1689,-1.1267,-1.2097,,-1.2627,-1.0511,-1.0569,-1.1868,-1.1488,,-0.9976,-0.9077,-1.0122,-1.0486,-1.0580,,-0.8565,-1.1671,-0.9896,-0.9134,-0.6456,,-0.5699,-0.7863,-0.5409,-0.6093,-0.2226,,-0.0922,-0.0216,-0.4369,-0.1989,-0.9955,,-0.8965,-0.9892,-0.9400,-0.9570
59169,1962,-0.6935,,-0.6692,-0.8535,-0.9242,-0.7320,-0.9595,,-1.0232,-0.8837,-0.8116,-1.0025,-0.9296,,-0.8152,-0.7046,-0.8995,-0.8209,-0.8876,,-0.7634,-1.0202,-0.7552,-0.7937,-0.6977,,-0.5685,-0.8673,-0.5028,-0.6196,-0.8321,,-0.6743,-0.5671,-0.8511,-0.6074,-0.8320,,-0.7656,-0.8634,-0.7756,-0.7890
59534,1963,-0.5173,,-0.6101,-0.7395,-0.7163,-0.5913,-0.6869,,-0.7505,-0.5741,-0.7405,-0.7345,-0.7072,,-0.6374,-0.5080,-0.6996,-0.6574,-0.8301,,-0.7081,-0.8845,-0.6587,-0.7137,-0.9934,,-0.8203,-1.1223,-0.9273,-0.8187,-1.0967,,-0.9853,-0.8639,-1.2110,-0.8322,-0.7556,,-0.7122,-0.7723,-0.7570,-0.7061
59899,1964,-1.0132,,-0.9501,-1.1389,-0.7588,-1.0398,-1.0081,,-1.1065,-0.8756,-0.8370,-1.1207,-0.9919,,-0.9370,-0.7801,-0.8104,-0.9408,-1.2117,,-1.1283,-1.3248,-1.1952,-1.1380,-0.9595,,-0.9003,-1.1092,-0.8004,-0.8636,-1.1480,,-1.0309,-1.0183,-0.8725,-0.9343,-1.0410,,-1.0081,-1.0513,-0.8850,-1.0206
60265,1965,-1.1502,,-1.0841,-1.2316,-0.9874,-1.1739,-1.2385,,-1.2827,-1.1076,-0.8365,-1.2897,-0.9907,,-0.8567,-0.7280,-0.7434,-0.8766,-1.0465,,-0.9050,-1.1571,-0.9823,-0.9175,-0.9616,,-0.8285,-1.0842,-0.5145,-0.8484,-1.2941,,-1.1892,-1.1646,-1.0744,-1.0453,-1.0828,,-0.9977,-1.0700,-0.8203,-1.0229
60630,1966,-0.6819,,-0.6692,-0.8819,-0.5965,-0.6741,-0.7409,,-0.8566,-0.7030,-0.4815,-0.7495,-0.7868,,-0.6442,-0.5407,-0.5695,-0.6735,-0.7587,,-0.6201,-0.8627,-0.8688,-0.6907,-0.5578,,-0.4741,-0.6858,-0.3692,-0.5333,-0.6846,,-0.6169,-0.5343,-0.5600,-0.5483,-0.7029,,-0.6519,-0.7337,-0.5784,-0.6609
60995,1967,-1.2519,,-1.2087,-1.3840,-1.3348,-1.2800,-1.1930,,-1.2214,-1.0801,-1.0179,-1.2165,-0.9485,,-0.8906,-0.8362,-0.8873,-0.9333,-1.1552,,-1.0677,-1.3140,-1.1823,-1.1029,-0.9238,,-0.8702,-1.0131,-0.8227,-0.8198,-0.4379,,-0.4081,-0.3556,-0.5685,-0.4906,-1.0837,,-1.0419,-1.1150,-1.0416,-1.0599
61360,1968,-0.9608,,-0.9133,-1.0268,-0.9538,-0.9427,-0.9778,,-1.0432,-0.8101,-0.7768,-1.0267,-0.9472,,-0.8775,-0.7535,-0.8930,-0.9232,-1.1905,,-1.1039,-1.3415,-1.2397,-1.0870,-1.0105,,-0.9109,-1.0806,-0.5708,-0.8640,-1.1325,,-1.0187,-0.9881,-0.9734,-0.8792,-1.0222,,-0.9740,-1.0088,-0.8907,-0.9683
61726,1969,-0.5267,,-0.7110,-0.6532,-0.4709,-0.4832,-0.3760,,-0.4312,-0.2015,-0.0943,-0.3638,-0.4706,,-0.4268,-0.2877,-0.4519,-0.4527,-0.4549,,-0.3597,-0.6365,-0.5174,-0.4367,-0.5784,,-0.4895,-0.6809,-0.1346,-0.5356,-0.2760,,-0.1939,-0.1531,-0.2389,-0.1222,-0.4769,,-0.4768,-0.4890,-0.3296,-0.4473
62091,1970,-0.9156,,-0.9168,-0.9937,-0.8808,-0.9128,-0.6813,,-0.7036,-0.5391,-0.4095,-0.6903,-0.6527,,-0.6169,-0.5613,-0.6863,-0.6967,-0.7875,,-0.6708,-0.8556,-0.8586,-0.7757,-0.4891,,-0.3653,-0.5996,-0.2773,-0.4712,-0.6290,,-0.4690,-0.5122,-0.3407,-0.4137,-0.7036,,-0.6502,-0.7074,-0.6147,-0.7020
62456,1971,-1.3271,,-1.2944,-1.3648,-1.2598,-1.2937,-1.0534,,-1.0499,-0.9032,-0.8069,-1.1195,-0.9534,,-0.8854,-0.9526,-1.0327,-0.9334,-1.1408,,-1.0441,-1.2651,-1.2530,-1.0510,-0.9216,,-0.8450,-1.0361,-0.6878,-0.8200,-1.0143,,-0.9119,-0.8554,-0.5945,-0.6711,-1.0787,,-1.0226,-1.1008,-0.9984,-1.0359
62821,1972,-1.2634,,-1.2708,-1.2381,-1.0991,-1.2206,-0.8787,,-0.8011,-0.7005,-0.5202,-0.8860,-0.5940,,-0.5406,-0.5871,-0.7468,-0.5428,-0.6149,,-0.5802,-0.8245,-0.7316,-0.6167,-0.7509,,-0.6771,-0.8585,-0.5772,-0.6567,-0.7657,,-0.6333,-0.6122,-0.2621,-0.4509,-0.8197,,-0.7719,-0.8395,-0.7220,-0.7791
63187,1973,-1.0916,,-1.0125,-1.2338,-1.0424,-1.0591,-0.4981,,-0.4138,-0.4285,-0.2207,-0.4877,-0.2962,,-0.2219,-0.3417,-0.4187,-0.2936,-0.4189,,-0.3060,-0.5925,-0.4522,-0.3732,-0.4943,,-0.4450,-0.5968,-0.3473,-0.4678,-0.7402,,-0.5540,-0.5647,-0.2871,-0.3160,-0.5637,,-0.4817,-0.6380,-0.4880,-0.5316
63552,1974,-1.3190,,-1.3205,-1.4680,-1.2986,-1.3598,-1.2607,,-1.2203,-1.1807,-1.0743,-1.2633,-0.9117,,-0.8618,-0.9196,-1.1413,-0.8982,-1.0135,,-0.9323,-1.0545,-1.1135,-0.9522,-1.2000,,-1.0141,-1.2393,-1.3276,-0.9356,-1.0228,,-0.8690,-0.8033,-0.7278,-0.6393,-1.1403,,-1.0672,-1.1661,-1.1791,-1.0732
63917,1975,-1.2764,,-1.2714,-1.4066,-1.2244,-1.4221,-1.1987,,-1.1506,-1.1465,-1.0215,-1.1898,-0.8742,,-0.8231,-0.8934,-1.0831,-0.8361,-0.9707,,-0.8410,-1.0461,-1.2026,-0.8642,-0.9718,,-0.8525,-1.0641,-0.8722,-0.8080,-0.9883,,-0.8254,-0.8638,-0.6899,-0.6823,-1.0585,,-0.9850,-1.1078,-1.0708,-1.0166
64282,1976,-1.4337,,-1.4125,-1.4579,-1.3309,-1.4344,-1.2793,,-1.1851,-1.1627,-1.1113,-1.1866,-0.7547,,-0.7304,-0.8421,-0.8638,-0.7681,-0.6739,,-0.6221,-0.7042,-0.9813,-0.6689,-1.2212,,-1.0602,-1.3297,-1.2567,-0.9220,-0.6978,,-0.5751,-0.6058,-0.5093,-0.5227,-1.0666,,-0.9942,-1.0890,-1.0986,-0.9861
64648,1977,-0.7145,,-0.8656,-0.8861,-0.6061,-0.8394,-0.7432,,-0.7103,-0.6845,-0.5793,-0.7366,-0.5849,,-0.5703,-0.6499,-0.7636,-0.6722,-0.7904,,-0.7555,-0.8472,-1.1772,-0.8122,-0.5615,,-0.4149,-0.6756,-0.4071,-0.4948,-0.2714,,-0.1635,-0.2508,-0.1883,-0.1667,-0.6733,,-0.6547,-0.7402,-0.6981,-0.7006
65013,1978,-0.7992,,-0.9790,-0.9269,-0.7121,-0.9444,-0.6786,,-0.6771,-0.6275,-0.5288,-0.6718,-0.5934,,-0.5965,-0.6269,-0.7154,-0.6233,-0.6660,,-0.6726,-0.6975,-1.0207,-0.7009,-0.8492,,-0.6783,-0.9531,-0.7643,-0.6562,-0.1846,,-0.2057,-0.3060,-0.2615,-0.2056,-0.7083,,-0.7106,-0.7579,-0.7403,-0.7090
65378,1979,-0.5461,-0.7978,-0.6357,-0.6006,-0.5472,-0.5583,-0.4081,-0.4720,-0.3927,-0.3893,-0.2558,-0.3384,-0.3267,-0.6246,-0.3329,-0.2984,-0.4505,-0.3581,-0.4568,-0.6166,-0.4534,-0.5035,-0.5329,-0.4593,-0.5473,-0.6577,-0.4018,-0.6580,-0.4756,-0.4285,-0.4229,-0.4203,-0.3625,-0.4761,-0.5487,-0.3373,-0.4583,-0.6267,-0.4424,-0.4925,-0.4529,-0.4269
65743,1980,-0.7944,-0.9218,-0.9699,-0.8953,-0.7567,-0.8905,-0.3802,-0.3202,-0.3473,-0.3727,-0.2833,-0.3641,-0.3186,-0.5871,-0.3318,-0.3422,-0.5146,-0.3657,-0.2732,-0.4408,-0.2258,-0.3611,-0.4010,-0.3146,-0.6331,-0.5426,-0.5715,-0.7467,-0.3280,-0.5000,-0.4367,-0.4166,-0.3822,-0.4844,-0.3513,-0.3437,-0.4788,-0.5546,-0.4846,-0.5421,-0.4500,-0.4820
66109,1981,-0.5919,-0.7971,-0.6803,-0.7558,-0.6929,-0.7476,-0.5161,-0.6142,-0.4934,-0.5774,-0.4914,-0.5086,-0.5560,-0.7654,-0.5915,-0.6040,-0.6620,-0.6719,-0.6080,-0.6605,-0.5587,-0.6060,-0.4706,-0.6149,-0.8944,-0.8807,-0.9242,-0.9797,-0.6859,-0.7946,-0.5256,-0.5396,-0.5367,-0.4545,-0.4151,-0.3601,-0.6322,-0.7362,-0.6466,-0.6994,-0.5917,-0.6589
66474,1982,-0.9430,-1.2269,-0.9152,-1.0336,-1.0893,-0.9736,-0.7943,-0.8478,-0.7437,-0.7883,-0.7609,-0.7468,-0.5922,-0.8184,-0.5995,-0.6632,-0.6919,-0.6219,-0.6340,-0.8492,-0.5902,-0.6484,-0.7289,-0.6210,-0.5677,-0.4993,-0.4796,-0.6416,-0.3118,-0.5313,-0.4797,-0.5496,-0.4060,-0.4748,-0.5378,-0.3433,-0.7027,-0.8397,-0.6606,-0.7484,-0.7110,-0.6909
66839,1983,-0.7399,-0.9067,-0.8444,-0.8356,-0.8371,-0.8331,-0.2072,-0.2151,-0.2210,-0.2224,-0.1489,-0.1938,-0.3615,-0.4206,-0.3682,-0.3879,-0.3242,-0.4943,-0.4704,-0.5989,-0.4378,-0.4895,-0.5377,-0.5383,-0.0033,0.0750,0.0748,-0.0931,0.2517,-0.0856,-0.2003,-0.1304,-0.1789,-0.1979,-0.1227,-0.0743,-0.3519,-0.4050,-0.3534,-0.3993,-0.3129,-0.4181
67204,1984,-0.9106,-1.1262,-1.0160,-0.9884,-0.9509,-0.9208,-0.4557,-0.5813,-0.4237,-0.3854,-0.3591,-0.4785,-0.4936,-0.6938,-0.4298,-0.4879,-0.5476,-0.5411,-0.5362,-0.7239,-0.4315,-0.5506,-0.5559,-0.5635,-0.2789,-0.3043,-0.1887,-0.3537,-0.2600,-0.3331,-0.7645,-0.8241,-0.7278,-0.7823,-0.7608,-0.6216,-0.5371,-0.6840,-0.4996,-0.5552,-0.5344,-0.5656
67570,1985,-0.5296,-0.6666,-0.5791,-0.7018,-0.5150,-0.5735,-0.5779,-0.6868,-0.5391,-0.5710,-0.4865,-0.5471,-0.5832,-0.9015,-0.5862,-0.6473,-0.7137,-0.5624,-0.6406,-0.9838,-0.5861,-0.6588,-0.8655,-0.6009,-0.5169,-0.4989,-0.3782,-0.5691,-0.3970,-0.4386,-0.5706,-0.7814,-0.5773,-0.6195,-0.7410,-0.4676,-0.5702,-0.7456,-0.5339,-0.6283,-0.5969,-0.5429
67935,1986,-0.8339,-0.9661,-0.8182,-0.9329,-0.8508,-0.7806,-0.6714,-0.6910,-0.6010,-0.7062,-0.6576,-0.6307,-0.4817,-0.6314,-0.4639,-0.5698,-0.6061,-0.4611,-0.6211,-0.7880,-0.5727,-0.6067,-0.7341,-0.5684,-0.4879,-0.5175,-0.3755,-0.5550,-0.4171,-0.3713,-0.6855,-0.7643,-0.6304,-0.6477,-0.8434,-0.4992,-0.6222,-0.7195,-0.5687,-0.6734,-0.6565,-0.5624
68300,1987,-0.2436,-0.2742,-0.2934,-0.3584,-0.2156,-0.2657,0.2191,0.2430,0.2146,0.1375,0.3163,0.1588,-0.0715,-0.1454,-0.0913,-0.1303,-0.0153,-0.1527,-0.1330,-0.2030,-0.0858,-0.1849,-0.2266,-0.1533,0.1040,0.1723,0.1570,-0.0381,0.3253,-0.0098,-0.0564,-0.1260,-0.0486,-0.1994,-0.0634,-0.0608,-0.0241,-0.0401,-0.0178,-0.1148,0.0364,-0.0816
68665,1988,-0.3075,-0.3103,-0.3533,-0.4110,-0.2502,-0.3426,-0.4216,-0.3857,-0.4110,-0.4562,-0.3326,-0.4107,-0.3747,-0.4075,-0.4312,-0.3414,-0.2130,-0.4399,-0.3729,-0.2827,-0.2917,-0.3289,-0.1172,-0.3442,-0.3915,-0.3910,-0.3409,-0.4707,-0.2604,-0.3272,-0.1447,-0.1277,-0.1568,-0.1929,-0.0719,-0.1111,-0.3693,-0.3487,-0.3598,-0.3979,-0.2304,-0.3661
69031,1989,-0.4711,-0.5608,-0.4659,-0.6472,-0.5043,-0.6099,-0.6651,-0.6003,-0.6777,-0.6988,-0.5848,-0.6856,-0.7663,-0.7908,-0.9107,-0.7522,-0.7270,-0.8844,-0.9707,-0.9163,-0.9497,-0.9164,-0.6816,-0.9087,-0.5753,-0.5712,-0.6065,-0.6527,-0.5297,-0.5280,-0.5125,-0.4604,-0.5631,-0.5132,-0.5529,-0.4386,-0.6872,-0.6820,-0.7173,-0.7293,-0.6016,-0.7151
69396,1990,-0.2370,-0.3122,-0.2530,-0.4542,-0.2861,-0.3025,-0.1147,-0.1051,-0.1194,-0.1428,-0.1138,-0.1496,-0.2801,-0.1729,-0.2686,-0.3235,-0.0999,-0.2865,-0.4073,-0.2027,-0.3934,-0.3520,-0.0202,-0.3588,-0.1424,-0.1608,-0.2235,-0.2863,-0.1488,-0.2522,-0.4493,-0.2504,-0.4677,-0.4169,-0.2851,-0.3141,-0.2411,-0.1913,-0.2578,-0.3123,-0.1359,-0.2711
69761,1991,-0.8276,-0.9599,-0.9363,-0.8847,-0.9681,-0.8739,-0.3933,-0.4451,-0.4553,-0.3857,-0.4391,-0.4846,-0.4102,-0.4195,-0.5049,-0.2483,-0.3535,-0.3933,-0.4285,-0.3346,-0.4176,-0.4610,-0.1646,-0.3818,-0.4459,-0.4289,-0.4704,-0.4967,-0.4410,-0.3482,-0.2346,-0.2975,-0.3701,-0.1726,-0.4338,-0.2370,-0.4940,-0.5098,-0.5497,-0.4906,-0.4688,-0.4897
70126,1992,-1.1032,-1.3384,-1.1048,-1.1868,-1.3284,-1.0311,-0.7370,-0.8288,-0.7196,-0.7656,-0.8078,-0.7241,-0.6346,-0.7456,-0.8188,-0.5613,-0.6874,-0.7492,-0.6417,-0.7232,-0.6932,-0.8201,-0.5367,-0.8025,0.1200,0.1367,0.1072,-0.0905,0.1573,-0.1127,-0.3161,-0.4892,-0.2235,-0.1626,-0.4902,-0.3232,-0.5906,-0.6907,-0.6318,-0.6753,-0.6319,-0.6742
70492,1993,-0.5552,-0.6710,-0.6432,-0.5968,-0.6470,-0.5186,-0.3184,-0.3776,-0.2734,-0.3700,-0.4685,-0.3304,-0.3816,-0.4610,-0.4490,-0.4390,-0.4818,-0.4660,-0.4918,-0.3947,-0.5386,-0.5421,-0.2712,-0.5285,-0.1803,-0.1207,-0.1724,-0.2354,-0.1018,-0.2360,-0.3030,-0.5247,-0.2965,-0.3575,-0.4585,-0.3623,-0.3835,-0.4039,-0.4116,-0.4347,-0.3906,-0.4140
70857,1994,-0.3733,-0.4762,-0.2617,-0.5081,-0.3696,-0.5069,-0.5684,-0.6735,-0.6020,-0.7561,-0.6473,-0.5969,-0.4058,-0.5800,-0.4556,-0.6407,-0.4707,-0.5341,-0.4563,-0.4894,-0.4704,-0.5385,-0.3051,-0.4827,-0.4538,-0.3479,-0.5072,-0.5473,-0.3037,-0.4570,-0.2799,-0.4362,-0.3913,-0.2341,-0.3512,-0.4387,-0.4495,-0.5102,-0.4596,-0.5898,-0.4166,-0.5130
71222,1995,-0.2609,-0.3649,-0.2713,-0.3206,-0.2811,-0.2546,-0.1495,-0.3859,-0.2061,-0.2819,-0.3109,-0.1562,-0.2445,-0.3460,-0.3012,-0.4253,-0.1048,-0.3368,-0.2873,-0.3035,-0.2913,-0.3856,0.0454,-0.3405,0.0908,0.1045,0.0114,-0.0876,0.2184,-0.1080,-0.1559,-0.1745,-0.2693,-0.3042,-0.1668,-0.2168,-0.1686,-0.2554,-0.2110,-0.2975,-0.0867,-0.2368
71587,1996,-0.2462,-0.3309,-0.3571,-0.3353,-0.2426,-0.2004,0.0590,-0.1994,-0.0074,-0.0989,-0.0175,-0.0354,-0.3238,-0.4354,-0.4043,-0.3354,-0.2226,-0.3985,-0.3207,-0.5021,-0.3418,-0.3376,-0.2616,-0.3855,-0.4520,-0.4574,-0.5532,-0.4208,-0.3406,-0.4102,-0.2651,-0.3721,-0.4479,-0.3622,-0.3176,-0.3350,-0.2552,-0.3840,-0.3324,-0.3055,-0.2189,-0.2854
71953,1997,-0.2899,-0.3731,-0.2316,-0.3154,-0.2490,-0.3158,-0.1217,-0.2861,-0.1529,-0.1062,-0.0710,-0.1523,-0.0688,-0.3402,-0.1432,0.0198,-0.1484,-0.3074,-0.2366,-0.4228,-0.3287,-0.1313,-0.1918,-0.2981,-0.3521,-0.3911,-0.4246,-0.3729,-0.3001,-0.3118,-0.0452,-0.2297,-0.1297,-0.2578,-0.2834,-0.1833,-0.2131,-0.3598,-0.2572,-0.1856,-0.1940,-0.2739
72318,1998,-0.0565,-0.1397,-0.1112,-0.0893,-0.0064,-0.0224,0.2825,0.1696,0.2338,0.2173,0.3712,0.2362,0.2465,0.2148,0.2007,0.1044,0.5603,0.1599,-0.0682,-0.0032,-0.1654,-0.0764,0.1746,0.0026,0.2663,0.2623,0.1947,0.2200,0.3159,0.1216,0.1689,0.0791,0.1870,0.0665,0.0255,0.1397,0.1326,0.1000,0.0704,0.0752,0.2732,0.0996
72683,1999,0.1612,0.0327,0.1648,0.0630,0.1705,0.0647,-0.3385,-0.5435,-0.3736,-0.3514,-0.3012,-0.3761,-0.3117,-0.5043,-0.3280,-0.3712,-0.0231,-0.2685,-0.3048,-0.2169,-0.3416,-0.3550,-0.0602,-0.2830,-0.0518,-0.1496,-0.0182,-0.1592,-0.0783,-0.0852,-0.1819,-0.2793,-0.2164,-0.2647,-0.3423,-0.1762,-0.1699,-0.2725,-0.1808,-0.2349,-0.0672,-0.1901
73048,2000,-0.3523,-0.5036,-0.2792,-0.3549,-0.3961,-0.3209,-0.2895,-0.3879,-0.2922,-0.3582,-0.1647,-0.3048,-0.2863,-0.5733,-0.3081,-0.3204,-0.2194,-0.4055,-0.2855,-0.3872,-0.2677,-0.2444,-0.3157,-0.3602,-0.4353,-0.6027,-0.5891,-0.4368,-0.4564,-0.4007,-0.1802,-0.2530,-0.2386,-0.2702,-0.3692,-0.2747,-0.3263,-0.4815,-0.3449,-0.3404,-0.3116,-0.3549
73414,2001,0.2885,0.2617,0.2838,0.2305,0.3388,0.2357,-0.0981,-0.0800,-0.1424,-0.1086,0.0637,-0.0768,-0.2323,-0.4105,-0.3437,-0.2548,-0.1744,-0.3245,-0.1991,-0.2968,-0.2116,-0.1599,-0.0398,-0.3093,-0.1709,-0.3494,-0.3167,-0.2311,-0.2288,-0.2472,0.0293,-0.0647,-0.0692,-0.0647,-0.0928,-0.1374,-0.0800,-0.1704,-0.1432,-0.1029,-0.0082,-0.1435
73779,2002,0.1123,0.0584,0.0736,0.0582,0.0940,0.1107,0.0403,-0.0087,0.0294,-0.0105,0.0635,0.0410,0.0681,-0.1726,-0.0121,-0.0943,-0.0845,-0.0008,0.1059,-0.0451,0.0973,0.1168,0.1322,0.0288,0.0577,-0.0366,-0.0730,-0.1224,-0.0064,-0.0587,0.0510,0.0006,-0.0802,-0.0819,-0.0821,-0.1258,0.0759,-0.0374,0.0218,-0.0094,0.0407,0.0209
74144,2003,0.0905,0.0062,0.1448,0.1133,0.0445,0.0924,0.0388,0.0989,0.0428,0.0518,0.1257,0.0463,0.1019,-0.0243,0.1411,-0.0340,0.0446,0.0598,0.1587,0.0598,0.1460,0.1630,0.1817,0.0833,0.2333,0.1209,0.1799,0.0417,0.1006,0.0240,0.1174,-0.0289,-0.0337,-0.0491,0.0301,-0.0884,0.1249,0.0530,0.1268,0.0674,0.1002,0.0579
74509,2004,-0.1177,-0.1888,-0.1187,-0.0357,-0.1341,-0.0841,0.1073,0.0513,0.1038,0.1280,0.0818,0.0560,0.1350,-0.0251,0.1114,0.0640,-0.1509,0.0510,0.0709,-0.0240,0.0564,0.0781,-0.0668,0.0136,-0.1807,-0.2091,-0.1431,-0.0970,-0.2519,-0.0656,-0.0711,-0.0189,-0.2100,-0.1778,-0.0822,-0.1119,-0.0000,-0.0774,-0.0036,0.0234,-0.1018,-0.0090
74875,2005,-0.0216,0.0739,-0.1123,0.0264,0.0158,0.0226,0.2744,0.3127,0.3194,0.2569,0.3319,0.2844,0.4794,0.2365,0.3058,0.5365,0.1726,0.2878,0.3710,0.2520,0.3243,0.3242,0.1784,0.2719,0.3925,0.4063,0.3116,0.4236,0.3171,0.2294,0.1078,0.0050,-0.0405,0.0340,0.1303,0.0575,0.2925,0.2517,0.2250,0.3033,0.2026,0.2153
75240,2006,0.0147,0.0348,0.0584,0.0273,-0.0726,0.0471,0.0767,0.0378,0.0835,0.0004,0.1109,0.0517,0.2022,-0.0046,0.0349,0.2450,-0.0478,0.0316,0.0343,-0.0028,0.0085,0.0268,-0.0588,0.0359,-0.3227,-0.4996,-0.4296,-0.0662,-0.5849,-0.2022,0.2323,0.2149,0.0443,-0.0085,0.0757,0.0263,0.0017,-0.0821,-0.0485,0.0408,-0.1269,-0.0071
75605,2007,-0.0818,0.0346,-0.0495,0.0223,-0.0300,-0.0491,0.0227,-0.0275,0.0834,0.0699,0.0997,-0.0121,0.0488,-0.0093,0.0025,0.1245,-0.1896,0.0574,-0.0786,-0.0111,-0.1119,0.0518,-0.1025,-0.0285,0.0433,-0.0686,-0.0565,0.1640,-0.1137,-0.0565,0.1538,0.0315,0.0566,0.1030,0.0776,0.0657,-0.0069,-0.0156,-0.0255,0.0855,-0.0614,-0.0176
75970,2008,-0.0146,0.0694,0.0049,0.0924,0.0140,-0.0019,-0.1911,-0.2464,-0.1956,-0.1944,-0.1538,-0.1686,-0.0498,-0.1953,-0.1023,-0.0408,-0.3258,-0.1254,-0.0642,-0.0726,-0.0557,0.0206,-0.1390,-0.0626,-0.1644,-0.2354,-0.1636,0.0413,-0.2741,-0.1472,-0.2240,-0.1954,-0.2392,-0.2762,-0.1856,-0.2302,-0.1005,-0.1363,-0.1053,-0.0218,-0.1725,-0.1032
76336,2009,0.0839,0.1480,0.0909,0.1739,0.0733,0.0751,0.1808,0.3208,0.1214,0.2552,0.3385,0.1299,0.2714,0.2553,0.2350,0.3620,0.0361,0.2929,0.4435,0.4733,0.4676,0.5042,0.3662,0.4022,-0.1903,-0.2238,-0.1914,0.0053,-0.2784,-0.0358,0.0637,0.1690,0.1323,0.1577,0.2527,0.1107,0.1559,0.1953,0.1451,0.2574,0.1145,0.1708
76701,2010,1.1569,1.3503,0.8645,1.1738,1.2421,1.0868,0.6759,0.8869,0.5550,0.7572,0.8675,0.6356,0.4370,0.5229,0.5228,0.5982,0.4748,0.4472,0.4546,0.4988,0.5433,0.6467,0.4525,0.4779,0.2180,0.1696,0.3288,0.1824,0.1526,0.2173,0.2888,0.4181,0.3632,0.3241,0.4817,0.3544,0.5800,0.6770,0.5568,0.6613,0.6323,0.5661
77066,2011,-0.1257,-0.1676,-0.0548,-0.0346,-0.1200,-0.1014,0.0958,0.2658,0.0601,0.2114,0.2096,0.0605,-0.0991,0.0275,-0.0383,-0.0087,-0.0024,-0.0408,0.1292,-0.0708,0.1266,0.1727,-0.0117,0.0602,-0.3945,-0.4612,-0.2985,-0.1811,-0.4445,-0.1812,0.1699,0.1845,0.2573,0.2608,0.2367,0.2243,-0.0707,-0.0764,-0.0332,0.0394,-0.0671,-0.0332
77431,2012,0.0542,0.0683,0.1090,0.1213,0.0307,0.0624,-0.2324,-0.0685,-0.2113,-0.0777,-0.1411,-0.1409,-0.1889,0.0393,-0.0094,-0.0782,-0.0578,0.0179,0.1411,0.0711,0.1335,0.0717,0.0210,0.1507,-0.2715,-0.1108,-0.1401,0.1073,-0.1220,-0.0593,-0.1376,0.0636,0.0378,0.0154,0.0124,0.0497,-0.0973,0.0002,-0.0226,0.0302,-0.0523,0.0076
77797,2013,0.1528,0.2255,0.0678,0.1791,0.1554,0.0961,0.0829,0.2167,0.0720,0.2372,0.1378,0.0724,0.0697,0.3620,0.1653,0.1848,0.2845,0.1948,0.1747,0.1720,0.2434,0.1265,0.2136,0.2301,-0.0112,0.1152,-0.0241,0.2194,0.1650,0.0650,-0.2222,0.0621,-0.0602,-0.0466,0.0390,0.0112,0.0881,0.2108,0.1014,0.1839,0.1862,0.1288
78162,2014,0.4592,0.4995,0.4335,0.3407,0.4918,0.3778,0.0541,0.1484,0.0774,0.1632,0.1129,0.1032,0.0878,0.3159,0.1035,0.0406,0.1459,0.1587,0.1599,0.2149,0.1635,0.1461,0.1108,0.1627,-0.1029,-0.0220,-0.0367,-0.0829,-0.0890,0.0789,-0.0523,0.1778,0.0527,0.2936,0.3266,0.1571,0.1263,0.2254,0.1452,0.1256,0.1551,0.1744
78527,2015,0.0869,0.1235,0.1707,0.2287,0.0592,0.0794,0.0563,0.1087,0.1156,0.1712,-0.0599,0.1560,0.1416,0.3859,0.2486,0.0926,0.2214,0.3179,0.4180,0.4835,0.4589,0.4075,0.2446,0.4082,0.5688,0.6683,0.7237,0.5406,0.6066,0.4794,0.0997,0.2014,0.3252,0.2911,0.2885,0.3526,0.2556,0.3512,0.3464,0.2938,0.2158,0.2910
78892,2016,0.6978,0.8250,0.6526,0.8015,0.8274,0.6887,0.4438,0.5976,0.5191,0.5149,0.3775,0.5044,0.4506,0.7044,0.6042,0.4528,0.5225,0.6155,0.4834,0.6240,0.5240,0.4811,0.3858,0.5347,0.6918,0.7874,0.7322,0.4707,0.7134,0.5874,0.0355,0.1351,0.2458,0.1762,0.2365,0.2924,0.5429,0.6930,0.5977,0.5358,0.5550,0.5776
79258,2017,0.1008,0.1219,0.2329,0.1575,0.1119,0.1157,0.2989,0.3700,0.3543,0.2578,0.1653,0.3538,0.2213,0.4891,0.3831,0.1596,0.2749,0.3522,0.3617,0.5725,0.4731,0.3267,0.1710,0.4250,0.0513,0.1690,0.1777,0.1154,0.0568,0.2285,0.3244,0.4313,0.4492,0.4341,0.2466,0.4087,0.2118,0.3463,0.3282,0.2115,0.1561,0.2992
79623,2018,0.4246,0.6546,0.4221,0.3603,0.5336,0.5022,0.0902,0.2161,0.1507,0.1666,-0.1059,0.0837,0.1199,0.4576,0.2550,0.2379,0.2269,0.3138,0.0185,0.2115,0.0536,0.0661,-0.0913,0.2302,0.4146,0.4341,0.5995,0.3923,0.3922,0.4172,0.0839,0.1819,0.2021,0.2152,0.1569,0.2029,0.2096,0.3839,0.2917,0.2416,0.1834,0.3037
79988,2019,0.0596,0.2852,0.1987,0.0655,0.1254,0.1608,0.2061,0.2202,0.2846,0.0864,0.0488,0.3006,0.3193,0.5945,0.4855,0.4236,0.3683,0.5387,0.2506,0.4463,0.2893,0.2412,0.1255,0.4249,0.8208,1.0340,1.0316,0.6605,0.9328,0.7433,0.5534,0.6241,0.6257,0.5678,0.6547,0.5777,0.3371,0.5151,0.4603,0.2978,0.3244,0.4357
80353,2020,0.4825,0.6406,0.5590,0.4268,0.5164,0.4631,0.3511,0.5375,0.4258,0.3216,0.1825,0.4432,0.2369,0.6411,0.4198,0.2144,0.4119,0.4537,0.0874,0.2213,0.1262,0.0801,-0.1864,0.3204,0.2110,0.3064,0.2101,0.0552,0.2871,0.3314,0.1893,0.3842,0.3369,0.1514,0.3844,0.2101,0.2712,0.4607,0.3439,0.2173,0.2368,0.3967
80719,2021,0.8488,1.0615,0.8749,0.7521,0.8592,0.8802,0.6026,0.7886,0.6673,0.5995,0.5426,0.6180,0.2280,0.7099,0.4811,0.2237,0.3652,0.4350,0.2492,0.4766,0.3529,0.1221,0.1377,0.4117,-0.0354,0.0039,0.0355,-0.1858,-0.0068,0.1517,0.2665,0.3419,0.3181,0.2084,0.3785,0.2352,0.3764,0.5960,0.4758,0.2990,0.3753,0.4919
81084,2022,0.4080,0.6143,0.6368,0.4509,0.4099,0.4009,0.0231,0.1408,0.0767,-0.0299,-0.1801,0.1264,-0.0407,0.3678,0.0985,0.0013,0.1348,0.1489,0.0339,0.2820,0.0620,0.0640,0.1162,0.1854,0.1497,0.0381,0.0841,-0.1879,-0.0732,0.1775,-0.0015,-0.0013,0.0898,0.0699,-0.0366,0.0728,0.1140,0.2783,0.1877,0.0594,0.0760,0.2053
81449,2023,0.8012,0.9751,0.9975,0.6868,0.6946,0.8631,0.6185,0.7995,0.6956,0.5696,0.4254,0.7499,0.4968,0.8645,0.5623,0.3658,0.5377,0.6964,0.5414,0.8569,0.5522,0.3838,0.5532,0.7672,0.1993,0.5784,0.4714,0.3241,0.3869,0.4558,0.5138,0.5917,0.6429,0.4935,0.5045,0.5195,0.5312,0.8079,0.6552,0.4687,0.5182,0.7032
end data
