Conventions,G,BADC-CSV,1
title,G,Regional mean temperature for WMO RA 1 Africa
last_revised_date,G,2024-01-18
date_valid,G,2024-01-18
feature_type,G,area average
creator,G,WMO
source,G,Produced by climind version 1.0
observation_station,G,derived data
location,G,90.,-180.,-90.,180.
activity,G,WMO
history,G,""Gridded dataset created from file ['era5_2m_tas_2024.nc'] downloaded from ['']""
history,G,""Regridded to 1 degree latitude-longitude resolution""
history,G,""Rebaselined to 1991-2020""
history,G,""Calculated area-average""
history,G,""Calculated annual average from monthly averages using arithmetic mean""
history,G,""Selected years within the range 1900 to 2023.""
history,G,""Wrote to file wmo_ra_1_ERA5.csv""
history,G,"Data set created from file ['wmo_ra_1_ERA5.csv'] downloaded from [''] at ['2024-01-17 11:06:29']"
reference,G,"Hersbach H, Bell B, Berrisford P et al. 2020. The ERA5 global reanalysis. Q. J. R. Meteorol. Soc. 146: 1999-2049. https://doi.org/10.1002/qj.3803"
rights,G,TBD
comments,G,Data produced by climind version 1.0
comments,G,Format description https://help.ceda.ac.uk/article/105-badc-csv
comments,G,"Original data acknowledgement: Contains using Copernicus Climate Change Service information [2024]. Neither the European Commission nor ECMWF is responsible for any use that may be made of the Copernicus information or data it contains."
long_name,time,time,days since 1800-01-01 00:00:00.0
type,time,int
long_name,year,year,1
type,year,int
long_name,data,wmo_ra_1,degC
type,data,float
coordinate_variable,time,t
data
time,year,data
65378,1979,-0.6267
65743,1980,-0.5546
66109,1981,-0.7362
66474,1982,-0.8397
66839,1983,-0.4050
67204,1984,-0.6840
67570,1985,-0.7456
67935,1986,-0.7195
68300,1987,-0.0401
68665,1988,-0.3487
69031,1989,-0.6820
69396,1990,-0.1913
69761,1991,-0.5098
70126,1992,-0.6907
70492,1993,-0.4039
70857,1994,-0.5102
71222,1995,-0.2554
71587,1996,-0.3840
71953,1997,-0.3598
72318,1998,0.1000
72683,1999,-0.2725
73048,2000,-0.4815
73414,2001,-0.1704
73779,2002,-0.0374
74144,2003,0.0530
74509,2004,-0.0774
74875,2005,0.2517
75240,2006,-0.0821
75605,2007,-0.0156
75970,2008,-0.1363
76336,2009,0.1953
76701,2010,0.6770
77066,2011,-0.0764
77431,2012,0.0002
77797,2013,0.2108
78162,2014,0.2254
78527,2015,0.3512
78892,2016,0.6930
79258,2017,0.3463
79623,2018,0.3839
79988,2019,0.5151
80353,2020,0.4607
80719,2021,0.5960
81084,2022,0.2783
81449,2023,0.8079
end data
