Conventions,G,BADC-CSV,1
title,G,Regional mean temperature for JustMexico
last_revised_date,G,2023-01-31
date_valid,G,2023-01-31
feature_type,G,area average
creator,G,WMO
source,G,Produced by climind version 0.1
observation_station,G,derived data
location,G,90.,-180.,-90.,180.
activity,G,WMO
history,G,""Data set created from file ['NOAAGlobalTemp_v*.nc'] downloaded from ['https://www.ncei.noaa.gov/data/noaa-global-surface-temperature/v5/access/gridded/NOAAGlobalTemp_v.*.nc'] at ['2023-01-28 11:52:47']""
history,G,""Data set created from file ['NOAAGlobalTemp_v*.nc'] downloaded from ['https://www.ncei.noaa.gov/data/noaa-global-surface-temperature/v5/access/gridded/NOAAGlobalTemp_v.*.nc'] at ['2023-01-28 11:52:47']""
history,G,""Regridded to 1 degree latitude-longitude resolution""
history,G,""Rebaselined to 1991-2020""
history,G,""Calculated area-average""
history,G,""Calculated annual average from monthly averages using arithmetic mean""
history,G,""Selected years within the range 1900 to 2022.""
history,G,""Wrote to file lac_subregion_4_NOAAGlobalTemp.csv""
history,G,"Data set created from file ['lac_subregion_4_NOAAGlobalTemp.csv'] downloaded from [''] at ['2023-01-31 17:49:05']"
reference,G,"Huang, B., M. J. Menne, T. Boyer, E. Freeman, B. E. Gleason, J. H. Lawrimore, C. Liu, J. J. Rennie, C. Schreck, F. Sun, R. Vose, C. N. Williams, X. Yin, H.-M. Zhang, 2020: Uncertainty estimates for sea surface temperature and land surface air temperature in NOAAGlobalTemp version 5. , J. Climate, 33, 1351-1379, DOI: 10.1175/JCLI-D-19-0395.1"
reference,G,"Zhang, Huai-Min, Jay H. Lawrimore, Boyin Huang, Matthew J. Menne, Xungang Yin, Ahira Sȧnchez-Lugo, Byron E. Gleason, Russell Vose, Derek Arndt, J. Jared Rennie, and Claude N. Williams. (2019) Updated Temperature Data Give a Sharper View of Climate Trends. Eos, 100, https://doi.org/10.1029/2019EO128229"
rights,G,TBD
comments,G,Data produced by climind version 0.1
comments,G,Format description https://help.ceda.ac.uk/article/105-badc-csv
long_name,time,time,days since 1800-01-01 00:00:00.0
type,time,int
long_name,year,year,1
type,year,int
long_name,data,lac_subregion_4,degC
type,data,float
coordinate_variable,time,t
data
time,year,data
36524,1900,-0.7100
36889,1901,-0.7991
37254,1902,-0.6221
37619,1903,-1.1280
37984,1904,-0.9399
38350,1905,-1.0777
38715,1906,-1.0879
39080,1907,-0.6791
39445,1908,-0.8325
39811,1909,-0.9351
40176,1910,-1.0428
40541,1911,-0.6840
40906,1912,-1.1906
41272,1913,-1.4804
41637,1914,-1.1137
42002,1915,-1.1205
42367,1916,-1.0130
42733,1917,-1.1028
43098,1918,-1.0506
43463,1919,-1.2320
43828,1920,-1.1209
44194,1921,-0.8630
44559,1922,-0.6521
44924,1923,-0.7945
45289,1924,-0.9487
45655,1925,-0.6676
46020,1926,-0.7835
46385,1927,-0.5085
46750,1928,-0.7091
47116,1929,-0.8214
47481,1930,-0.7760
47846,1931,-0.8494
48211,1932,-0.8019
48577,1933,-0.7657
48942,1934,-0.5657
49307,1935,-0.8287
49672,1936,-0.7539
50038,1937,-0.5308
50403,1938,-0.6681
50768,1939,-0.6208
51133,1940,-0.6539
51499,1941,-0.5740
51864,1942,-0.6495
52229,1943,-0.6303
52594,1944,-0.8918
52960,1945,-0.5293
53325,1946,-0.5278
53690,1947,-0.8595
54055,1948,-0.6274
54421,1949,-0.7328
54786,1950,-0.3870
55151,1951,-0.4822
55516,1952,-0.5911
55882,1953,-0.4937
56247,1954,-0.3826
56612,1955,-0.8291
56977,1956,-0.6084
57343,1957,-0.2505
57708,1958,-0.4241
58073,1959,-0.4965
58438,1960,-0.7101
58804,1961,-0.7264
59169,1962,-0.4586
59534,1963,-0.4739
59899,1964,-0.8854
60265,1965,-0.6559
60630,1966,-0.9257
60995,1967,-0.7705
61360,1968,-1.0561
61726,1969,-0.5752
62091,1970,-0.9643
62456,1971,-0.8694
62821,1972,-0.3990
63187,1973,-0.9597
63552,1974,-0.7899
63917,1975,-1.0557
64282,1976,-1.0922
64648,1977,-0.5420
65013,1978,-0.6303
65378,1979,-0.8542
65743,1980,-0.3742
66109,1981,-0.5866
66474,1982,-0.3273
66839,1983,-0.5089
67204,1984,-0.7220
67570,1985,-0.6894
67935,1986,-0.5282
68300,1987,-0.7684
68665,1988,-0.6850
69031,1989,-0.4043
69396,1990,-0.3353
69761,1991,-0.5018
70126,1992,-0.4796
70492,1993,-0.4008
70857,1994,-0.0624
71222,1995,-0.1067
71587,1996,-0.2565
71953,1997,-0.3551
72318,1998,0.0313
72683,1999,-0.3188
73048,2000,-0.1974
73414,2001,-0.2876
73779,2002,-0.0747
74144,2003,0.0204
74509,2004,-0.2086
74875,2005,0.0245
75240,2006,0.1078
75605,2007,-0.2780
75970,2008,-0.2479
76336,2009,0.1383
76701,2010,-0.4816
77066,2011,0.1347
77431,2012,0.2673
77797,2013,-0.1284
78162,2014,0.2529
78527,2015,0.4914
78892,2016,0.5865
79258,2017,0.6918
79623,2018,0.4262
79988,2019,0.4838
80353,2020,0.7292
80719,2021,0.3937
81084,2022,0.2857
end data
