Conventions,G,BADC-CSV,1
title,G,Grwoth rate of methane concentration
last_revised_date,G,2024-01-18
date_valid,G,2024-01-18
feature_type,G,area average
creator,G,WMO
source,G,Produced by climind version 1.0
observation_station,G,derived data
location,G,90.,-180.,-90.,180.
activity,G,WMO
history,G,"Data set created from file ['ch4_annual_20231115.csv'] downloaded from ['https://gaw.kishou.go.jp/static/publications/global_mean_mole_fractions/2023/ch4_annual_20231115.csv'] at ['2023-11-15 19:33:51']"
reference,G,"WMO Greenhouse Gas Bulletin, No.18, 2022. 26 October 2022 ISSN 2078-0796"
rights,G,TBD
comments,G,Data produced by climind version 1.0
comments,G,Format description https://help.ceda.ac.uk/article/105-badc-csv
comments,G,"Original data acknowledgement: "
long_name,time,time,days since 1800-01-01 00:00:00.0
type,time,int
long_name,year,year,1
type,year,int
long_name,data,ch4rate,ppb/year
type,data,float
coordinate_variable,time,t
data
time,year,data
67204,1984,
67570,1985,12.0000
67935,1986,13.0000
68300,1987,12.0000
68665,1988,11.0000
69031,1989,11.0000
69396,1990,10.0000
69761,1991,11.0000
70126,1992,9.0000
70492,1993,3.0000
70857,1994,5.0000
71222,1995,7.0000
71587,1996,3.0000
71953,1997,3.0000
72318,1998,10.0000
72683,1999,7.0000
73048,2000,1.0000
73414,2001,-1.0000
73779,2002,1.0000
74144,2003,4.0000
74509,2004,0.0000
74875,2005,-1.0000
75240,2006,0.0000
75605,2007,6.0000
75970,2008,7.0000
76336,2009,5.0000
76701,2010,5.0000
77066,2011,5.0000
77431,2012,6.0000
77797,2013,6.0000
78162,2014,9.0000
78527,2015,10.0000
78892,2016,8.0000
79258,2017,8.0000
79623,2018,9.0000
79988,2019,8.0000
80353,2020,11.0000
80719,2021,17.0000
81084,2022,16.0000
end data
