Conventions,G,BADC-CSV,1
title,G,Global ocean area affected by marine heatwaves
last_revised_date,G,2022-09-01
date_valid,G,2022-09-01
feature_type,G,area average
creator,G,WMO
source,G,Produced by climind version 0.1
observation_station,G,derived data
location,G,90.,-180.,-90.,180.
activity,G,WMO
history,G,"Data set created from file ['OISST_cat_daily_1982-2011_total.csv'] downloaded from ['https://raw.githubusercontent.com/robwschlegel/MHWapp/master/data/annual_summary/OISST_cat_daily_1982-2011_total.csv'] at ['2022-09-01 09:16:25']"
reference,G,"Hobday, A.J.; Oliver, E. C. J.; Sen Gupta, A. et al. Categorizing and naming marine heatwaves. Oceanography 2018, 31 (2), 1–13. https://doi.org/10.5670/oceanog.2018.205."
rights,G,TBD
comments,G,Data produced by climind version 0.1
comments,G,Format description https://help.ceda.ac.uk/article/105-badc-csv
long_name,time,time,
type,time,int
long_name,year,year,1
type,year,int
long_name,data,mhw,%
type,data,float
coordinate_variable,time,t
data
time,year,data
66474,1982,14.4184
66839,1983,19.6495
67204,1984,12.0878
67570,1985,7.3851
67935,1986,9.0135
68300,1987,14.2619
68665,1988,11.1493
69031,1989,9.1350
69396,1990,10.1616
69761,1991,12.6450
70126,1992,15.0846
70492,1993,11.4666
70857,1994,10.3323
71222,1995,12.3012
71587,1996,11.6515
71953,1997,22.9954
72318,1998,29.2504
72683,1999,13.1496
73048,2000,12.9572
73414,2001,16.5073
73779,2002,18.4823
74144,2003,19.6031
74509,2004,17.4176
74875,2005,24.6262
75240,2006,21.4650
75605,2007,19.0833
75970,2008,19.4760
76336,2009,25.4593
76701,2010,35.7006
77066,2011,25.1230
77431,2012,25.3053
77797,2013,25.5734
78162,2014,37.8102
78527,2015,53.8794
78892,2016,61.0810
79258,2017,47.6688
79623,2018,41.4238
79988,2019,54.1738
80353,2020,57.8046
80719,2021,48.5374
end data
