Conventions,G,BADC-CSV,1
title,G,Regional mean temperature for Caribbean
last_revised_date,G,2023-08-28
date_valid,G,2023-08-28
feature_type,G,area average
creator,G,WMO
source,G,Produced by climind version 0.1
observation_station,G,derived data
location,G,90.,-180.,-90.,180.
activity,G,WMO
history,G,""Data set created from file ['HadCRUT.5.0.1.0.analysis.anomalies.ensemble_mean.nc'] downloaded from ['https://www.metoffice.gov.uk/hadobs/hadcrut5/data/current/analysis/HadCRUT.5.0.1.0.analysis.anomalies.ensemble_mean.nc'] at ['2023-08-07 16:14:34']""
history,G,""Regridded to 1 degree latitude-longitude resolution""
history,G,""Rebaselined to 1991-2020""
history,G,""Calculated area-average""
history,G,""Calculated annual average from monthly averages using arithmetic mean""
history,G,""Selected years within the range 1900 to 2022.""
history,G,""Wrote to file lac_subregion_3_HadCRUT5.csv""
history,G,"Data set created from file ['lac_subregion_3_HadCRUT5.csv'] downloaded from [''] at ['2023-08-09 11:02:08']"
history,G,"Calculated 10-year moving average"
reference,G,"Morice, C. P., Kennedy, J. J., Rayner, N. A., Winn, J. P., Hogan, E., Killick, R. E., et al. (2021). An updated assessment of near-surface temperature change from 1850: the HadCRUT5 data set. Journal of Geophysical Research: Atmospheres, 126, e2019JD032361. https://doi.org/10.1029/2019JD032361"
rights,G,TBD
comments,G,Data produced by climind version 0.1
comments,G,Format description https://help.ceda.ac.uk/article/105-badc-csv
comments,G,"Original data acknowledgement: HadCRUT.5.0.1.0 data were obtained from http://www.metoffice.gov.uk/hadobs/hadcrut5 on 2023-08-07 16:14:34 and are © British Crown Copyright, Met Office 2023, provided under an Open Government License, http://www.nationalarchives.gov.uk/doc/open-government-licence/version/3/"
long_name,time,time,days since 1800-01-01 00:00:00.0
type,time,int
long_name,year,year,1
type,year,int
long_name,data,lac_subregion_3,degC
type,data,float
coordinate_variable,time,t
data
time,year,data
36524,1900,
36889,1901,
37254,1902,
37619,1903,
37984,1904,
38350,1905,
38715,1906,
39080,1907,
39445,1908,
39811,1909,-0.9887
40176,1910,-1.0470
40541,1911,-1.0522
40906,1912,-1.0375
41272,1913,-1.0767
41637,1914,-1.0461
42002,1915,-0.9773
42367,1916,-0.9599
42733,1917,-0.9478
43098,1918,-0.9149
43463,1919,-0.8582
43828,1920,-0.8068
44194,1921,-0.8067
44559,1922,-0.8351
44924,1923,-0.8141
45289,1924,-0.8142
45655,1925,-0.8796
46020,1926,-0.8578
46385,1927,-0.8353
46750,1928,-0.8236
47116,1929,-0.8374
47481,1930,-0.8182
47846,1931,-0.7476
48211,1932,-0.6810
48577,1933,-0.6439
48942,1934,-0.6253
49307,1935,-0.6097
49672,1936,-0.6128
50038,1937,-0.5747
50403,1938,-0.5665
50768,1939,-0.5516
51133,1940,-0.5107
51499,1941,-0.4743
51864,1942,-0.4577
52229,1943,-0.4471
52594,1944,-0.4245
52960,1945,-0.4053
53325,1946,-0.4108
53690,1947,-0.3945
54055,1948,-0.3488
54421,1949,-0.3447
54786,1950,-0.4160
55151,1951,-0.4863
55516,1952,-0.5053
55882,1953,-0.4935
56247,1954,-0.5274
56612,1955,-0.5571
56977,1956,-0.5975
57343,1957,-0.6196
57708,1958,-0.5913
58073,1959,-0.5690
58438,1960,-0.5248
58804,1961,-0.5199
59169,1962,-0.5386
59534,1963,-0.5441
59899,1964,-0.5236
60265,1965,-0.5014
60630,1966,-0.4549
60995,1967,-0.4829
61360,1968,-0.5621
61726,1969,-0.5414
62091,1970,-0.5549
62456,1971,-0.6016
62821,1972,-0.6002
63187,1973,-0.5902
63552,1974,-0.6169
63917,1975,-0.6368
64282,1976,-0.6708
64648,1977,-0.6304
65013,1978,-0.5868
65378,1979,-0.5961
65743,1980,-0.5580
66109,1981,-0.4995
66474,1982,-0.4859
66839,1983,-0.4568
67204,1984,-0.4342
67570,1985,-0.4255
67935,1986,-0.3978
68300,1987,-0.3508
68665,1988,-0.3464
69031,1989,-0.3878
69396,1990,-0.3982
69761,1991,-0.3871
70126,1992,-0.3759
70492,1993,-0.3974
70857,1994,-0.3761
71222,1995,-0.3110
71587,1996,-0.2931
71953,1997,-0.3053
72318,1998,-0.2452
72683,1999,-0.2101
73048,2000,-0.2168
73414,2001,-0.2047
73779,2002,-0.1834
74144,2003,-0.1320
74509,2004,-0.0983
74875,2005,-0.0831
75240,2006,-0.0454
75605,2007,-0.0446
75970,2008,-0.0975
76336,2009,-0.0580
76701,2010,0.0004
77066,2011,-0.0009
77431,2012,-0.0011
77797,2013,-0.0159
78162,2014,0.0048
78527,2015,0.0505
78892,2016,0.1061
79258,2017,0.1264
79623,2018,0.1554
79988,2019,0.1879
80353,2020,0.2164
80719,2021,0.2369
81084,2022,0.2420
end data
