Conventions,G,BADC-CSV,1
title,G,Regional mean temperature for Caribbean
last_revised_date,G,2023-08-28
date_valid,G,2023-08-28
feature_type,G,area average
creator,G,WMO
source,G,Produced by climind version 0.1
observation_station,G,derived data
location,G,90.,-180.,-90.,180.
rights,G,TBD
activity,G,WMO
comments,G,Format description https://help.ceda.ac.uk/article/105-badc-csv
history,lac_subregion_3_Berkeley_Earth,""Data set created from file ['Land_and_Ocean_LatLong1.nc'] downloaded from ['https://berkeley-earth-temperature.s3.us-west-1.amazonaws.com/Global/Gridded/Land_and_Ocean_LatLong1.nc'] at ['2023-08-07 17:34:59']""
history,lac_subregion_3_Berkeley_Earth,""Rebaselined to 1991-2020""
history,lac_subregion_3_Berkeley_Earth,""Calculated area-average""
history,lac_subregion_3_Berkeley_Earth,""Calculated annual average from monthly averages using arithmetic mean""
history,lac_subregion_3_Berkeley_Earth,""Selected years within the range 1900 to 2022.""
history,lac_subregion_3_Berkeley_Earth,""Wrote to file lac_subregion_3_Berkeley Earth.csv""
history,lac_subregion_3_Berkeley_Earth,"Data set created from file ['lac_subregion_3_Berkeley Earth.csv'] downloaded from [''] at ['2023-08-09 11:00:22']"
history,lac_subregion_3_Berkeley_Earth,"Calculated 10-year moving average"
reference,lac_subregion_3_Berkeley_Earth,"Rohde, R. A. and Hausfather, Z.: The Berkeley Earth Land/Ocean Temperature Record, Earth Syst. Sci. Data, 12, 3469-3479, https://doi.org/10.5194/essd-12-3469-2020, 2020"
comments,lac_subregion_3_Berkeley_Earth,"Original data acknowledgement: "
history,lac_subregion_3_ERA5,""Gridded dataset created from file ['era5_2m_tas_2023.nc'] downloaded from ['']""
history,lac_subregion_3_ERA5,""Regridded to 1 degree latitude-longitude resolution""
history,lac_subregion_3_ERA5,""Rebaselined to 1991-2020""
history,lac_subregion_3_ERA5,""Calculated area-average""
history,lac_subregion_3_ERA5,""Calculated annual average from monthly averages using arithmetic mean""
history,lac_subregion_3_ERA5,""Selected years within the range 1900 to 2022.""
history,lac_subregion_3_ERA5,""Wrote to file lac_subregion_3_ERA5.csv""
history,lac_subregion_3_ERA5,"Data set created from file ['lac_subregion_3_ERA5.csv'] downloaded from [''] at ['2023-08-09 11:00:44']"
history,lac_subregion_3_ERA5,"Calculated 10-year moving average"
reference,lac_subregion_3_ERA5,"Hersbach H, Bell B, Berrisford P et al. 2020. The ERA5 global reanalysis. Q. J. R. Meteorol. Soc. 146: 1999-2049. https://doi.org/10.1002/qj.3803"
comments,lac_subregion_3_ERA5,"Original data acknowledgement: "
history,lac_subregion_3_GISTEMP,""Data set created from file ['gistemp1200_GHCNv4_ERSSTv5.nc.gz'] downloaded from ['https://data.giss.nasa.gov/pub/gistemp/gistemp1200_GHCNv4_ERSSTv5.nc.gz'] at ['2023-08-07 16:14:33']""
history,lac_subregion_3_GISTEMP,""Regridded to 1 degree latitude-longitude resolution""
history,lac_subregion_3_GISTEMP,""Rebaselined to 1991-2020""
history,lac_subregion_3_GISTEMP,""Calculated area-average""
history,lac_subregion_3_GISTEMP,""Calculated annual average from monthly averages using arithmetic mean""
history,lac_subregion_3_GISTEMP,""Selected years within the range 1900 to 2022.""
history,lac_subregion_3_GISTEMP,""Wrote to file lac_subregion_3_GISTEMP.csv""
history,lac_subregion_3_GISTEMP,"Data set created from file ['lac_subregion_3_GISTEMP.csv'] downloaded from [''] at ['2023-08-09 11:01:15']"
history,lac_subregion_3_GISTEMP,"Calculated 10-year moving average"
reference,lac_subregion_3_GISTEMP,"Lenssen, N., G. Schmidt, J. Hansen, M. Menne, A. Persin, R. Ruedy, and D. Zyss, 2019: Improvements in the GISTEMP uncertainty model. J. Geophys. Res. Atmos., 124, no. 12, 6307-6326, doi:10.1029/2018JD029522"
comments,lac_subregion_3_GISTEMP,"Original data acknowledgement: "
history,lac_subregion_3_HadCRUT5,""Data set created from file ['HadCRUT.5.0.1.0.analysis.anomalies.ensemble_mean.nc'] downloaded from ['https://www.metoffice.gov.uk/hadobs/hadcrut5/data/current/analysis/HadCRUT.5.0.1.0.analysis.anomalies.ensemble_mean.nc'] at ['2023-08-07 16:14:34']""
history,lac_subregion_3_HadCRUT5,""Regridded to 1 degree latitude-longitude resolution""
history,lac_subregion_3_HadCRUT5,""Rebaselined to 1991-2020""
history,lac_subregion_3_HadCRUT5,""Calculated area-average""
history,lac_subregion_3_HadCRUT5,""Calculated annual average from monthly averages using arithmetic mean""
history,lac_subregion_3_HadCRUT5,""Selected years within the range 1900 to 2022.""
history,lac_subregion_3_HadCRUT5,""Wrote to file lac_subregion_3_HadCRUT5.csv""
history,lac_subregion_3_HadCRUT5,"Data set created from file ['lac_subregion_3_HadCRUT5.csv'] downloaded from [''] at ['2023-08-09 11:02:08']"
history,lac_subregion_3_HadCRUT5,"Calculated 10-year moving average"
reference,lac_subregion_3_HadCRUT5,"Morice, C. P., Kennedy, J. J., Rayner, N. A., Winn, J. P., Hogan, E., Killick, R. E., et al. (2021). An updated assessment of near-surface temperature change from 1850: the HadCRUT5 data set. Journal of Geophysical Research: Atmospheres, 126, e2019JD032361. https://doi.org/10.1029/2019JD032361"
comments,lac_subregion_3_HadCRUT5,"Original data acknowledgement: HadCRUT.5.0.1.0 data were obtained from http://www.metoffice.gov.uk/hadobs/hadcrut5 on 2023-08-07 16:14:34 and are © British Crown Copyright, Met Office 2023, provided under an Open Government License, http://www.nationalarchives.gov.uk/doc/open-government-licence/version/3/"
history,lac_subregion_3_JRA-55,""Data set created from file ['anl_surf125.011_tmp.202301_202312', 'anl_surf125.2023MMMM'] downloaded from ['', ''] at ['2023-08-07 16:16:00']""
history,lac_subregion_3_JRA-55,""Regridded to 1 degree latitude-longitude resolution""
history,lac_subregion_3_JRA-55,""Rebaselined to 1991-2020""
history,lac_subregion_3_JRA-55,""Calculated area-average""
history,lac_subregion_3_JRA-55,""Calculated annual average from monthly averages using arithmetic mean""
history,lac_subregion_3_JRA-55,""Selected years within the range 1900 to 2022.""
history,lac_subregion_3_JRA-55,""Wrote to file lac_subregion_3_JRA-55.csv""
history,lac_subregion_3_JRA-55,"Data set created from file ['lac_subregion_3_JRA-55.csv'] downloaded from [''] at ['2023-08-09 11:02:35']"
history,lac_subregion_3_JRA-55,"Calculated 10-year moving average"
reference,lac_subregion_3_JRA-55,"Kobayashi, S., Ota, Y., Harada, Y., Ebita, A., Moriya, M., Onoda, H., Onogi, K., Kamahori, H., Kobayashi, C., Endo, H. and Miyaoka, K., (2015). The JRA-55 reanalysis: General specifications and basic characteristics. Journal of the Meteorological Society of Japan. Ser. II, 93(1), pp.5-48."
comments,lac_subregion_3_JRA-55,"Original data acknowledgement: "
history,lac_subregion_3_NOAAGlobalTemp,""Data set created from file ['NOAAGlobalTemp_v*.nc'] downloaded from ['https://www.ncei.noaa.gov/data/noaa-global-surface-temperature/v5/access/gridded/NOAAGlobalTemp_v.*.nc'] at ['2023-08-07 16:18:17']""
history,lac_subregion_3_NOAAGlobalTemp,""Data set created from file ['NOAAGlobalTemp_v*.nc'] downloaded from ['https://www.ncei.noaa.gov/data/noaa-global-surface-temperature/v5/access/gridded/NOAAGlobalTemp_v.*.nc'] at ['2023-08-07 16:18:17']""
history,lac_subregion_3_NOAAGlobalTemp,""Regridded to 1 degree latitude-longitude resolution""
history,lac_subregion_3_NOAAGlobalTemp,""Rebaselined to 1991-2020""
history,lac_subregion_3_NOAAGlobalTemp,""Calculated area-average""
history,lac_subregion_3_NOAAGlobalTemp,""Calculated annual average from monthly averages using arithmetic mean""
history,lac_subregion_3_NOAAGlobalTemp,""Selected years within the range 1900 to 2022.""
history,lac_subregion_3_NOAAGlobalTemp,""Wrote to file lac_subregion_3_NOAAGlobalTemp.csv""
history,lac_subregion_3_NOAAGlobalTemp,"Data set created from file ['lac_subregion_3_NOAAGlobalTemp.csv'] downloaded from [''] at ['2023-08-09 12:24:16']"
history,lac_subregion_3_NOAAGlobalTemp,"Calculated 10-year moving average"
reference,lac_subregion_3_NOAAGlobalTemp,"Huang, B., M. J. Menne, T. Boyer, E. Freeman, B. E. Gleason, J. H. Lawrimore, C. Liu, J. J. Rennie, C. Schreck, F. Sun, R. Vose, C. N. Williams, X. Yin, H.-M. Zhang, 2020: Uncertainty estimates for sea surface temperature and land surface air temperature in NOAAGlobalTemp version 5. , J. Climate, 33, 1351-1379, DOI: 10.1175/JCLI-D-19-0395.1"
reference,lac_subregion_3_NOAAGlobalTemp,"Zhang, Huai-Min, Jay H. Lawrimore, Boyin Huang, Matthew J. Menne, Xungang Yin, Ahira Sȧnchez-Lugo, Byron E. Gleason, Russell Vose, Derek Arndt, J. Jared Rennie, and Claude N. Williams. (2019) Updated Temperature Data Give a Sharper View of Climate Trends. Eos, 100, https://doi.org/10.1029/2019EO128229"
comments,lac_subregion_3_NOAAGlobalTemp,"Original data acknowledgement: "
long_name,time,time,days since 1800-01-01 00:00:00.0
type,time,int
long_name,year,year,1
type,year,int
long_name,lac_subregion_3_Berkeley_Earth,lac_subregion_3,degC
type,lac_subregion_3_Berkeley_Earth,float
long_name,lac_subregion_3_ERA5,lac_subregion_3,degC
type,lac_subregion_3_ERA5,float
long_name,lac_subregion_3_GISTEMP,lac_subregion_3,degC
type,lac_subregion_3_GISTEMP,float
long_name,lac_subregion_3_HadCRUT5,lac_subregion_3,degC
type,lac_subregion_3_HadCRUT5,float
long_name,lac_subregion_3_JRA-55,lac_subregion_3,degC
type,lac_subregion_3_JRA-55,float
long_name,lac_subregion_3_NOAAGlobalTemp,lac_subregion_3,degC
type,lac_subregion_3_NOAAGlobalTemp,float
coordinate_variable,time,t
data
time,year,lac_subregion_3_Berkeley_Earth,lac_subregion_3_ERA5,lac_subregion_3_GISTEMP,lac_subregion_3_HadCRUT5,lac_subregion_3_JRA-55,lac_subregion_3_NOAAGlobalTemp
36524,1900,,,,,,
36889,1901,,,,,,
37254,1902,,,,,,
37619,1903,,,,,,
37984,1904,,,,,,
38350,1905,,,,,,
38715,1906,,,,,,
39080,1907,,,,,,
39445,1908,,,,,,
39811,1909,-1.0106,,-0.9828,-0.9887,,-0.8337
40176,1910,-1.0857,,-1.0250,-1.0470,,-0.8872
40541,1911,-1.1047,,-1.0501,-1.0522,,-0.9321
40906,1912,-1.1084,,-1.0755,-1.0375,,-0.9596
41272,1913,-1.1523,,-1.1412,-1.0767,,-0.9967
41637,1914,-1.1162,,-1.1259,-1.0461,,-1.0016
42002,1915,-1.0895,,-1.1048,-0.9773,,-0.9757
42367,1916,-1.1051,,-1.1274,-0.9599,,-0.9894
42733,1917,-1.1423,,-1.1660,-0.9478,,-1.0090
43098,1918,-1.1582,,-1.1770,-0.9149,,-1.0221
43463,1919,-1.1275,,-1.1525,-0.8582,,-1.0026
43828,1920,-1.1054,,-1.1489,-0.8068,,-0.9942
44194,1921,-1.1031,,-1.1588,-0.8067,,-0.9993
44559,1922,-1.1176,,-1.1563,-0.8351,,-1.0139
44924,1923,-1.1016,,-1.1353,-0.8141,,-1.0155
45289,1924,-1.1117,,-1.1316,-0.8142,,-1.0193
45655,1925,-1.1420,,-1.1709,-0.8796,,-1.0682
46020,1926,-1.0807,,-1.1159,-0.8578,,-1.0363
46385,1927,-1.0172,,-1.0307,-0.8353,,-0.9850
46750,1928,-0.9781,,-1.0084,-0.8236,,-0.9677
47116,1929,-0.9877,,-1.0204,-0.8374,,-0.9809
47481,1930,-0.9661,,-0.9982,-0.8182,,-0.9543
47846,1931,-0.9146,,-0.9276,-0.7476,,-0.8950
48211,1932,-0.8809,,-0.8806,-0.6810,,-0.8465
48577,1933,-0.8709,,-0.8535,-0.6439,,-0.8174
48942,1934,-0.8720,,-0.8464,-0.6253,,-0.8064
49307,1935,-0.8819,,-0.8403,-0.6097,,-0.7913
49672,1936,-0.9122,,-0.8555,-0.6128,,-0.7836
50038,1937,-0.8968,,-0.8411,-0.5747,,-0.7499
50403,1938,-0.9176,,-0.8505,-0.5665,,-0.7516
50768,1939,-0.9163,,-0.8528,-0.5516,,-0.7252
51133,1940,-0.8747,,-0.8248,-0.5107,,-0.6824
51499,1941,-0.8427,,-0.8116,-0.4743,,-0.6476
51864,1942,-0.8195,,-0.8088,-0.4577,,-0.6363
52229,1943,-0.8040,,-0.8204,-0.4471,,-0.6260
52594,1944,-0.7752,,-0.8153,-0.4245,,-0.5935
52960,1945,-0.7562,,-0.8012,-0.4053,,-0.5732
53325,1946,-0.7522,,-0.8067,-0.4108,,-0.5833
53690,1947,-0.7421,,-0.8112,-0.3945,,-0.5946
54055,1948,-0.6875,,-0.7758,-0.3488,,-0.5745
54421,1949,-0.6724,,-0.7562,-0.3447,,-0.5841
54786,1950,-0.7418,,-0.8109,-0.4160,,-0.6593
55151,1951,-0.7787,,-0.8552,-0.4863,,-0.7023
55516,1952,-0.7768,,-0.8623,-0.5053,,-0.7019
55882,1953,-0.7350,,-0.8273,-0.4935,,-0.6747
56247,1954,-0.7437,,-0.8347,-0.5274,,-0.7012
56612,1955,-0.7499,,-0.8511,-0.5571,,-0.7142
56977,1956,-0.7687,,-0.8774,-0.5975,,-0.7344
57343,1957,-0.7534,,-0.8785,-0.6196,,-0.7240
57708,1958,-0.7101,,-0.8512,-0.5913,,-0.6733
58073,1959,-0.6774,,-0.8323,-0.5690,,-0.6422
58438,1960,-0.6144,,-0.7819,-0.5248,,-0.5753
58804,1961,-0.6088,,-0.7676,-0.5199,,-0.5678
59169,1962,-0.6235,,-0.7801,-0.5386,,-0.5779
59534,1963,-0.6320,,-0.7893,-0.5441,,-0.5823
59899,1964,-0.6018,,-0.7701,-0.5236,,-0.5574
60265,1965,-0.5674,,-0.7472,-0.5014,,-0.5396
60630,1966,-0.5130,,-0.7082,-0.4549,,-0.4987
60995,1967,-0.5370,,-0.7361,-0.4829,-0.1829,-0.5249
61360,1968,-0.6015,,-0.7965,-0.5621,-0.2634,-0.5775
61726,1969,-0.5753,,-0.7735,-0.5414,-0.2655,-0.5390
62091,1970,-0.5792,,-0.7752,-0.5549,-0.2823,-0.5493
62456,1971,-0.6217,,-0.8127,-0.6016,-0.3209,-0.5854
62821,1972,-0.6122,,-0.7990,-0.6002,-0.3146,-0.5876
63187,1973,-0.5960,,-0.7769,-0.5902,-0.3193,-0.5778
63552,1974,-0.6246,,-0.7991,-0.6169,-0.3559,-0.6091
63917,1975,-0.6431,,-0.8134,-0.6368,-0.3978,-0.6333
64282,1976,-0.6748,,-0.8395,-0.6708,-0.4411,-0.6732
64648,1977,-0.6318,,-0.7950,-0.6304,-0.4107,-0.6406
65013,1978,-0.5923,,-0.7572,-0.5868,-0.3810,-0.6195
65378,1979,-0.6033,,-0.7709,-0.5961,-0.3964,-0.6525
65743,1980,-0.5720,,-0.7313,-0.5580,-0.3785,-0.6308
66109,1981,-0.5216,,-0.6759,-0.4995,-0.3483,-0.5894
66474,1982,-0.5082,,-0.6579,-0.4859,-0.3382,-0.5807
66839,1983,-0.4801,,-0.6212,-0.4568,-0.3240,-0.5536
67204,1984,-0.4599,,-0.6001,-0.4342,-0.3263,-0.5353
67570,1985,-0.4595,,-0.5833,-0.4255,-0.3145,-0.5260
67935,1986,-0.4450,,-0.5466,-0.3978,-0.3049,-0.5024
68300,1987,-0.4166,,-0.5037,-0.3508,-0.2835,-0.4656
68665,1988,-0.4192,-0.5069,-0.4923,-0.3464,-0.2854,-0.4592
69031,1989,-0.4529,-0.5336,-0.5094,-0.3878,-0.3263,-0.4788
69396,1990,-0.4507,-0.5354,-0.5070,-0.3982,-0.3321,-0.4843
69761,1991,-0.4305,-0.5190,-0.4811,-0.3871,-0.3351,-0.4745
70126,1992,-0.4199,-0.5077,-0.4605,-0.3759,-0.3535,-0.4534
70492,1993,-0.4439,-0.5259,-0.4770,-0.3974,-0.3866,-0.4699
70857,1994,-0.4134,-0.4815,-0.4362,-0.3761,-0.3587,-0.4431
71222,1995,-0.3401,-0.4175,-0.3681,-0.3110,-0.3105,-0.3783
71587,1996,-0.3128,-0.4058,-0.3490,-0.2931,-0.2837,-0.3561
71953,1997,-0.3054,-0.4139,-0.3452,-0.3053,-0.2794,-0.3617
72318,1998,-0.2339,-0.3556,-0.2665,-0.2452,-0.2086,-0.2931
72683,1999,-0.2051,-0.3504,-0.2422,-0.2101,-0.1876,-0.2613
73048,2000,-0.2231,-0.3771,-0.2627,-0.2168,-0.2153,-0.2671
73414,2001,-0.2100,-0.3714,-0.2493,-0.2047,-0.2027,-0.2487
73779,2002,-0.1776,-0.3361,-0.2189,-0.1834,-0.1636,-0.2251
74144,2003,-0.1245,-0.2916,-0.1772,-0.1320,-0.1129,-0.1877
74509,2004,-0.0910,-0.2628,-0.1484,-0.0983,-0.0797,-0.1538
74875,2005,-0.0759,-0.2229,-0.1288,-0.0831,-0.0589,-0.1340
75240,2006,-0.0396,-0.1592,-0.0866,-0.0454,-0.0274,-0.0900
75605,2007,-0.0421,-0.1351,-0.0770,-0.0446,-0.0390,-0.0779
75970,2008,-0.0925,-0.1731,-0.1293,-0.0975,-0.0976,-0.1160
76336,2009,-0.0382,-0.0824,-0.0742,-0.0580,-0.0499,-0.0754
76701,2010,0.0216,0.0075,-0.0044,0.0004,0.0121,0.0040
77066,2011,0.0265,0.0417,0.0001,-0.0009,0.0203,0.0177
77431,2012,0.0146,0.0568,-0.0009,-0.0011,0.0160,0.0258
77797,2013,0.0029,0.0864,0.0020,-0.0159,0.0113,0.0338
78162,2014,0.0132,0.1323,0.0261,0.0048,0.0249,0.0696
78527,2015,0.0478,0.1903,0.0742,0.0505,0.0575,0.1128
78892,2016,0.0851,0.2511,0.1268,0.1061,0.1012,0.1682
79258,2017,0.1026,0.2704,0.1499,0.1264,0.1232,0.1933
79623,2018,0.1311,0.3066,0.1878,0.1554,0.1369,0.2177
79988,2019,0.1614,0.3357,0.2290,0.1879,0.1684,0.2444
80353,2020,0.2015,0.3697,0.2670,0.2164,0.2032,0.2631
80719,2021,0.2180,0.3710,0.2922,0.2369,0.2128,0.2900
81084,2022,0.2201,0.3627,0.2899,0.2420,0.1997,0.2957
end data
