Conventions,G,BADC-CSV,1
title,G,Regional mean temperature for Caribbean
last_revised_date,G,2023-08-28
date_valid,G,2023-08-28
feature_type,G,area average
creator,G,WMO
source,G,Produced by climind version 0.1
observation_station,G,derived data
location,G,90.,-180.,-90.,180.
activity,G,WMO
history,G,""Data set created from file ['NOAAGlobalTemp_v*.nc'] downloaded from ['https://www.ncei.noaa.gov/data/noaa-global-surface-temperature/v5/access/gridded/NOAAGlobalTemp_v.*.nc'] at ['2023-08-07 16:18:17']""
history,G,""Data set created from file ['NOAAGlobalTemp_v*.nc'] downloaded from ['https://www.ncei.noaa.gov/data/noaa-global-surface-temperature/v5/access/gridded/NOAAGlobalTemp_v.*.nc'] at ['2023-08-07 16:18:17']""
history,G,""Regridded to 1 degree latitude-longitude resolution""
history,G,""Rebaselined to 1991-2020""
history,G,""Calculated area-average""
history,G,""Calculated annual average from monthly averages using arithmetic mean""
history,G,""Selected years within the range 1900 to 2022.""
history,G,""Wrote to file lac_subregion_3_NOAAGlobalTemp.csv""
history,G,"Data set created from file ['lac_subregion_3_NOAAGlobalTemp.csv'] downloaded from [''] at ['2023-08-09 12:24:16']"
history,G,"Calculated 10-year moving average"
reference,G,"Huang, B., M. J. Menne, T. Boyer, E. Freeman, B. E. Gleason, J. H. Lawrimore, C. Liu, J. J. Rennie, C. Schreck, F. Sun, R. Vose, C. N. Williams, X. Yin, H.-M. Zhang, 2020: Uncertainty estimates for sea surface temperature and land surface air temperature in NOAAGlobalTemp version 5. , J. Climate, 33, 1351-1379, DOI: 10.1175/JCLI-D-19-0395.1"
reference,G,"Zhang, Huai-Min, Jay H. Lawrimore, Boyin Huang, Matthew J. Menne, Xungang Yin, Ahira Sȧnchez-Lugo, Byron E. Gleason, Russell Vose, Derek Arndt, J. Jared Rennie, and Claude N. Williams. (2019) Updated Temperature Data Give a Sharper View of Climate Trends. Eos, 100, https://doi.org/10.1029/2019EO128229"
rights,G,TBD
comments,G,Data produced by climind version 0.1
comments,G,Format description https://help.ceda.ac.uk/article/105-badc-csv
comments,G,"Original data acknowledgement: "
long_name,time,time,days since 1800-01-01 00:00:00.0
type,time,int
long_name,year,year,1
type,year,int
long_name,data,lac_subregion_3,degC
type,data,float
coordinate_variable,time,t
data
time,year,data
36524,1900,
36889,1901,
37254,1902,
37619,1903,
37984,1904,
38350,1905,
38715,1906,
39080,1907,
39445,1908,
39811,1909,-0.8337
40176,1910,-0.8872
40541,1911,-0.9321
40906,1912,-0.9596
41272,1913,-0.9967
41637,1914,-1.0016
42002,1915,-0.9757
42367,1916,-0.9894
42733,1917,-1.0090
43098,1918,-1.0221
43463,1919,-1.0026
43828,1920,-0.9942
44194,1921,-0.9993
44559,1922,-1.0139
44924,1923,-1.0155
45289,1924,-1.0193
45655,1925,-1.0682
46020,1926,-1.0363
46385,1927,-0.9850
46750,1928,-0.9677
47116,1929,-0.9809
47481,1930,-0.9543
47846,1931,-0.8950
48211,1932,-0.8465
48577,1933,-0.8174
48942,1934,-0.8064
49307,1935,-0.7913
49672,1936,-0.7836
50038,1937,-0.7499
50403,1938,-0.7516
50768,1939,-0.7252
51133,1940,-0.6824
51499,1941,-0.6476
51864,1942,-0.6363
52229,1943,-0.6260
52594,1944,-0.5935
52960,1945,-0.5732
53325,1946,-0.5833
53690,1947,-0.5946
54055,1948,-0.5745
54421,1949,-0.5841
54786,1950,-0.6593
55151,1951,-0.7023
55516,1952,-0.7019
55882,1953,-0.6747
56247,1954,-0.7012
56612,1955,-0.7142
56977,1956,-0.7344
57343,1957,-0.7240
57708,1958,-0.6733
58073,1959,-0.6422
58438,1960,-0.5753
58804,1961,-0.5678
59169,1962,-0.5779
59534,1963,-0.5823
59899,1964,-0.5574
60265,1965,-0.5396
60630,1966,-0.4987
60995,1967,-0.5249
61360,1968,-0.5775
61726,1969,-0.5390
62091,1970,-0.5493
62456,1971,-0.5854
62821,1972,-0.5876
63187,1973,-0.5778
63552,1974,-0.6091
63917,1975,-0.6333
64282,1976,-0.6732
64648,1977,-0.6406
65013,1978,-0.6195
65378,1979,-0.6525
65743,1980,-0.6308
66109,1981,-0.5894
66474,1982,-0.5807
66839,1983,-0.5536
67204,1984,-0.5353
67570,1985,-0.5260
67935,1986,-0.5024
68300,1987,-0.4656
68665,1988,-0.4592
69031,1989,-0.4788
69396,1990,-0.4843
69761,1991,-0.4745
70126,1992,-0.4534
70492,1993,-0.4699
70857,1994,-0.4431
71222,1995,-0.3783
71587,1996,-0.3561
71953,1997,-0.3617
72318,1998,-0.2931
72683,1999,-0.2613
73048,2000,-0.2671
73414,2001,-0.2487
73779,2002,-0.2251
74144,2003,-0.1877
74509,2004,-0.1538
74875,2005,-0.1340
75240,2006,-0.0900
75605,2007,-0.0779
75970,2008,-0.1160
76336,2009,-0.0754
76701,2010,0.0040
77066,2011,0.0177
77431,2012,0.0258
77797,2013,0.0338
78162,2014,0.0696
78527,2015,0.1128
78892,2016,0.1682
79258,2017,0.1933
79623,2018,0.2177
79988,2019,0.2444
80353,2020,0.2631
80719,2021,0.2900
81084,2022,0.2957
end data
