Conventions,G,BADC-CSV,1
title,G,Global ocean pH
last_revised_date,G,2024-01-25
date_valid,G,2024-01-25
feature_type,G,area average
creator,G,WMO
source,G,Produced by climind version 1.0
observation_station,G,derived data
location,G,90.,-180.,-90.,180.
activity,G,WMO
history,G,"Data set created from file ['global_omi_health_carbon_ph_area_averaged_1985_P*.nc'] downloaded from ['ftp://my.cmems-du.eu/Core/GLOBAL_OMI_HEALTH_carbon_ph_area_averaged/global_omi_health_carbon_ph_area_averaged/global_omi_health_carbon_ph_area_averaged_1985_P*.nc'] at ['2023-11-12 13:18:32']"
reference,G,"Gehlen M., Thi Tuyet Trang Chau, Anna Conchon, Anna Denvil-Sommer, Frédéric Chevallier, Mathieu Vrac, Carlos Mejia (2020). Ocean acidification. In: Copernicus Marine Service Ocean State Report, Issue 4, Journal of Operational Oceanography, 13:sup1, s88–s91; DOI: 10.1080/1755876X.2020.1785097"
rights,G,TBD
comments,G,Data produced by climind version 1.0
comments,G,Format description https://help.ceda.ac.uk/article/105-badc-csv
comments,G,"Original data acknowledgement: "
long_name,time,time,days since 1800-01-01 00:00:00.0
type,time,int
long_name,year,year,1
type,year,int
long_name,data,ph,ph
type,data,float
long_name,uncertainty,ph uncertainty,ph
type,uncertainty,float
coordinate_variable,time,t
data
time,year,data,uncertainty
67570,1985,8.1102,0.0168
67935,1986,8.1090,0.0165
68300,1987,8.1076,0.0160
68665,1988,8.1046,0.0153
69031,1989,8.1034,0.0150
69396,1990,8.1024,0.0148
69761,1991,8.1014,0.0147
70126,1992,8.1006,0.0145
70492,1993,8.1000,0.0145
70857,1994,8.0981,0.0142
71222,1995,8.0959,0.0140
71587,1996,8.0944,0.0138
71953,1997,8.0943,0.0137
72318,1998,8.0909,0.0137
72683,1999,8.0883,0.0135
73048,2000,8.0872,0.0134
73414,2001,8.0859,0.0133
73779,2002,8.0847,0.0132
74144,2003,8.0827,0.0130
74509,2004,8.0813,0.0131
74875,2005,8.0794,0.0130
75240,2006,8.0778,0.0130
75605,2007,8.0758,0.0130
75970,2008,8.0741,0.0130
76336,2009,8.0731,0.0130
76701,2010,8.0715,0.0131
77066,2011,8.0692,0.0131
77431,2012,8.0677,0.0130
77797,2013,8.0653,0.0130
78162,2014,8.0643,0.0131
78527,2015,8.0629,0.0132
78892,2016,8.0599,0.0135
79258,2017,8.0574,0.0136
79623,2018,8.0555,0.0137
79988,2019,8.0535,0.0140
80353,2020,8.0514,0.0142
80719,2021,8.0492,0.0146
81084,2022,8.0474,0.0148
end data
