Conventions,G,BADC-CSV,1
title,G,Global ocean pH
last_revised_date,G,2023-08-10
date_valid,G,2023-08-10
feature_type,G,area average
creator,G,WMO
source,G,Produced by climind version 0.1
observation_station,G,derived data
location,G,90.,-180.,-90.,180.
activity,G,WMO
history,G,"Data set created from file ['global_omi_health_carbon_ph_area_averaged_1985_P*.nc'] downloaded from ['ftp://my.cmems-du.eu/Core/GLOBAL_OMI_HEALTH_carbon_ph_area_averaged/global_omi_health_carbon_ph_area_averaged/global_omi_health_carbon_ph_area_averaged_1985_P*.nc'] at ['2023-08-07 14:38:24']"
reference,G,"Gehlen M., Thi Tuyet Trang Chau, Anna Conchon, Anna Denvil-Sommer, Frédéric Chevallier, Mathieu Vrac, Carlos Mejia (2020). Ocean acidification. In: Copernicus Marine Service Ocean State Report, Issue 4, Journal of Operational Oceanography, 13:sup1, s88–s91; DOI: 10.1080/1755876X.2020.1785097"
rights,G,TBD
comments,G,Data produced by climind version 0.1
comments,G,Format description https://help.ceda.ac.uk/article/105-badc-csv
long_name,time,time,days since 1800-01-01 00:00:00.0
type,time,int
long_name,year,year,1
type,year,int
long_name,data,ph,ph
type,data,float
long_name,uncertainty,ph uncertainty,ph
type,uncertainty,float
coordinate_variable,time,t
data
time,year,data,uncertainty
67570,1985,8.1097,0.0029
67935,1986,8.1084,0.0029
68300,1987,8.1068,0.0027
68665,1988,8.1044,0.0026
69031,1989,8.1031,0.0026
69396,1990,8.1020,0.0025
69761,1991,8.1011,0.0025
70126,1992,8.1001,0.0025
70492,1993,8.0997,0.0026
70857,1994,8.0978,0.0024
71222,1995,8.0959,0.0024
71587,1996,8.0943,0.0023
71953,1997,8.0941,0.0024
72318,1998,8.0908,0.0025
72683,1999,8.0884,0.0024
73048,2000,8.0872,0.0024
73414,2001,8.0859,0.0023
73779,2002,8.0846,0.0023
74144,2003,8.0826,0.0023
74509,2004,8.0811,0.0023
74875,2005,8.0792,0.0023
75240,2006,8.0776,0.0023
75605,2007,8.0757,0.0023
75970,2008,8.0738,0.0023
76336,2009,8.0728,0.0023
76701,2010,8.0711,0.0023
77066,2011,8.0689,0.0023
77431,2012,8.0673,0.0023
77797,2013,8.0650,0.0023
78162,2014,8.0640,0.0024
78527,2015,8.0625,0.0024
78892,2016,8.0596,0.0025
79258,2017,8.0572,0.0025
79623,2018,8.0552,0.0024
79988,2019,8.0533,0.0025
80353,2020,8.0512,0.0026
80719,2021,8.0494,0.0026
end data
