Conventions,G,BADC-CSV,1
title,G,Regional mean temperature for WMO RA 4 North America
last_revised_date,G,2022-09-05
date_valid,G,2022-09-05
feature_type,G,area average
creator,G,WMO
source,G,Produced by climind version 0.1
observation_station,G,derived data
location,G,90.,-180.,-90.,180.
activity,G,WMO
history,G,""Data set created from file ['NOAAGlobalTemp_v*.nc'] downloaded from ['https://www.ncei.noaa.gov/data/noaa-global-surface-temperature/v5/access/gridded/NOAAGlobalTemp_v.*.nc'] at ['2022-08-23 10:32:43']""
history,G,""Data set created from file ['NOAAGlobalTemp_v*.nc'] downloaded from ['https://www.ncei.noaa.gov/data/noaa-global-surface-temperature/v5/access/gridded/NOAAGlobalTemp_v.*.nc'] at ['2022-08-23 10:32:43']""
history,G,""Regridded to 1 degree latitude-longitude resolution""
history,G,""Rebaselined to 1981-2010""
history,G,""Calculated area-average""
history,G,""Calculated annual average from monthly averages using arithmetic mean""
history,G,""Selected year range 1900 to 2021""
history,G,""Wrote to file wmo_ra_4_NOAAGlobalTemp.csv""
history,G,"Data set created from file ['wmo_ra_4_NOAAGlobalTemp.csv'] downloaded from [''] at ['2022-09-01 17:56:55']"
reference,G,"Huang, B., M. J. Menne, T. Boyer, E. Freeman, B. E. Gleason, J. H. Lawrimore, C. Liu, J. J. Rennie, C. Schreck, F. Sun, R. Vose, C. N. Williams, X. Yin, H.-M. Zhang, 2020: Uncertainty estimates for sea surface temperature and land surface air temperature in NOAAGlobalTemp version 5. , J. Climate, 33, 1351-1379, DOI: 10.1175/JCLI-D-19-0395.1"
reference,G,"Zhang, Huai-Min, Jay H. Lawrimore, Boyin Huang, Matthew J. Menne, Xungang Yin, Ahira Sȧnchez-Lugo, Byron E. Gleason, Russell Vose, Derek Arndt, J. Jared Rennie, and Claude N. Williams. (2019) Updated Temperature Data Give a Sharper View of Climate Trends. Eos, 100, https://doi.org/10.1029/2019EO128229"
rights,G,TBD
comments,G,Data produced by climind version 0.1
comments,G,Format description https://help.ceda.ac.uk/article/105-badc-csv
long_name,time,time,
type,time,int
long_name,year,year,1
type,year,int
long_name,data,wmo_ra_4,degC
type,data,float
coordinate_variable,time,t
data
time,year,data
36524,1900,-0.6890
36889,1901,-0.7829
37254,1902,-0.8705
37619,1903,-1.1780
37984,1904,-1.2066
38350,1905,-0.9227
38715,1906,-0.7540
39080,1907,-1.5401
39445,1908,-0.8969
39811,1909,-1.3599
40176,1910,-0.7439
40541,1911,-0.9658
40906,1912,-1.2972
41272,1913,-1.2307
41637,1914,-0.9780
42002,1915,-0.4772
42367,1916,-1.2983
42733,1917,-1.8386
43098,1918,-1.2046
43463,1919,-1.1384
43828,1920,-1.0063
44194,1921,-0.2908
44559,1922,-0.9515
44924,1923,-0.8968
45289,1924,-1.0597
45655,1925,-0.7785
46020,1926,-0.5883
46385,1927,-0.9231
46750,1928,-0.4423
47116,1929,-1.1790
47481,1930,-0.5154
47846,1931,0.2265
48211,1932,-0.9156
48577,1933,-1.0582
48942,1934,-0.3051
49307,1935,-0.9419
49672,1936,-1.0086
50038,1937,-0.5169
50403,1938,-0.0548
50768,1939,-0.4188
51133,1940,-0.1975
51499,1941,-0.1053
51864,1942,-0.2830
52229,1943,-0.3819
52594,1944,-0.1049
52960,1945,-0.6587
53325,1946,-0.4959
53690,1947,-0.4982
54055,1948,-0.7557
54421,1949,-0.5951
54786,1950,-1.1647
55151,1951,-0.9684
55516,1952,-0.1593
55882,1953,0.1135
56247,1954,-0.2601
56612,1955,-0.7964
56977,1956,-0.8833
57343,1957,-0.4450
57708,1958,-0.2013
58073,1959,-0.6946
58438,1960,-0.4447
58804,1961,-0.7172
59169,1962,-0.5404
59534,1963,-0.3518
59899,1964,-0.9697
60265,1965,-0.9470
60630,1966,-0.8997
60995,1967,-0.7561
61360,1968,-0.6895
61726,1969,-0.5100
62091,1970,-0.7913
62456,1971,-0.8108
62821,1972,-1.4822
63187,1973,-0.3360
63552,1974,-0.8943
63917,1975,-0.8506
64282,1976,-0.6589
64648,1977,-0.0039
65013,1978,-0.7759
65378,1979,-0.7665
65743,1980,-0.2357
66109,1981,0.5792
66474,1982,-1.0643
66839,1983,-0.3941
67204,1984,-0.4527
67570,1985,-0.7261
67935,1986,-0.1975
68300,1987,0.4562
68665,1988,-0.0838
69031,1989,-0.5790
69396,1990,-0.2865
69761,1991,-0.0758
70126,1992,-0.4218
70492,1993,-0.3378
70857,1994,-0.1549
71222,1995,-0.0873
71587,1996,-0.6905
71953,1997,-0.1061
72318,1998,0.9597
72683,1999,0.4667
73048,2000,0.1410
73414,2001,0.5603
73779,2002,0.0734
74144,2003,0.2620
74509,2004,-0.1493
74875,2005,0.5944
75240,2006,0.9270
75605,2007,0.2220
75970,2008,-0.2551
76336,2009,-0.1010
76701,2010,0.8870
77066,2011,0.3564
77431,2012,0.8839
77797,2013,-0.0157
78162,2014,0.0728
78527,2015,0.7604
78892,2016,1.2855
79258,2017,0.8973
79623,2018,0.2772
79988,2019,0.3695
80353,2020,0.6044
80719,2021,0.8585
end data
