Conventions,G,BADC-CSV,1
title,G,Regional mean temperature for WMO RA 4 North America
last_revised_date,G,2023-01-31
date_valid,G,2023-01-31
feature_type,G,area average
creator,G,WMO
source,G,Produced by climind version 0.1
observation_station,G,derived data
location,G,90.,-180.,-90.,180.
activity,G,WMO
history,G,""Data set created from file ['NOAAGlobalTemp_v*.nc'] downloaded from ['https://www.ncei.noaa.gov/data/noaa-global-surface-temperature/v5/access/gridded/NOAAGlobalTemp_v.*.nc'] at ['2023-01-28 11:52:47']""
history,G,""Data set created from file ['NOAAGlobalTemp_v*.nc'] downloaded from ['https://www.ncei.noaa.gov/data/noaa-global-surface-temperature/v5/access/gridded/NOAAGlobalTemp_v.*.nc'] at ['2023-01-28 11:52:47']""
history,G,""Regridded to 1 degree latitude-longitude resolution""
history,G,""Rebaselined to 1991-2020""
history,G,""Calculated area-average""
history,G,""Calculated annual average from monthly averages using arithmetic mean""
history,G,""Selected years within the range 1900 to 2022.""
history,G,""Wrote to file wmo_ra_4_NOAAGlobalTemp.csv""
history,G,"Data set created from file ['wmo_ra_4_NOAAGlobalTemp.csv'] downloaded from [''] at ['2023-01-31 19:01:47']"
reference,G,"Huang, B., M. J. Menne, T. Boyer, E. Freeman, B. E. Gleason, J. H. Lawrimore, C. Liu, J. J. Rennie, C. Schreck, F. Sun, R. Vose, C. N. Williams, X. Yin, H.-M. Zhang, 2020: Uncertainty estimates for sea surface temperature and land surface air temperature in NOAAGlobalTemp version 5. , J. Climate, 33, 1351-1379, DOI: 10.1175/JCLI-D-19-0395.1"
reference,G,"Zhang, Huai-Min, Jay H. Lawrimore, Boyin Huang, Matthew J. Menne, Xungang Yin, Ahira Sȧnchez-Lugo, Byron E. Gleason, Russell Vose, Derek Arndt, J. Jared Rennie, and Claude N. Williams. (2019) Updated Temperature Data Give a Sharper View of Climate Trends. Eos, 100, https://doi.org/10.1029/2019EO128229"
rights,G,TBD
comments,G,Data produced by climind version 0.1
comments,G,Format description https://help.ceda.ac.uk/article/105-badc-csv
long_name,time,time,days since 1800-01-01 00:00:00.0
type,time,int
long_name,year,year,1
type,year,int
long_name,data,wmo_ra_4,degC
type,data,float
coordinate_variable,time,t
data
time,year,data
36524,1900,-0.9417
36889,1901,-1.0498
37254,1902,-1.1484
37619,1903,-1.4564
37984,1904,-1.4853
38350,1905,-1.1963
38715,1906,-1.0285
39080,1907,-1.8001
39445,1908,-1.1637
39811,1909,-1.6261
40176,1910,-1.0092
40541,1911,-1.2337
40906,1912,-1.5620
41272,1913,-1.4921
41637,1914,-1.2441
42002,1915,-0.7424
42367,1916,-1.5664
42733,1917,-2.1023
43098,1918,-1.4708
43463,1919,-1.4014
43828,1920,-1.2761
44194,1921,-0.5633
44559,1922,-1.2201
44924,1923,-1.1655
45289,1924,-1.3313
45655,1925,-1.0520
46020,1926,-0.8647
46385,1927,-1.2001
46750,1928,-0.7236
47116,1929,-1.4585
47481,1930,-0.7944
47846,1931,-0.0483
48211,1932,-1.1887
48577,1933,-1.3329
48942,1934,-0.5753
49307,1935,-1.2115
49672,1936,-1.2751
50038,1937,-0.7873
50403,1938,-0.3230
50768,1939,-0.6869
51133,1940,-0.4664
51499,1941,-0.3763
51864,1942,-0.5569
52229,1943,-0.6575
52594,1944,-0.3767
52960,1945,-0.9296
53325,1946,-0.7683
53690,1947,-0.7717
54055,1948,-1.0272
54421,1949,-0.8677
54786,1950,-1.4370
55151,1951,-1.2417
55516,1952,-0.4343
55882,1953,-0.1618
56247,1954,-0.5347
56612,1955,-1.0738
56977,1956,-1.1597
57343,1957,-0.7231
57708,1958,-0.4803
58073,1959,-0.9777
58438,1960,-0.7265
58804,1961,-0.9966
59169,1962,-0.8175
59534,1963,-0.6333
59899,1964,-1.2525
60265,1965,-1.2270
60630,1966,-1.1801
60995,1967,-1.0374
61360,1968,-0.9709
61726,1969,-0.7913
62091,1970,-1.0720
62456,1971,-1.0904
62821,1972,-1.7609
63187,1973,-0.6134
63552,1974,-1.1713
63917,1975,-1.1275
64282,1976,-0.9354
64648,1977,-0.2847
65013,1978,-1.0565
65378,1979,-1.0475
65743,1980,-0.5165
66109,1981,0.2998
66474,1982,-1.3442
66839,1983,-0.6725
67204,1984,-0.7318
67570,1985,-1.0051
67935,1986,-0.4766
68300,1987,0.1769
68665,1988,-0.3649
69031,1989,-0.8606
69396,1990,-0.5679
69761,1991,-0.3573
70126,1992,-0.7040
70492,1993,-0.6167
70857,1994,-0.4311
71222,1995,-0.3626
71587,1996,-0.9665
71953,1997,-0.3832
72318,1998,0.6825
72683,1999,0.1918
73048,2000,-0.1340
73414,2001,0.2835
73779,2002,-0.2027
74144,2003,-0.0124
74509,2004,-0.4244
74875,2005,0.3207
75240,2006,0.6517
75605,2007,-0.0530
75970,2008,-0.5287
76336,2009,-0.3740
76701,2010,0.6119
77066,2011,0.0814
77431,2012,0.6104
77797,2013,-0.2866
78162,2014,-0.2003
78527,2015,0.4859
78892,2016,1.0114
79258,2017,0.6227
79623,2018,0.0079
79988,2019,0.1040
80353,2020,0.3305
80719,2021,0.5961
81084,2022,0.1036
end data
