Conventions,G,BADC-CSV,1
title,G,Regional mean temperature for WMO RA 4 North America
last_revised_date,G,2023-10-27
date_valid,G,2023-10-27
feature_type,G,area average
creator,G,WMO
source,G,Produced by climind version 1.0
observation_station,G,derived data
location,G,90.,-180.,-90.,180.
rights,G,TBD
activity,G,WMO
comments,G,Format description https://help.ceda.ac.uk/article/105-badc-csv
history,wmo_ra_4_Berkeley_Earth,""Data set created from file ['Land_and_Ocean_LatLong1.nc'] downloaded from ['https://berkeley-earth-temperature.s3.us-west-1.amazonaws.com/Global/Gridded/Land_and_Ocean_LatLong1.nc'] at ['2023-10-13 17:18:41']""
history,wmo_ra_4_Berkeley_Earth,""Rebaselined to 1991-2020""
history,wmo_ra_4_Berkeley_Earth,""Calculated area-average""
history,wmo_ra_4_Berkeley_Earth,""Calculated annual average from monthly averages using arithmetic mean""
history,wmo_ra_4_Berkeley_Earth,""Selected years within the range 1900 to 2023.""
history,wmo_ra_4_Berkeley_Earth,""Wrote to file wmo_ra_4_Berkeley Earth.csv""
history,wmo_ra_4_Berkeley_Earth,"Data set created from file ['wmo_ra_4_Berkeley Earth.csv'] downloaded from [''] at ['2023-10-27 10:53:36']"
reference,wmo_ra_4_Berkeley_Earth,"Rohde, R. A. and Hausfather, Z.: The Berkeley Earth Land/Ocean Temperature Record, Earth Syst. Sci. Data, 12, 3469-3479, https://doi.org/10.5194/essd-12-3469-2020, 2020"
comments,wmo_ra_4_Berkeley_Earth,"Original data acknowledgement: "
history,wmo_ra_4_ERA5,""Gridded dataset created from file ['era5_2m_tas_2023.nc'] downloaded from ['']""
history,wmo_ra_4_ERA5,""Regridded to 1 degree latitude-longitude resolution""
history,wmo_ra_4_ERA5,""Rebaselined to 1991-2020""
history,wmo_ra_4_ERA5,""Calculated area-average""
history,wmo_ra_4_ERA5,""Calculated annual average from monthly averages using arithmetic mean""
history,wmo_ra_4_ERA5,""Selected years within the range 1900 to 2023.""
history,wmo_ra_4_ERA5,""Wrote to file wmo_ra_4_ERA5.csv""
history,wmo_ra_4_ERA5,"Data set created from file ['wmo_ra_4_ERA5.csv'] downloaded from [''] at ['2023-10-27 10:54:34']"
reference,wmo_ra_4_ERA5,"Hersbach H, Bell B, Berrisford P et al. 2020. The ERA5 global reanalysis. Q. J. R. Meteorol. Soc. 146: 1999-2049. https://doi.org/10.1002/qj.3803"
comments,wmo_ra_4_ERA5,"Original data acknowledgement: Contains using Copernicus Climate Change Service information [2023]. Neither the European Commission nor ECMWF is responsible for any use that may be made of the Copernicus information or data it contains."
history,wmo_ra_4_GISTEMP,""Data set created from file ['gistemp1200_GHCNv4_ERSSTv5.nc.gz'] downloaded from ['https://data.giss.nasa.gov/pub/gistemp/gistemp1200_GHCNv4_ERSSTv5.nc.gz'] at ['2023-10-13 17:19:30']""
history,wmo_ra_4_GISTEMP,""Regridded to 1 degree latitude-longitude resolution""
history,wmo_ra_4_GISTEMP,""Rebaselined to 1991-2020""
history,wmo_ra_4_GISTEMP,""Calculated area-average""
history,wmo_ra_4_GISTEMP,""Calculated annual average from monthly averages using arithmetic mean""
history,wmo_ra_4_GISTEMP,""Selected years within the range 1900 to 2023.""
history,wmo_ra_4_GISTEMP,""Wrote to file wmo_ra_4_GISTEMP.csv""
history,wmo_ra_4_GISTEMP,"Data set created from file ['wmo_ra_4_GISTEMP.csv'] downloaded from [''] at ['2023-10-27 10:54:56']"
reference,wmo_ra_4_GISTEMP,"Lenssen, N., G. Schmidt, J. Hansen, M. Menne, A. Persin, R. Ruedy, and D. Zyss, 2019: Improvements in the GISTEMP uncertainty model. J. Geophys. Res. Atmos., 124, no. 12, 6307-6326, doi:10.1029/2018JD029522"
comments,wmo_ra_4_GISTEMP,"Original data acknowledgement: "
history,wmo_ra_4_HadCRUT5,""Data set created from file ['HadCRUT.5.0.1.0.analysis.anomalies.ensemble_mean.nc'] downloaded from ['https://www.metoffice.gov.uk/hadobs/hadcrut5/data/current/analysis/HadCRUT.5.0.1.0.analysis.anomalies.ensemble_mean.nc'] at ['2023-10-13 17:19:31']""
history,wmo_ra_4_HadCRUT5,""Regridded to 1 degree latitude-longitude resolution""
history,wmo_ra_4_HadCRUT5,""Rebaselined to 1991-2020""
history,wmo_ra_4_HadCRUT5,""Calculated area-average""
history,wmo_ra_4_HadCRUT5,""Calculated annual average from monthly averages using arithmetic mean""
history,wmo_ra_4_HadCRUT5,""Selected years within the range 1900 to 2023.""
history,wmo_ra_4_HadCRUT5,""Wrote to file wmo_ra_4_HadCRUT5.csv""
history,wmo_ra_4_HadCRUT5,"Data set created from file ['wmo_ra_4_HadCRUT5.csv'] downloaded from [''] at ['2023-10-27 10:55:39']"
reference,wmo_ra_4_HadCRUT5,"Morice, C. P., Kennedy, J. J., Rayner, N. A., Winn, J. P., Hogan, E., Killick, R. E., et al. (2021). An updated assessment of near-surface temperature change from 1850: the HadCRUT5 data set. Journal of Geophysical Research: Atmospheres, 126, e2019JD032361. https://doi.org/10.1029/2019JD032361"
comments,wmo_ra_4_HadCRUT5,"Original data acknowledgement: HadCRUT.5.0.1.0 data were obtained from http://www.metoffice.gov.uk/hadobs/hadcrut5 on 2023-10-13 17:19:31 and are © British Crown Copyright, Met Office 2023, provided under an Open Government License, http://www.nationalarchives.gov.uk/doc/open-government-licence/version/3/"
history,wmo_ra_4_JRA-55,""Data set created from file ['anl_surf125.011_tmp.202301_202312', 'anl_surf125.2023MMMM'] downloaded from ['', ''] at ['2023-10-06 11:01:38']""
history,wmo_ra_4_JRA-55,""Regridded to 1 degree latitude-longitude resolution""
history,wmo_ra_4_JRA-55,""Rebaselined to 1991-2020""
history,wmo_ra_4_JRA-55,""Calculated area-average""
history,wmo_ra_4_JRA-55,""Calculated annual average from monthly averages using arithmetic mean""
history,wmo_ra_4_JRA-55,""Selected years within the range 1900 to 2023.""
history,wmo_ra_4_JRA-55,""Wrote to file wmo_ra_4_JRA-55.csv""
history,wmo_ra_4_JRA-55,"Data set created from file ['wmo_ra_4_JRA-55.csv'] downloaded from [''] at ['2023-10-27 10:56:37']"
reference,wmo_ra_4_JRA-55,"Kobayashi, S., Ota, Y., Harada, Y., Ebita, A., Moriya, M., Onoda, H., Onogi, K., Kamahori, H., Kobayashi, C., Endo, H. and Miyaoka, K., (2015). The JRA-55 reanalysis: General specifications and basic characteristics. Journal of the Meteorological Society of Japan. Ser. II, 93(1), pp.5-48."
comments,wmo_ra_4_JRA-55,"Original data acknowledgement: "
history,wmo_ra_4_Kadow,""Data set created from file ['HadCRUT.5.0.1.0.anomalies.Kadow_et_al_2020_20crAI-infilled.ensemble_mean_185001-*.nc'] downloaded from [''] at ['2023-10-23 09:13:55']""
history,wmo_ra_4_Kadow,""Regridded to 1 degree latitude-longitude resolution""
history,wmo_ra_4_Kadow,""Rebaselined to 1991-2020""
history,wmo_ra_4_Kadow,""Calculated area-average""
history,wmo_ra_4_Kadow,""Calculated annual average from monthly averages using arithmetic mean""
history,wmo_ra_4_Kadow,""Selected years within the range 1900 to 2023.""
history,wmo_ra_4_Kadow,""Wrote to file wmo_ra_4_Kadow.csv""
history,wmo_ra_4_Kadow,"Data set created from file ['wmo_ra_4_Kadow.csv'] downloaded from [''] at ['2023-10-27 10:57:06']"
reference,wmo_ra_4_Kadow,"Kadow, C., Hall, D.M. & Ulbrich, U. Artificial intelligence reconstructs missing climate information. Nat. Geosci. (2020). https://doi.org/10.1038/s41561-020-0582-5"
comments,wmo_ra_4_Kadow,"Original data acknowledgement: "
history,wmo_ra_4_NOAA_Interim,""Data set created from file ['NOAAGlobalTemp_v*.nc'] downloaded from ['https://www.ncei.noaa.gov/data/noaa-global-surface-temperature/v5.1/access/gridded/NOAAGlobalTemp_v.*.nc'] at ['2023-10-14 08:45:48']""
history,wmo_ra_4_NOAA_Interim,""Data set created from file ['NOAAGlobalTemp_v*.nc'] downloaded from ['https://www.ncei.noaa.gov/data/noaa-global-surface-temperature/v5.1/access/gridded/NOAAGlobalTemp_v.*.nc'] at ['2023-10-14 08:45:48']""
history,wmo_ra_4_NOAA_Interim,""Regridded to 1 degree latitude-longitude resolution""
history,wmo_ra_4_NOAA_Interim,""Rebaselined to 1991-2020""
history,wmo_ra_4_NOAA_Interim,""Calculated area-average""
history,wmo_ra_4_NOAA_Interim,""Calculated annual average from monthly averages using arithmetic mean""
history,wmo_ra_4_NOAA_Interim,""Selected years within the range 1900 to 2023.""
history,wmo_ra_4_NOAA_Interim,""Wrote to file wmo_ra_4_NOAA Interim.csv""
history,wmo_ra_4_NOAA_Interim,"Data set created from file ['wmo_ra_4_NOAA Interim.csv'] downloaded from [''] at ['2023-10-27 10:57:55']"
reference,wmo_ra_4_NOAA_Interim,"Vose, R.S., B. Huang, X. Yin., D. Arndt, D.R. Easterling, J.H. Lawrimore, M.J. Menne, A. Sanchez-Lugo, H.-M. Zhang, 2021: Implementing full spatial coverage in NOAA’s global temperature analysis. Geophysical Research Letters, 48, e2020GL090873. https://doi.org/10.1029/2020GL090873"
comments,wmo_ra_4_NOAA_Interim,"Original data acknowledgement: "
long_name,time,time,days since 1800-01-01 00:00:00.0
type,time,int
long_name,year,year,1
type,year,int
long_name,wmo_ra_4_Berkeley_Earth,wmo_ra_4,degC
type,wmo_ra_4_Berkeley_Earth,float
long_name,wmo_ra_4_ERA5,wmo_ra_4,degC
type,wmo_ra_4_ERA5,float
long_name,wmo_ra_4_GISTEMP,wmo_ra_4,degC
type,wmo_ra_4_GISTEMP,float
long_name,wmo_ra_4_HadCRUT5,wmo_ra_4,degC
type,wmo_ra_4_HadCRUT5,float
long_name,wmo_ra_4_JRA-55,wmo_ra_4,degC
type,wmo_ra_4_JRA-55,float
long_name,wmo_ra_4_Kadow,wmo_ra_4,degC
type,wmo_ra_4_Kadow,float
long_name,wmo_ra_4_NOAA_Interim,wmo_ra_4,degC
type,wmo_ra_4_NOAA_Interim,float
coordinate_variable,time,t
data
time,year,wmo_ra_4_Berkeley_Earth,wmo_ra_4_ERA5,wmo_ra_4_GISTEMP,wmo_ra_4_HadCRUT5,wmo_ra_4_JRA-55,wmo_ra_4_Kadow,wmo_ra_4_NOAA_Interim
36524,1900,-0.6914,,-0.8308,-1.0016,,-1.1734,-0.9571
36889,1901,-0.9808,,-1.0807,-1.2032,,-1.3590,-1.1416
37254,1902,-0.9748,,-1.1971,-1.2384,,-1.3021,-1.1558
37619,1903,-1.2717,,-1.4648,-1.5609,,-1.5837,-1.5045
37984,1904,-1.4898,,-1.6652,-1.7315,,-1.8361,-1.6996
38350,1905,-1.0157,,-1.1343,-1.1748,,-1.2250,-1.1835
38715,1906,-0.9800,,-1.0953,-1.1181,,-1.2649,-1.1105
39080,1907,-1.7048,,-1.8019,-1.8204,,-2.0302,-1.8220
39445,1908,-0.9813,,-1.0282,-1.1617,,-1.2676,-1.1622
39811,1909,-1.5058,,-1.7351,-1.6088,,-1.7447,-1.6881
40176,1910,-0.9394,,-1.0619,-1.0886,,-1.1686,-1.1387
40541,1911,-1.0755,,-1.2129,-1.2623,,-1.2726,-1.2921
40906,1912,-1.2600,,-1.4036,-1.4965,,-1.5197,-1.4765
41272,1913,-1.3843,,-1.3493,-1.4951,,-1.7248,-1.4871
41637,1914,-1.2706,,-1.2864,-1.3429,,-1.4949,-1.3086
42002,1915,-0.6126,,-0.7510,-0.7460,,-0.6570,-0.6863
42367,1916,-1.3775,,-1.5909,-1.5755,,-1.6707,-1.5691
42733,1917,-2.0763,,-2.2141,-2.2402,,-2.3363,-2.1065
43098,1918,-1.5306,,-1.4383,-1.5990,,-1.8001,-1.4850
43463,1919,-1.2542,,-1.3472,-1.4448,,-1.5242,-1.3451
43828,1920,-1.1772,,-1.4002,-1.4292,,-1.4210,-1.4140
44194,1921,-0.4981,,-0.4615,-0.6814,,-0.7610,-0.7061
44559,1922,-1.2579,,-1.2194,-1.3752,,-1.5029,-1.3096
44924,1923,-1.1307,,-1.0332,-1.2065,,-1.2999,-1.1518
45289,1924,-1.2446,,-1.3727,-1.4067,,-1.4146,-1.3721
45655,1925,-1.0043,,-0.9114,-1.1045,,-1.1371,-1.0589
46020,1926,-0.8252,,-0.7639,-0.9797,,-1.0526,-0.7909
46385,1927,-1.1482,,-1.1523,-1.2054,,-1.2368,-1.2365
46750,1928,-0.6049,,-0.5937,-0.7353,,-0.7606,-0.7501
47116,1929,-1.3522,,-1.3378,-1.4631,,-1.5465,-1.3865
47481,1930,-0.7250,,-0.7004,-0.8354,,-0.8248,-0.8618
47846,1931,-0.0721,,0.0724,-0.1362,,-0.0704,-0.0882
48211,1932,-1.1670,,-1.1360,-1.1741,,-1.2314,-1.1797
48577,1933,-1.3660,,-1.1470,-1.3822,,-1.4745,-1.4335
48942,1934,-0.6756,,-0.3935,-0.6670,,-0.7450,-0.7053
49307,1935,-1.3163,,-1.2268,-1.2965,,-1.3301,-1.2910
49672,1936,-1.3732,,-1.2071,-1.3589,,-1.4312,-1.3858
50038,1937,-0.7969,,-0.8082,-0.8269,,-0.8062,-0.7619
50403,1938,-0.3120,,-0.2263,-0.3531,,-0.3733,-0.3742
50768,1939,-0.7510,,-0.5434,-0.7645,,-0.7785,-0.7586
51133,1940,-0.4282,,-0.4661,-0.4985,,-0.4513,-0.3924
51499,1941,-0.5137,,-0.3627,-0.5402,,-0.5832,-0.4324
51864,1942,-0.5643,,-0.5792,-0.6544,,-0.6454,-0.6179
52229,1943,-0.6784,,-0.7275,-0.7146,,-0.7132,-0.6584
52594,1944,-0.4327,,-0.4445,-0.4609,,-0.4369,-0.3731
52960,1945,-0.9751,,-0.9492,-1.0217,,-1.0269,-0.9336
53325,1946,-0.7731,,-0.6584,-0.8204,,-0.8689,-0.7884
53690,1947,-0.6467,,-0.6620,-0.7152,,-0.7055,-0.7022
54055,1948,-0.9953,,-1.0707,-1.0647,,-1.0547,-1.0285
54421,1949,-0.8681,,-0.8211,-0.9312,,-0.9449,-0.9081
54786,1950,-1.4075,,-1.4561,-1.4724,,-1.5368,-1.4389
55151,1951,-1.2330,,-1.3565,-1.2684,,-1.2863,-1.2363
55516,1952,-0.4093,,-0.4839,-0.4473,,-0.4163,-0.4204
55882,1953,-0.1510,,-0.0940,-0.1886,,-0.1940,-0.1672
56247,1954,-0.5348,,-0.5529,-0.5988,,-0.6088,-0.5653
56612,1955,-1.0468,,-1.1682,-1.1330,,-1.0980,-1.0657
56977,1956,-1.2741,,-1.2217,-1.2786,,-1.3286,-1.2263
57343,1957,-0.7649,,-0.7359,-0.8315,,-0.8319,-0.7777
57708,1958,-0.5184,,-0.5840,-0.5799,-0.5828,-0.5550,-0.5008
58073,1959,-1.0015,,-0.9862,-1.0232,-1.0701,-1.0492,-1.0176
58438,1960,-0.7004,,-0.7737,-0.7838,-0.7642,-0.7699,-0.7141
58804,1961,-1.0274,,-1.0316,-1.0755,-1.0448,-1.0784,-1.0825
59169,1962,-0.7858,,-0.8363,-0.8425,-0.8588,-0.8617,-0.8220
59534,1963,-0.6134,,-0.6371,-0.6582,-0.7161,-0.6421,-0.6570
59899,1964,-1.2869,,-1.2262,-1.2903,-1.2436,-1.3114,-1.3068
60265,1965,-1.2499,,-1.2199,-1.2386,-1.1962,-1.2352,-1.2370
60630,1966,-1.1699,,-1.2198,-1.1898,-1.1041,-1.2213,-1.1963
60995,1967,-1.0764,,-1.0424,-1.0812,-1.1311,-1.0886,-1.0795
61360,1968,-0.9458,,-1.0139,-1.0015,-0.9925,-1.0070,-0.9958
61726,1969,-0.7088,,-0.8334,-0.7692,-0.7327,-0.7867,-0.7740
62091,1970,-1.0800,,-1.0921,-1.1023,-1.1133,-1.1046,-1.0913
62456,1971,-1.0570,,-1.1437,-1.1109,-1.0924,-1.1145,-1.0948
62821,1972,-1.8920,,-1.8051,-1.8728,-1.9210,-1.8705,-1.8641
63187,1973,-0.5427,,-0.6039,-0.5957,-0.5840,-0.6180,-0.6184
63552,1974,-1.2545,,-1.1429,-1.2496,-1.2813,-1.2651,-1.2475
63917,1975,-1.1007,,-1.1595,-1.1553,-1.1511,-1.1454,-1.1499
64282,1976,-0.9989,,-0.9567,-1.0137,-1.0877,-1.0057,-0.9644
64648,1977,-0.2554,,-0.3259,-0.2978,-0.3267,-0.2950,-0.2758
65013,1978,-1.1112,,-1.1317,-1.1364,-1.1886,-1.1326,-1.1007
65378,1979,-1.0693,-1.0949,-1.1224,-1.1208,-1.0239,-1.1405,-1.0768
65743,1980,-0.5242,-0.5800,-0.5559,-0.5597,-0.5471,-0.5466,-0.5149
66109,1981,0.3816,0.3392,0.2906,0.2872,0.3242,0.3552,0.3240
66474,1982,-1.4143,-1.4623,-1.3824,-1.4306,-1.4446,-1.4166,-1.4049
66839,1983,-0.7678,-0.8172,-0.7012,-0.7568,-0.7942,-0.7568,-0.7246
67204,1984,-0.8248,-0.8523,-0.7350,-0.8236,-0.8754,-0.8028,-0.7860
67570,1985,-1.0087,-1.0625,-1.0413,-1.0454,-1.0845,-1.0319,-1.0002
67935,1986,-0.5865,-0.6727,-0.4419,-0.5696,-0.7020,-0.5663,-0.5676
68300,1987,0.1107,0.0634,0.1511,0.0843,0.0507,0.0962,0.0907
68665,1988,-0.3631,-0.4055,-0.2761,-0.3866,-0.4693,-0.4077,-0.3637
69031,1989,-0.9317,-0.9603,-0.9247,-0.9606,-1.0302,-0.9587,-0.8906
69396,1990,-0.6312,-0.6785,-0.4425,-0.5783,-0.7610,-0.6080,-0.6403
69761,1991,-0.3852,-0.4271,-0.2635,-0.3666,-0.5195,-0.3749,-0.3999
70126,1992,-0.8109,-0.9125,-0.6846,-0.7831,-0.9284,-0.8054,-0.7727
70492,1993,-0.6214,-0.6937,-0.7229,-0.6502,-0.6753,-0.6274,-0.6375
70857,1994,-0.4123,-0.4068,-0.4138,-0.4394,-0.4121,-0.4231,-0.4468
71222,1995,-0.3444,-0.3468,-0.3782,-0.3457,-0.3132,-0.3537,-0.3747
71587,1996,-0.9034,-0.9597,-1.0059,-0.8873,-0.8953,-0.9152,-0.9529
71953,1997,-0.4159,-0.5577,-0.4376,-0.3868,-0.4985,-0.3869,-0.4057
72318,1998,0.8182,0.6713,0.7337,0.8087,0.7304,0.8054,0.7301
72683,1999,0.2181,0.0760,0.1715,0.2082,0.1385,0.2248,0.1760
73048,2000,-0.1211,-0.2508,-0.1372,-0.1352,-0.2299,-0.1356,-0.1540
73414,2001,0.3318,0.2435,0.2942,0.2844,0.2559,0.2998,0.2768
73779,2002,-0.1842,-0.2498,-0.1055,-0.2019,-0.2955,-0.2208,-0.2021
74144,2003,0.0126,-0.0271,0.0030,-0.0193,-0.0070,-0.0097,0.0109
74509,2004,-0.5457,-0.5515,-0.3921,-0.5152,-0.5593,-0.5226,-0.4958
74875,2005,0.3173,0.3587,0.3167,0.3214,0.3135,0.3306,0.3153
75240,2006,0.7453,0.8138,0.6441,0.7203,0.7616,0.7159,0.6978
75605,2007,-0.0690,-0.0112,-0.0042,-0.0600,-0.1003,-0.0502,-0.0711
75970,2008,-0.5386,-0.4682,-0.5806,-0.5162,-0.4965,-0.5217,-0.5438
76336,2009,-0.3500,-0.2938,-0.3880,-0.3409,-0.2159,-0.3437,-0.3581
76701,2010,0.7583,0.8423,0.5532,0.7101,0.8738,0.7331,0.6909
77066,2011,0.0887,0.1588,0.0283,0.0769,0.1983,0.0977,0.1052
77431,2012,0.6226,0.7190,0.6684,0.6451,0.7242,0.6196,0.6311
77797,2013,-0.3143,-0.2881,-0.3307,-0.3491,-0.2751,-0.3679,-0.2926
78162,2014,-0.2657,-0.2244,-0.2444,-0.2604,-0.1654,-0.2516,-0.1896
78527,2015,0.4083,0.4405,0.5008,0.4216,0.4537,0.4626,0.4727
78892,2016,0.9875,1.0398,1.0639,0.9958,1.0261,0.9908,1.0267
79258,2017,0.5966,0.6444,0.5788,0.5493,0.6299,0.5565,0.6194
79623,2018,-0.0845,0.0027,0.0440,-0.0509,-0.0311,-0.0680,0.0065
79988,2019,0.1233,0.2159,0.0930,0.1227,0.1554,0.1086,0.1655
80353,2020,0.3382,0.4424,0.3959,0.4437,0.3570,0.4329,0.3723
80719,2021,0.6773,0.7435,0.6424,0.6738,0.6623,0.6616,0.6630
81084,2022,0.1302,0.1919,0.1379,0.1874,0.1410,0.1518,0.1672
81449,2023,0.6948,0.8849,0.6308,0.7221,0.8956,0.7208,0.8033
end data
