Conventions,G,BADC-CSV,1
title,G,Regional mean temperature for WMO RA 4 North America
last_revised_date,G,2022-12-16
date_valid,G,2022-12-16
feature_type,G,area average
creator,G,WMO
source,G,Produced by climind version 0.1
observation_station,G,derived data
location,G,90.,-180.,-90.,180.
activity,G,WMO
history,G,""Data set created from file ['NOAAGlobalTemp_v*.nc'] downloaded from ['https://www.ncei.noaa.gov/data/noaa-global-surface-temperature/v5/access/gridded/NOAAGlobalTemp_v.*.nc'] at ['2022-12-16 09:24:29']""
history,G,""Data set created from file ['NOAAGlobalTemp_v*.nc'] downloaded from ['https://www.ncei.noaa.gov/data/noaa-global-surface-temperature/v5/access/gridded/NOAAGlobalTemp_v.*.nc'] at ['2022-12-16 09:24:29']""
history,G,""Regridded to 1 degree latitude-longitude resolution""
history,G,""Rebaselined to 1991-2020""
history,G,""Calculated area-average""
history,G,""Calculated annual average from monthly averages using arithmetic mean""
history,G,""Selected years within the range 1900 to 2022.""
history,G,""Wrote to file wmo_ra_4_NOAAGlobalTemp.csv""
history,G,"Data set created from file ['wmo_ra_4_NOAAGlobalTemp.csv'] downloaded from [''] at ['2022-12-16 17:53:15']"
reference,G,"Huang, B., M. J. Menne, T. Boyer, E. Freeman, B. E. Gleason, J. H. Lawrimore, C. Liu, J. J. Rennie, C. Schreck, F. Sun, R. Vose, C. N. Williams, X. Yin, H.-M. Zhang, 2020: Uncertainty estimates for sea surface temperature and land surface air temperature in NOAAGlobalTemp version 5. , J. Climate, 33, 1351-1379, DOI: 10.1175/JCLI-D-19-0395.1"
reference,G,"Zhang, Huai-Min, Jay H. Lawrimore, Boyin Huang, Matthew J. Menne, Xungang Yin, Ahira Sȧnchez-Lugo, Byron E. Gleason, Russell Vose, Derek Arndt, J. Jared Rennie, and Claude N. Williams. (2019) Updated Temperature Data Give a Sharper View of Climate Trends. Eos, 100, https://doi.org/10.1029/2019EO128229"
rights,G,TBD
comments,G,Data produced by climind version 0.1
comments,G,Format description https://help.ceda.ac.uk/article/105-badc-csv
long_name,time,time,days since 1800-01-01 00:00:00.0
type,time,int
long_name,year,year,1
type,year,int
long_name,data,wmo_ra_4,degC
type,data,float
coordinate_variable,time,t
data
time,year,data
36524,1900,-0.9467
36889,1901,-1.0548
37254,1902,-1.1545
37619,1903,-1.4590
37984,1904,-1.4841
38350,1905,-1.1879
38715,1906,-1.0287
39080,1907,-1.7963
39445,1908,-1.1561
39811,1909,-1.6277
40176,1910,-1.0099
40541,1911,-1.2334
40906,1912,-1.5579
41272,1913,-1.4975
41637,1914,-1.2470
42002,1915,-0.7467
42367,1916,-1.5703
42733,1917,-2.1053
43098,1918,-1.4726
43463,1919,-1.4212
43828,1920,-1.2900
44194,1921,-0.5672
44559,1922,-1.2270
44924,1923,-1.1714
45289,1924,-1.3366
45655,1925,-1.0562
46020,1926,-0.8666
46385,1927,-1.2041
46750,1928,-0.7292
47116,1929,-1.4598
47481,1930,-0.7971
47846,1931,-0.0518
48211,1932,-1.1951
48577,1933,-1.3392
48942,1934,-0.5828
49307,1935,-1.2207
49672,1936,-1.2844
50038,1937,-0.7944
50403,1938,-0.3290
50768,1939,-0.6918
51133,1940,-0.4716
51499,1941,-0.3829
51864,1942,-0.5608
52229,1943,-0.6623
52594,1944,-0.3807
52960,1945,-0.9353
53325,1946,-0.7737
53690,1947,-0.7781
54055,1948,-1.0354
54421,1949,-0.8760
54786,1950,-1.4468
55151,1951,-1.2507
55516,1952,-0.4428
55882,1953,-0.1691
56247,1954,-0.5433
56612,1955,-1.0824
56977,1956,-1.1677
57343,1957,-0.7289
57708,1958,-0.4849
58073,1959,-0.9819
58438,1960,-0.7309
58804,1961,-1.0008
59169,1962,-0.8241
59534,1963,-0.6399
59899,1964,-1.2583
60265,1965,-1.2325
60630,1966,-1.1860
60995,1967,-1.0434
61360,1968,-0.9773
61726,1969,-0.7976
62091,1970,-1.0779
62456,1971,-1.0943
62821,1972,-1.7636
63187,1973,-0.6158
63552,1974,-1.1734
63917,1975,-1.1290
64282,1976,-0.9366
64648,1977,-0.2855
65013,1978,-1.0572
65378,1979,-1.0479
65743,1980,-0.5164
66109,1981,0.2991
66474,1982,-1.3458
66839,1983,-0.6744
67204,1984,-0.7344
67570,1985,-1.0078
67935,1986,-0.4789
68300,1987,0.1753
68665,1988,-0.3655
69031,1989,-0.8613
69396,1990,-0.5680
69761,1991,-0.3568
70126,1992,-0.7025
70492,1993,-0.6187
70857,1994,-0.4337
71222,1995,-0.3668
71587,1996,-0.9681
71953,1997,-0.3836
72318,1998,0.6821
72683,1999,0.1911
73048,2000,-0.1348
73414,2001,0.2825
73779,2002,-0.2048
74144,2003,-0.0132
74509,2004,-0.4223
74875,2005,0.3254
75240,2006,0.6515
75605,2007,-0.0531
75970,2008,-0.5297
76336,2009,-0.3751
76701,2010,0.6127
77066,2011,0.0796
77431,2012,0.6081
77797,2013,-0.2887
78162,2014,-0.2025
78527,2015,0.4866
78892,2016,1.0122
79258,2017,0.6259
79623,2018,0.0080
79988,2019,0.1109
80353,2020,0.3368
80719,2021,0.5979
81084,2022,0.1759
end data
