Conventions,G,BADC-CSV,1
title,G,Regional mean temperature for WMO RA 4 North America
last_revised_date,G,2022-08-29
date_valid,G,2022-08-29
feature_type,G,area average
creator,G,WMO
source,G,Produced by climind version 0.1
observation_station,G,derived data
location,G,90.,-180.,-90.,180.
activity,G,WMO
history,G,""Gridded dataset created from file ['NOAAGlobalTemp_v*.nc'] downloaded from ['https://www.ncei.noaa.gov/data/noaa-global-surface-temperature/v5/access/gridded/NOAAGlobalTemp_v.*.nc']""history,G,""Regridded to 1 degree latitude-longitude resolution""history,G,""Rebaselined to 1981-2010""history,G,""Calculated area-average""history,G,""Calculated annual average""history,G,""Wrote to file wmo_ra_4_NOAAGlobalTemp.csv""history,G,"Time series created from file ['wmo_ra_4_NOAAGlobalTemp.csv'] downloaded from ['']"
reference,G,"Huang, B., M. J. Menne, T. Boyer, E. Freeman, B. E. Gleason, J. H. Lawrimore, C. Liu, J. J. Rennie, C. Schreck, F. Sun, R. Vose, C. N. Williams, X. Yin, H.-M. Zhang, 2020: Uncertainty estimates for sea surface temperature and land surface air temperature in NOAAGlobalTemp version 5. , J. Climate, 33, 1351-1379, DOI: 10.1175/JCLI-D-19-0395.1"reference,G,"Zhang, Huai-Min, Jay H. Lawrimore, Boyin Huang, Matthew J. Menne, Xungang Yin, Ahira Sȧnchez-Lugo, Byron E. Gleason, Russell Vose, Derek Arndt, J. Jared Rennie, and Claude N. Williams. (2019) Updated Temperature Data Give a Sharper View of Climate Trends. Eos, 100, https://doi.org/10.1029/2019EO128229"
rights,G,TBD
comments,G,Data produced by climind version 0.1
comments,G,Format description https://help.ceda.ac.uk/article/105-badc-csv
long_name,time,time,
type,time,int
long_name,year,year,1
type,year,int
long_name,data,wmo_ra_4,degC
type,data,float
coordinate_variable,time,t
data
time,year,data
36524,1900,-0.6720
36889,1901,-0.7698
37254,1902,-0.8646
37619,1903,-1.1718
37984,1904,-1.1957
38350,1905,-0.9126
38715,1906,-0.7475
39080,1907,-1.5326
39445,1908,-0.8824
39811,1909,-1.3464
40176,1910,-0.7315
40541,1911,-0.9524
40906,1912,-1.2833
41272,1913,-1.2169
41637,1914,-0.9725
42002,1915,-0.4734
42367,1916,-1.2965
42733,1917,-1.8325
43098,1918,-1.1978
43463,1919,-1.1334
43828,1920,-0.9999
44194,1921,-0.2894
44559,1922,-0.9464
44924,1923,-0.8910
45289,1924,-1.0536
45655,1925,-0.7693
46020,1926,-0.5805
46385,1927,-0.9206
46750,1928,-0.4439
47116,1929,-1.1761
47481,1930,-0.5175
47846,1931,0.2304
48211,1932,-0.9123
48577,1933,-1.0572
48942,1934,-0.3029
49307,1935,-0.9392
49672,1936,-1.0055
50038,1937,-0.5156
50403,1938,-0.0532
50768,1939,-0.4190
51133,1940,-0.1979
51499,1941,-0.1056
51864,1942,-0.2835
52229,1943,-0.3809
52594,1944,-0.1015
52960,1945,-0.6593
53325,1946,-0.4926
53690,1947,-0.4985
54055,1948,-0.7550
54421,1949,-0.5949
54786,1950,-1.1675
55151,1951,-0.9699
55516,1952,-0.1600
55882,1953,0.1120
56247,1954,-0.2614
56612,1955,-0.7977
56977,1956,-0.8833
57343,1957,-0.4457
57708,1958,-0.2010
58073,1959,-0.6955
58438,1960,-0.4449
58804,1961,-0.7171
59169,1962,-0.5400
59534,1963,-0.3527
59899,1964,-0.9708
60265,1965,-0.9478
60630,1966,-0.9006
60995,1967,-0.7563
61360,1968,-0.6893
61726,1969,-0.5095
62091,1970,-0.7925
62456,1971,-0.8119
62821,1972,-1.4831
63187,1973,-0.3363
63552,1974,-0.8944
63917,1975,-0.8508
64282,1976,-0.6589
64648,1977,-0.0045
65013,1978,-0.7769
65378,1979,-0.7679
65743,1980,-0.2363
66109,1981,0.5787
66474,1982,-1.0642
66839,1983,-0.3939
67204,1984,-0.4528
67570,1985,-0.7266
67935,1986,-0.1986
68300,1987,0.4544
68665,1988,-0.0852
69031,1989,-0.5808
69396,1990,-0.2883
69761,1991,-0.0783
70126,1992,-0.4240
70492,1993,-0.3403
70857,1994,-0.1556
71222,1995,-0.0891
71587,1996,-0.6891
71953,1997,-0.1048
72318,1998,0.9604
72683,1999,0.4661
73048,2000,0.1408
73414,2001,0.5596
73779,2002,0.0749
74144,2003,0.2641
74509,2004,-0.1464
74875,2005,0.5971
75240,2006,0.9287
75605,2007,0.2246
75970,2008,-0.2537
76336,2009,-0.1007
76701,2010,0.8884
77066,2011,0.3579
77431,2012,0.8855
77797,2013,-0.0125
78162,2014,0.0731
78527,2015,0.7641
78892,2016,1.2897
79258,2017,0.9019
79623,2018,0.2867
79988,2019,0.3822
80353,2020,0.6108
80719,2021,0.8641
end data
