Conventions,G,BADC-CSV,1
title,G,Regional mean temperature for WMO RA 4 North America
last_revised_date,G,2024-01-23
date_valid,G,2024-01-23
feature_type,G,area average
creator,G,WMO
source,G,Produced by climind version 1.0
observation_station,G,derived data
location,G,90.,-180.,-90.,180.
activity,G,WMO
history,G,""Gridded dataset created from file ['era5_2m_tas_2024.nc'] downloaded from ['']""
history,G,""Regridded to 1 degree latitude-longitude resolution""
history,G,""Rebaselined to 1991-2020""
history,G,""Calculated area-average""
history,G,""Calculated annual average from monthly averages using arithmetic mean""
history,G,""Selected years within the range 1900 to 2023.""
history,G,""Wrote to file wmo_ra_4_ERA5.csv""
history,G,"Data set created from file ['wmo_ra_4_ERA5.csv'] downloaded from [''] at ['2024-01-17 11:06:31']"
reference,G,"Hersbach H, Bell B, Berrisford P et al. 2020. The ERA5 global reanalysis. Q. J. R. Meteorol. Soc. 146: 1999-2049. https://doi.org/10.1002/qj.3803"
rights,G,TBD
comments,G,Data produced by climind version 1.0
comments,G,Format description https://help.ceda.ac.uk/article/105-badc-csv
comments,G,"Original data acknowledgement: Contains using Copernicus Climate Change Service information [2024]. Neither the European Commission nor ECMWF is responsible for any use that may be made of the Copernicus information or data it contains."
long_name,time,time,days since 1800-01-01 00:00:00.0
type,time,int
long_name,year,year,1
type,year,int
long_name,data,wmo_ra_4,degC
type,data,float
coordinate_variable,time,t
data
time,year,data
65378,1979,-1.0949
65743,1980,-0.5800
66109,1981,0.3392
66474,1982,-1.4623
66839,1983,-0.8172
67204,1984,-0.8523
67570,1985,-1.0625
67935,1986,-0.6727
68300,1987,0.0634
68665,1988,-0.4055
69031,1989,-0.9603
69396,1990,-0.6785
69761,1991,-0.4271
70126,1992,-0.9125
70492,1993,-0.6937
70857,1994,-0.4068
71222,1995,-0.3468
71587,1996,-0.9597
71953,1997,-0.5577
72318,1998,0.6713
72683,1999,0.0760
73048,2000,-0.2508
73414,2001,0.2435
73779,2002,-0.2498
74144,2003,-0.0271
74509,2004,-0.5515
74875,2005,0.3587
75240,2006,0.8138
75605,2007,-0.0112
75970,2008,-0.4682
76336,2009,-0.2938
76701,2010,0.8423
77066,2011,0.1588
77431,2012,0.7190
77797,2013,-0.2881
78162,2014,-0.2244
78527,2015,0.4405
78892,2016,1.0398
79258,2017,0.6444
79623,2018,0.0027
79988,2019,0.2159
80353,2020,0.4424
80719,2021,0.7435
81084,2022,0.1919
81449,2023,1.2811
end data
