Conventions,G,BADC-CSV,1
title,G,Regional mean temperature for East African Arab Countries
last_revised_date,G,2023-10-31
date_valid,G,2023-10-31
feature_type,G,area average
creator,G,WMO
source,G,Produced by climind version 1.0
observation_station,G,derived data
location,G,90.,-180.,-90.,180.
rights,G,TBD
activity,G,WMO
comments,G,Format description https://help.ceda.ac.uk/article/105-badc-csv
history,arab_subregion_3_Berkeley_Earth,""Data set created from file ['Land_and_Ocean_LatLong1.nc'] downloaded from ['https://berkeley-earth-temperature.s3.us-west-1.amazonaws.com/Global/Gridded/Land_and_Ocean_LatLong1.nc'] at ['2023-10-13 17:18:41']""
history,arab_subregion_3_Berkeley_Earth,""Rebaselined to 1991-2020""
history,arab_subregion_3_Berkeley_Earth,""Calculated area-average""
history,arab_subregion_3_Berkeley_Earth,""Calculated annual average from monthly averages using arithmetic mean""
history,arab_subregion_3_Berkeley_Earth,""Selected years within the range 1900 to 2023.""
history,arab_subregion_3_Berkeley_Earth,""Wrote to file arab_subregion_3_Berkeley Earth.csv""
history,arab_subregion_3_Berkeley_Earth,"Data set created from file ['arab_subregion_3_Berkeley Earth.csv'] downloaded from [''] at ['2023-10-27 10:54:27']"
reference,arab_subregion_3_Berkeley_Earth,"Rohde, R. A. and Hausfather, Z.: The Berkeley Earth Land/Ocean Temperature Record, Earth Syst. Sci. Data, 12, 3469-3479, https://doi.org/10.5194/essd-12-3469-2020, 2020"
comments,arab_subregion_3_Berkeley_Earth,"Original data acknowledgement: "
history,arab_subregion_3_ERA5,""Gridded dataset created from file ['era5_2m_tas_2023.nc'] downloaded from ['']""
history,arab_subregion_3_ERA5,""Regridded to 1 degree latitude-longitude resolution""
history,arab_subregion_3_ERA5,""Rebaselined to 1991-2020""
history,arab_subregion_3_ERA5,""Calculated area-average""
history,arab_subregion_3_ERA5,""Calculated annual average from monthly averages using arithmetic mean""
history,arab_subregion_3_ERA5,""Selected years within the range 1900 to 2023.""
history,arab_subregion_3_ERA5,""Wrote to file arab_subregion_3_ERA5.csv""
history,arab_subregion_3_ERA5,"Data set created from file ['arab_subregion_3_ERA5.csv'] downloaded from [''] at ['2023-10-27 10:54:48']"
reference,arab_subregion_3_ERA5,"Hersbach H, Bell B, Berrisford P et al. 2020. The ERA5 global reanalysis. Q. J. R. Meteorol. Soc. 146: 1999-2049. https://doi.org/10.1002/qj.3803"
comments,arab_subregion_3_ERA5,"Original data acknowledgement: Contains using Copernicus Climate Change Service information [2023]. Neither the European Commission nor ECMWF is responsible for any use that may be made of the Copernicus information or data it contains."
history,arab_subregion_3_GISTEMP,""Data set created from file ['gistemp1200_GHCNv4_ERSSTv5.nc.gz'] downloaded from ['https://data.giss.nasa.gov/pub/gistemp/gistemp1200_GHCNv4_ERSSTv5.nc.gz'] at ['2023-10-13 17:19:30']""
history,arab_subregion_3_GISTEMP,""Regridded to 1 degree latitude-longitude resolution""
history,arab_subregion_3_GISTEMP,""Rebaselined to 1991-2020""
history,arab_subregion_3_GISTEMP,""Calculated area-average""
history,arab_subregion_3_GISTEMP,""Calculated annual average from monthly averages using arithmetic mean""
history,arab_subregion_3_GISTEMP,""Selected years within the range 1900 to 2023.""
history,arab_subregion_3_GISTEMP,""Wrote to file arab_subregion_3_GISTEMP.csv""
history,arab_subregion_3_GISTEMP,"Data set created from file ['arab_subregion_3_GISTEMP.csv'] downloaded from [''] at ['2023-10-27 10:55:26']"
reference,arab_subregion_3_GISTEMP,"Lenssen, N., G. Schmidt, J. Hansen, M. Menne, A. Persin, R. Ruedy, and D. Zyss, 2019: Improvements in the GISTEMP uncertainty model. J. Geophys. Res. Atmos., 124, no. 12, 6307-6326, doi:10.1029/2018JD029522"
comments,arab_subregion_3_GISTEMP,"Original data acknowledgement: "
history,arab_subregion_3_HadCRUT5,""Data set created from file ['HadCRUT.5.0.1.0.analysis.anomalies.ensemble_mean.nc'] downloaded from ['https://www.metoffice.gov.uk/hadobs/hadcrut5/data/current/analysis/HadCRUT.5.0.1.0.analysis.anomalies.ensemble_mean.nc'] at ['2023-10-13 17:19:31']""
history,arab_subregion_3_HadCRUT5,""Regridded to 1 degree latitude-longitude resolution""
history,arab_subregion_3_HadCRUT5,""Rebaselined to 1991-2020""
history,arab_subregion_3_HadCRUT5,""Calculated area-average""
history,arab_subregion_3_HadCRUT5,""Calculated annual average from monthly averages using arithmetic mean""
history,arab_subregion_3_HadCRUT5,""Selected years within the range 1900 to 2023.""
history,arab_subregion_3_HadCRUT5,""Wrote to file arab_subregion_3_HadCRUT5.csv""
history,arab_subregion_3_HadCRUT5,"Data set created from file ['arab_subregion_3_HadCRUT5.csv'] downloaded from [''] at ['2023-10-27 10:56:30']"
reference,arab_subregion_3_HadCRUT5,"Morice, C. P., Kennedy, J. J., Rayner, N. A., Winn, J. P., Hogan, E., Killick, R. E., et al. (2021). An updated assessment of near-surface temperature change from 1850: the HadCRUT5 data set. Journal of Geophysical Research: Atmospheres, 126, e2019JD032361. https://doi.org/10.1029/2019JD032361"
comments,arab_subregion_3_HadCRUT5,"Original data acknowledgement: HadCRUT.5.0.1.0 data were obtained from http://www.metoffice.gov.uk/hadobs/hadcrut5 on 2023-10-13 17:19:31 and are © British Crown Copyright, Met Office 2023, provided under an Open Government License, http://www.nationalarchives.gov.uk/doc/open-government-licence/version/3/"
history,arab_subregion_3_JRA-55,""Data set created from file ['anl_surf125.011_tmp.202301_202312', 'anl_surf125.2023MMMM'] downloaded from ['', ''] at ['2023-10-06 11:01:38']""
history,arab_subregion_3_JRA-55,""Regridded to 1 degree latitude-longitude resolution""
history,arab_subregion_3_JRA-55,""Rebaselined to 1991-2020""
history,arab_subregion_3_JRA-55,""Calculated area-average""
history,arab_subregion_3_JRA-55,""Calculated annual average from monthly averages using arithmetic mean""
history,arab_subregion_3_JRA-55,""Selected years within the range 1900 to 2023.""
history,arab_subregion_3_JRA-55,""Wrote to file arab_subregion_3_JRA-55.csv""
history,arab_subregion_3_JRA-55,"Data set created from file ['arab_subregion_3_JRA-55.csv'] downloaded from [''] at ['2023-10-27 10:56:57']"
reference,arab_subregion_3_JRA-55,"Kobayashi, S., Ota, Y., Harada, Y., Ebita, A., Moriya, M., Onoda, H., Onogi, K., Kamahori, H., Kobayashi, C., Endo, H. and Miyaoka, K., (2015). The JRA-55 reanalysis: General specifications and basic characteristics. Journal of the Meteorological Society of Japan. Ser. II, 93(1), pp.5-48."
comments,arab_subregion_3_JRA-55,"Original data acknowledgement: "
history,arab_subregion_3_Kadow,""Data set created from file ['HadCRUT.5.0.1.0.anomalies.Kadow_et_al_2020_20crAI-infilled.ensemble_mean_185001-*.nc'] downloaded from [''] at ['2023-10-23 09:13:55']""
history,arab_subregion_3_Kadow,""Regridded to 1 degree latitude-longitude resolution""
history,arab_subregion_3_Kadow,""Rebaselined to 1991-2020""
history,arab_subregion_3_Kadow,""Calculated area-average""
history,arab_subregion_3_Kadow,""Calculated annual average from monthly averages using arithmetic mean""
history,arab_subregion_3_Kadow,""Selected years within the range 1900 to 2023.""
history,arab_subregion_3_Kadow,""Wrote to file arab_subregion_3_Kadow.csv""
history,arab_subregion_3_Kadow,"Data set created from file ['arab_subregion_3_Kadow.csv'] downloaded from [''] at ['2023-10-27 10:57:42']"
reference,arab_subregion_3_Kadow,"Kadow, C., Hall, D.M. & Ulbrich, U. Artificial intelligence reconstructs missing climate information. Nat. Geosci. (2020). https://doi.org/10.1038/s41561-020-0582-5"
comments,arab_subregion_3_Kadow,"Original data acknowledgement: "
history,arab_subregion_3_NOAA_Interim,""Data set created from file ['NOAAGlobalTemp_v*.nc'] downloaded from ['https://www.ncei.noaa.gov/data/noaa-global-surface-temperature/v5.1/access/gridded/NOAAGlobalTemp_v.*.nc'] at ['2023-10-14 08:45:48']""
history,arab_subregion_3_NOAA_Interim,""Data set created from file ['NOAAGlobalTemp_v*.nc'] downloaded from ['https://www.ncei.noaa.gov/data/noaa-global-surface-temperature/v5.1/access/gridded/NOAAGlobalTemp_v.*.nc'] at ['2023-10-14 08:45:48']""
history,arab_subregion_3_NOAA_Interim,""Regridded to 1 degree latitude-longitude resolution""
history,arab_subregion_3_NOAA_Interim,""Rebaselined to 1991-2020""
history,arab_subregion_3_NOAA_Interim,""Calculated area-average""
history,arab_subregion_3_NOAA_Interim,""Calculated annual average from monthly averages using arithmetic mean""
history,arab_subregion_3_NOAA_Interim,""Selected years within the range 1900 to 2023.""
history,arab_subregion_3_NOAA_Interim,""Wrote to file arab_subregion_3_NOAA Interim.csv""
history,arab_subregion_3_NOAA_Interim,"Data set created from file ['arab_subregion_3_NOAA Interim.csv'] downloaded from [''] at ['2023-10-27 10:58:45']"
reference,arab_subregion_3_NOAA_Interim,"Vose, R.S., B. Huang, X. Yin., D. Arndt, D.R. Easterling, J.H. Lawrimore, M.J. Menne, A. Sanchez-Lugo, H.-M. Zhang, 2021: Implementing full spatial coverage in NOAA’s global temperature analysis. Geophysical Research Letters, 48, e2020GL090873. https://doi.org/10.1029/2020GL090873"
comments,arab_subregion_3_NOAA_Interim,"Original data acknowledgement: "
long_name,time,time,days since 1800-01-01 00:00:00.0
type,time,int
long_name,year,year,1
type,year,int
long_name,arab_subregion_3_Berkeley_Earth,arab_subregion_3,degC
type,arab_subregion_3_Berkeley_Earth,float
long_name,arab_subregion_3_ERA5,arab_subregion_3,degC
type,arab_subregion_3_ERA5,float
long_name,arab_subregion_3_GISTEMP,arab_subregion_3,degC
type,arab_subregion_3_GISTEMP,float
long_name,arab_subregion_3_HadCRUT5,arab_subregion_3,degC
type,arab_subregion_3_HadCRUT5,float
long_name,arab_subregion_3_JRA-55,arab_subregion_3,degC
type,arab_subregion_3_JRA-55,float
long_name,arab_subregion_3_Kadow,arab_subregion_3,degC
type,arab_subregion_3_Kadow,float
long_name,arab_subregion_3_NOAA_Interim,arab_subregion_3,degC
type,arab_subregion_3_NOAA_Interim,float
coordinate_variable,time,t
data
time,year,arab_subregion_3_Berkeley_Earth,arab_subregion_3_ERA5,arab_subregion_3_GISTEMP,arab_subregion_3_HadCRUT5,arab_subregion_3_JRA-55,arab_subregion_3_Kadow,arab_subregion_3_NOAA_Interim
36524,1900,-0.9091,,-0.8288,-1.0600,,-0.9024,-0.8498
36889,1901,-0.5102,,-1.0021,-0.5535,,-0.4569,-0.5247
37254,1902,-1.0130,,-0.7011,-0.9883,,-1.0039,-1.1872
37619,1903,-1.5075,,-1.2024,-1.4715,,-1.5527,-1.2646
37984,1904,-1.5191,,-1.3380,-1.6053,,-1.4403,-1.4539
38350,1905,-1.1838,,-0.8655,-1.2620,,-1.1087,-1.0803
38715,1906,-1.2968,,-0.9226,-0.8701,,-0.7887,-0.9307
39080,1907,-1.2794,,-1.0598,-1.1581,,-1.0900,-1.1838
39445,1908,-1.1719,,-1.2282,-1.1545,,-1.2053,-1.1053
39811,1909,-1.0121,,-0.8837,-0.9212,,-0.8037,-0.8847
40176,1910,-1.2587,,-1.2043,-1.3880,,-1.5791,-1.3582
40541,1911,-1.3174,,-1.2809,-1.3177,,-1.3268,-1.3326
40906,1912,-1.4431,,-1.4993,-1.4257,,-1.5477,-1.4420
41272,1913,-1.4762,,-1.4310,-1.5249,,-1.7190,-1.4860
41637,1914,-0.6159,,-0.4690,-0.8101,,-0.8494,-0.6832
42002,1915,-0.5481,,-0.4548,-0.6889,,-0.5507,-0.6530
42367,1916,-1.2743,,-1.1578,-1.3747,,-1.3538,-1.2877
42733,1917,-1.5413,,-1.5142,-1.4581,,-1.6694,-1.3786
43098,1918,-1.1951,,-1.2141,-1.2638,,-1.3311,-1.3430
43463,1919,-0.5390,,-0.5259,-0.5913,,-0.4796,-0.6908
43828,1920,-1.5358,,-1.2977,-1.6073,,-1.7686,-1.4532
44194,1921,-1.1332,,-0.9857,-1.2595,,-1.4563,-1.1389
44559,1922,-1.2354,,-1.1638,-1.0569,,-1.2485,-1.1511
44924,1923,-1.2400,,-1.0680,-1.2304,,-1.2809,-1.0958
45289,1924,-0.7517,,-0.5801,-0.6405,,-0.7520,-0.6412
45655,1925,-0.9346,,-0.8113,-1.0485,,-1.0746,-0.9306
46020,1926,-0.8667,,-0.7035,-0.9795,,-1.0442,-0.7644
46385,1927,-0.8596,,-0.5988,-0.7052,,-0.7875,-0.7324
46750,1928,-0.5643,,-0.3105,-0.2292,,-0.3787,-0.4256
47116,1929,-1.0493,,-0.8277,-0.9743,,-1.0034,-0.8456
47481,1930,-1.1154,,-0.8693,-1.1249,,-1.1197,-0.8542
47846,1931,-0.5757,,-0.3425,-0.6602,,-0.5445,-0.3132
48211,1932,-0.9794,,-0.8565,-0.9245,,-0.9505,-0.7301
48577,1933,-0.6658,,-0.5373,-0.4729,,-0.6025,-0.5106
48942,1934,-1.0204,,-0.8504,-0.9962,,-1.0723,-0.8116
49307,1935,-1.0082,,-0.7657,-0.9002,,-0.8241,-0.6528
49672,1936,-0.7367,,-0.5669,-0.5732,,-0.3689,-0.6410
50038,1937,-0.9487,,-0.7291,-0.8541,,-0.6998,-0.8375
50403,1938,-0.9338,,-0.7798,-0.9498,,-0.8542,-0.7560
50768,1939,-0.5780,,-0.5234,-0.5810,,-0.2240,-0.3782
51133,1940,-0.4871,,-0.3812,-0.4741,,-0.2815,-0.3620
51499,1941,-0.5059,,-0.2090,-0.6577,,-0.6425,-0.0772
51864,1942,-0.7340,,-0.3829,-0.8736,,-0.9450,-0.4238
52229,1943,-1.2339,,-0.8960,-1.5356,,-1.5961,-0.8692
52594,1944,-0.8341,,-0.6532,-1.2251,,-1.3199,-0.6356
52960,1945,-1.1008,,-0.8737,-1.5121,,-1.5689,-0.8864
53325,1946,-1.0128,,-0.7858,-1.3075,,-1.4330,-0.7840
53690,1947,-0.7201,,-0.6076,-1.0950,,-1.2020,-0.5599
54055,1948,-1.4037,,-1.2222,-1.4970,,-1.6501,-1.1463
54421,1949,-1.3947,,-1.1501,-1.5285,,-1.6254,-1.0554
54786,1950,-1.2419,,-1.0328,-1.4743,,-1.5387,-1.1028
55151,1951,-1.1248,,-1.0044,-1.4387,,-1.4549,-0.9686
55516,1952,-0.6231,,-0.5413,-0.9387,,-0.9361,-0.6627
55882,1953,-1.0223,,-0.8983,-1.3567,,-1.3452,-0.8850
56247,1954,-0.9564,,-0.8259,-1.3188,,-1.3339,-0.8528
56612,1955,-0.9073,,-0.8282,-1.2163,,-1.3024,-0.9271
56977,1956,-1.1143,,-1.0176,-1.3778,,-1.4617,-1.0214
57343,1957,-0.9247,,-0.8914,-1.2685,,-1.3471,-0.9230
57708,1958,-0.4859,,-0.3798,-0.8765,-0.5629,-0.9416,-0.4934
58073,1959,-1.0241,,-0.8356,-1.4925,-1.0946,-1.5834,-0.9416
58438,1960,-0.4729,,-0.3602,-0.8888,-0.4646,-0.9096,-0.4020
58804,1961,-1.4058,,-1.1417,-1.6710,-1.4562,-1.7450,-1.1715
59169,1962,-0.6716,,-0.6605,-1.0500,-0.5590,-1.1152,-0.6126
59534,1963,-0.5692,,-0.5142,-0.8706,-0.3259,-0.8537,-0.4800
59899,1964,-1.3568,,-1.2207,-1.6727,-1.3530,-1.6867,-1.1987
60265,1965,-1.1025,,-0.9235,-1.3426,-1.0109,-1.4024,-0.9105
60630,1966,-0.6869,,-0.5730,-0.9184,-0.8202,-0.9116,-0.5617
60995,1967,-1.3257,,-1.2588,-1.7043,-1.3125,-1.6924,-1.2777
61360,1968,-1.1564,,-1.0990,-1.4613,-1.0656,-1.4649,-1.0599
61726,1969,-0.2834,,-0.2594,-0.6338,-0.1192,-0.6580,-0.2545
62091,1970,-0.8704,,-0.7283,-1.1206,-0.8421,-1.1598,-0.8196
62456,1971,-1.1888,,-1.0800,-1.5028,-1.3606,-1.4727,-1.0948
62821,1972,-0.6538,,-0.5882,-1.0124,-0.8012,-0.9569,-0.6131
63187,1973,-0.3700,,-0.2829,-0.6905,-0.4723,-0.6594,-0.3221
63552,1974,-1.0332,,-1.0030,-1.1290,-1.2050,-1.1830,-0.9598
63917,1975,-1.0016,,-0.8807,-1.1434,-1.2272,-1.3120,-0.9176
64282,1976,-0.5213,,-0.5595,-0.6075,-0.7935,-0.6634,-0.5385
64648,1977,-1.0405,,-0.9590,-1.1305,-1.3320,-1.1479,-1.0644
65013,1978,-0.6773,,-0.7278,-0.7621,-0.9032,-0.7810,-0.7545
65378,1979,-0.2559,-0.2603,-0.3243,-0.3272,-0.0904,-0.3604,-0.3526
65743,1980,-0.2538,-0.3660,-0.2498,-0.3499,-0.3317,-0.3592,-0.3205
66109,1981,-0.6514,-0.6690,-0.6174,-0.7117,-0.5194,-0.7431,-0.6754
66474,1982,-0.7886,-1.0425,-0.7524,-0.8505,-0.9966,-0.8921,-0.7423
66839,1983,-0.8515,-0.9908,-0.7817,-0.8961,-0.8452,-0.9830,-0.8968
67204,1984,-0.4271,-0.7412,-0.3644,-0.4978,-0.3818,-0.5473,-0.4417
67570,1985,-0.4954,-0.9200,-0.4824,-0.5445,-0.7557,-0.5842,-0.4971
67935,1986,-0.6888,-0.7354,-0.6093,-0.7261,-0.6068,-0.8180,-0.5712
68300,1987,-0.2436,-0.3110,-0.1634,-0.3215,-0.1882,-0.4530,-0.1753
68665,1988,-0.4957,-0.3579,-0.3629,-0.4819,-0.1623,-0.5542,-0.3924
69031,1989,-1.1007,-0.9913,-1.0517,-1.0403,-0.7928,-1.0868,-1.0094
69396,1990,-0.2775,0.0339,-0.3204,-0.4082,0.2454,-0.4430,-0.2653
69761,1991,-0.4243,-0.2103,-0.4440,-0.5567,-0.0257,-0.6049,-0.3385
70126,1992,-0.9995,-0.9688,-0.9731,-1.2357,-0.8274,-1.3260,-1.0964
70492,1993,-0.3729,-0.3294,-0.4669,-0.5892,-0.1778,-0.5772,-0.5136
70857,1994,-0.5663,-0.7815,-0.5828,-0.7839,-0.5100,-0.7806,-0.5441
71222,1995,-0.3911,-0.4845,-0.2877,-0.5790,0.0360,-0.6005,-0.3051
71587,1996,-0.1789,-0.5565,-0.2747,-0.2081,-0.2424,-0.1551,-0.2538
71953,1997,-0.4051,-0.6738,-0.4267,-0.1209,-0.3786,-0.0728,-0.3394
72318,1998,-0.0827,-0.0487,-0.1118,-0.1032,0.0452,-0.1279,0.0201
72683,1999,-0.0627,-0.0101,-0.1315,-0.1504,0.0531,-0.0612,-0.0441
73048,2000,-0.4646,-0.4659,-0.3955,-0.3678,-0.4797,-0.3091,-0.4333
73414,2001,-0.2154,-0.1323,-0.2356,-0.3111,0.0030,-0.2781,-0.2870
73779,2002,0.0575,0.0387,0.0883,-0.0423,0.1907,-0.0790,0.0511
74144,2003,0.1024,0.1034,0.1064,-0.0040,0.1877,-0.0535,0.0620
74509,2004,0.0461,0.0264,0.0579,0.0030,0.0533,-0.0499,-0.0119
74875,2005,0.2847,0.1932,0.2731,0.2468,0.1856,0.1122,0.2645
75240,2006,-0.0428,0.0052,-0.0381,-0.0330,-0.0739,-0.0953,0.0203
75605,2007,-0.1413,-0.0582,-0.1857,-0.0444,-0.1828,-0.1365,-0.0991
75970,2008,0.0196,0.0736,-0.0149,0.0628,-0.0594,-0.0273,-0.0260
76336,2009,0.4891,0.5195,0.5144,0.5368,0.5128,0.4856,0.4823
76701,2010,0.8175,0.9235,0.7456,0.9960,0.8728,0.9851,0.7543
77066,2011,0.0459,-0.1659,0.0316,0.0583,-0.0494,0.1598,0.0492
77431,2012,0.1256,0.0830,0.1072,0.2689,0.1152,0.3781,0.1279
77797,2013,0.2598,0.3320,0.3029,0.3351,0.3845,0.4919,0.2453
78162,2014,0.2910,0.2954,0.2129,0.2331,0.2636,0.3147,0.1487
78527,2015,0.3905,0.4026,0.4519,0.5119,0.1299,0.5843,0.3498
78892,2016,0.5987,0.5411,0.6209,0.7085,0.3801,0.7204,0.5599
79258,2017,0.4008,0.4977,0.4759,0.3950,0.0893,0.4675,0.4219
79623,2018,0.2346,0.3494,0.2513,0.3851,0.0543,0.3468,0.2662
79988,2019,0.2300,0.3521,0.2644,0.3461,-0.0869,0.2900,0.3053
80353,2020,-0.0462,0.1493,0.0642,0.0423,-0.4631,-0.0014,0.1635
80719,2021,0.3532,0.5358,0.4717,0.3146,-0.0014,0.3317,0.4666
81084,2022,-0.0883,0.0481,0.0567,0.0856,-0.3428,0.0672,0.1154
81449,2023,0.3378,0.7968,0.4858,0.2935,0.0752,-0.0089,0.6650
end data
