Conventions,G,BADC-CSV,1
title,G,Regional mean temperature for East African Arab Countries
last_revised_date,G,2023-11-01
date_valid,G,2023-11-01
feature_type,G,area average
creator,G,WMO
source,G,Produced by climind version 1.0
observation_station,G,derived data
location,G,90.,-180.,-90.,180.
activity,G,WMO
history,G,""Data set created from file ['HadCRUT.5.0.1.0.analysis.anomalies.ensemble_mean.nc'] downloaded from ['https://www.metoffice.gov.uk/hadobs/hadcrut5/data/current/analysis/HadCRUT.5.0.1.0.analysis.anomalies.ensemble_mean.nc'] at ['2023-10-31 16:06:13']""
history,G,""Regridded to 1 degree latitude-longitude resolution""
history,G,""Rebaselined to 1991-2020""
history,G,""Calculated area-average""
history,G,""Calculated annual average from monthly averages using arithmetic mean""
history,G,""Selected years within the range 1900 to 2023.""
history,G,""Wrote to file arab_subregion_3_HadCRUT5.csv""
history,G,"Data set created from file ['arab_subregion_3_HadCRUT5.csv'] downloaded from [''] at ['2023-11-01 16:38:31']"
reference,G,"Morice, C. P., Kennedy, J. J., Rayner, N. A., Winn, J. P., Hogan, E., Killick, R. E., et al. (2021). An updated assessment of near-surface temperature change from 1850: the HadCRUT5 data set. Journal of Geophysical Research: Atmospheres, 126, e2019JD032361. https://doi.org/10.1029/2019JD032361"
rights,G,TBD
comments,G,Data produced by climind version 1.0
comments,G,Format description https://help.ceda.ac.uk/article/105-badc-csv
comments,G,"Original data acknowledgement: HadCRUT.5.0.1.0 data were obtained from http://www.metoffice.gov.uk/hadobs/hadcrut5 on 2023-10-31 16:06:13 and are © British Crown Copyright, Met Office 2023, provided under an Open Government License, http://www.nationalarchives.gov.uk/doc/open-government-licence/version/3/"
long_name,time,time,days since 1800-01-01 00:00:00.0
type,time,int
long_name,year,year,1
type,year,int
long_name,data,arab_subregion_3,degC
type,data,float
coordinate_variable,time,t
data
time,year,data
36524,1900,-1.0581
36889,1901,-0.5922
37254,1902,-0.9823
37619,1903,-1.4460
37984,1904,-1.5832
38350,1905,-1.2404
38715,1906,-0.8742
39080,1907,-1.1557
39445,1908,-1.1450
39811,1909,-0.9252
40176,1910,-1.3551
40541,1911,-1.3030
40906,1912,-1.4314
41272,1913,-1.5168
41637,1914,-0.8188
42002,1915,-0.6978
42367,1916,-1.3748
42733,1917,-1.4421
43098,1918,-1.2632
43463,1919,-0.6206
43828,1920,-1.5794
44194,1921,-1.2547
44559,1922,-1.0568
44924,1923,-1.2233
45289,1924,-0.6301
45655,1925,-1.0289
46020,1926,-0.9470
46385,1927,-0.7005
46750,1928,-0.2328
47116,1929,-0.9486
47481,1930,-1.1074
47846,1931,-0.6357
48211,1932,-0.8961
48577,1933,-0.4586
48942,1934,-0.9762
49307,1935,-0.8816
49672,1936,-0.5680
50038,1937,-0.8400
50403,1938,-0.9540
50768,1939,-0.5726
51133,1940,-0.4563
51499,1941,-0.6124
51864,1942,-0.8280
52229,1943,-1.4592
52594,1944,-1.1588
52960,1945,-1.4324
53325,1946,-1.2637
53690,1947,-1.0620
54055,1948,-1.4400
54421,1949,-1.4855
54786,1950,-1.4476
55151,1951,-1.3789
55516,1952,-0.9182
55882,1953,-1.3079
56247,1954,-1.2833
56612,1955,-1.1876
56977,1956,-1.3410
57343,1957,-1.2393
57708,1958,-0.8481
58073,1959,-1.4309
58438,1960,-0.8801
58804,1961,-1.6028
59169,1962,-1.0338
59534,1963,-0.8561
59899,1964,-1.6260
60265,1965,-1.3275
60630,1966,-0.9062
60995,1967,-1.6519
61360,1968,-1.4332
61726,1969,-0.6297
62091,1970,-1.0873
62456,1971,-1.4547
62821,1972,-0.9786
63187,1973,-0.6831
63552,1974,-1.1146
63917,1975,-1.1585
64282,1976,-0.6287
64648,1977,-1.0922
65013,1978,-0.7341
65378,1979,-0.3373
65743,1980,-0.3479
66109,1981,-0.7026
66474,1982,-0.8184
66839,1983,-0.8587
67204,1984,-0.5181
67570,1985,-0.5468
67935,1986,-0.7097
68300,1987,-0.3156
68665,1988,-0.4521
69031,1989,-1.0008
69396,1990,-0.3876
69761,1991,-0.5362
70126,1992,-1.1817
70492,1993,-0.5817
70857,1994,-0.7685
71222,1995,-0.5627
71587,1996,-0.2248
71953,1997,-0.1350
72318,1998,-0.0892
72683,1999,-0.1724
73048,2000,-0.3632
73414,2001,-0.3039
73779,2002,-0.0321
74144,2003,0.0073
74509,2004,-0.0125
74875,2005,0.2328
75240,2006,-0.0387
75605,2007,-0.0415
75970,2008,0.0337
76336,2009,0.5156
76701,2010,0.9504
77066,2011,0.0655
77431,2012,0.2545
77797,2013,0.3098
78162,2014,0.2299
78527,2015,0.5262
78892,2016,0.6913
79258,2017,0.4053
79623,2018,0.3803
79988,2019,0.3650
80353,2020,0.0764
80719,2021,0.3182
81084,2022,0.1075
81449,2023,0.3962
end data
