Conventions,G,BADC-CSV,1
title,G,Regional mean temperature for East African Arab Countries
last_revised_date,G,2023-11-02
date_valid,G,2023-11-02
feature_type,G,area average
creator,G,WMO
source,G,Produced by climind version 1.0
observation_station,G,derived data
location,G,90.,-180.,-90.,180.
rights,G,TBD
activity,G,WMO
comments,G,Format description https://help.ceda.ac.uk/article/105-badc-csv
history,arab_subregion_3_Berkeley_Earth,""Data set created from file ['Land_and_Ocean_LatLong1.nc'] downloaded from ['https://berkeley-earth-temperature.s3.us-west-1.amazonaws.com/Global/Gridded/Land_and_Ocean_LatLong1.nc'] at ['2023-10-31 16:14:45']""
history,arab_subregion_3_Berkeley_Earth,""Rebaselined to 1991-2020""
history,arab_subregion_3_Berkeley_Earth,""Calculated area-average""
history,arab_subregion_3_Berkeley_Earth,""Calculated annual average from monthly averages using arithmetic mean""
history,arab_subregion_3_Berkeley_Earth,""Selected years within the range 1900 to 2023.""
history,arab_subregion_3_Berkeley_Earth,""Wrote to file arab_subregion_3_Berkeley Earth.csv""
history,arab_subregion_3_Berkeley_Earth,"Data set created from file ['arab_subregion_3_Berkeley Earth.csv'] downloaded from [''] at ['2023-11-01 16:36:25']"
reference,arab_subregion_3_Berkeley_Earth,"Rohde, R. A. and Hausfather, Z.: The Berkeley Earth Land/Ocean Temperature Record, Earth Syst. Sci. Data, 12, 3469-3479, https://doi.org/10.5194/essd-12-3469-2020, 2020"
comments,arab_subregion_3_Berkeley_Earth,"Original data acknowledgement: "
history,arab_subregion_3_ERA5,""Gridded dataset created from file ['era5_2m_tas_2023.nc'] downloaded from ['']""
history,arab_subregion_3_ERA5,""Regridded to 1 degree latitude-longitude resolution""
history,arab_subregion_3_ERA5,""Rebaselined to 1991-2020""
history,arab_subregion_3_ERA5,""Calculated area-average""
history,arab_subregion_3_ERA5,""Calculated annual average from monthly averages using arithmetic mean""
history,arab_subregion_3_ERA5,""Selected years within the range 1900 to 2023.""
history,arab_subregion_3_ERA5,""Wrote to file arab_subregion_3_ERA5.csv""
history,arab_subregion_3_ERA5,"Data set created from file ['arab_subregion_3_ERA5.csv'] downloaded from [''] at ['2023-11-01 16:36:46']"
reference,arab_subregion_3_ERA5,"Hersbach H, Bell B, Berrisford P et al. 2020. The ERA5 global reanalysis. Q. J. R. Meteorol. Soc. 146: 1999-2049. https://doi.org/10.1002/qj.3803"
comments,arab_subregion_3_ERA5,"Original data acknowledgement: Contains using Copernicus Climate Change Service information [2023]. Neither the European Commission nor ECMWF is responsible for any use that may be made of the Copernicus information or data it contains."
history,arab_subregion_3_GISTEMP,""Data set created from file ['gistemp1200_GHCNv4_ERSSTv5.nc.gz'] downloaded from ['https://data.giss.nasa.gov/pub/gistemp/gistemp1200_GHCNv4_ERSSTv5.nc.gz'] at ['2023-10-13 17:19:30']""
history,arab_subregion_3_GISTEMP,""Regridded to 1 degree latitude-longitude resolution""
history,arab_subregion_3_GISTEMP,""Rebaselined to 1991-2020""
history,arab_subregion_3_GISTEMP,""Calculated area-average""
history,arab_subregion_3_GISTEMP,""Calculated annual average from monthly averages using arithmetic mean""
history,arab_subregion_3_GISTEMP,""Selected years within the range 1900 to 2023.""
history,arab_subregion_3_GISTEMP,""Wrote to file arab_subregion_3_GISTEMP.csv""
history,arab_subregion_3_GISTEMP,"Data set created from file ['arab_subregion_3_GISTEMP.csv'] downloaded from [''] at ['2023-11-01 16:37:24']"
reference,arab_subregion_3_GISTEMP,"Lenssen, N., G. Schmidt, J. Hansen, M. Menne, A. Persin, R. Ruedy, and D. Zyss, 2019: Improvements in the GISTEMP uncertainty model. J. Geophys. Res. Atmos., 124, no. 12, 6307-6326, doi:10.1029/2018JD029522"
comments,arab_subregion_3_GISTEMP,"Original data acknowledgement: "
history,arab_subregion_3_HadCRUT5,""Data set created from file ['HadCRUT.5.0.1.0.analysis.anomalies.ensemble_mean.nc'] downloaded from ['https://www.metoffice.gov.uk/hadobs/hadcrut5/data/current/analysis/HadCRUT.5.0.1.0.analysis.anomalies.ensemble_mean.nc'] at ['2023-10-31 16:06:13']""
history,arab_subregion_3_HadCRUT5,""Regridded to 1 degree latitude-longitude resolution""
history,arab_subregion_3_HadCRUT5,""Rebaselined to 1991-2020""
history,arab_subregion_3_HadCRUT5,""Calculated area-average""
history,arab_subregion_3_HadCRUT5,""Calculated annual average from monthly averages using arithmetic mean""
history,arab_subregion_3_HadCRUT5,""Selected years within the range 1900 to 2023.""
history,arab_subregion_3_HadCRUT5,""Wrote to file arab_subregion_3_HadCRUT5.csv""
history,arab_subregion_3_HadCRUT5,"Data set created from file ['arab_subregion_3_HadCRUT5.csv'] downloaded from [''] at ['2023-11-01 16:38:31']"
reference,arab_subregion_3_HadCRUT5,"Morice, C. P., Kennedy, J. J., Rayner, N. A., Winn, J. P., Hogan, E., Killick, R. E., et al. (2021). An updated assessment of near-surface temperature change from 1850: the HadCRUT5 data set. Journal of Geophysical Research: Atmospheres, 126, e2019JD032361. https://doi.org/10.1029/2019JD032361"
comments,arab_subregion_3_HadCRUT5,"Original data acknowledgement: HadCRUT.5.0.1.0 data were obtained from http://www.metoffice.gov.uk/hadobs/hadcrut5 on 2023-10-31 16:06:13 and are © British Crown Copyright, Met Office 2023, provided under an Open Government License, http://www.nationalarchives.gov.uk/doc/open-government-licence/version/3/"
history,arab_subregion_3_JRA-55,""Data set created from file ['anl_surf125.011_tmp.202301_202312', 'anl_surf125.2023MMMM'] downloaded from ['', ''] at ['2023-10-06 11:01:38']""
history,arab_subregion_3_JRA-55,""Regridded to 1 degree latitude-longitude resolution""
history,arab_subregion_3_JRA-55,""Rebaselined to 1991-2020""
history,arab_subregion_3_JRA-55,""Calculated area-average""
history,arab_subregion_3_JRA-55,""Calculated annual average from monthly averages using arithmetic mean""
history,arab_subregion_3_JRA-55,""Selected years within the range 1900 to 2023.""
history,arab_subregion_3_JRA-55,""Wrote to file arab_subregion_3_JRA-55.csv""
history,arab_subregion_3_JRA-55,"Data set created from file ['arab_subregion_3_JRA-55.csv'] downloaded from [''] at ['2023-11-01 16:39:00']"
reference,arab_subregion_3_JRA-55,"Kobayashi, S., Ota, Y., Harada, Y., Ebita, A., Moriya, M., Onoda, H., Onogi, K., Kamahori, H., Kobayashi, C., Endo, H. and Miyaoka, K., (2015). The JRA-55 reanalysis: General specifications and basic characteristics. Journal of the Meteorological Society of Japan. Ser. II, 93(1), pp.5-48."
comments,arab_subregion_3_JRA-55,"Original data acknowledgement: "
history,arab_subregion_3_Kadow,""Data set created from file ['HadCRUT.5.0.1.0.anomalies.Kadow_et_al_2020_20crAI-infilled.ensemble_mean_185001-*.nc'] downloaded from [''] at ['2023-11-02 09:03:42']""
history,arab_subregion_3_Kadow,""Regridded to 1 degree latitude-longitude resolution""
history,arab_subregion_3_Kadow,""Rebaselined to 1991-2020""
history,arab_subregion_3_Kadow,""Calculated area-average""
history,arab_subregion_3_Kadow,""Calculated annual average from monthly averages using arithmetic mean""
history,arab_subregion_3_Kadow,""Selected years within the range 1900 to 2023.""
history,arab_subregion_3_Kadow,""Wrote to file arab_subregion_3_Kadow.csv""
history,arab_subregion_3_Kadow,"Data set created from file ['arab_subregion_3_Kadow.csv'] downloaded from [''] at ['2023-11-02 09:21:35']"
reference,arab_subregion_3_Kadow,"Kadow, C., Hall, D.M. & Ulbrich, U. Artificial intelligence reconstructs missing climate information. Nat. Geosci. (2020). https://doi.org/10.1038/s41561-020-0582-5"
comments,arab_subregion_3_Kadow,"Original data acknowledgement: "
history,arab_subregion_3_NOAA_Interim,""Data set created from file ['NOAAGlobalTemp_v*.nc'] downloaded from ['https://www.ncei.noaa.gov/data/noaa-global-surface-temperature/v5.1/access/gridded/NOAAGlobalTemp_v.*.nc'] at ['2023-10-14 08:45:48']""
history,arab_subregion_3_NOAA_Interim,""Data set created from file ['NOAAGlobalTemp_v*.nc'] downloaded from ['https://www.ncei.noaa.gov/data/noaa-global-surface-temperature/v5.1/access/gridded/NOAAGlobalTemp_v.*.nc'] at ['2023-10-14 08:45:48']""
history,arab_subregion_3_NOAA_Interim,""Regridded to 1 degree latitude-longitude resolution""
history,arab_subregion_3_NOAA_Interim,""Rebaselined to 1991-2020""
history,arab_subregion_3_NOAA_Interim,""Calculated area-average""
history,arab_subregion_3_NOAA_Interim,""Calculated annual average from monthly averages using arithmetic mean""
history,arab_subregion_3_NOAA_Interim,""Selected years within the range 1900 to 2023.""
history,arab_subregion_3_NOAA_Interim,""Wrote to file arab_subregion_3_NOAA Interim.csv""
history,arab_subregion_3_NOAA_Interim,"Data set created from file ['arab_subregion_3_NOAA Interim.csv'] downloaded from [''] at ['2023-11-01 16:40:53']"
reference,arab_subregion_3_NOAA_Interim,"Vose, R.S., B. Huang, X. Yin., D. Arndt, D.R. Easterling, J.H. Lawrimore, M.J. Menne, A. Sanchez-Lugo, H.-M. Zhang, 2021: Implementing full spatial coverage in NOAA’s global temperature analysis. Geophysical Research Letters, 48, e2020GL090873. https://doi.org/10.1029/2020GL090873"
comments,arab_subregion_3_NOAA_Interim,"Original data acknowledgement: "
long_name,time,time,days since 1800-01-01 00:00:00.0
type,time,int
long_name,year,year,1
type,year,int
long_name,arab_subregion_3_Berkeley_Earth,arab_subregion_3,degC
type,arab_subregion_3_Berkeley_Earth,float
long_name,arab_subregion_3_ERA5,arab_subregion_3,degC
type,arab_subregion_3_ERA5,float
long_name,arab_subregion_3_GISTEMP,arab_subregion_3,degC
type,arab_subregion_3_GISTEMP,float
long_name,arab_subregion_3_HadCRUT5,arab_subregion_3,degC
type,arab_subregion_3_HadCRUT5,float
long_name,arab_subregion_3_JRA-55,arab_subregion_3,degC
type,arab_subregion_3_JRA-55,float
long_name,arab_subregion_3_Kadow,arab_subregion_3,degC
type,arab_subregion_3_Kadow,float
long_name,arab_subregion_3_NOAA_Interim,arab_subregion_3,degC
type,arab_subregion_3_NOAA_Interim,float
coordinate_variable,time,t
data
time,year,arab_subregion_3_Berkeley_Earth,arab_subregion_3_ERA5,arab_subregion_3_GISTEMP,arab_subregion_3_HadCRUT5,arab_subregion_3_JRA-55,arab_subregion_3_Kadow,arab_subregion_3_NOAA_Interim
36524,1900,-0.9168,,-0.8257,-1.0581,,-0.9044,-0.8586
36889,1901,-0.5487,,-0.9950,-0.5922,,-0.5004,-0.5636
37254,1902,-1.0081,,-0.7186,-0.9823,,-0.9989,-1.1789
37619,1903,-1.4913,,-1.2160,-1.4460,,-1.5371,-1.2670
37984,1904,-1.4923,,-1.3260,-1.5832,,-1.4282,-1.4513
38350,1905,-1.1728,,-0.8807,-1.2404,,-1.0997,-1.0868
38715,1906,-1.2798,,-0.9297,-0.8742,,-0.8048,-0.9463
39080,1907,-1.2892,,-1.0795,-1.1557,,-1.0878,-1.1878
39445,1908,-1.1934,,-1.2592,-1.1450,,-1.2123,-1.1231
39811,1909,-1.0254,,-0.8852,-0.9252,,-0.8083,-0.9112
40176,1910,-1.2221,,-1.2097,-1.3551,,-1.5526,-1.3594
40541,1911,-1.2911,,-1.2758,-1.3030,,-1.3091,-1.3272
40906,1912,-1.4367,,-1.4994,-1.4314,,-1.5270,-1.4372
41272,1913,-1.4681,,-1.4327,-1.5168,,-1.6898,-1.4770
41637,1914,-0.6490,,-0.4904,-0.8188,,-0.8518,-0.7117
42002,1915,-0.5479,,-0.4625,-0.6978,,-0.5548,-0.6809
42367,1916,-1.2752,,-1.1787,-1.3748,,-1.3466,-1.2942
42733,1917,-1.5199,,-1.5043,-1.4421,,-1.6489,-1.3858
43098,1918,-1.2064,,-1.2367,-1.2632,,-1.3390,-1.3470
43463,1919,-0.5594,,-0.5541,-0.6206,,-0.5160,-0.7238
43828,1920,-1.4936,,-1.2761,-1.5794,,-1.7217,-1.4296
44194,1921,-1.1322,,-1.0111,-1.2547,,-1.4488,-1.1502
44559,1922,-1.2376,,-1.1778,-1.0568,,-1.2601,-1.1587
44924,1923,-1.2472,,-1.0809,-1.2233,,-1.2617,-1.1051
45289,1924,-0.7632,,-0.5940,-0.6301,,-0.7663,-0.6669
45655,1925,-0.9496,,-0.8152,-1.0289,,-1.0628,-0.9418
46020,1926,-0.8518,,-0.6878,-0.9470,,-1.0117,-0.7616
46385,1927,-0.8786,,-0.6140,-0.7005,,-0.8005,-0.7515
46750,1928,-0.5966,,-0.3293,-0.2328,,-0.4216,-0.4514
47116,1929,-1.0404,,-0.8128,-0.9486,,-0.9974,-0.8499
47481,1930,-1.1061,,-0.8528,-1.1074,,-1.1083,-0.8542
47846,1931,-0.5930,,-0.3506,-0.6357,,-0.5560,-0.3381
48211,1932,-1.0010,,-0.8580,-0.8961,,-0.9482,-0.7456
48577,1933,-0.6838,,-0.5383,-0.4586,,-0.6254,-0.5325
48942,1934,-1.0418,,-0.8490,-0.9762,,-1.0730,-0.8201
49307,1935,-1.0169,,-0.7630,-0.8816,,-0.8306,-0.6697
49672,1936,-0.7503,,-0.5665,-0.5680,,-0.3773,-0.6448
50038,1937,-0.9826,,-0.7330,-0.8400,,-0.7048,-0.8425
50403,1938,-0.9583,,-0.7744,-0.9540,,-0.8725,-0.7651
50768,1939,-0.6108,,-0.5232,-0.5726,,-0.2590,-0.3987
51133,1940,-0.5045,,-0.3776,-0.4563,,-0.3027,-0.3847
51499,1941,-0.5061,,-0.1955,-0.6124,,-0.6048,-0.1025
51864,1942,-0.7280,,-0.3741,-0.8280,,-0.9292,-0.4353
52229,1943,-1.2133,,-0.8774,-1.4592,,-1.5196,-0.8686
52594,1944,-0.8228,,-0.6306,-1.1588,,-1.2539,-0.6361
52960,1945,-1.0781,,-0.8444,-1.4324,,-1.4825,-0.8724
53325,1946,-1.0084,,-0.7791,-1.2637,,-1.3732,-0.7898
53690,1947,-0.7300,,-0.6019,-1.0620,,-1.1711,-0.5790
54055,1948,-1.3697,,-1.1854,-1.4400,,-1.5801,-1.1275
54421,1949,-1.3596,,-1.1159,-1.4855,,-1.5742,-1.0442
54786,1950,-1.2417,,-1.0314,-1.4476,,-1.5026,-1.1022
55151,1951,-1.1096,,-0.9905,-1.3789,,-1.3870,-0.9576
55516,1952,-0.6474,,-0.5479,-0.9182,,-0.9142,-0.6759
55882,1953,-1.0084,,-0.8768,-1.3079,,-1.2939,-0.8750
56247,1954,-0.9624,,-0.8212,-1.2833,,-1.3029,-0.8582
56612,1955,-0.9438,,-0.8312,-1.1876,,-1.2808,-0.9365
56977,1956,-1.1319,,-1.0171,-1.3410,,-1.4265,-1.0264
57343,1957,-0.9464,,-0.8948,-1.2393,,-1.3275,-0.9231
57708,1958,-0.4925,,-0.3775,-0.8481,-0.5551,-0.9113,-0.5004
58073,1959,-1.0054,,-0.8166,-1.4309,-1.0764,-1.5206,-0.9295
58438,1960,-0.5030,,-0.3828,-0.8801,-0.4786,-0.8994,-0.4295
58804,1961,-1.3712,,-1.1093,-1.6028,-1.3985,-1.6661,-1.1512
59169,1962,-0.7092,,-0.6689,-1.0338,-0.5775,-1.1057,-0.6356
59534,1963,-0.6109,,-0.5304,-0.8561,-0.3399,-0.8395,-0.5055
59899,1964,-1.3330,,-1.2047,-1.6260,-1.3236,-1.6175,-1.1796
60265,1965,-1.1231,,-0.9332,-1.3275,-1.0064,-1.3734,-0.9182
60630,1966,-0.6981,,-0.5854,-0.9062,-0.8271,-0.8909,-0.5784
60995,1967,-1.3031,,-1.2507,-1.6519,-1.2942,-1.6076,-1.2600
61360,1968,-1.1538,,-1.1059,-1.4332,-1.0632,-1.4248,-1.0554
61726,1969,-0.3137,,-0.2822,-0.6297,-0.1300,-0.6552,-0.2774
62091,1970,-0.8746,,-0.7284,-1.0873,-0.8110,-1.1293,-0.8193
62456,1971,-1.1687,,-1.0769,-1.4547,-1.3337,-1.4041,-1.0841
62821,1972,-0.6358,,-0.5846,-0.9786,-0.7867,-0.8992,-0.6094
63187,1973,-0.3777,,-0.2830,-0.6831,-0.4658,-0.6320,-0.3351
63552,1974,-1.0433,,-0.9965,-1.1146,-1.1794,-1.1654,-0.9491
63917,1975,-1.0466,,-0.8744,-1.1585,-1.1941,-1.3506,-0.9137
64282,1976,-0.5679,,-0.5671,-0.6287,-0.7979,-0.7051,-0.5519
64648,1977,-1.0063,,-0.9350,-1.0922,-1.2856,-1.0949,-1.0384
65013,1978,-0.6520,,-0.7181,-0.7341,-0.8757,-0.7372,-0.7489
65378,1979,-0.2683,-0.2587,-0.3344,-0.3373,-0.1081,-0.3673,-0.3668
65743,1980,-0.2529,-0.3465,-0.2397,-0.3479,-0.3324,-0.3584,-0.3324
66109,1981,-0.6570,-0.6614,-0.6154,-0.7026,-0.5107,-0.7231,-0.6748
66474,1982,-0.7795,-0.9976,-0.7335,-0.8184,-0.9470,-0.8583,-0.7273
66839,1983,-0.8311,-0.9454,-0.7549,-0.8587,-0.8013,-0.9356,-0.8723
67204,1984,-0.4627,-0.7497,-0.3846,-0.5181,-0.4138,-0.5842,-0.4662
67570,1985,-0.5240,-0.9063,-0.4958,-0.5468,-0.7600,-0.5965,-0.5061
67935,1986,-0.6915,-0.7383,-0.6128,-0.7097,-0.6079,-0.7999,-0.5752
68300,1987,-0.2562,-0.3089,-0.1687,-0.3156,-0.1985,-0.4413,-0.1854
68665,1988,-0.4826,-0.3416,-0.3541,-0.4521,-0.1507,-0.5272,-0.3882
69031,1989,-1.0834,-0.9646,-1.0388,-1.0008,-0.7841,-1.0478,-0.9859
69396,1990,-0.2741,0.0509,-0.3276,-0.3876,0.2340,-0.4304,-0.2691
69761,1991,-0.4190,-0.2041,-0.4365,-0.5362,-0.0353,-0.5910,-0.3415
70126,1992,-0.9695,-0.9211,-0.9399,-1.1817,-0.7727,-1.2685,-1.0563
70492,1993,-0.3978,-0.3325,-0.4839,-0.5817,-0.1765,-0.5678,-0.5051
70857,1994,-0.5551,-0.7662,-0.5747,-0.7685,-0.4968,-0.7750,-0.5378
71222,1995,-0.3812,-0.4608,-0.2856,-0.5627,0.0415,-0.5746,-0.3064
71587,1996,-0.1985,-0.5506,-0.2800,-0.2248,-0.2323,-0.1804,-0.2640
71953,1997,-0.3933,-0.6469,-0.4179,-0.1350,-0.3640,-0.0667,-0.3281
72318,1998,-0.0744,-0.0095,-0.1102,-0.0892,0.0703,-0.1003,0.0215
72683,1999,-0.0678,-0.0195,-0.1503,-0.1724,0.0552,-0.0498,-0.0582
73048,2000,-0.4432,-0.4579,-0.3868,-0.3632,-0.4757,-0.3027,-0.4192
73414,2001,-0.2136,-0.1313,-0.2318,-0.3039,0.0021,-0.2612,-0.2856
73779,2002,0.0510,0.0408,0.0882,-0.0321,0.2046,-0.0724,0.0514
74144,2003,0.1022,0.1121,0.1068,0.0073,0.1970,-0.0425,0.0595
74509,2004,0.0337,0.0242,0.0475,-0.0125,0.0393,-0.0567,-0.0140
74875,2005,0.2783,0.1825,0.2623,0.2328,0.1692,0.1056,0.2505
75240,2006,-0.0345,0.0069,-0.0304,-0.0387,-0.0656,-0.0912,0.0199
75605,2007,-0.1260,-0.0410,-0.1763,-0.0415,-0.1768,-0.1237,-0.0907
75970,2008,-0.0021,0.0494,-0.0275,0.0337,-0.0873,-0.0540,-0.0316
76336,2009,0.4684,0.5168,0.5089,0.5156,0.4965,0.4700,0.4654
76701,2010,0.7743,0.8759,0.7082,0.9504,0.8077,0.9264,0.7188
77066,2011,0.0419,-0.1557,0.0395,0.0655,-0.0644,0.1489,0.0473
77431,2012,0.1178,0.0756,0.1127,0.2545,0.0892,0.3577,0.1310
77797,2013,0.2515,0.2974,0.2953,0.3098,0.3579,0.4695,0.2404
78162,2014,0.2749,0.2779,0.2139,0.2299,0.2482,0.3040,0.1488
78527,2015,0.4037,0.3908,0.4636,0.5262,0.1359,0.5973,0.3574
78892,2016,0.5913,0.5363,0.6142,0.6913,0.3944,0.6973,0.5528
79258,2017,0.4054,0.4874,0.4781,0.4053,0.0839,0.4712,0.4186
79623,2018,0.2282,0.3140,0.2411,0.3803,0.0323,0.3110,0.2656
79988,2019,0.2563,0.3463,0.2682,0.3650,-0.0638,0.2927,0.3149
80353,2020,-0.0027,0.1627,0.0832,0.0764,-0.4141,0.0272,0.1748
80719,2021,0.3476,0.5046,0.4676,0.3182,0.0011,0.3248,0.4563
81084,2022,-0.0565,0.0689,0.0768,0.1075,-0.3021,0.0787,0.1253
81449,2023,0.3021,0.7741,0.4670,0.3962,0.1033,0.0467,0.6564
end data
