Conventions,G,BADC-CSV,1
title,G,Regional mean temperature for East African Arab Countries
last_revised_date,G,2023-10-27
date_valid,G,2023-10-27
feature_type,G,area average
creator,G,WMO
source,G,Produced by climind version 1.0
observation_station,G,derived data
location,G,90.,-180.,-90.,180.
activity,G,WMO
history,G,""Gridded dataset created from file ['era5_2m_tas_2023.nc'] downloaded from ['']""
history,G,""Regridded to 1 degree latitude-longitude resolution""
history,G,""Rebaselined to 1991-2020""
history,G,""Calculated area-average""
history,G,""Calculated annual average from monthly averages using arithmetic mean""
history,G,""Selected years within the range 1900 to 2023.""
history,G,""Wrote to file arab_subregion_3_ERA5.csv""
history,G,"Data set created from file ['arab_subregion_3_ERA5.csv'] downloaded from [''] at ['2023-10-27 10:54:48']"
reference,G,"Hersbach H, Bell B, Berrisford P et al. 2020. The ERA5 global reanalysis. Q. J. R. Meteorol. Soc. 146: 1999-2049. https://doi.org/10.1002/qj.3803"
rights,G,TBD
comments,G,Data produced by climind version 1.0
comments,G,Format description https://help.ceda.ac.uk/article/105-badc-csv
comments,G,"Original data acknowledgement: Contains using Copernicus Climate Change Service information [2023]. Neither the European Commission nor ECMWF is responsible for any use that may be made of the Copernicus information or data it contains."
long_name,time,time,days since 1800-01-01 00:00:00.0
type,time,int
long_name,year,year,1
type,year,int
long_name,data,arab_subregion_3,degC
type,data,float
coordinate_variable,time,t
data
time,year,data
65378,1979,-0.2603
65743,1980,-0.3660
66109,1981,-0.6690
66474,1982,-1.0425
66839,1983,-0.9908
67204,1984,-0.7412
67570,1985,-0.9200
67935,1986,-0.7354
68300,1987,-0.3110
68665,1988,-0.3579
69031,1989,-0.9913
69396,1990,0.0339
69761,1991,-0.2103
70126,1992,-0.9688
70492,1993,-0.3294
70857,1994,-0.7815
71222,1995,-0.4845
71587,1996,-0.5565
71953,1997,-0.6738
72318,1998,-0.0487
72683,1999,-0.0101
73048,2000,-0.4659
73414,2001,-0.1323
73779,2002,0.0387
74144,2003,0.1034
74509,2004,0.0264
74875,2005,0.1932
75240,2006,0.0052
75605,2007,-0.0582
75970,2008,0.0736
76336,2009,0.5195
76701,2010,0.9235
77066,2011,-0.1659
77431,2012,0.0830
77797,2013,0.3320
78162,2014,0.2954
78527,2015,0.4026
78892,2016,0.5411
79258,2017,0.4977
79623,2018,0.3494
79988,2019,0.3521
80353,2020,0.1493
80719,2021,0.5358
81084,2022,0.0481
81449,2023,0.7968
end data
