Conventions,G,BADC-CSV,1
title,G,Regional mean temperature for WMO RA 1 Africa
last_revised_date,G,2022-08-26
date_valid,G,2022-08-26
feature_type,G,area average
creator,G,WMO
source,G,Produced by climind version 0.1
observation_station,G,derived data
location,G,90.,-180.,-90.,180.
activity,G,WMO
history,G,"Time series created from file ['wmo_ra_1_ERA5.csv'] downloaded from ['']"
reference,G,"Hersbach H, Bell B, Berrisford P et al. 2020. The ERA5 global reanalysis. Q. J. R. Meteorol. Soc. 146: 1999– 2049. https://doi.org/10.1002/qj.3803"
rights,G,TBD
comments,G,Data produced by climind version 0.1
comments,G,Format description https://help.ceda.ac.uk/article/105-badc-csv
long_name,time,time,
type,time,int
long_name,year,year,1
type,year,int
long_name,data,wmo_ra_1,degC
type,data,float
coordinate_variable,time,t
data
time,year,data
65378,1979,-0.3433
65743,1980,-0.2712
66109,1981,-0.4528
66474,1982,-0.5563
66839,1983,-0.1216
67204,1984,-0.4006
67570,1985,-0.4622
67935,1986,-0.4361
68300,1987,0.2433
68665,1988,-0.0653
69031,1989,-0.3986
69396,1990,0.0921
69761,1991,-0.2264
70126,1992,-0.4073
70492,1993,-0.1205
70857,1994,-0.2268
71222,1995,0.0280
71587,1996,-0.1006
71953,1997,-0.0764
72318,1998,0.3834
72683,1999,0.0109
73048,2000,-0.1981
73414,2001,0.1130
73779,2002,0.2460
74144,2003,0.3364
74509,2004,0.2060
74875,2005,0.5351
75240,2006,0.2013
75605,2007,0.2678
75970,2008,0.1471
76336,2009,0.4787
76701,2010,0.9604
77066,2011,0.2070
77431,2012,0.2837
77797,2013,0.4942
78162,2014,0.5088
78527,2015,0.6346
78892,2016,0.9764
79258,2017,0.6297
79623,2018,0.6673
79988,2019,0.7986
80353,2020,0.7441
80719,2021,0.8794
end data
