Conventions,G,BADC-CSV,1
title,G,Regional mean temperature for WMO RA 1 Africa
last_revised_date,G,2023-01-17
date_valid,G,2023-01-17
feature_type,G,area average
creator,G,WMO
source,G,Produced by climind version 0.1
observation_station,G,derived data
location,G,90.,-180.,-90.,180.
activity,G,WMO
history,G,""Data set created from file ['NOAAGlobalTemp_v*.nc'] downloaded from ['https://www.ncei.noaa.gov/data/noaa-global-surface-temperature/v5/access/gridded/NOAAGlobalTemp_v.*.nc'] at ['2023-01-16 14:34:57']""
history,G,""Data set created from file ['NOAAGlobalTemp_v*.nc'] downloaded from ['https://www.ncei.noaa.gov/data/noaa-global-surface-temperature/v5/access/gridded/NOAAGlobalTemp_v.*.nc'] at ['2023-01-16 14:34:57']""
history,G,""Regridded to 1 degree latitude-longitude resolution""
history,G,""Rebaselined to 1991-2020""
history,G,""Calculated area-average""
history,G,""Calculated annual average from monthly averages using arithmetic mean""
history,G,""Selected years within the range 1900 to 2022.""
history,G,""Wrote to file wmo_ra_1_NOAAGlobalTemp.csv""
history,G,"Data set created from file ['wmo_ra_1_NOAAGlobalTemp.csv'] downloaded from [''] at ['2023-01-16 17:41:07']"
reference,G,"Huang, B., M. J. Menne, T. Boyer, E. Freeman, B. E. Gleason, J. H. Lawrimore, C. Liu, J. J. Rennie, C. Schreck, F. Sun, R. Vose, C. N. Williams, X. Yin, H.-M. Zhang, 2020: Uncertainty estimates for sea surface temperature and land surface air temperature in NOAAGlobalTemp version 5. , J. Climate, 33, 1351-1379, DOI: 10.1175/JCLI-D-19-0395.1"
reference,G,"Zhang, Huai-Min, Jay H. Lawrimore, Boyin Huang, Matthew J. Menne, Xungang Yin, Ahira Sȧnchez-Lugo, Byron E. Gleason, Russell Vose, Derek Arndt, J. Jared Rennie, and Claude N. Williams. (2019) Updated Temperature Data Give a Sharper View of Climate Trends. Eos, 100, https://doi.org/10.1029/2019EO128229"
rights,G,TBD
comments,G,Data produced by climind version 0.1
comments,G,Format description https://help.ceda.ac.uk/article/105-badc-csv
long_name,time,time,days since 1800-01-01 00:00:00.0
type,time,int
long_name,year,year,1
type,year,int
long_name,data,wmo_ra_1,degC
type,data,float
coordinate_variable,time,t
data
time,year,data
36524,1900,-0.8196
36889,1901,-0.9042
37254,1902,-0.8389
37619,1903,-1.1471
37984,1904,-1.2304
38350,1905,-1.0168
38715,1906,-1.0985
39080,1907,-1.3589
39445,1908,-1.0206
39811,1909,-1.0535
40176,1910,-1.1411
40541,1911,-1.3585
40906,1912,-1.0205
41272,1913,-0.9028
41637,1914,-0.8646
42002,1915,-0.8882
42367,1916,-1.2590
42733,1917,-1.3076
43098,1918,-1.4734
43463,1919,-0.9756
43828,1920,-1.2275
44194,1921,-1.2694
44559,1922,-1.0219
44924,1923,-1.2160
45289,1924,-0.9078
45655,1925,-1.0981
46020,1926,-0.7687
46385,1927,-0.8822
46750,1928,-0.8503
47116,1929,-1.0804
47481,1930,-0.9768
47846,1931,-0.5387
48211,1932,-0.9489
48577,1933,-0.8341
48942,1934,-0.9334
49307,1935,-1.0207
49672,1936,-0.9348
50038,1937,-0.7776
50403,1938,-0.9023
50768,1939,-0.9492
51133,1940,-0.7050
51499,1941,-0.4296
51864,1942,-0.6115
52229,1943,-1.0654
52594,1944,-0.8207
52960,1945,-0.8943
53325,1946,-0.8507
53690,1947,-0.6648
54055,1948,-1.0588
54421,1949,-0.8125
54786,1950,-1.0986
55151,1951,-0.9406
55516,1952,-0.8023
55882,1953,-0.9742
56247,1954,-1.0829
56612,1955,-0.9037
56977,1956,-1.1599
57343,1957,-0.9474
57708,1958,-0.6065
58073,1959,-0.8675
58438,1960,-0.7239
58804,1961,-0.9611
59169,1962,-0.7907
59534,1963,-0.7263
59899,1964,-1.0444
60265,1965,-1.0488
60630,1966,-0.6717
60995,1967,-1.0936
61360,1968,-1.0070
61726,1969,-0.4831
62091,1970,-0.6707
62456,1971,-1.0285
62821,1972,-0.8090
63187,1973,-0.5282
63552,1974,-1.0821
63917,1975,-1.0374
64282,1976,-1.0594
64648,1977,-0.6598
65013,1978,-0.7188
65378,1979,-0.4616
65743,1980,-0.4847
66109,1981,-0.6943
66474,1982,-0.7428
66839,1983,-0.3945
67204,1984,-0.5732
67570,1985,-0.5800
67935,1986,-0.6005
68300,1987,-0.0456
68665,1988,-0.3837
69031,1989,-0.7476
69396,1990,-0.2608
69761,1991,-0.5291
70126,1992,-0.6906
70492,1993,-0.4182
70857,1994,-0.5203
71222,1995,-0.2536
71587,1996,-0.3194
71953,1997,-0.3285
72318,1998,0.1096
72683,1999,-0.1471
73048,2000,-0.3515
73414,2001,-0.1306
73779,2002,0.0183
74144,2003,0.1002
74509,2004,-0.0003
74875,2005,0.2114
75240,2006,-0.0124
75605,2007,-0.0150
75970,2008,-0.1089
76336,2009,0.1391
76701,2010,0.5797
77066,2011,-0.0310
77431,2012,-0.0008
77797,2013,0.0953
78162,2014,0.1569
78527,2015,0.3430
78892,2016,0.6152
79258,2017,0.3086
79623,2018,0.3151
79988,2019,0.4762
80353,2020,0.3882
80719,2021,0.5132
81084,2022,0.2004
end data
