Conventions,G,BADC-CSV,1
title,G,Regional mean temperature for WMO RA 1 Africa
last_revised_date,G,2024-01-23
date_valid,G,2024-01-23
feature_type,G,area average
creator,G,WMO
source,G,Produced by climind version 1.0
observation_station,G,derived data
location,G,90.,-180.,-90.,180.
rights,G,TBD
activity,G,WMO
comments,G,Format description https://help.ceda.ac.uk/article/105-badc-csv
history,wmo_ra_1_Berkeley_Earth,""Data set created from file ['Land_and_Ocean_LatLong1.nc'] downloaded from ['https://berkeley-earth-temperature.s3.us-west-1.amazonaws.com/Global/Gridded/Land_and_Ocean_LatLong1.nc'] at ['2024-01-17 10:19:03']""
history,wmo_ra_1_Berkeley_Earth,""Rebaselined to 1991-2020""
history,wmo_ra_1_Berkeley_Earth,""Calculated area-average""
history,wmo_ra_1_Berkeley_Earth,""Calculated annual average from monthly averages using arithmetic mean""
history,wmo_ra_1_Berkeley_Earth,""Selected years within the range 1900 to 2023.""
history,wmo_ra_1_Berkeley_Earth,""Wrote to file wmo_ra_1_Berkeley Earth.csv""
history,wmo_ra_1_Berkeley_Earth,"Data set created from file ['wmo_ra_1_Berkeley Earth.csv'] downloaded from [''] at ['2024-01-17 11:05:25']"
reference,wmo_ra_1_Berkeley_Earth,"Rohde, R. A. and Hausfather, Z.: The Berkeley Earth Land/Ocean Temperature Record, Earth Syst. Sci. Data, 12, 3469-3479, https://doi.org/10.5194/essd-12-3469-2020, 2020"
comments,wmo_ra_1_Berkeley_Earth,"Original data acknowledgement: "
history,wmo_ra_1_ERA5,""Gridded dataset created from file ['era5_2m_tas_2024.nc'] downloaded from ['']""
history,wmo_ra_1_ERA5,""Regridded to 1 degree latitude-longitude resolution""
history,wmo_ra_1_ERA5,""Rebaselined to 1991-2020""
history,wmo_ra_1_ERA5,""Calculated area-average""
history,wmo_ra_1_ERA5,""Calculated annual average from monthly averages using arithmetic mean""
history,wmo_ra_1_ERA5,""Selected years within the range 1900 to 2023.""
history,wmo_ra_1_ERA5,""Wrote to file wmo_ra_1_ERA5.csv""
history,wmo_ra_1_ERA5,"Data set created from file ['wmo_ra_1_ERA5.csv'] downloaded from [''] at ['2024-01-17 11:06:29']"
reference,wmo_ra_1_ERA5,"Hersbach H, Bell B, Berrisford P et al. 2020. The ERA5 global reanalysis. Q. J. R. Meteorol. Soc. 146: 1999-2049. https://doi.org/10.1002/qj.3803"
comments,wmo_ra_1_ERA5,"Original data acknowledgement: Contains using Copernicus Climate Change Service information [2024]. Neither the European Commission nor ECMWF is responsible for any use that may be made of the Copernicus information or data it contains."
history,wmo_ra_1_GISTEMP,""Data set created from file ['gistemp1200_GHCNv4_ERSSTv5.nc.gz'] downloaded from ['https://data.giss.nasa.gov/pub/gistemp/gistemp1200_GHCNv4_ERSSTv5.nc.gz'] at ['2024-01-15 11:20:46']""
history,wmo_ra_1_GISTEMP,""Regridded to 1 degree latitude-longitude resolution""
history,wmo_ra_1_GISTEMP,""Rebaselined to 1991-2020""
history,wmo_ra_1_GISTEMP,""Calculated area-average""
history,wmo_ra_1_GISTEMP,""Calculated annual average from monthly averages using arithmetic mean""
history,wmo_ra_1_GISTEMP,""Selected years within the range 1900 to 2023.""
history,wmo_ra_1_GISTEMP,""Wrote to file wmo_ra_1_GISTEMP.csv""
history,wmo_ra_1_GISTEMP,"Data set created from file ['wmo_ra_1_GISTEMP.csv'] downloaded from [''] at ['2024-01-17 11:06:48']"
reference,wmo_ra_1_GISTEMP,"Lenssen, N., G. Schmidt, J. Hansen, M. Menne, A. Persin, R. Ruedy, and D. Zyss, 2019: Improvements in the GISTEMP uncertainty model. J. Geophys. Res. Atmos., 124, no. 12, 6307-6326, doi:10.1029/2018JD029522"
comments,wmo_ra_1_GISTEMP,"Original data acknowledgement: "
history,wmo_ra_1_HadCRUT5,""Data set created from file ['HadCRUT.5.0.2.0.analysis.anomalies.ensemble_mean.nc'] downloaded from ['https://www.metoffice.gov.uk/hadobs/hadcrut5/data/HadCRUT.5.0.2.0/analysis/HadCRUT.5.0.2.0.analysis.anomalies.ensemble_mean.nc'] at ['2024-01-15 11:56:27']""
history,wmo_ra_1_HadCRUT5,""Regridded to 1 degree latitude-longitude resolution""
history,wmo_ra_1_HadCRUT5,""Rebaselined to 1991-2020""
history,wmo_ra_1_HadCRUT5,""Calculated area-average""
history,wmo_ra_1_HadCRUT5,""Calculated annual average from monthly averages using arithmetic mean""
history,wmo_ra_1_HadCRUT5,""Selected years within the range 1900 to 2023.""
history,wmo_ra_1_HadCRUT5,""Wrote to file wmo_ra_1_HadCRUT5.csv""
history,wmo_ra_1_HadCRUT5,"Data set created from file ['wmo_ra_1_HadCRUT5.csv'] downloaded from [''] at ['2024-01-17 11:07:29']"
reference,wmo_ra_1_HadCRUT5,"Morice, C. P., Kennedy, J. J., Rayner, N. A., Winn, J. P., Hogan, E., Killick, R. E., et al. (2021). An updated assessment of near-surface temperature change from 1850: the HadCRUT5 data set. Journal of Geophysical Research: Atmospheres, 126, e2019JD032361. https://doi.org/10.1029/2019JD032361"
comments,wmo_ra_1_HadCRUT5,"Original data acknowledgement: HadCRUT.5.0.2.0 data were obtained from http://www.metoffice.gov.uk/hadobs/hadcrut5 on 2024-01-15 11:56:27 and are © British Crown Copyright, Met Office 2024, provided under an Open Government License, http://www.nationalarchives.gov.uk/doc/open-government-licence/version/3/"
history,wmo_ra_1_JRA-55,""Data set created from file ['anl_surf125.011_tmp.202401_202412', 'anl_surf125.2024MMMM'] downloaded from ['', ''] at ['2024-01-15 11:20:51']""
history,wmo_ra_1_JRA-55,""Regridded to 1 degree latitude-longitude resolution""
history,wmo_ra_1_JRA-55,""Rebaselined to 1991-2020""
history,wmo_ra_1_JRA-55,""Calculated area-average""
history,wmo_ra_1_JRA-55,""Calculated annual average from monthly averages using arithmetic mean""
history,wmo_ra_1_JRA-55,""Selected years within the range 1900 to 2023.""
history,wmo_ra_1_JRA-55,""Wrote to file wmo_ra_1_JRA-55.csv""
history,wmo_ra_1_JRA-55,"Data set created from file ['wmo_ra_1_JRA-55.csv'] downloaded from [''] at ['2024-01-17 11:08:33']"
reference,wmo_ra_1_JRA-55,"Kobayashi, S., Ota, Y., Harada, Y., Ebita, A., Moriya, M., Onoda, H., Onogi, K., Kamahori, H., Kobayashi, C., Endo, H. and Miyaoka, K., (2015). The JRA-55 reanalysis: General specifications and basic characteristics. Journal of the Meteorological Society of Japan. Ser. II, 93(1), pp.5-48."
comments,wmo_ra_1_JRA-55,"Original data acknowledgement: "
history,wmo_ra_1_Kadow,""Data set created from file ['HadCRUT5.anomalies.Kadow_et_al_2020_20crAI-infilled.ensemble_mean_185001-*.nc'] downloaded from [''] at ['2024-01-17 10:11:02']""
history,wmo_ra_1_Kadow,""Regridded to 1 degree latitude-longitude resolution""
history,wmo_ra_1_Kadow,""Rebaselined to 1991-2020""
history,wmo_ra_1_Kadow,""Calculated area-average""
history,wmo_ra_1_Kadow,""Calculated annual average from monthly averages using arithmetic mean""
history,wmo_ra_1_Kadow,""Selected years within the range 1900 to 2023.""
history,wmo_ra_1_Kadow,""Wrote to file wmo_ra_1_Kadow.csv""
history,wmo_ra_1_Kadow,"Data set created from file ['wmo_ra_1_Kadow.csv'] downloaded from [''] at ['2024-01-17 11:09:00']"
reference,wmo_ra_1_Kadow,"Kadow, C., Hall, D.M. & Ulbrich, U. Artificial intelligence reconstructs missing climate information. Nat. Geosci. (2020). https://doi.org/10.1038/s41561-020-0582-5"
comments,wmo_ra_1_Kadow,"Original data acknowledgement: "
history,wmo_ra_1_NOAA_Interim,""Data set created from file ['NOAAGlobalTemp_v*.nc'] downloaded from ['https://www.ncei.noaa.gov/data/noaa-global-surface-temperature/v5.1/access/gridded/NOAAGlobalTemp_v.*.nc'] at ['2024-01-17 10:19:08']""
history,wmo_ra_1_NOAA_Interim,""Data set created from file ['NOAAGlobalTemp_v*.nc'] downloaded from ['https://www.ncei.noaa.gov/data/noaa-global-surface-temperature/v5.1/access/gridded/NOAAGlobalTemp_v.*.nc'] at ['2024-01-17 10:19:08']""
history,wmo_ra_1_NOAA_Interim,""Regridded to 1 degree latitude-longitude resolution""
history,wmo_ra_1_NOAA_Interim,""Rebaselined to 1991-2020""
history,wmo_ra_1_NOAA_Interim,""Calculated area-average""
history,wmo_ra_1_NOAA_Interim,""Calculated annual average from monthly averages using arithmetic mean""
history,wmo_ra_1_NOAA_Interim,""Selected years within the range 1900 to 2023.""
history,wmo_ra_1_NOAA_Interim,""Wrote to file wmo_ra_1_NOAA Interim.csv""
history,wmo_ra_1_NOAA_Interim,"Data set created from file ['wmo_ra_1_NOAA Interim.csv'] downloaded from [''] at ['2024-01-17 11:09:48']"
reference,wmo_ra_1_NOAA_Interim,"Vose, R.S., B. Huang, X. Yin., D. Arndt, D.R. Easterling, J.H. Lawrimore, M.J. Menne, A. Sanchez-Lugo, H.-M. Zhang, 2021: Implementing full spatial coverage in NOAA’s global temperature analysis. Geophysical Research Letters, 48, e2020GL090873. https://doi.org/10.1029/2020GL090873"
comments,wmo_ra_1_NOAA_Interim,"Original data acknowledgement: "
long_name,time,time,days since 1800-01-01 00:00:00.0
type,time,int
long_name,year,year,1
type,year,int
long_name,wmo_ra_1_Berkeley_Earth,wmo_ra_1,degC
type,wmo_ra_1_Berkeley_Earth,float
long_name,wmo_ra_1_ERA5,wmo_ra_1,degC
type,wmo_ra_1_ERA5,float
long_name,wmo_ra_1_GISTEMP,wmo_ra_1,degC
type,wmo_ra_1_GISTEMP,float
long_name,wmo_ra_1_HadCRUT5,wmo_ra_1,degC
type,wmo_ra_1_HadCRUT5,float
long_name,wmo_ra_1_JRA-55,wmo_ra_1,degC
type,wmo_ra_1_JRA-55,float
long_name,wmo_ra_1_Kadow,wmo_ra_1,degC
type,wmo_ra_1_Kadow,float
long_name,wmo_ra_1_NOAA_Interim,wmo_ra_1,degC
type,wmo_ra_1_NOAA_Interim,float
coordinate_variable,time,t
data
time,year,wmo_ra_1_Berkeley_Earth,wmo_ra_1_ERA5,wmo_ra_1_GISTEMP,wmo_ra_1_HadCRUT5,wmo_ra_1_JRA-55,wmo_ra_1_Kadow,wmo_ra_1_NOAA_Interim
36524,1900,-0.9034,,-0.6567,-0.8918,,-1.0124,-0.8713
36889,1901,-0.9281,,-0.8782,-0.8865,,-0.9807,-0.8202
37254,1902,-1.0221,,-0.5661,-0.9186,,-0.9877,-0.8101
37619,1903,-1.4008,,-0.8561,-1.2786,,-1.4423,-0.9030
37984,1904,-1.6142,,-1.1307,-1.5158,,-1.6624,-1.3464
38350,1905,-1.3131,,-0.7293,-1.1231,,-1.2777,-0.9978
38715,1906,-1.4280,,-1.0156,-1.0636,,-1.2311,-1.0323
39080,1907,-1.6090,,-1.1588,-1.2486,,-1.3918,-1.3097
39445,1908,-1.3031,,-0.9923,-1.0059,,-1.1239,-1.0432
39811,1909,-1.2410,,-1.0130,-0.9436,,-1.0132,-1.0786
40176,1910,-1.3533,,-1.0631,-1.1697,,-1.2995,-1.1940
40541,1911,-1.5005,,-1.1659,-1.0892,,-1.3228,-1.2709
40906,1912,-1.1641,,-0.9734,-0.7311,,-0.9934,-1.1281
41272,1913,-1.1025,,-0.8169,-0.7750,,-1.0094,-0.9916
41637,1914,-0.7687,,-0.7071,-0.5913,,-0.8488,-0.8957
42002,1915,-0.8489,,-0.7517,-0.5846,,-0.7174,-0.8923
42367,1916,-1.1479,,-1.0224,-1.0050,,-1.0523,-1.1665
42733,1917,-1.2656,,-1.1239,-1.0872,,-1.0740,-1.2621
43098,1918,-1.3460,,-1.1648,-1.0340,,-1.1597,-1.3134
43463,1919,-0.9876,,-0.7652,-0.6398,,-0.7332,-0.8641
43828,1920,-1.1957,,-1.0452,-0.9179,,-1.0408,-1.1672
44194,1921,-1.0981,,-0.9691,-0.8558,,-1.0810,-1.1599
44559,1922,-0.9562,,-0.8920,-0.6970,,-0.9472,-1.0653
44924,1923,-1.0919,,-1.0226,-0.9279,,-1.0738,-1.1136
45289,1924,-0.8316,,-0.7829,-0.5595,,-0.6911,-0.8092
45655,1925,-1.0545,,-0.9388,-1.0948,,-1.1151,-1.0512
46020,1926,-0.7407,,-0.6116,-0.7613,,-0.7881,-0.7536
46385,1927,-0.8402,,-0.6860,-0.8111,,-0.8443,-0.7945
46750,1928,-0.8396,,-0.5847,-0.7611,,-0.8659,-0.7913
47116,1929,-1.1197,,-0.9274,-1.0102,,-1.1055,-1.0413
47481,1930,-0.9825,,-0.8656,-0.9219,,-0.9652,-0.9006
47846,1931,-0.5248,,-0.4040,-0.5430,,-0.5943,-0.4793
48211,1932,-0.9010,,-0.8155,-0.9305,,-1.0399,-0.8643
48577,1933,-0.8633,,-0.7396,-0.7429,,-0.8023,-0.8092
48942,1934,-1.0030,,-0.7388,-0.9904,,-0.9544,-0.8738
49307,1935,-1.0520,,-0.8663,-0.8633,,-0.9940,-0.9166
49672,1936,-0.9901,,-0.7872,-0.8319,,-0.9017,-0.7915
50038,1937,-0.7895,,-0.6802,-0.6853,,-0.7134,-0.7558
50403,1938,-0.9409,,-0.8028,-0.7835,,-0.9033,-0.8829
50768,1939,-0.9139,,-0.8345,-0.7824,,-0.8922,-0.8242
51133,1940,-0.7179,,-0.6530,-0.6331,,-0.6754,-0.6901
51499,1941,-0.4450,,-0.3935,-0.3368,,-0.3855,-0.4297
51864,1942,-0.6680,,-0.5523,-0.5481,,-0.5914,-0.6171
52229,1943,-1.0449,,-0.9264,-0.9721,,-1.0537,-0.9991
52594,1944,-0.8454,,-0.7719,-0.7389,,-0.8161,-0.8388
52960,1945,-0.8726,,-0.8016,-0.8741,,-0.9711,-0.8792
53325,1946,-0.8328,,-0.7937,-0.7320,,-0.8067,-0.8481
53690,1947,-0.6296,,-0.5777,-0.5689,,-0.6320,-0.6635
54055,1948,-1.0335,,-0.9570,-0.9531,,-1.0785,-1.0095
54421,1949,-0.8825,,-0.7094,-0.8092,,-0.8925,-0.8344
54786,1950,-1.1417,,-0.9866,-1.1069,,-1.1864,-1.0616
55151,1951,-0.9234,,-0.9016,-0.8689,,-0.9101,-0.8931
55516,1952,-0.7992,,-0.7332,-0.7104,,-0.7308,-0.8108
55882,1953,-0.9734,,-0.9211,-0.9095,,-0.9459,-0.9225
56247,1954,-1.1000,,-1.0061,-1.0506,,-1.0987,-1.0453
56612,1955,-0.8869,,-0.8544,-0.8551,,-0.9117,-0.8439
56977,1956,-1.1867,,-1.1255,-1.1236,,-1.1767,-1.1294
57343,1957,-0.9621,,-0.8860,-0.9285,,-0.9813,-0.9111
57708,1958,-0.6197,,-0.5703,-0.6345,-0.5178,-0.6703,-0.6065
58073,1959,-0.8420,,-0.7966,-0.8476,-0.7002,-0.9130,-0.8384
58438,1960,-0.7149,,-0.6579,-0.7364,-0.5330,-0.7822,-0.7091
58804,1961,-0.9955,,-0.8965,-0.9892,-0.9400,-1.0308,-0.9570
59169,1962,-0.8320,,-0.7656,-0.8634,-0.7756,-0.8859,-0.7890
59534,1963,-0.7556,,-0.7122,-0.7723,-0.7570,-0.7801,-0.7061
59899,1964,-1.0410,,-1.0081,-1.0513,-0.8850,-1.0573,-1.0206
60265,1965,-1.0828,,-0.9977,-1.0700,-0.8203,-1.1036,-1.0229
60630,1966,-0.7029,,-0.6519,-0.7337,-0.5784,-0.7690,-0.6609
60995,1967,-1.0837,,-1.0419,-1.1150,-1.0416,-1.1614,-1.0599
61360,1968,-1.0222,,-0.9740,-1.0088,-0.8907,-1.0464,-0.9683
61726,1969,-0.4769,,-0.4768,-0.4890,-0.3296,-0.4943,-0.4473
62091,1970,-0.7036,,-0.6502,-0.7074,-0.6147,-0.7228,-0.7020
62456,1971,-1.0787,,-1.0226,-1.1008,-0.9984,-1.1283,-1.0359
62821,1972,-0.8197,,-0.7719,-0.8395,-0.7220,-0.8694,-0.7791
63187,1973,-0.5637,,-0.4817,-0.6380,-0.4880,-0.6633,-0.5316
63552,1974,-1.1403,,-1.0672,-1.1661,-1.1791,-1.2163,-1.0732
63917,1975,-1.0585,,-0.9850,-1.1078,-1.0708,-1.1599,-1.0166
64282,1976,-1.0666,,-0.9942,-1.0890,-1.0986,-1.1337,-0.9861
64648,1977,-0.6733,,-0.6547,-0.7402,-0.6981,-0.7694,-0.7006
65013,1978,-0.7083,,-0.7106,-0.7579,-0.7403,-0.7773,-0.7090
65378,1979,-0.4583,-0.6267,-0.4424,-0.4925,-0.4529,-0.4925,-0.4269
65743,1980,-0.4788,-0.5546,-0.4846,-0.5421,-0.4500,-0.5567,-0.4820
66109,1981,-0.6322,-0.7362,-0.6466,-0.6994,-0.5917,-0.7217,-0.6589
66474,1982,-0.7027,-0.8397,-0.6606,-0.7484,-0.7110,-0.7649,-0.6909
66839,1983,-0.3519,-0.4050,-0.3534,-0.3993,-0.3129,-0.4027,-0.4181
67204,1984,-0.5371,-0.6840,-0.4996,-0.5552,-0.5344,-0.5613,-0.5656
67570,1985,-0.5702,-0.7456,-0.5339,-0.6283,-0.5969,-0.6285,-0.5429
67935,1986,-0.6222,-0.7195,-0.5687,-0.6734,-0.6565,-0.6904,-0.5624
68300,1987,-0.0241,-0.0401,-0.0178,-0.1148,0.0364,-0.1103,-0.0816
68665,1988,-0.3693,-0.3487,-0.3598,-0.3979,-0.2304,-0.4050,-0.3661
69031,1989,-0.6872,-0.6820,-0.7173,-0.7293,-0.6016,-0.7541,-0.7151
69396,1990,-0.2411,-0.1913,-0.2578,-0.3123,-0.1359,-0.2953,-0.2711
69761,1991,-0.4940,-0.5098,-0.5497,-0.4906,-0.4688,-0.4957,-0.4897
70126,1992,-0.5906,-0.6907,-0.6318,-0.6753,-0.6319,-0.7184,-0.6742
70492,1993,-0.3835,-0.4039,-0.4116,-0.4347,-0.3906,-0.4323,-0.4140
70857,1994,-0.4495,-0.5102,-0.4596,-0.5898,-0.4166,-0.5699,-0.5130
71222,1995,-0.1686,-0.2554,-0.2110,-0.2975,-0.0867,-0.2858,-0.2368
71587,1996,-0.2552,-0.3840,-0.3324,-0.3055,-0.2189,-0.3041,-0.2854
71953,1997,-0.2131,-0.3598,-0.2572,-0.1856,-0.1940,-0.1794,-0.2739
72318,1998,0.1326,0.1000,0.0704,0.0752,0.2732,0.0846,0.0996
72683,1999,-0.1699,-0.2725,-0.1808,-0.2349,-0.0672,-0.2109,-0.1901
73048,2000,-0.3263,-0.4815,-0.3449,-0.3404,-0.3116,-0.3466,-0.3549
73414,2001,-0.0800,-0.1704,-0.1432,-0.1029,-0.0082,-0.0686,-0.1435
73779,2002,0.0759,-0.0374,0.0218,-0.0094,0.0407,-0.0201,0.0209
74144,2003,0.1249,0.0530,0.1268,0.0674,0.1002,0.0700,0.0579
74509,2004,-0.0000,-0.0774,-0.0036,0.0234,-0.1018,-0.0101,-0.0090
74875,2005,0.2925,0.2517,0.2250,0.3033,0.2026,0.2476,0.2153
75240,2006,0.0017,-0.0821,-0.0485,0.0408,-0.1269,0.0288,-0.0071
75605,2007,-0.0069,-0.0156,-0.0255,0.0855,-0.0614,0.0978,-0.0176
75970,2008,-0.1005,-0.1363,-0.1053,-0.0218,-0.1725,-0.0363,-0.1032
76336,2009,0.1559,0.1953,0.1451,0.2574,0.1145,0.2788,0.1708
76701,2010,0.5800,0.6770,0.5568,0.6613,0.6323,0.6458,0.5661
77066,2011,-0.0707,-0.0764,-0.0332,0.0394,-0.0671,0.0791,-0.0332
77431,2012,-0.0973,0.0002,-0.0226,0.0302,-0.0523,0.0209,0.0076
77797,2013,0.0881,0.2108,0.1014,0.1839,0.1862,0.1819,0.1288
78162,2014,0.1263,0.2254,0.1452,0.1256,0.1551,0.1707,0.1744
78527,2015,0.2556,0.3512,0.3464,0.2938,0.2158,0.2938,0.2910
78892,2016,0.5429,0.6930,0.5977,0.5358,0.5550,0.5404,0.5776
79258,2017,0.2118,0.3463,0.3282,0.2115,0.1561,0.2006,0.2992
79623,2018,0.2096,0.3839,0.2917,0.2416,0.1834,0.1924,0.3037
79988,2019,0.3371,0.5151,0.4603,0.2978,0.3244,0.3004,0.4357
80353,2020,0.2712,0.4607,0.3439,0.2173,0.2368,0.2447,0.3967
80719,2021,0.3764,0.5960,0.4758,0.2990,0.3753,0.3810,0.4919
81084,2022,0.1140,0.2783,0.1877,0.0594,0.0760,0.1081,0.2053
81449,2023,0.5312,0.8079,0.6552,0.4687,0.5182,0.3317,0.7032
end data
