Conventions,G,BADC-CSV,1
title,G,Regional mean temperature for WMO RA 1 Africa
last_revised_date,G,2023-10-27
date_valid,G,2023-10-27
feature_type,G,area average
creator,G,WMO
source,G,Produced by climind version 1.0
observation_station,G,derived data
location,G,90.,-180.,-90.,180.
activity,G,WMO
history,G,""Data set created from file ['HadCRUT.5.0.1.0.analysis.anomalies.ensemble_mean.nc'] downloaded from ['https://www.metoffice.gov.uk/hadobs/hadcrut5/data/current/analysis/HadCRUT.5.0.1.0.analysis.anomalies.ensemble_mean.nc'] at ['2023-10-13 17:19:31']""
history,G,""Regridded to 1 degree latitude-longitude resolution""
history,G,""Rebaselined to 1991-2020""
history,G,""Calculated area-average""
history,G,""Calculated annual average from monthly averages using arithmetic mean""
history,G,""Selected years within the range 1900 to 2023.""
history,G,""Wrote to file wmo_ra_1_HadCRUT5.csv""
history,G,"Data set created from file ['wmo_ra_1_HadCRUT5.csv'] downloaded from [''] at ['2023-10-27 10:55:32']"
reference,G,"Morice, C. P., Kennedy, J. J., Rayner, N. A., Winn, J. P., Hogan, E., Killick, R. E., et al. (2021). An updated assessment of near-surface temperature change from 1850: the HadCRUT5 data set. Journal of Geophysical Research: Atmospheres, 126, e2019JD032361. https://doi.org/10.1029/2019JD032361"
rights,G,TBD
comments,G,Data produced by climind version 1.0
comments,G,Format description https://help.ceda.ac.uk/article/105-badc-csv
comments,G,"Original data acknowledgement: HadCRUT.5.0.1.0 data were obtained from http://www.metoffice.gov.uk/hadobs/hadcrut5 on 2023-10-13 17:19:31 and are © British Crown Copyright, Met Office 2023, provided under an Open Government License, http://www.nationalarchives.gov.uk/doc/open-government-licence/version/3/"
long_name,time,time,days since 1800-01-01 00:00:00.0
type,time,int
long_name,year,year,1
type,year,int
long_name,data,wmo_ra_1,degC
type,data,float
coordinate_variable,time,t
data
time,year,data
36524,1900,-0.8918
36889,1901,-0.8865
37254,1902,-0.9186
37619,1903,-1.2786
37984,1904,-1.5159
38350,1905,-1.1232
38715,1906,-1.0637
39080,1907,-1.2487
39445,1908,-1.0060
39811,1909,-0.9437
40176,1910,-1.1699
40541,1911,-1.0893
40906,1912,-0.7312
41272,1913,-0.7752
41637,1914,-0.5915
42002,1915,-0.5848
42367,1916,-1.0052
42733,1917,-1.0875
43098,1918,-1.0343
43463,1919,-0.6401
43828,1920,-0.9182
44194,1921,-0.8561
44559,1922,-0.6973
44924,1923,-0.9282
45289,1924,-0.5598
45655,1925,-1.0951
46020,1926,-0.7617
46385,1927,-0.8115
46750,1928,-0.7614
47116,1929,-1.0106
47481,1930,-0.9219
47846,1931,-0.5430
48211,1932,-0.9305
48577,1933,-0.7429
48942,1934,-0.9904
49307,1935,-0.8633
49672,1936,-0.8319
50038,1937,-0.6853
50403,1938,-0.7835
50768,1939,-0.7824
51133,1940,-0.6331
51499,1941,-0.3368
51864,1942,-0.5481
52229,1943,-0.9721
52594,1944,-0.7389
52960,1945,-0.8741
53325,1946,-0.7320
53690,1947,-0.5689
54055,1948,-0.9531
54421,1949,-0.8092
54786,1950,-1.1069
55151,1951,-0.8689
55516,1952,-0.7104
55882,1953,-0.9095
56247,1954,-1.0506
56612,1955,-0.8551
56977,1956,-1.1236
57343,1957,-0.9285
57708,1958,-0.6345
58073,1959,-0.8476
58438,1960,-0.7364
58804,1961,-0.9892
59169,1962,-0.8634
59534,1963,-0.7723
59899,1964,-1.0513
60265,1965,-1.0700
60630,1966,-0.7337
60995,1967,-1.1150
61360,1968,-1.0088
61726,1969,-0.4890
62091,1970,-0.7074
62456,1971,-1.1008
62821,1972,-0.8395
63187,1973,-0.6380
63552,1974,-1.1661
63917,1975,-1.1078
64282,1976,-1.0890
64648,1977,-0.7402
65013,1978,-0.7579
65378,1979,-0.4925
65743,1980,-0.5421
66109,1981,-0.6994
66474,1982,-0.7484
66839,1983,-0.3993
67204,1984,-0.5552
67570,1985,-0.6283
67935,1986,-0.6734
68300,1987,-0.1148
68665,1988,-0.3979
69031,1989,-0.7293
69396,1990,-0.3123
69761,1991,-0.4906
70126,1992,-0.6753
70492,1993,-0.4347
70857,1994,-0.5898
71222,1995,-0.2975
71587,1996,-0.3055
71953,1997,-0.1856
72318,1998,0.0752
72683,1999,-0.2349
73048,2000,-0.3404
73414,2001,-0.1029
73779,2002,-0.0094
74144,2003,0.0674
74509,2004,0.0234
74875,2005,0.3033
75240,2006,0.0408
75605,2007,0.0855
75970,2008,-0.0218
76336,2009,0.2574
76701,2010,0.6613
77066,2011,0.0394
77431,2012,0.0302
77797,2013,0.1839
78162,2014,0.1256
78527,2015,0.2938
78892,2016,0.5358
79258,2017,0.2115
79623,2018,0.2416
79988,2019,0.2978
80353,2020,0.2173
80719,2021,0.2991
81084,2022,0.0595
81449,2023,0.3350
end data
