Conventions,G,BADC-CSV,1
title,G,Regional mean temperature for WMO RA 1 Africa
last_revised_date,G,2022-12-16
date_valid,G,2022-12-16
feature_type,G,area average
creator,G,WMO
source,G,Produced by climind version 0.1
observation_station,G,derived data
location,G,90.,-180.,-90.,180.
activity,G,WMO
history,G,""Data set created from file ['NOAAGlobalTemp_v*.nc'] downloaded from ['https://www.ncei.noaa.gov/data/noaa-global-surface-temperature/v5/access/gridded/NOAAGlobalTemp_v.*.nc'] at ['2022-12-16 09:24:29']""
history,G,""Data set created from file ['NOAAGlobalTemp_v*.nc'] downloaded from ['https://www.ncei.noaa.gov/data/noaa-global-surface-temperature/v5/access/gridded/NOAAGlobalTemp_v.*.nc'] at ['2022-12-16 09:24:29']""
history,G,""Regridded to 1 degree latitude-longitude resolution""
history,G,""Rebaselined to 1991-2020""
history,G,""Calculated area-average""
history,G,""Calculated annual average from monthly averages using arithmetic mean""
history,G,""Selected years within the range 1900 to 2022.""
history,G,""Wrote to file wmo_ra_1_NOAAGlobalTemp.csv""
history,G,"Data set created from file ['wmo_ra_1_NOAAGlobalTemp.csv'] downloaded from [''] at ['2022-12-16 17:53:11']"
reference,G,"Huang, B., M. J. Menne, T. Boyer, E. Freeman, B. E. Gleason, J. H. Lawrimore, C. Liu, J. J. Rennie, C. Schreck, F. Sun, R. Vose, C. N. Williams, X. Yin, H.-M. Zhang, 2020: Uncertainty estimates for sea surface temperature and land surface air temperature in NOAAGlobalTemp version 5. , J. Climate, 33, 1351-1379, DOI: 10.1175/JCLI-D-19-0395.1"
reference,G,"Zhang, Huai-Min, Jay H. Lawrimore, Boyin Huang, Matthew J. Menne, Xungang Yin, Ahira Sȧnchez-Lugo, Byron E. Gleason, Russell Vose, Derek Arndt, J. Jared Rennie, and Claude N. Williams. (2019) Updated Temperature Data Give a Sharper View of Climate Trends. Eos, 100, https://doi.org/10.1029/2019EO128229"
rights,G,TBD
comments,G,Data produced by climind version 0.1
comments,G,Format description https://help.ceda.ac.uk/article/105-badc-csv
long_name,time,time,days since 1800-01-01 00:00:00.0
type,time,int
long_name,year,year,1
type,year,int
long_name,data,wmo_ra_1,degC
type,data,float
coordinate_variable,time,t
data
time,year,data
36524,1900,-0.8581
36889,1901,-0.9282
37254,1902,-0.8525
37619,1903,-1.1637
37984,1904,-1.2616
38350,1905,-1.0618
38715,1906,-1.1663
39080,1907,-1.4150
39445,1908,-1.0747
39811,1909,-1.0939
40176,1910,-1.1655
40541,1911,-1.3781
40906,1912,-1.0308
41272,1913,-0.9114
41637,1914,-0.8777
42002,1915,-0.8661
42367,1916,-1.2332
42733,1917,-1.2898
43098,1918,-1.4644
43463,1919,-0.9530
43828,1920,-1.2111
44194,1921,-1.2763
44559,1922,-1.0118
44924,1923,-1.2068
45289,1924,-0.9050
45655,1925,-1.0992
46020,1926,-0.7750
46385,1927,-0.8850
46750,1928,-0.8473
47116,1929,-1.0730
47481,1930,-0.9726
47846,1931,-0.5440
48211,1932,-0.9439
48577,1933,-0.8338
48942,1934,-0.9353
49307,1935,-1.0182
49672,1936,-0.9333
50038,1937,-0.7719
50403,1938,-0.8966
50768,1939,-0.9370
51133,1940,-0.6973
51499,1941,-0.4186
51864,1942,-0.6011
52229,1943,-1.0535
52594,1944,-0.8151
52960,1945,-0.8844
53325,1946,-0.8400
53690,1947,-0.6536
54055,1948,-1.0475
54421,1949,-0.8070
54786,1950,-1.0926
55151,1951,-0.9460
55516,1952,-0.8061
55882,1953,-0.9797
56247,1954,-1.0876
56612,1955,-0.9107
56977,1956,-1.1672
57343,1957,-0.9504
57708,1958,-0.6103
58073,1959,-0.8740
58438,1960,-0.7296
58804,1961,-0.9694
59169,1962,-0.8032
59534,1963,-0.7379
59899,1964,-1.0556
60265,1965,-1.0594
60630,1966,-0.6820
60995,1967,-1.1049
61360,1968,-1.0165
61726,1969,-0.4954
62091,1970,-0.6862
62456,1971,-1.0454
62821,1972,-0.8248
63187,1973,-0.5399
63552,1974,-1.0917
63917,1975,-1.0530
64282,1976,-1.0748
64648,1977,-0.6765
65013,1978,-0.7348
65378,1979,-0.4699
65743,1980,-0.4914
66109,1981,-0.6940
66474,1982,-0.7362
66839,1983,-0.3947
67204,1984,-0.5727
67570,1985,-0.5793
67935,1986,-0.6018
68300,1987,-0.0472
68665,1988,-0.3876
69031,1989,-0.7525
69396,1990,-0.2750
69761,1991,-0.5449
70126,1992,-0.7034
70492,1993,-0.4250
70857,1994,-0.5318
71222,1995,-0.2673
71587,1996,-0.3334
71953,1997,-0.3420
72318,1998,0.1003
72683,1999,-0.1570
73048,2000,-0.3625
73414,2001,-0.1385
73779,2002,0.0141
74144,2003,0.0965
74509,2004,-0.0093
74875,2005,0.2029
75240,2006,-0.0181
75605,2007,-0.0194
75970,2008,-0.1110
76336,2009,0.1437
76701,2010,0.5736
77066,2011,-0.0253
77431,2012,0.0087
77797,2013,0.1038
78162,2014,0.1700
78527,2015,0.3635
78892,2016,0.6301
79258,2017,0.3221
79623,2018,0.3432
79988,2019,0.4990
80353,2020,0.4168
80719,2021,0.5150
81084,2022,0.1742
end data
