Conventions,G,BADC-CSV,1
title,G,Regional mean temperature for East African Arab Countries
last_revised_date,G,2024-01-25
date_valid,G,2024-01-25
feature_type,G,area average
creator,G,WMO
source,G,Produced by climind version 1.0
observation_station,G,derived data
location,G,90.,-180.,-90.,180.
activity,G,WMO
history,G,""Gridded dataset created from file ['era5_2m_tas_2024.nc'] downloaded from ['']""
history,G,""Regridded to 1 degree latitude-longitude resolution""
history,G,""Rebaselined to 1991-2020""
history,G,""Calculated area-average""
history,G,""Calculated annual average from monthly averages using arithmetic mean""
history,G,""Selected years within the range 1900 to 2023.""
history,G,""Wrote to file arab_subregion_3_ERA5.csv""
history,G,"Data set created from file ['arab_subregion_3_ERA5.csv'] downloaded from [''] at ['2024-01-17 11:06:44']"
reference,G,"Hersbach H, Bell B, Berrisford P et al. 2020. The ERA5 global reanalysis. Q. J. R. Meteorol. Soc. 146: 1999-2049. https://doi.org/10.1002/qj.3803"
rights,G,TBD
comments,G,Data produced by climind version 1.0
comments,G,Format description https://help.ceda.ac.uk/article/105-badc-csv
comments,G,"Original data acknowledgement: Contains using Copernicus Climate Change Service information [2024]. Neither the European Commission nor ECMWF is responsible for any use that may be made of the Copernicus information or data it contains."
long_name,time,time,days since 1800-01-01 00:00:00.0
type,time,int
long_name,year,year,1
type,year,int
long_name,data,arab_subregion_3,degC
type,data,float
coordinate_variable,time,t
data
time,year,data
65378,1979,-0.2587
65743,1980,-0.3465
66109,1981,-0.6614
66474,1982,-0.9976
66839,1983,-0.9454
67204,1984,-0.7497
67570,1985,-0.9063
67935,1986,-0.7383
68300,1987,-0.3089
68665,1988,-0.3416
69031,1989,-0.9646
69396,1990,0.0509
69761,1991,-0.2041
70126,1992,-0.9211
70492,1993,-0.3325
70857,1994,-0.7662
71222,1995,-0.4608
71587,1996,-0.5506
71953,1997,-0.6469
72318,1998,-0.0095
72683,1999,-0.0195
73048,2000,-0.4579
73414,2001,-0.1313
73779,2002,0.0408
74144,2003,0.1121
74509,2004,0.0242
74875,2005,0.1825
75240,2006,0.0069
75605,2007,-0.0410
75970,2008,0.0494
76336,2009,0.5168
76701,2010,0.8759
77066,2011,-0.1557
77431,2012,0.0756
77797,2013,0.2974
78162,2014,0.2779
78527,2015,0.3908
78892,2016,0.5363
79258,2017,0.4874
79623,2018,0.3140
79988,2019,0.3463
80353,2020,0.1627
80719,2021,0.5046
81084,2022,0.0689
81449,2023,1.0037
end data
