Conventions,G,BADC-CSV,1
title,G,Regional mean temperature for East African Arab Countries
last_revised_date,G,2024-01-22
date_valid,G,2024-01-22
feature_type,G,area average
creator,G,WMO
source,G,Produced by climind version 1.0
observation_station,G,derived data
location,G,90.,-180.,-90.,180.
activity,G,WMO
history,G,""Data set created from file ['anl_surf125.011_tmp.202401_202412', 'anl_surf125.2024MMMM'] downloaded from ['', ''] at ['2024-01-15 11:20:51']""
history,G,""Regridded to 1 degree latitude-longitude resolution""
history,G,""Rebaselined to 1991-2020""
history,G,""Calculated area-average""
history,G,""Calculated annual average from monthly averages using arithmetic mean""
history,G,""Selected years within the range 1900 to 2023.""
history,G,""Wrote to file arab_subregion_3_JRA-55.csv""
history,G,"Data set created from file ['arab_subregion_3_JRA-55.csv'] downloaded from [''] at ['2024-01-17 11:08:55']"
reference,G,"Kobayashi, S., Ota, Y., Harada, Y., Ebita, A., Moriya, M., Onoda, H., Onogi, K., Kamahori, H., Kobayashi, C., Endo, H. and Miyaoka, K., (2015). The JRA-55 reanalysis: General specifications and basic characteristics. Journal of the Meteorological Society of Japan. Ser. II, 93(1), pp.5-48."
rights,G,TBD
comments,G,Data produced by climind version 1.0
comments,G,Format description https://help.ceda.ac.uk/article/105-badc-csv
comments,G,"Original data acknowledgement: "
long_name,time,time,days since 1800-01-01 00:00:00.0
type,time,int
long_name,year,year,1
type,year,int
long_name,data,arab_subregion_3,degC
type,data,float
coordinate_variable,time,t
data
time,year,data
57708,1958,-0.5551
58073,1959,-1.0764
58438,1960,-0.4786
58804,1961,-1.3985
59169,1962,-0.5775
59534,1963,-0.3399
59899,1964,-1.3236
60265,1965,-1.0064
60630,1966,-0.8271
60995,1967,-1.2942
61360,1968,-1.0632
61726,1969,-0.1300
62091,1970,-0.8110
62456,1971,-1.3337
62821,1972,-0.7867
63187,1973,-0.4658
63552,1974,-1.1794
63917,1975,-1.1941
64282,1976,-0.7979
64648,1977,-1.2856
65013,1978,-0.8757
65378,1979,-0.1081
65743,1980,-0.3324
66109,1981,-0.5107
66474,1982,-0.9470
66839,1983,-0.8013
67204,1984,-0.4138
67570,1985,-0.7600
67935,1986,-0.6079
68300,1987,-0.1985
68665,1988,-0.1507
69031,1989,-0.7841
69396,1990,0.2340
69761,1991,-0.0353
70126,1992,-0.7727
70492,1993,-0.1765
70857,1994,-0.4968
71222,1995,0.0415
71587,1996,-0.2323
71953,1997,-0.3640
72318,1998,0.0703
72683,1999,0.0552
73048,2000,-0.4757
73414,2001,0.0021
73779,2002,0.2046
74144,2003,0.1970
74509,2004,0.0393
74875,2005,0.1692
75240,2006,-0.0656
75605,2007,-0.1768
75970,2008,-0.0873
76336,2009,0.4965
76701,2010,0.8077
77066,2011,-0.0644
77431,2012,0.0892
77797,2013,0.3579
78162,2014,0.2482
78527,2015,0.1359
78892,2016,0.3944
79258,2017,0.0839
79623,2018,0.0323
79988,2019,-0.0638
80353,2020,-0.4141
80719,2021,0.0011
81084,2022,-0.3021
81449,2023,0.4344
end data
