Conventions,G,BADC-CSV,1
title,G,Regional mean temperature for East African Arab Countries
last_revised_date,G,2024-01-18
date_valid,G,2024-01-18
feature_type,G,area average
creator,G,WMO
source,G,Produced by climind version 1.0
observation_station,G,derived data
location,G,90.,-180.,-90.,180.
rights,G,TBD
activity,G,WMO
comments,G,Format description https://help.ceda.ac.uk/article/105-badc-csv
history,arab_subregion_3_Berkeley_Earth,""Data set created from file ['Land_and_Ocean_LatLong1.nc'] downloaded from ['https://berkeley-earth-temperature.s3.us-west-1.amazonaws.com/Global/Gridded/Land_and_Ocean_LatLong1.nc'] at ['2024-01-17 10:19:03']""
history,arab_subregion_3_Berkeley_Earth,""Rebaselined to 1991-2020""
history,arab_subregion_3_Berkeley_Earth,""Calculated area-average""
history,arab_subregion_3_Berkeley_Earth,""Calculated annual average from monthly averages using arithmetic mean""
history,arab_subregion_3_Berkeley_Earth,""Selected years within the range 1900 to 2023.""
history,arab_subregion_3_Berkeley_Earth,""Wrote to file arab_subregion_3_Berkeley Earth.csv""
history,arab_subregion_3_Berkeley_Earth,"Data set created from file ['arab_subregion_3_Berkeley Earth.csv'] downloaded from [''] at ['2024-01-17 11:06:24']"
reference,arab_subregion_3_Berkeley_Earth,"Rohde, R. A. and Hausfather, Z.: The Berkeley Earth Land/Ocean Temperature Record, Earth Syst. Sci. Data, 12, 3469-3479, https://doi.org/10.5194/essd-12-3469-2020, 2020"
comments,arab_subregion_3_Berkeley_Earth,"Original data acknowledgement: "
history,arab_subregion_3_ERA5,""Gridded dataset created from file ['era5_2m_tas_2024.nc'] downloaded from ['']""
history,arab_subregion_3_ERA5,""Regridded to 1 degree latitude-longitude resolution""
history,arab_subregion_3_ERA5,""Rebaselined to 1991-2020""
history,arab_subregion_3_ERA5,""Calculated area-average""
history,arab_subregion_3_ERA5,""Calculated annual average from monthly averages using arithmetic mean""
history,arab_subregion_3_ERA5,""Selected years within the range 1900 to 2023.""
history,arab_subregion_3_ERA5,""Wrote to file arab_subregion_3_ERA5.csv""
history,arab_subregion_3_ERA5,"Data set created from file ['arab_subregion_3_ERA5.csv'] downloaded from [''] at ['2024-01-17 11:06:44']"
reference,arab_subregion_3_ERA5,"Hersbach H, Bell B, Berrisford P et al. 2020. The ERA5 global reanalysis. Q. J. R. Meteorol. Soc. 146: 1999-2049. https://doi.org/10.1002/qj.3803"
comments,arab_subregion_3_ERA5,"Original data acknowledgement: Contains using Copernicus Climate Change Service information [2024]. Neither the European Commission nor ECMWF is responsible for any use that may be made of the Copernicus information or data it contains."
history,arab_subregion_3_GISTEMP,""Data set created from file ['gistemp1200_GHCNv4_ERSSTv5.nc.gz'] downloaded from ['https://data.giss.nasa.gov/pub/gistemp/gistemp1200_GHCNv4_ERSSTv5.nc.gz'] at ['2024-01-15 11:20:46']""
history,arab_subregion_3_GISTEMP,""Regridded to 1 degree latitude-longitude resolution""
history,arab_subregion_3_GISTEMP,""Rebaselined to 1991-2020""
history,arab_subregion_3_GISTEMP,""Calculated area-average""
history,arab_subregion_3_GISTEMP,""Calculated annual average from monthly averages using arithmetic mean""
history,arab_subregion_3_GISTEMP,""Selected years within the range 1900 to 2023.""
history,arab_subregion_3_GISTEMP,""Wrote to file arab_subregion_3_GISTEMP.csv""
history,arab_subregion_3_GISTEMP,"Data set created from file ['arab_subregion_3_GISTEMP.csv'] downloaded from [''] at ['2024-01-17 11:07:23']"
reference,arab_subregion_3_GISTEMP,"Lenssen, N., G. Schmidt, J. Hansen, M. Menne, A. Persin, R. Ruedy, and D. Zyss, 2019: Improvements in the GISTEMP uncertainty model. J. Geophys. Res. Atmos., 124, no. 12, 6307-6326, doi:10.1029/2018JD029522"
comments,arab_subregion_3_GISTEMP,"Original data acknowledgement: "
history,arab_subregion_3_HadCRUT5,""Data set created from file ['HadCRUT.5.0.2.0.analysis.anomalies.ensemble_mean.nc'] downloaded from ['https://www.metoffice.gov.uk/hadobs/hadcrut5/data/HadCRUT.5.0.2.0/analysis/HadCRUT.5.0.2.0.analysis.anomalies.ensemble_mean.nc'] at ['2024-01-15 11:56:27']""
history,arab_subregion_3_HadCRUT5,""Regridded to 1 degree latitude-longitude resolution""
history,arab_subregion_3_HadCRUT5,""Rebaselined to 1991-2020""
history,arab_subregion_3_HadCRUT5,""Calculated area-average""
history,arab_subregion_3_HadCRUT5,""Calculated annual average from monthly averages using arithmetic mean""
history,arab_subregion_3_HadCRUT5,""Selected years within the range 1900 to 2023.""
history,arab_subregion_3_HadCRUT5,""Wrote to file arab_subregion_3_HadCRUT5.csv""
history,arab_subregion_3_HadCRUT5,"Data set created from file ['arab_subregion_3_HadCRUT5.csv'] downloaded from [''] at ['2024-01-17 11:08:28']"
reference,arab_subregion_3_HadCRUT5,"Morice, C. P., Kennedy, J. J., Rayner, N. A., Winn, J. P., Hogan, E., Killick, R. E., et al. (2021). An updated assessment of near-surface temperature change from 1850: the HadCRUT5 data set. Journal of Geophysical Research: Atmospheres, 126, e2019JD032361. https://doi.org/10.1029/2019JD032361"
comments,arab_subregion_3_HadCRUT5,"Original data acknowledgement: HadCRUT.5.0.2.0 data were obtained from http://www.metoffice.gov.uk/hadobs/hadcrut5 on 2024-01-15 11:56:27 and are © British Crown Copyright, Met Office 2024, provided under an Open Government License, http://www.nationalarchives.gov.uk/doc/open-government-licence/version/3/"
history,arab_subregion_3_JRA-55,""Data set created from file ['anl_surf125.011_tmp.202401_202412', 'anl_surf125.2024MMMM'] downloaded from ['', ''] at ['2024-01-15 11:20:51']""
history,arab_subregion_3_JRA-55,""Regridded to 1 degree latitude-longitude resolution""
history,arab_subregion_3_JRA-55,""Rebaselined to 1991-2020""
history,arab_subregion_3_JRA-55,""Calculated area-average""
history,arab_subregion_3_JRA-55,""Calculated annual average from monthly averages using arithmetic mean""
history,arab_subregion_3_JRA-55,""Selected years within the range 1900 to 2023.""
history,arab_subregion_3_JRA-55,""Wrote to file arab_subregion_3_JRA-55.csv""
history,arab_subregion_3_JRA-55,"Data set created from file ['arab_subregion_3_JRA-55.csv'] downloaded from [''] at ['2024-01-17 11:08:55']"
reference,arab_subregion_3_JRA-55,"Kobayashi, S., Ota, Y., Harada, Y., Ebita, A., Moriya, M., Onoda, H., Onogi, K., Kamahori, H., Kobayashi, C., Endo, H. and Miyaoka, K., (2015). The JRA-55 reanalysis: General specifications and basic characteristics. Journal of the Meteorological Society of Japan. Ser. II, 93(1), pp.5-48."
comments,arab_subregion_3_JRA-55,"Original data acknowledgement: "
history,arab_subregion_3_Kadow,""Data set created from file ['HadCRUT5.anomalies.Kadow_et_al_2020_20crAI-infilled.ensemble_mean_185001-*.nc'] downloaded from [''] at ['2024-01-17 10:11:02']""
history,arab_subregion_3_Kadow,""Regridded to 1 degree latitude-longitude resolution""
history,arab_subregion_3_Kadow,""Rebaselined to 1991-2020""
history,arab_subregion_3_Kadow,""Calculated area-average""
history,arab_subregion_3_Kadow,""Calculated annual average from monthly averages using arithmetic mean""
history,arab_subregion_3_Kadow,""Selected years within the range 1900 to 2023.""
history,arab_subregion_3_Kadow,""Wrote to file arab_subregion_3_Kadow.csv""
history,arab_subregion_3_Kadow,"Data set created from file ['arab_subregion_3_Kadow.csv'] downloaded from [''] at ['2024-01-17 11:09:42']"
reference,arab_subregion_3_Kadow,"Kadow, C., Hall, D.M. & Ulbrich, U. Artificial intelligence reconstructs missing climate information. Nat. Geosci. (2020). https://doi.org/10.1038/s41561-020-0582-5"
comments,arab_subregion_3_Kadow,"Original data acknowledgement: "
history,arab_subregion_3_NOAA_Interim,""Data set created from file ['NOAAGlobalTemp_v*.nc'] downloaded from ['https://www.ncei.noaa.gov/data/noaa-global-surface-temperature/v5.1/access/gridded/NOAAGlobalTemp_v.*.nc'] at ['2024-01-17 10:19:08']""
history,arab_subregion_3_NOAA_Interim,""Data set created from file ['NOAAGlobalTemp_v*.nc'] downloaded from ['https://www.ncei.noaa.gov/data/noaa-global-surface-temperature/v5.1/access/gridded/NOAAGlobalTemp_v.*.nc'] at ['2024-01-17 10:19:08']""
history,arab_subregion_3_NOAA_Interim,""Regridded to 1 degree latitude-longitude resolution""
history,arab_subregion_3_NOAA_Interim,""Rebaselined to 1991-2020""
history,arab_subregion_3_NOAA_Interim,""Calculated area-average""
history,arab_subregion_3_NOAA_Interim,""Calculated annual average from monthly averages using arithmetic mean""
history,arab_subregion_3_NOAA_Interim,""Selected years within the range 1900 to 2023.""
history,arab_subregion_3_NOAA_Interim,""Wrote to file arab_subregion_3_NOAA Interim.csv""
history,arab_subregion_3_NOAA_Interim,"Data set created from file ['arab_subregion_3_NOAA Interim.csv'] downloaded from [''] at ['2024-01-17 11:10:46']"
reference,arab_subregion_3_NOAA_Interim,"Vose, R.S., B. Huang, X. Yin., D. Arndt, D.R. Easterling, J.H. Lawrimore, M.J. Menne, A. Sanchez-Lugo, H.-M. Zhang, 2021: Implementing full spatial coverage in NOAA’s global temperature analysis. Geophysical Research Letters, 48, e2020GL090873. https://doi.org/10.1029/2020GL090873"
comments,arab_subregion_3_NOAA_Interim,"Original data acknowledgement: "
long_name,time,time,days since 1800-01-01 00:00:00.0
type,time,int
long_name,year,year,1
type,year,int
long_name,arab_subregion_3_Berkeley_Earth,arab_subregion_3,degC
type,arab_subregion_3_Berkeley_Earth,float
long_name,arab_subregion_3_ERA5,arab_subregion_3,degC
type,arab_subregion_3_ERA5,float
long_name,arab_subregion_3_GISTEMP,arab_subregion_3,degC
type,arab_subregion_3_GISTEMP,float
long_name,arab_subregion_3_HadCRUT5,arab_subregion_3,degC
type,arab_subregion_3_HadCRUT5,float
long_name,arab_subregion_3_JRA-55,arab_subregion_3,degC
type,arab_subregion_3_JRA-55,float
long_name,arab_subregion_3_Kadow,arab_subregion_3,degC
type,arab_subregion_3_Kadow,float
long_name,arab_subregion_3_NOAA_Interim,arab_subregion_3,degC
type,arab_subregion_3_NOAA_Interim,float
coordinate_variable,time,t
data
time,year,arab_subregion_3_Berkeley_Earth,arab_subregion_3_ERA5,arab_subregion_3_GISTEMP,arab_subregion_3_HadCRUT5,arab_subregion_3_JRA-55,arab_subregion_3_Kadow,arab_subregion_3_NOAA_Interim
36524,1900,-0.9198,,-0.8130,-1.0581,,-0.9044,-0.8031
36889,1901,-0.6214,,-0.9835,-0.5922,,-0.5004,-0.4663
37254,1902,-1.0575,,-0.7168,-0.9823,,-0.9989,-1.0325
37619,1903,-1.4964,,-1.2142,-1.4459,,-1.5371,-1.1591
37984,1904,-1.5122,,-1.3643,-1.5832,,-1.4282,-1.3916
38350,1905,-1.1901,,-0.8889,-1.2404,,-1.0997,-1.0327
38715,1906,-1.3179,,-0.9554,-0.8741,,-0.8048,-0.8897
39080,1907,-1.3361,,-1.1072,-1.1556,,-1.0878,-1.1309
39445,1908,-1.2279,,-1.2914,-1.1449,,-1.2123,-1.0729
39811,1909,-1.0738,,-0.9161,-0.9251,,-0.8083,-0.8674
40176,1910,-1.2716,,-1.2416,-1.3551,,-1.5526,-1.3040
40541,1911,-1.3379,,-1.3039,-1.3029,,-1.3091,-1.2690
40906,1912,-1.4954,,-1.5262,-1.4313,,-1.5270,-1.3985
41272,1913,-1.5184,,-1.4595,-1.5167,,-1.6898,-1.4431
41637,1914,-0.6806,,-0.5166,-0.8187,,-0.8518,-0.6870
42002,1915,-0.6128,,-0.4798,-0.6976,,-0.5548,-0.6663
42367,1916,-1.1659,,-1.1963,-1.3746,,-1.3466,-1.2853
42733,1917,-1.3934,,-1.5135,-1.4420,,-1.6489,-1.3711
43098,1918,-1.1439,,-1.2528,-1.2630,,-1.3390,-1.3208
43463,1919,-0.5872,,-0.5619,-0.6204,,-0.5160,-0.7127
43828,1920,-1.5006,,-1.2894,-1.5792,,-1.7217,-1.4101
44194,1921,-1.1076,,-1.0274,-1.2546,,-1.4488,-1.1410
44559,1922,-1.2262,,-1.1863,-1.0566,,-1.2601,-1.1428
44924,1923,-1.2256,,-1.0919,-1.2231,,-1.2617,-1.1036
45289,1924,-0.7620,,-0.6009,-0.6299,,-0.7663,-0.6582
45655,1925,-0.9502,,-0.8243,-1.0287,,-1.0628,-0.9381
46020,1926,-0.8655,,-0.7005,-0.9468,,-1.0117,-0.7425
46385,1927,-0.8949,,-0.6305,-0.7003,,-0.8005,-0.7311
46750,1928,-0.6027,,-0.3734,-0.2325,,-0.4216,-0.4309
47116,1929,-1.0484,,-0.8639,-0.9483,,-0.9974,-0.8433
47481,1930,-1.1143,,-0.8811,-1.1074,,-1.1083,-0.8351
47846,1931,-0.6106,,-0.3818,-0.6357,,-0.5560,-0.3206
48211,1932,-0.9999,,-0.8840,-0.8961,,-0.9482,-0.7207
48577,1933,-0.6452,,-0.5452,-0.4586,,-0.6254,-0.4930
48942,1934,-0.9399,,-0.8566,-0.9762,,-1.0730,-0.7931
49307,1935,-0.9134,,-0.7736,-0.8816,,-0.8306,-0.6379
49672,1936,-0.6505,,-0.5814,-0.5680,,-0.3773,-0.6130
50038,1937,-0.9025,,-0.7578,-0.8400,,-0.7048,-0.8069
50403,1938,-0.9239,,-0.8000,-0.9540,,-0.8725,-0.7299
50768,1939,-0.5673,,-0.5538,-0.5726,,-0.2590,-0.3822
51133,1940,-0.4575,,-0.4007,-0.4563,,-0.3027,-0.3734
51499,1941,-0.4547,,-0.2121,-0.6124,,-0.6048,-0.0797
51864,1942,-0.6746,,-0.3901,-0.8281,,-0.9292,-0.4156
52229,1943,-1.1561,,-0.9002,-1.4592,,-1.5196,-0.8973
52594,1944,-0.7823,,-0.6600,-1.1588,,-1.2539,-0.6706
52960,1945,-1.0262,,-0.8532,-1.4324,,-1.4825,-0.8659
53325,1946,-0.9466,,-0.7762,-1.2637,,-1.3732,-0.7780
53690,1947,-0.6602,,-0.5959,-1.0620,,-1.1711,-0.5680
54055,1948,-1.2755,,-1.1347,-1.4400,,-1.5801,-1.0877
54421,1949,-1.2971,,-1.0826,-1.4855,,-1.5742,-1.0450
54786,1950,-1.1996,,-0.9977,-1.4476,,-1.5026,-1.0684
55151,1951,-1.0918,,-0.9529,-1.3789,,-1.3870,-0.9286
55516,1952,-0.6325,,-0.5151,-0.9183,,-0.9142,-0.6467
55882,1953,-0.9904,,-0.8512,-1.3079,,-1.2939,-0.8527
56247,1954,-0.9400,,-0.8164,-1.2833,,-1.3029,-0.8544
56612,1955,-0.9340,,-0.8205,-1.1876,,-1.2808,-0.9284
56977,1956,-1.1234,,-1.0082,-1.3411,,-1.4265,-1.0136
57343,1957,-0.9210,,-0.8956,-1.2393,,-1.3275,-0.9201
57708,1958,-0.4710,,-0.3851,-0.8481,-0.5551,-0.9113,-0.5050
58073,1959,-0.9882,,-0.8233,-1.4309,-1.0764,-1.5206,-0.9399
58438,1960,-0.4945,,-0.3843,-0.8801,-0.4786,-0.8994,-0.4306
58804,1961,-1.3353,,-1.1083,-1.6028,-1.3985,-1.6661,-1.1507
59169,1962,-0.6671,,-0.6672,-1.0338,-0.5775,-1.1057,-0.6358
59534,1963,-0.5973,,-0.5309,-0.8561,-0.3399,-0.8395,-0.5053
59899,1964,-1.3230,,-1.1998,-1.6261,-1.3236,-1.6175,-1.1700
60265,1965,-1.1075,,-0.9246,-1.3275,-1.0064,-1.3734,-0.9124
60630,1966,-0.6859,,-0.5795,-0.9062,-0.8271,-0.8909,-0.5742
60995,1967,-1.3156,,-1.2439,-1.6519,-1.2942,-1.6076,-1.2527
61360,1968,-1.1359,,-1.0987,-1.4332,-1.0632,-1.4248,-1.0521
61726,1969,-0.2882,,-0.2720,-0.6298,-0.1300,-0.6552,-0.2677
62091,1970,-0.8437,,-0.7380,-1.0873,-0.8110,-1.1293,-0.8217
62456,1971,-1.1419,,-1.0912,-1.4547,-1.3337,-1.4041,-1.0802
62821,1972,-0.5891,,-0.6007,-0.9786,-0.7867,-0.8992,-0.6086
63187,1973,-0.3693,,-0.3021,-0.6831,-0.4658,-0.6320,-0.3400
63552,1974,-1.0240,,-1.0162,-1.1146,-1.1794,-1.1654,-0.9568
63917,1975,-1.0441,,-0.8954,-1.1585,-1.1941,-1.3506,-0.9177
64282,1976,-0.5753,,-0.5877,-0.6287,-0.7979,-0.7051,-0.5567
64648,1977,-0.9967,,-0.9588,-1.0922,-1.2856,-1.0949,-1.0435
65013,1978,-0.6402,,-0.7403,-0.7341,-0.8757,-0.7372,-0.7527
65378,1979,-0.2726,-0.2587,-0.3589,-0.3373,-0.1081,-0.3673,-0.3685
65743,1980,-0.2629,-0.3465,-0.2604,-0.3479,-0.3324,-0.3584,-0.3340
66109,1981,-0.6591,-0.6614,-0.6482,-0.7026,-0.5107,-0.7231,-0.6907
66474,1982,-0.8091,-0.9976,-0.7611,-0.8184,-0.9470,-0.8583,-0.7279
66839,1983,-0.8350,-0.9454,-0.7734,-0.8587,-0.8013,-0.9356,-0.8723
67204,1984,-0.4798,-0.7497,-0.4033,-0.5181,-0.4138,-0.5842,-0.4694
67570,1985,-0.5387,-0.9063,-0.5190,-0.5468,-0.7600,-0.5965,-0.5090
67935,1986,-0.7141,-0.7383,-0.6368,-0.7097,-0.6079,-0.7999,-0.5833
68300,1987,-0.2647,-0.3089,-0.1955,-0.3156,-0.1985,-0.4413,-0.1949
68665,1988,-0.5206,-0.3416,-0.3718,-0.4521,-0.1507,-0.5272,-0.3942
69031,1989,-1.0833,-0.9646,-1.0404,-1.0008,-0.7841,-1.0478,-0.9937
69396,1990,-0.3023,0.0509,-0.3055,-0.3876,0.2340,-0.4304,-0.2695
69761,1991,-0.3998,-0.2041,-0.4333,-0.5363,-0.0353,-0.5910,-0.3596
70126,1992,-0.9202,-0.9211,-0.9362,-1.1817,-0.7727,-1.2685,-1.0759
70492,1993,-0.4016,-0.3325,-0.4969,-0.5817,-0.1765,-0.5678,-0.5389
70857,1994,-0.5423,-0.7662,-0.5668,-0.7685,-0.4968,-0.7750,-0.5585
71222,1995,-0.3701,-0.4608,-0.2827,-0.5627,0.0415,-0.5746,-0.3200
71587,1996,-0.1937,-0.5506,-0.2786,-0.2248,-0.2323,-0.1804,-0.2741
71953,1997,-0.3693,-0.6469,-0.3973,-0.1350,-0.3640,-0.0667,-0.3356
72318,1998,-0.0712,-0.0095,-0.0920,-0.0892,0.0703,-0.1003,0.0271
72683,1999,-0.0575,-0.0195,-0.1258,-0.1724,0.0552,-0.0498,-0.0558
73048,2000,-0.4170,-0.4579,-0.3653,-0.3633,-0.4757,-0.3027,-0.4145
73414,2001,-0.2121,-0.1313,-0.1981,-0.3039,0.0021,-0.2612,-0.2793
73779,2002,0.0596,0.0408,0.1232,-0.0321,0.2046,-0.0724,0.0623
74144,2003,0.1089,0.1121,0.1387,0.0073,0.1970,-0.0425,0.0727
74509,2004,0.0381,0.0242,0.0697,-0.0125,0.0393,-0.0567,-0.0033
74875,2005,0.2769,0.1825,0.2817,0.2328,0.1692,0.1056,0.2579
75240,2006,-0.0595,0.0069,-0.0143,-0.0387,-0.0656,-0.0912,0.0266
75605,2007,-0.1410,-0.0410,-0.1604,-0.0415,-0.1768,-0.1237,-0.0828
75970,2008,-0.0273,0.0494,-0.0172,0.0337,-0.0873,-0.0540,-0.0227
76336,2009,0.4677,0.5168,0.5200,0.5156,0.4965,0.4700,0.4728
76701,2010,0.7110,0.8759,0.7266,0.9504,0.8077,0.9264,0.7305
77066,2011,0.0692,-0.1557,0.0441,0.0655,-0.0644,0.1489,0.0673
77431,2012,0.1161,0.0756,0.1106,0.2544,0.0892,0.3577,0.1453
77797,2013,0.2508,0.2974,0.2963,0.3098,0.3579,0.4695,0.2536
78162,2014,0.2666,0.2779,0.2117,0.2299,0.2482,0.3040,0.1566
78527,2015,0.4334,0.3908,0.4614,0.5262,0.1359,0.5973,0.3706
78892,2016,0.6034,0.5363,0.6025,0.6913,0.3944,0.6973,0.5616
79258,2017,0.3828,0.4874,0.4239,0.4053,0.0839,0.4712,0.4092
79623,2018,0.1998,0.3140,0.1506,0.3803,0.0323,0.3110,0.2582
79988,2019,0.2236,0.3463,0.1796,0.3650,-0.0638,0.2927,0.2859
80353,2020,-0.0250,0.1627,0.0243,0.0765,-0.4141,0.0272,0.1629
80719,2021,0.3254,0.5046,0.3708,0.3185,0.0011,0.3248,0.4373
81084,2022,-0.0754,0.0689,-0.0130,0.1076,-0.3021,0.0787,0.1124
81449,2023,0.6907,1.0037,0.6742,0.5341,0.4344,0.1458,0.8931
end data
