Conventions,G,BADC-CSV,1
title,G,Regional mean temperature for WMO RA 4 North America
last_revised_date,G,2024-01-18
date_valid,G,2024-01-18
feature_type,G,area average
creator,G,WMO
source,G,Produced by climind version 1.0
observation_station,G,derived data
location,G,90.,-180.,-90.,180.
activity,G,WMO
history,G,""Data set created from file ['HadCRUT.5.0.2.0.analysis.anomalies.ensemble_mean.nc'] downloaded from ['https://www.metoffice.gov.uk/hadobs/hadcrut5/data/HadCRUT.5.0.2.0/analysis/HadCRUT.5.0.2.0.analysis.anomalies.ensemble_mean.nc'] at ['2024-01-15 11:56:27']""
history,G,""Regridded to 1 degree latitude-longitude resolution""
history,G,""Rebaselined to 1991-2020""
history,G,""Calculated area-average""
history,G,""Calculated annual average from monthly averages using arithmetic mean""
history,G,""Selected years within the range 1900 to 2023.""
history,G,""Wrote to file wmo_ra_4_HadCRUT5.csv""
history,G,"Data set created from file ['wmo_ra_4_HadCRUT5.csv'] downloaded from [''] at ['2024-01-17 11:07:36']"
reference,G,"Morice, C. P., Kennedy, J. J., Rayner, N. A., Winn, J. P., Hogan, E., Killick, R. E., et al. (2021). An updated assessment of near-surface temperature change from 1850: the HadCRUT5 data set. Journal of Geophysical Research: Atmospheres, 126, e2019JD032361. https://doi.org/10.1029/2019JD032361"
rights,G,TBD
comments,G,Data produced by climind version 1.0
comments,G,Format description https://help.ceda.ac.uk/article/105-badc-csv
comments,G,"Original data acknowledgement: HadCRUT.5.0.2.0 data were obtained from http://www.metoffice.gov.uk/hadobs/hadcrut5 on 2024-01-15 11:56:27 and are © British Crown Copyright, Met Office 2024, provided under an Open Government License, http://www.nationalarchives.gov.uk/doc/open-government-licence/version/3/"
long_name,time,time,days since 1800-01-01 00:00:00.0
type,time,int
long_name,year,year,1
type,year,int
long_name,data,wmo_ra_4,degC
type,data,float
coordinate_variable,time,t
data
time,year,data
36524,1900,-1.0016
36889,1901,-1.2031
37254,1902,-1.2383
37619,1903,-1.5608
37984,1904,-1.7313
38350,1905,-1.1746
38715,1906,-1.1179
39080,1907,-1.8201
39445,1908,-1.1613
39811,1909,-1.6084
40176,1910,-1.0882
40541,1911,-1.2618
40906,1912,-1.4960
41272,1913,-1.4946
41637,1914,-1.3423
42002,1915,-0.7454
42367,1916,-1.5748
42733,1917,-2.2395
43098,1918,-1.5983
43463,1919,-1.4440
43828,1920,-1.4284
44194,1921,-0.6806
44559,1922,-1.3743
44924,1923,-1.2055
45289,1924,-1.4057
45655,1925,-1.1035
46020,1926,-0.9786
46385,1927,-1.2042
46750,1928,-0.7341
47116,1929,-1.4619
47481,1930,-0.8354
47846,1931,-0.1362
48211,1932,-1.1741
48577,1933,-1.3822
48942,1934,-0.6670
49307,1935,-1.2965
49672,1936,-1.3589
50038,1937,-0.8269
50403,1938,-0.3531
50768,1939,-0.7645
51133,1940,-0.4985
51499,1941,-0.5402
51864,1942,-0.6544
52229,1943,-0.7146
52594,1944,-0.4609
52960,1945,-1.0217
53325,1946,-0.8204
53690,1947,-0.7152
54055,1948,-1.0647
54421,1949,-0.9312
54786,1950,-1.4724
55151,1951,-1.2684
55516,1952,-0.4473
55882,1953,-0.1886
56247,1954,-0.5988
56612,1955,-1.1330
56977,1956,-1.2786
57343,1957,-0.8315
57708,1958,-0.5799
58073,1959,-1.0232
58438,1960,-0.7838
58804,1961,-1.0755
59169,1962,-0.8425
59534,1963,-0.6582
59899,1964,-1.2903
60265,1965,-1.2386
60630,1966,-1.1898
60995,1967,-1.0812
61360,1968,-1.0015
61726,1969,-0.7692
62091,1970,-1.1023
62456,1971,-1.1109
62821,1972,-1.8728
63187,1973,-0.5957
63552,1974,-1.2496
63917,1975,-1.1553
64282,1976,-1.0137
64648,1977,-0.2978
65013,1978,-1.1364
65378,1979,-1.1208
65743,1980,-0.5597
66109,1981,0.2872
66474,1982,-1.4306
66839,1983,-0.7568
67204,1984,-0.8236
67570,1985,-1.0454
67935,1986,-0.5696
68300,1987,0.0843
68665,1988,-0.3866
69031,1989,-0.9606
69396,1990,-0.5783
69761,1991,-0.3666
70126,1992,-0.7831
70492,1993,-0.6502
70857,1994,-0.4394
71222,1995,-0.3457
71587,1996,-0.8873
71953,1997,-0.3868
72318,1998,0.8087
72683,1999,0.2082
73048,2000,-0.1352
73414,2001,0.2844
73779,2002,-0.2019
74144,2003,-0.0193
74509,2004,-0.5152
74875,2005,0.3214
75240,2006,0.7203
75605,2007,-0.0600
75970,2008,-0.5162
76336,2009,-0.3409
76701,2010,0.7101
77066,2011,0.0769
77431,2012,0.6451
77797,2013,-0.3491
78162,2014,-0.2604
78527,2015,0.4216
78892,2016,0.9958
79258,2017,0.5493
79623,2018,-0.0509
79988,2019,0.1227
80353,2020,0.4437
80719,2021,0.6738
81084,2022,0.1874
81449,2023,1.1716
end data
