Conventions,G,BADC-CSV,1
title,G,Regional mean temperature for WMO RA 4 North America
last_revised_date,G,2024-01-25
date_valid,G,2024-01-25
feature_type,G,area average
creator,G,WMO
source,G,Produced by climind version 1.0
observation_station,G,derived data
location,G,90.,-180.,-90.,180.
rights,G,TBD
activity,G,WMO
comments,G,Format description https://help.ceda.ac.uk/article/105-badc-csv
history,wmo_ra_4_Berkeley_Earth,""Data set created from file ['Land_and_Ocean_LatLong1.nc'] downloaded from ['https://berkeley-earth-temperature.s3.us-west-1.amazonaws.com/Global/Gridded/Land_and_Ocean_LatLong1.nc'] at ['2024-01-17 10:19:03']""
history,wmo_ra_4_Berkeley_Earth,""Rebaselined to 1991-2020""
history,wmo_ra_4_Berkeley_Earth,""Calculated area-average""
history,wmo_ra_4_Berkeley_Earth,""Calculated annual average from monthly averages using arithmetic mean""
history,wmo_ra_4_Berkeley_Earth,""Selected years within the range 1900 to 2023.""
history,wmo_ra_4_Berkeley_Earth,""Wrote to file wmo_ra_4_Berkeley Earth.csv""
history,wmo_ra_4_Berkeley_Earth,"Data set created from file ['wmo_ra_4_Berkeley Earth.csv'] downloaded from [''] at ['2024-01-17 11:05:32']"
reference,wmo_ra_4_Berkeley_Earth,"Rohde, R. A. and Hausfather, Z.: The Berkeley Earth Land/Ocean Temperature Record, Earth Syst. Sci. Data, 12, 3469-3479, https://doi.org/10.5194/essd-12-3469-2020, 2020"
comments,wmo_ra_4_Berkeley_Earth,"Original data acknowledgement: "
history,wmo_ra_4_ERA5,""Gridded dataset created from file ['era5_2m_tas_2024.nc'] downloaded from ['']""
history,wmo_ra_4_ERA5,""Regridded to 1 degree latitude-longitude resolution""
history,wmo_ra_4_ERA5,""Rebaselined to 1991-2020""
history,wmo_ra_4_ERA5,""Calculated area-average""
history,wmo_ra_4_ERA5,""Calculated annual average from monthly averages using arithmetic mean""
history,wmo_ra_4_ERA5,""Selected years within the range 1900 to 2023.""
history,wmo_ra_4_ERA5,""Wrote to file wmo_ra_4_ERA5.csv""
history,wmo_ra_4_ERA5,"Data set created from file ['wmo_ra_4_ERA5.csv'] downloaded from [''] at ['2024-01-17 11:06:31']"
reference,wmo_ra_4_ERA5,"Hersbach H, Bell B, Berrisford P et al. 2020. The ERA5 global reanalysis. Q. J. R. Meteorol. Soc. 146: 1999-2049. https://doi.org/10.1002/qj.3803"
comments,wmo_ra_4_ERA5,"Original data acknowledgement: Contains using Copernicus Climate Change Service information [2024]. Neither the European Commission nor ECMWF is responsible for any use that may be made of the Copernicus information or data it contains."
history,wmo_ra_4_GISTEMP,""Data set created from file ['gistemp1200_GHCNv4_ERSSTv5.nc.gz'] downloaded from ['https://data.giss.nasa.gov/pub/gistemp/gistemp1200_GHCNv4_ERSSTv5.nc.gz'] at ['2024-01-15 11:20:46']""
history,wmo_ra_4_GISTEMP,""Regridded to 1 degree latitude-longitude resolution""
history,wmo_ra_4_GISTEMP,""Rebaselined to 1991-2020""
history,wmo_ra_4_GISTEMP,""Calculated area-average""
history,wmo_ra_4_GISTEMP,""Calculated annual average from monthly averages using arithmetic mean""
history,wmo_ra_4_GISTEMP,""Selected years within the range 1900 to 2023.""
history,wmo_ra_4_GISTEMP,""Wrote to file wmo_ra_4_GISTEMP.csv""
history,wmo_ra_4_GISTEMP,"Data set created from file ['wmo_ra_4_GISTEMP.csv'] downloaded from [''] at ['2024-01-17 11:06:52']"
reference,wmo_ra_4_GISTEMP,"Lenssen, N., G. Schmidt, J. Hansen, M. Menne, A. Persin, R. Ruedy, and D. Zyss, 2019: Improvements in the GISTEMP uncertainty model. J. Geophys. Res. Atmos., 124, no. 12, 6307-6326, doi:10.1029/2018JD029522"
comments,wmo_ra_4_GISTEMP,"Original data acknowledgement: "
history,wmo_ra_4_HadCRUT5,""Data set created from file ['HadCRUT.5.0.2.0.analysis.anomalies.ensemble_mean.nc'] downloaded from ['https://www.metoffice.gov.uk/hadobs/hadcrut5/data/HadCRUT.5.0.2.0/analysis/HadCRUT.5.0.2.0.analysis.anomalies.ensemble_mean.nc'] at ['2024-01-15 11:56:27']""
history,wmo_ra_4_HadCRUT5,""Regridded to 1 degree latitude-longitude resolution""
history,wmo_ra_4_HadCRUT5,""Rebaselined to 1991-2020""
history,wmo_ra_4_HadCRUT5,""Calculated area-average""
history,wmo_ra_4_HadCRUT5,""Calculated annual average from monthly averages using arithmetic mean""
history,wmo_ra_4_HadCRUT5,""Selected years within the range 1900 to 2023.""
history,wmo_ra_4_HadCRUT5,""Wrote to file wmo_ra_4_HadCRUT5.csv""
history,wmo_ra_4_HadCRUT5,"Data set created from file ['wmo_ra_4_HadCRUT5.csv'] downloaded from [''] at ['2024-01-17 11:07:36']"
reference,wmo_ra_4_HadCRUT5,"Morice, C. P., Kennedy, J. J., Rayner, N. A., Winn, J. P., Hogan, E., Killick, R. E., et al. (2021). An updated assessment of near-surface temperature change from 1850: the HadCRUT5 data set. Journal of Geophysical Research: Atmospheres, 126, e2019JD032361. https://doi.org/10.1029/2019JD032361"
comments,wmo_ra_4_HadCRUT5,"Original data acknowledgement: HadCRUT.5.0.2.0 data were obtained from http://www.metoffice.gov.uk/hadobs/hadcrut5 on 2024-01-15 11:56:27 and are © British Crown Copyright, Met Office 2024, provided under an Open Government License, http://www.nationalarchives.gov.uk/doc/open-government-licence/version/3/"
history,wmo_ra_4_JRA-55,""Data set created from file ['anl_surf125.011_tmp.202401_202412', 'anl_surf125.2024MMMM'] downloaded from ['', ''] at ['2024-01-15 11:20:51']""
history,wmo_ra_4_JRA-55,""Regridded to 1 degree latitude-longitude resolution""
history,wmo_ra_4_JRA-55,""Rebaselined to 1991-2020""
history,wmo_ra_4_JRA-55,""Calculated area-average""
history,wmo_ra_4_JRA-55,""Calculated annual average from monthly averages using arithmetic mean""
history,wmo_ra_4_JRA-55,""Selected years within the range 1900 to 2023.""
history,wmo_ra_4_JRA-55,""Wrote to file wmo_ra_4_JRA-55.csv""
history,wmo_ra_4_JRA-55,"Data set created from file ['wmo_ra_4_JRA-55.csv'] downloaded from [''] at ['2024-01-17 11:08:35']"
reference,wmo_ra_4_JRA-55,"Kobayashi, S., Ota, Y., Harada, Y., Ebita, A., Moriya, M., Onoda, H., Onogi, K., Kamahori, H., Kobayashi, C., Endo, H. and Miyaoka, K., (2015). The JRA-55 reanalysis: General specifications and basic characteristics. Journal of the Meteorological Society of Japan. Ser. II, 93(1), pp.5-48."
comments,wmo_ra_4_JRA-55,"Original data acknowledgement: "
history,wmo_ra_4_Kadow,""Data set created from file ['HadCRUT5.anomalies.Kadow_et_al_2020_20crAI-infilled.ensemble_mean_185001-*.nc'] downloaded from [''] at ['2024-01-17 10:11:02']""
history,wmo_ra_4_Kadow,""Regridded to 1 degree latitude-longitude resolution""
history,wmo_ra_4_Kadow,""Rebaselined to 1991-2020""
history,wmo_ra_4_Kadow,""Calculated area-average""
history,wmo_ra_4_Kadow,""Calculated annual average from monthly averages using arithmetic mean""
history,wmo_ra_4_Kadow,""Selected years within the range 1900 to 2023.""
history,wmo_ra_4_Kadow,""Wrote to file wmo_ra_4_Kadow.csv""
history,wmo_ra_4_Kadow,"Data set created from file ['wmo_ra_4_Kadow.csv'] downloaded from [''] at ['2024-01-17 11:09:05']"
reference,wmo_ra_4_Kadow,"Kadow, C., Hall, D.M. & Ulbrich, U. Artificial intelligence reconstructs missing climate information. Nat. Geosci. (2020). https://doi.org/10.1038/s41561-020-0582-5"
comments,wmo_ra_4_Kadow,"Original data acknowledgement: "
history,wmo_ra_4_NOAA_Interim,""Data set created from file ['NOAAGlobalTemp_v*.nc'] downloaded from ['https://www.ncei.noaa.gov/data/noaa-global-surface-temperature/v5.1/access/gridded/NOAAGlobalTemp_v.*.nc'] at ['2024-01-17 10:19:08']""
history,wmo_ra_4_NOAA_Interim,""Data set created from file ['NOAAGlobalTemp_v*.nc'] downloaded from ['https://www.ncei.noaa.gov/data/noaa-global-surface-temperature/v5.1/access/gridded/NOAAGlobalTemp_v.*.nc'] at ['2024-01-17 10:19:08']""
history,wmo_ra_4_NOAA_Interim,""Regridded to 1 degree latitude-longitude resolution""
history,wmo_ra_4_NOAA_Interim,""Rebaselined to 1991-2020""
history,wmo_ra_4_NOAA_Interim,""Calculated area-average""
history,wmo_ra_4_NOAA_Interim,""Calculated annual average from monthly averages using arithmetic mean""
history,wmo_ra_4_NOAA_Interim,""Selected years within the range 1900 to 2023.""
history,wmo_ra_4_NOAA_Interim,""Wrote to file wmo_ra_4_NOAA Interim.csv""
history,wmo_ra_4_NOAA_Interim,"Data set created from file ['wmo_ra_4_NOAA Interim.csv'] downloaded from [''] at ['2024-01-17 11:09:55']"
reference,wmo_ra_4_NOAA_Interim,"Vose, R.S., B. Huang, X. Yin., D. Arndt, D.R. Easterling, J.H. Lawrimore, M.J. Menne, A. Sanchez-Lugo, H.-M. Zhang, 2021: Implementing full spatial coverage in NOAA’s global temperature analysis. Geophysical Research Letters, 48, e2020GL090873. https://doi.org/10.1029/2020GL090873"
comments,wmo_ra_4_NOAA_Interim,"Original data acknowledgement: "
long_name,time,time,days since 1800-01-01 00:00:00.0
type,time,int
long_name,year,year,1
type,year,int
long_name,wmo_ra_4_Berkeley_Earth,wmo_ra_4,degC
type,wmo_ra_4_Berkeley_Earth,float
long_name,wmo_ra_4_ERA5,wmo_ra_4,degC
type,wmo_ra_4_ERA5,float
long_name,wmo_ra_4_GISTEMP,wmo_ra_4,degC
type,wmo_ra_4_GISTEMP,float
long_name,wmo_ra_4_HadCRUT5,wmo_ra_4,degC
type,wmo_ra_4_HadCRUT5,float
long_name,wmo_ra_4_JRA-55,wmo_ra_4,degC
type,wmo_ra_4_JRA-55,float
long_name,wmo_ra_4_Kadow,wmo_ra_4,degC
type,wmo_ra_4_Kadow,float
long_name,wmo_ra_4_NOAA_Interim,wmo_ra_4,degC
type,wmo_ra_4_NOAA_Interim,float
coordinate_variable,time,t
data
time,year,wmo_ra_4_Berkeley_Earth,wmo_ra_4_ERA5,wmo_ra_4_GISTEMP,wmo_ra_4_HadCRUT5,wmo_ra_4_JRA-55,wmo_ra_4_Kadow,wmo_ra_4_NOAA_Interim
36524,1900,-0.6883,,-0.8229,-1.0016,,-1.1734,-0.9561
36889,1901,-0.9824,,-1.0818,-1.2031,,-1.3590,-1.1261
37254,1902,-0.9829,,-1.2051,-1.2383,,-1.3021,-1.1505
37619,1903,-1.2836,,-1.4541,-1.5608,,-1.5837,-1.5010
37984,1904,-1.5030,,-1.6545,-1.7313,,-1.8361,-1.6982
38350,1905,-1.0121,,-1.1272,-1.1746,,-1.2250,-1.1904
38715,1906,-0.9813,,-1.0902,-1.1179,,-1.2649,-1.1217
39080,1907,-1.7032,,-1.8007,-1.8201,,-2.0302,-1.8344
39445,1908,-0.9749,,-1.0351,-1.1613,,-1.2676,-1.1778
39811,1909,-1.5065,,-1.7386,-1.6084,,-1.7447,-1.6997
40176,1910,-0.9417,,-1.0676,-1.0882,,-1.1686,-1.1513
40541,1911,-1.0691,,-1.2214,-1.2618,,-1.2726,-1.3074
40906,1912,-1.2503,,-1.4102,-1.4960,,-1.5197,-1.4927
41272,1913,-1.3899,,-1.3531,-1.4946,,-1.7248,-1.4990
41637,1914,-1.2686,,-1.2859,-1.3423,,-1.4949,-1.3165
42002,1915,-0.6118,,-0.7531,-0.7454,,-0.6570,-0.6932
42367,1916,-1.3709,,-1.5929,-1.5748,,-1.6707,-1.5837
42733,1917,-2.0698,,-2.2153,-2.2395,,-2.3363,-2.1159
43098,1918,-1.5203,,-1.4327,-1.5983,,-1.8001,-1.4860
43463,1919,-1.2439,,-1.3412,-1.4440,,-1.5242,-1.3410
43828,1920,-1.1662,,-1.3959,-1.4284,,-1.4210,-1.4137
44194,1921,-0.4822,,-0.4583,-0.6806,,-0.7610,-0.7094
44559,1922,-1.2439,,-1.2133,-1.3743,,-1.5029,-1.3149
44924,1923,-1.1179,,-1.0310,-1.2055,,-1.2999,-1.1586
45289,1924,-1.2352,,-1.3675,-1.4057,,-1.4146,-1.3784
45655,1925,-0.9940,,-0.9075,-1.1035,,-1.1371,-1.0666
46020,1926,-0.8123,,-0.7608,-0.9786,,-1.0526,-0.7976
46385,1927,-1.1314,,-1.1490,-1.2042,,-1.2368,-1.2360
46750,1928,-0.5843,,-0.5916,-0.7341,,-0.7606,-0.7563
47116,1929,-1.3374,,-1.3369,-1.4619,,-1.5465,-1.3873
47481,1930,-0.7124,,-0.6949,-0.8354,,-0.8248,-0.8593
47846,1931,-0.0599,,0.0747,-0.1362,,-0.0704,-0.0964
48211,1932,-1.1498,,-1.1337,-1.1741,,-1.2314,-1.1820
48577,1933,-1.3478,,-1.1468,-1.3822,,-1.4745,-1.4430
48942,1934,-0.6565,,-0.3929,-0.6670,,-0.7450,-0.7188
49307,1935,-1.2982,,-1.2256,-1.2965,,-1.3301,-1.3037
49672,1936,-1.3555,,-1.2066,-1.3589,,-1.4312,-1.3947
50038,1937,-0.7814,,-0.8084,-0.8269,,-0.8062,-0.7704
50403,1938,-0.2990,,-0.2280,-0.3531,,-0.3733,-0.3851
50768,1939,-0.7380,,-0.5477,-0.7645,,-0.7785,-0.7704
51133,1940,-0.4131,,-0.4669,-0.4985,,-0.4513,-0.3995
51499,1941,-0.5003,,-0.3630,-0.5402,,-0.5832,-0.4338
51864,1942,-0.5522,,-0.5761,-0.6544,,-0.6454,-0.6213
52229,1943,-0.6646,,-0.7257,-0.7146,,-0.7132,-0.6649
52594,1944,-0.4177,,-0.4434,-0.4609,,-0.4369,-0.3804
52960,1945,-0.9586,,-0.9482,-1.0217,,-1.0269,-0.9388
53325,1946,-0.7579,,-0.6600,-0.8204,,-0.8689,-0.7937
53690,1947,-0.6333,,-0.6643,-0.7152,,-0.7055,-0.7049
54055,1948,-0.9866,,-1.0709,-1.0647,,-1.0547,-1.0296
54421,1949,-0.8609,,-0.8219,-0.9312,,-0.9449,-0.9130
54786,1950,-1.3999,,-1.4567,-1.4724,,-1.5368,-1.4450
55151,1951,-1.2260,,-1.3567,-1.2684,,-1.2863,-1.2452
55516,1952,-0.4028,,-0.4842,-0.4473,,-0.4163,-0.4287
55882,1953,-0.1437,,-0.0951,-0.1886,,-0.1940,-0.1758
56247,1954,-0.5299,,-0.5549,-0.5988,,-0.6088,-0.5759
56612,1955,-1.0434,,-1.1690,-1.1330,,-1.0980,-1.0729
56977,1956,-1.2734,,-1.2224,-1.2786,,-1.3286,-1.2339
57343,1957,-0.7656,,-0.7361,-0.8315,,-0.8319,-0.7832
57708,1958,-0.5173,,-0.5843,-0.5799,-0.5828,-0.5550,-0.5059
58073,1959,-0.9972,,-0.9856,-1.0232,-1.0701,-1.0492,-1.0226
58438,1960,-0.6960,,-0.7730,-0.7838,-0.7642,-0.7699,-0.7185
58804,1961,-1.0214,,-1.0305,-1.0755,-1.0448,-1.0784,-1.0859
59169,1962,-0.7823,,-0.8354,-0.8425,-0.8588,-0.8617,-0.8264
59534,1963,-0.6123,,-0.6363,-0.6582,-0.7161,-0.6421,-0.6614
59899,1964,-1.2854,,-1.2256,-1.2903,-1.2436,-1.3114,-1.3110
60265,1965,-1.2510,,-1.2187,-1.2386,-1.1962,-1.2352,-1.2417
60630,1966,-1.1688,,-1.2181,-1.1898,-1.1041,-1.2213,-1.2012
60995,1967,-1.0753,,-1.0393,-1.0812,-1.1311,-1.0886,-1.0821
61360,1968,-0.9426,,-1.0108,-1.0015,-0.9925,-1.0070,-0.9984
61726,1969,-0.7079,,-0.8294,-0.7692,-0.7327,-0.7867,-0.7757
62091,1970,-1.0782,,-1.0888,-1.1023,-1.1133,-1.1046,-1.0932
62456,1971,-1.0555,,-1.1416,-1.1109,-1.0924,-1.1145,-1.0976
62821,1972,-1.8920,,-1.8022,-1.8728,-1.9210,-1.8705,-1.8671
63187,1973,-0.5433,,-0.5990,-0.5957,-0.5840,-0.6180,-0.6192
63552,1974,-1.2531,,-1.1377,-1.2496,-1.2813,-1.2651,-1.2482
63917,1975,-1.0982,,-1.1555,-1.1553,-1.1511,-1.1454,-1.1518
64282,1976,-0.9953,,-0.9546,-1.0137,-1.0877,-1.0057,-0.9682
64648,1977,-0.2520,,-0.3255,-0.2978,-0.3267,-0.2950,-0.2814
65013,1978,-1.1051,,-1.1340,-1.1364,-1.1886,-1.1326,-1.1071
65378,1979,-1.0626,-1.0949,-1.1240,-1.1208,-1.0239,-1.1405,-1.0815
65743,1980,-0.5157,-0.5800,-0.5569,-0.5597,-0.5471,-0.5466,-0.5189
66109,1981,0.3902,0.3392,0.2903,0.2872,0.3242,0.3552,0.3195
66474,1982,-1.4082,-1.4623,-1.3829,-1.4306,-1.4446,-1.4166,-1.4083
66839,1983,-0.7590,-0.8172,-0.7015,-0.7568,-0.7942,-0.7568,-0.7275
67204,1984,-0.8170,-0.8523,-0.7369,-0.8236,-0.8754,-0.8028,-0.7895
67570,1985,-1.0025,-1.0625,-1.0429,-1.0454,-1.0845,-1.0319,-1.0019
67935,1986,-0.5801,-0.6727,-0.4428,-0.5696,-0.7020,-0.5663,-0.5701
68300,1987,0.1172,0.0634,0.1512,0.0843,0.0507,0.0962,0.0896
68665,1988,-0.3569,-0.4055,-0.2746,-0.3866,-0.4693,-0.4077,-0.3654
69031,1989,-0.9268,-0.9603,-0.9238,-0.9606,-1.0302,-0.9587,-0.8941
69396,1990,-0.6259,-0.6785,-0.4422,-0.5783,-0.7610,-0.6080,-0.6436
69761,1991,-0.3789,-0.4271,-0.2621,-0.3666,-0.5195,-0.3749,-0.4034
70126,1992,-0.8058,-0.9125,-0.6809,-0.7831,-0.9284,-0.8054,-0.7735
70492,1993,-0.6139,-0.6937,-0.7204,-0.6502,-0.6753,-0.6274,-0.6399
70857,1994,-0.4066,-0.4068,-0.4117,-0.4394,-0.4121,-0.4231,-0.4496
71222,1995,-0.3379,-0.3468,-0.3770,-0.3457,-0.3132,-0.3537,-0.3761
71587,1996,-0.8958,-0.9597,-1.0061,-0.8873,-0.8953,-0.9152,-0.9552
71953,1997,-0.4104,-0.5577,-0.4365,-0.3868,-0.4985,-0.3869,-0.4085
72318,1998,0.8243,0.6713,0.7362,0.8087,0.7304,0.8054,0.7286
72683,1999,0.2227,0.0760,0.1725,0.2082,0.1385,0.2248,0.1759
73048,2000,-0.1170,-0.2508,-0.1372,-0.1352,-0.2299,-0.1356,-0.1549
73414,2001,0.3350,0.2435,0.2969,0.2844,0.2559,0.2998,0.2769
73779,2002,-0.1805,-0.2498,-0.1028,-0.2019,-0.2955,-0.2208,-0.2016
74144,2003,0.0159,-0.0271,0.0050,-0.0193,-0.0070,-0.0097,0.0118
74509,2004,-0.5455,-0.5515,-0.3885,-0.5152,-0.5593,-0.5226,-0.4907
74875,2005,0.3187,0.3587,0.3209,0.3214,0.3135,0.3306,0.3213
75240,2006,0.7465,0.8138,0.6443,0.7203,0.7616,0.7159,0.7014
75605,2007,-0.0684,-0.0112,-0.0045,-0.0600,-0.1003,-0.0502,-0.0679
75970,2008,-0.5391,-0.4682,-0.5778,-0.5162,-0.4965,-0.5217,-0.5402
76336,2009,-0.3516,-0.2938,-0.3867,-0.3409,-0.2159,-0.3437,-0.3540
76701,2010,0.7556,0.8423,0.5544,0.7101,0.8738,0.7331,0.6926
77066,2011,0.0847,0.1588,0.0284,0.0769,0.1983,0.0977,0.1086
77431,2012,0.6188,0.7190,0.6633,0.6451,0.7242,0.6196,0.6288
77797,2013,-0.3188,-0.2881,-0.3313,-0.3491,-0.2751,-0.3679,-0.2910
78162,2014,-0.2724,-0.2244,-0.2474,-0.2604,-0.1654,-0.2516,-0.1893
78527,2015,0.4022,0.4405,0.4956,0.4216,0.4537,0.4626,0.4684
78892,2016,0.9822,1.0398,1.0633,0.9958,1.0261,0.9908,1.0272
79258,2017,0.5894,0.6444,0.5763,0.5493,0.6299,0.5565,0.6198
79623,2018,-0.0922,0.0027,0.0420,-0.0509,-0.0311,-0.0680,0.0063
79988,2019,0.1148,0.2159,0.0841,0.1227,0.1554,0.1086,0.1595
80353,2020,0.3238,0.4424,0.3877,0.4437,0.3570,0.4329,0.3690
80719,2021,0.6630,0.7435,0.6351,0.6738,0.6623,0.6616,0.6551
81084,2022,0.1150,0.1919,0.1262,0.1874,0.1410,0.1518,0.1582
81449,2023,1.1505,1.2811,1.0186,1.1716,1.2556,1.1633,1.1813
end data
