Conventions,G,BADC-CSV,1
title,G,Regional mean temperature for WMO RA 1 Central Africa
last_revised_date,G,2024-01-22
date_valid,G,2024-01-22
feature_type,G,area average
creator,G,WMO
source,G,Produced by climind version 1.0
observation_station,G,derived data
location,G,90.,-180.,-90.,180.
rights,G,TBD
activity,G,WMO
comments,G,Format description https://help.ceda.ac.uk/article/105-badc-csv
history,africa_subregion_3_Berkeley_Earth,""Data set created from file ['Land_and_Ocean_LatLong1.nc'] downloaded from ['https://berkeley-earth-temperature.s3.us-west-1.amazonaws.com/Global/Gridded/Land_and_Ocean_LatLong1.nc'] at ['2024-01-17 10:19:03']""
history,africa_subregion_3_Berkeley_Earth,""Rebaselined to 1991-2020""
history,africa_subregion_3_Berkeley_Earth,""Calculated area-average""
history,africa_subregion_3_Berkeley_Earth,""Calculated annual average from monthly averages using arithmetic mean""
history,africa_subregion_3_Berkeley_Earth,""Selected years within the range 1900 to 2023.""
history,africa_subregion_3_Berkeley_Earth,""Wrote to file africa_subregion_3_Berkeley Earth.csv""
history,africa_subregion_3_Berkeley_Earth,"Data set created from file ['africa_subregion_3_Berkeley Earth.csv'] downloaded from [''] at ['2024-01-17 11:05:55']"
reference,africa_subregion_3_Berkeley_Earth,"Rohde, R. A. and Hausfather, Z.: The Berkeley Earth Land/Ocean Temperature Record, Earth Syst. Sci. Data, 12, 3469-3479, https://doi.org/10.5194/essd-12-3469-2020, 2020"
comments,africa_subregion_3_Berkeley_Earth,"Original data acknowledgement: "
history,africa_subregion_3_ERA5,""Gridded dataset created from file ['era5_2m_tas_2024.nc'] downloaded from ['']""
history,africa_subregion_3_ERA5,""Regridded to 1 degree latitude-longitude resolution""
history,africa_subregion_3_ERA5,""Rebaselined to 1991-2020""
history,africa_subregion_3_ERA5,""Calculated area-average""
history,africa_subregion_3_ERA5,""Calculated annual average from monthly averages using arithmetic mean""
history,africa_subregion_3_ERA5,""Selected years within the range 1900 to 2023.""
history,africa_subregion_3_ERA5,""Wrote to file africa_subregion_3_ERA5.csv""
history,africa_subregion_3_ERA5,"Data set created from file ['africa_subregion_3_ERA5.csv'] downloaded from [''] at ['2024-01-17 11:06:37']"
reference,africa_subregion_3_ERA5,"Hersbach H, Bell B, Berrisford P et al. 2020. The ERA5 global reanalysis. Q. J. R. Meteorol. Soc. 146: 1999-2049. https://doi.org/10.1002/qj.3803"
comments,africa_subregion_3_ERA5,"Original data acknowledgement: Contains using Copernicus Climate Change Service information [2024]. Neither the European Commission nor ECMWF is responsible for any use that may be made of the Copernicus information or data it contains."
history,africa_subregion_3_GISTEMP,""Data set created from file ['gistemp1200_GHCNv4_ERSSTv5.nc.gz'] downloaded from ['https://data.giss.nasa.gov/pub/gistemp/gistemp1200_GHCNv4_ERSSTv5.nc.gz'] at ['2024-01-15 11:20:46']""
history,africa_subregion_3_GISTEMP,""Regridded to 1 degree latitude-longitude resolution""
history,africa_subregion_3_GISTEMP,""Rebaselined to 1991-2020""
history,africa_subregion_3_GISTEMP,""Calculated area-average""
history,africa_subregion_3_GISTEMP,""Calculated annual average from monthly averages using arithmetic mean""
history,africa_subregion_3_GISTEMP,""Selected years within the range 1900 to 2023.""
history,africa_subregion_3_GISTEMP,""Wrote to file africa_subregion_3_GISTEMP.csv""
history,africa_subregion_3_GISTEMP,"Data set created from file ['africa_subregion_3_GISTEMP.csv'] downloaded from [''] at ['2024-01-17 11:07:06']"
reference,africa_subregion_3_GISTEMP,"Lenssen, N., G. Schmidt, J. Hansen, M. Menne, A. Persin, R. Ruedy, and D. Zyss, 2019: Improvements in the GISTEMP uncertainty model. J. Geophys. Res. Atmos., 124, no. 12, 6307-6326, doi:10.1029/2018JD029522"
comments,africa_subregion_3_GISTEMP,"Original data acknowledgement: "
history,africa_subregion_3_HadCRUT5,""Data set created from file ['HadCRUT.5.0.2.0.analysis.anomalies.ensemble_mean.nc'] downloaded from ['https://www.metoffice.gov.uk/hadobs/hadcrut5/data/HadCRUT.5.0.2.0/analysis/HadCRUT.5.0.2.0.analysis.anomalies.ensemble_mean.nc'] at ['2024-01-15 11:56:27']""
history,africa_subregion_3_HadCRUT5,""Regridded to 1 degree latitude-longitude resolution""
history,africa_subregion_3_HadCRUT5,""Rebaselined to 1991-2020""
history,africa_subregion_3_HadCRUT5,""Calculated area-average""
history,africa_subregion_3_HadCRUT5,""Calculated annual average from monthly averages using arithmetic mean""
history,africa_subregion_3_HadCRUT5,""Selected years within the range 1900 to 2023.""
history,africa_subregion_3_HadCRUT5,""Wrote to file africa_subregion_3_HadCRUT5.csv""
history,africa_subregion_3_HadCRUT5,"Data set created from file ['africa_subregion_3_HadCRUT5.csv'] downloaded from [''] at ['2024-01-17 11:07:59']"
reference,africa_subregion_3_HadCRUT5,"Morice, C. P., Kennedy, J. J., Rayner, N. A., Winn, J. P., Hogan, E., Killick, R. E., et al. (2021). An updated assessment of near-surface temperature change from 1850: the HadCRUT5 data set. Journal of Geophysical Research: Atmospheres, 126, e2019JD032361. https://doi.org/10.1029/2019JD032361"
comments,africa_subregion_3_HadCRUT5,"Original data acknowledgement: HadCRUT.5.0.2.0 data were obtained from http://www.metoffice.gov.uk/hadobs/hadcrut5 on 2024-01-15 11:56:27 and are © British Crown Copyright, Met Office 2024, provided under an Open Government License, http://www.nationalarchives.gov.uk/doc/open-government-licence/version/3/"
history,africa_subregion_3_JRA-55,""Data set created from file ['anl_surf125.011_tmp.202401_202412', 'anl_surf125.2024MMMM'] downloaded from ['', ''] at ['2024-01-15 11:20:51']""
history,africa_subregion_3_JRA-55,""Regridded to 1 degree latitude-longitude resolution""
history,africa_subregion_3_JRA-55,""Rebaselined to 1991-2020""
history,africa_subregion_3_JRA-55,""Calculated area-average""
history,africa_subregion_3_JRA-55,""Calculated annual average from monthly averages using arithmetic mean""
history,africa_subregion_3_JRA-55,""Selected years within the range 1900 to 2023.""
history,africa_subregion_3_JRA-55,""Wrote to file africa_subregion_3_JRA-55.csv""
history,africa_subregion_3_JRA-55,"Data set created from file ['africa_subregion_3_JRA-55.csv'] downloaded from [''] at ['2024-01-17 11:08:44']"
reference,africa_subregion_3_JRA-55,"Kobayashi, S., Ota, Y., Harada, Y., Ebita, A., Moriya, M., Onoda, H., Onogi, K., Kamahori, H., Kobayashi, C., Endo, H. and Miyaoka, K., (2015). The JRA-55 reanalysis: General specifications and basic characteristics. Journal of the Meteorological Society of Japan. Ser. II, 93(1), pp.5-48."
comments,africa_subregion_3_JRA-55,"Original data acknowledgement: "
history,africa_subregion_3_Kadow,""Data set created from file ['HadCRUT5.anomalies.Kadow_et_al_2020_20crAI-infilled.ensemble_mean_185001-*.nc'] downloaded from [''] at ['2024-01-17 10:11:02']""
history,africa_subregion_3_Kadow,""Regridded to 1 degree latitude-longitude resolution""
history,africa_subregion_3_Kadow,""Rebaselined to 1991-2020""
history,africa_subregion_3_Kadow,""Calculated area-average""
history,africa_subregion_3_Kadow,""Calculated annual average from monthly averages using arithmetic mean""
history,africa_subregion_3_Kadow,""Selected years within the range 1900 to 2023.""
history,africa_subregion_3_Kadow,""Wrote to file africa_subregion_3_Kadow.csv""
history,africa_subregion_3_Kadow,"Data set created from file ['africa_subregion_3_Kadow.csv'] downloaded from [''] at ['2024-01-17 11:09:22']"
reference,africa_subregion_3_Kadow,"Kadow, C., Hall, D.M. & Ulbrich, U. Artificial intelligence reconstructs missing climate information. Nat. Geosci. (2020). https://doi.org/10.1038/s41561-020-0582-5"
comments,africa_subregion_3_Kadow,"Original data acknowledgement: "
history,africa_subregion_3_NOAA_Interim,""Data set created from file ['NOAAGlobalTemp_v*.nc'] downloaded from ['https://www.ncei.noaa.gov/data/noaa-global-surface-temperature/v5.1/access/gridded/NOAAGlobalTemp_v.*.nc'] at ['2024-01-17 10:19:08']""
history,africa_subregion_3_NOAA_Interim,""Data set created from file ['NOAAGlobalTemp_v*.nc'] downloaded from ['https://www.ncei.noaa.gov/data/noaa-global-surface-temperature/v5.1/access/gridded/NOAAGlobalTemp_v.*.nc'] at ['2024-01-17 10:19:08']""
history,africa_subregion_3_NOAA_Interim,""Regridded to 1 degree latitude-longitude resolution""
history,africa_subregion_3_NOAA_Interim,""Rebaselined to 1991-2020""
history,africa_subregion_3_NOAA_Interim,""Calculated area-average""
history,africa_subregion_3_NOAA_Interim,""Calculated annual average from monthly averages using arithmetic mean""
history,africa_subregion_3_NOAA_Interim,""Selected years within the range 1900 to 2023.""
history,africa_subregion_3_NOAA_Interim,""Wrote to file africa_subregion_3_NOAA Interim.csv""
history,africa_subregion_3_NOAA_Interim,"Data set created from file ['africa_subregion_3_NOAA Interim.csv'] downloaded from [''] at ['2024-01-17 11:10:18']"
reference,africa_subregion_3_NOAA_Interim,"Vose, R.S., B. Huang, X. Yin., D. Arndt, D.R. Easterling, J.H. Lawrimore, M.J. Menne, A. Sanchez-Lugo, H.-M. Zhang, 2021: Implementing full spatial coverage in NOAA’s global temperature analysis. Geophysical Research Letters, 48, e2020GL090873. https://doi.org/10.1029/2020GL090873"
comments,africa_subregion_3_NOAA_Interim,"Original data acknowledgement: "
long_name,time,time,days since 1800-01-01 00:00:00.0
type,time,int
long_name,year,year,1
type,year,int
long_name,africa_subregion_3_Berkeley_Earth,africa_subregion_3,degC
type,africa_subregion_3_Berkeley_Earth,float
long_name,africa_subregion_3_ERA5,africa_subregion_3,degC
type,africa_subregion_3_ERA5,float
long_name,africa_subregion_3_GISTEMP,africa_subregion_3,degC
type,africa_subregion_3_GISTEMP,float
long_name,africa_subregion_3_HadCRUT5,africa_subregion_3,degC
type,africa_subregion_3_HadCRUT5,float
long_name,africa_subregion_3_JRA-55,africa_subregion_3,degC
type,africa_subregion_3_JRA-55,float
long_name,africa_subregion_3_Kadow,africa_subregion_3,degC
type,africa_subregion_3_Kadow,float
long_name,africa_subregion_3_NOAA_Interim,africa_subregion_3,degC
type,africa_subregion_3_NOAA_Interim,float
coordinate_variable,time,t
data
time,year,africa_subregion_3_Berkeley_Earth,africa_subregion_3_ERA5,africa_subregion_3_GISTEMP,africa_subregion_3_HadCRUT5,africa_subregion_3_JRA-55,africa_subregion_3_Kadow,africa_subregion_3_NOAA_Interim
36524,1900,-0.8154,,,-0.8210,,-0.9397,-0.8069
36889,1901,-0.7465,,,-0.6147,,-0.6949,-0.7669
37254,1902,-1.0169,,-0.3903,-0.8464,,-0.8385,-0.8520
37619,1903,-1.3716,,-0.2683,-1.1302,,-1.2093,-0.7048
37984,1904,-1.8327,,-1.1106,-1.5000,,-1.5476,-1.3578
38350,1905,-1.2230,,-0.2068,-0.7842,,-0.9802,-0.8522
38715,1906,-1.5505,,-0.7236,-0.7899,,-1.2629,-0.8438
39080,1907,-1.4508,,-0.6692,-0.8827,,-1.0900,-1.0290
39445,1908,-1.3462,,-0.8901,-1.0000,,-0.8935,-0.9386
39811,1909,-1.3671,,-0.9250,-0.8276,,-0.8318,-0.9390
40176,1910,-1.4901,,-1.0970,-1.0767,,-0.9756,-1.1076
40541,1911,-1.5838,,-1.0876,-0.6490,,-1.0365,-1.1081
40906,1912,-0.9145,,-0.8724,-0.1531,,-0.6422,-1.0352
41272,1913,-1.0097,,-0.6540,-0.4029,,-0.6327,-0.9154
41637,1914,-0.5134,,-0.5607,-0.0266,,-0.4382,-0.5942
42002,1915,-0.6442,,-0.5084,0.0756,,-0.0730,-0.6790
42367,1916,-1.1203,,-0.9750,-0.6718,,-0.6707,-1.1248
42733,1917,-1.1133,,-0.7901,-0.4718,,-0.2142,-1.1217
43098,1918,-1.2734,,-0.9262,-0.4426,,-0.3579,-1.2134
43463,1919,-0.8624,,-0.4665,0.0683,,0.0521,-0.6573
43828,1920,-1.3946,,-1.1560,-0.3533,,-0.4777,-1.0892
44194,1921,-1.0221,,-0.7341,-0.4528,,-0.5864,-0.9708
44559,1922,-1.0114,,-0.8404,-0.1543,,-0.6879,-0.9052
44924,1923,-1.0878,,-0.8617,-0.4522,,-0.7931,-0.9109
45289,1924,-0.7595,,-0.5123,0.0860,,-0.0326,-0.6760
45655,1925,-1.0158,,-0.6197,-0.8869,,-0.5685,-0.9330
46020,1926,-0.7398,,-0.5213,-0.6359,,-0.3600,-0.6774
46385,1927,-0.7430,,-0.4748,-0.5011,,-0.4557,-0.7112
46750,1928,-0.7743,,-0.2276,-0.2868,,-0.3071,-0.6536
47116,1929,-1.1749,,-0.8391,-0.6583,,-0.7167,-0.9586
47481,1930,-1.0021,,-0.7215,-0.3687,,-0.4923,-0.7805
47846,1931,-0.3198,,-0.0782,-0.4113,,-0.3708,-0.3069
48211,1932,-0.7571,,-0.4947,-0.6765,,-0.6576,-0.6698
48577,1933,-0.6924,,-0.3399,-0.4523,,-0.1087,-0.6030
48942,1934,-0.9044,,-0.4826,-0.8712,,-0.4892,-0.7211
49307,1935,-0.8172,,-0.5833,-0.8087,,-0.6447,-0.7605
49672,1936,-0.7415,,-0.6104,-0.8951,,-0.7947,-0.7527
50038,1937,-0.6855,,-0.7241,-0.8329,,-0.5179,-0.7406
50403,1938,-0.6231,,-0.6156,-0.6613,,-0.5661,-0.6582
50768,1939,-0.7620,,-0.7092,-0.6769,,-0.5787,-0.6112
51133,1940,-0.6530,,-0.4530,-0.5463,,-0.4908,-0.6123
51499,1941,-0.3508,,-0.1426,0.0088,,-0.0089,-0.2088
51864,1942,-0.5945,,-0.4758,-0.3306,,-0.2801,-0.4836
52229,1943,-0.8896,,-0.9335,-0.7075,,-0.7952,-0.9406
52594,1944,-0.8065,,-0.7678,-0.5648,,-0.5203,-0.7653
52960,1945,-0.6929,,-0.7525,-0.6758,,-0.6035,-0.8865
53325,1946,-0.8588,,-0.7486,-0.3354,,-0.4184,-0.7580
53690,1947,-0.5970,,-0.6174,-0.1395,,-0.1002,-0.6767
54055,1948,-0.8882,,-0.9122,-0.4901,,-0.6101,-0.9010
54421,1949,-0.7609,,-0.5971,-0.3646,,-0.4781,-0.7666
54786,1950,-1.0249,,-1.0207,-0.8423,,-0.9110,-1.0502
55151,1951,-0.8511,,-0.8347,-0.5375,,-0.5314,-0.8558
55516,1952,-0.7139,,-0.6528,-0.3188,,-0.2876,-0.7266
55882,1953,-0.8707,,-0.7908,-0.4954,,-0.4651,-0.8229
56247,1954,-1.0225,,-0.8872,-0.6761,,-0.6704,-0.9335
56612,1955,-1.1047,,-0.9604,-0.7269,,-0.7556,-0.9877
56977,1956,-1.1230,,-0.9982,-0.8144,,-0.8351,-1.0317
57343,1957,-0.8766,,-0.7636,-0.5842,,-0.6101,-0.8186
57708,1958,-0.6086,,-0.4752,-0.3093,-0.2447,-0.3422,-0.5556
58073,1959,-0.7849,,-0.6836,-0.5570,-0.1823,-0.6091,-0.7446
58438,1960,-0.7553,,-0.5987,-0.4916,-0.4022,-0.5251,-0.6770
58804,1961,-1.1488,,-0.9976,-0.9077,-1.0122,-0.9427,-1.0486
59169,1962,-0.9296,,-0.8152,-0.7046,-0.8995,-0.6905,-0.8209
59534,1963,-0.7072,,-0.6374,-0.5080,-0.6996,-0.4723,-0.6574
59899,1964,-0.9919,,-0.9370,-0.7801,-0.8104,-0.7659,-0.9408
60265,1965,-0.9907,,-0.8567,-0.7280,-0.7434,-0.7259,-0.8766
60630,1966,-0.7868,,-0.6442,-0.5407,-0.5695,-0.5462,-0.6735
60995,1967,-0.9485,,-0.8906,-0.8362,-0.8873,-0.8395,-0.9333
61360,1968,-0.9472,,-0.8775,-0.7535,-0.8930,-0.7559,-0.9232
61726,1969,-0.4706,,-0.4268,-0.2877,-0.4519,-0.2630,-0.4527
62091,1970,-0.6527,,-0.6169,-0.5613,-0.6863,-0.5608,-0.6967
62456,1971,-0.9534,,-0.8854,-0.9526,-1.0327,-0.9844,-0.9334
62821,1972,-0.5940,,-0.5406,-0.5871,-0.7468,-0.6133,-0.5428
63187,1973,-0.2962,,-0.2219,-0.3417,-0.4187,-0.3757,-0.2936
63552,1974,-0.9117,,-0.8618,-0.9196,-1.1413,-0.9595,-0.8982
63917,1975,-0.8742,,-0.8231,-0.8934,-1.0831,-0.9276,-0.8361
64282,1976,-0.7547,,-0.7304,-0.8421,-0.8638,-0.8798,-0.7681
64648,1977,-0.5849,,-0.5703,-0.6499,-0.7636,-0.6772,-0.6722
65013,1978,-0.5934,,-0.5965,-0.6269,-0.7154,-0.6290,-0.6233
65378,1979,-0.3267,-0.6246,-0.3329,-0.2984,-0.4505,-0.3161,-0.3581
65743,1980,-0.3186,-0.5871,-0.3318,-0.3422,-0.5146,-0.3519,-0.3657
66109,1981,-0.5560,-0.7654,-0.5915,-0.6040,-0.6620,-0.6196,-0.6719
66474,1982,-0.5922,-0.8184,-0.5995,-0.6632,-0.6919,-0.6633,-0.6219
66839,1983,-0.3615,-0.4206,-0.3682,-0.3879,-0.3242,-0.3931,-0.4943
67204,1984,-0.4936,-0.6938,-0.4298,-0.4879,-0.5476,-0.5072,-0.5411
67570,1985,-0.5832,-0.9015,-0.5862,-0.6473,-0.7137,-0.5839,-0.5624
67935,1986,-0.4817,-0.6314,-0.4639,-0.5698,-0.6061,-0.5524,-0.4611
68300,1987,-0.0715,-0.1454,-0.0913,-0.1303,-0.0153,-0.1151,-0.1527
68665,1988,-0.3747,-0.4075,-0.4312,-0.3414,-0.2130,-0.3275,-0.4399
69031,1989,-0.7663,-0.7908,-0.9107,-0.7522,-0.7270,-0.7496,-0.8844
69396,1990,-0.2801,-0.1729,-0.2686,-0.3235,-0.0999,-0.2630,-0.2865
69761,1991,-0.4102,-0.4195,-0.5049,-0.2483,-0.3535,-0.2770,-0.3933
70126,1992,-0.6346,-0.7456,-0.8188,-0.5613,-0.6874,-0.6567,-0.7492
70492,1993,-0.3816,-0.4610,-0.4490,-0.4390,-0.4818,-0.4202,-0.4660
70857,1994,-0.4058,-0.5800,-0.4556,-0.6407,-0.4707,-0.6063,-0.5341
71222,1995,-0.2445,-0.3460,-0.3012,-0.4253,-0.1048,-0.4563,-0.3368
71587,1996,-0.3238,-0.4354,-0.4043,-0.3354,-0.2226,-0.4363,-0.3985
71953,1997,-0.0688,-0.3402,-0.1432,0.0198,-0.1484,-0.0210,-0.3074
72318,1998,0.2465,0.2148,0.2007,0.1044,0.5603,0.1192,0.1599
72683,1999,-0.3117,-0.5043,-0.3280,-0.3712,-0.0231,-0.3316,-0.2685
73048,2000,-0.2863,-0.5733,-0.3081,-0.3204,-0.2194,-0.3389,-0.4055
73414,2001,-0.2323,-0.4105,-0.3437,-0.2548,-0.1744,-0.2247,-0.3245
73779,2002,0.0681,-0.1726,-0.0121,-0.0943,-0.0845,-0.0779,-0.0008
74144,2003,0.1019,-0.0243,0.1411,-0.0340,0.0446,-0.0008,0.0598
74509,2004,0.1350,-0.0251,0.1114,0.0640,-0.1509,0.0675,0.0510
74875,2005,0.4794,0.2365,0.3058,0.5365,0.1726,0.3609,0.2878
75240,2006,0.2022,-0.0046,0.0349,0.2450,-0.0478,0.2035,0.0316
75605,2007,0.0488,-0.0093,0.0025,0.1245,-0.1896,0.1770,0.0574
75970,2008,-0.0498,-0.1953,-0.1023,-0.0408,-0.3258,-0.0610,-0.1254
76336,2009,0.2714,0.2553,0.2350,0.3620,0.0361,0.4481,0.2929
76701,2010,0.4370,0.5229,0.5228,0.5982,0.4748,0.5377,0.4472
77066,2011,-0.0991,0.0275,-0.0383,-0.0087,-0.0024,0.0415,-0.0408
77431,2012,-0.1889,0.0393,-0.0094,-0.0782,-0.0578,-0.1019,0.0179
77797,2013,0.0697,0.3620,0.1653,0.1848,0.2845,0.1204,0.1948
78162,2014,0.0878,0.3159,0.1035,0.0406,0.1459,0.0661,0.1587
78527,2015,0.1416,0.3859,0.2486,0.0926,0.2214,0.1036,0.3179
78892,2016,0.4506,0.7044,0.6042,0.4528,0.5225,0.4627,0.6155
79258,2017,0.2213,0.4891,0.3831,0.1596,0.2749,0.1899,0.3522
79623,2018,0.1199,0.4576,0.2550,0.2379,0.2269,0.2057,0.3138
79988,2019,0.3193,0.5945,0.4855,0.4236,0.3683,0.5527,0.5387
80353,2020,0.2369,0.6411,0.4198,0.2144,0.4119,0.3540,0.4537
80719,2021,0.2280,0.7099,0.4811,0.2237,0.3652,0.4033,0.4350
81084,2022,-0.0407,0.3678,0.0985,0.0013,0.1348,0.1152,0.1489
81449,2023,0.4968,0.8645,0.5623,0.3658,0.5377,0.3058,0.6964
end data
