Conventions,G,BADC-CSV,1
title,G,Regional mean temperature for Central Africa
last_revised_date,G,2022-11-24
date_valid,G,2022-11-24
feature_type,G,area average
creator,G,WMO
source,G,Produced by climind version 0.1
observation_station,G,derived data
location,G,90.,-180.,-90.,180.
activity,G,WMO
history,G,""Data set created from file ['NOAAGlobalTemp_v*.nc'] downloaded from ['https://www.ncei.noaa.gov/data/noaa-global-surface-temperature/v5/access/gridded/NOAAGlobalTemp_v.*.nc'] at ['2022-11-21 17:47:59']""
history,G,""Data set created from file ['NOAAGlobalTemp_v*.nc'] downloaded from ['https://www.ncei.noaa.gov/data/noaa-global-surface-temperature/v5/access/gridded/NOAAGlobalTemp_v.*.nc'] at ['2022-11-21 17:47:59']""
history,G,""Regridded to 1 degree latitude-longitude resolution""
history,G,""Rebaselined to 1981-2010""
history,G,""Calculated area-average""
history,G,""Calculated annual average from monthly averages using arithmetic mean""
history,G,""Selected years within the range 1900 to 2022.""
history,G,""Wrote to file africa_subregion_3_NOAAGlobalTemp.csv""
history,G,"Data set created from file ['africa_subregion_3_NOAAGlobalTemp.csv'] downloaded from [''] at ['2022-11-23 19:15:11']"
reference,G,"Huang, B., M. J. Menne, T. Boyer, E. Freeman, B. E. Gleason, J. H. Lawrimore, C. Liu, J. J. Rennie, C. Schreck, F. Sun, R. Vose, C. N. Williams, X. Yin, H.-M. Zhang, 2020: Uncertainty estimates for sea surface temperature and land surface air temperature in NOAAGlobalTemp version 5. , J. Climate, 33, 1351-1379, DOI: 10.1175/JCLI-D-19-0395.1"
reference,G,"Zhang, Huai-Min, Jay H. Lawrimore, Boyin Huang, Matthew J. Menne, Xungang Yin, Ahira Sȧnchez-Lugo, Byron E. Gleason, Russell Vose, Derek Arndt, J. Jared Rennie, and Claude N. Williams. (2019) Updated Temperature Data Give a Sharper View of Climate Trends. Eos, 100, https://doi.org/10.1029/2019EO128229"
rights,G,TBD
comments,G,Data produced by climind version 0.1
comments,G,Format description https://help.ceda.ac.uk/article/105-badc-csv
long_name,time,time,days since 1800-01-01 00:00:00.0
type,time,int
long_name,year,year,1
type,year,int
long_name,data,africa_subregion_3,degC
type,data,float
coordinate_variable,time,t
data
time,year,data
36524,1900,-1.2358
36889,1901,-0.9098
37254,1902,-0.7117
37619,1903,-0.7738
37984,1904,-1.0472
38350,1905,-0.5921
38715,1906,-0.7756
39080,1907,-1.0118
39445,1908,-0.7798
39811,1909,-0.6693
40176,1910,-0.8697
40541,1911,-1.0534
40906,1912,-0.6099
41272,1913,-0.5038
41637,1914,-0.3023
42002,1915,-0.3618
42367,1916,-0.9854
42733,1917,-0.9418
43098,1918,-1.1541
43463,1919,-0.5397
43828,1920,-0.9043
44194,1921,-0.8635
44559,1922,-0.6197
44924,1923,-0.7959
45289,1924,-0.6191
45655,1925,-0.7718
46020,1926,-0.4763
46385,1927,-0.5861
46750,1928,-0.4304
47116,1929,-0.6576
47481,1930,-0.6753
47846,1931,-0.1439
48211,1932,-0.5071
48577,1933,-0.3216
48942,1934,-0.5095
49307,1935,-0.6452
49672,1936,-0.6149
50038,1937,-0.4891
50403,1938,-0.4009
50768,1939,-0.6028
51133,1940,-0.2702
51499,1941,0.0136
51864,1942,-0.2813
52229,1943,-0.7525
52594,1944,-0.4231
52960,1945,-0.6610
53325,1946,-0.5754
53690,1947,-0.3981
54055,1948,-0.7406
54421,1949,-0.4635
54786,1950,-0.8509
55151,1951,-0.7066
55516,1952,-0.4759
55882,1953,-0.6499
56247,1954,-0.7416
56612,1955,-0.8151
56977,1956,-0.8338
57343,1957,-0.5854
57708,1958,-0.3332
58073,1959,-0.5553
58438,1960,-0.4558
58804,1961,-0.7899
59169,1962,-0.5733
59534,1963,-0.4676
59899,1964,-0.7710
60265,1965,-0.6907
60630,1966,-0.4536
60995,1967,-0.7349
61360,1968,-0.7351
61726,1969,-0.2761
62091,1970,-0.4153
62456,1971,-0.6997
62821,1972,-0.3952
63187,1973,-0.0795
63552,1974,-0.6927
63917,1975,-0.6617
64282,1976,-0.6294
64648,1977,-0.3987
65013,1978,-0.4321
65378,1979,-0.1693
65743,1980,-0.1460
66109,1981,-0.5139
66474,1982,-0.4456
66839,1983,-0.1345
67204,1984,-0.2354
67570,1985,-0.3490
67935,1986,-0.2493
68300,1987,0.1827
68665,1988,-0.1706
69031,1989,-0.6329
69396,1990,-0.0326
69761,1991,-0.1834
70126,1992,-0.4414
70492,1993,-0.1687
70857,1994,-0.3186
71222,1995,-0.0067
71587,1996,-0.1970
71953,1997,-0.1360
72318,1998,0.4289
72683,1999,0.0143
73048,2000,-0.1356
73414,2001,-0.0576
73779,2002,0.2781
74144,2003,0.4421
74509,2004,0.3583
74875,2005,0.6223
75240,2006,0.2717
75605,2007,0.3305
75970,2008,0.1743
76336,2009,0.5030
76701,2010,0.8017
77066,2011,0.2455
77431,2012,0.2984
77797,2013,0.4268
78162,2014,0.4273
78527,2015,0.7420
78892,2016,1.0043
79258,2017,0.6787
79623,2018,0.7137
79988,2019,0.9878
80353,2020,0.7582
80719,2021,0.7274
81084,2022,0.4449
end data
