Conventions,G,BADC-CSV,1
title,G,Regional mean temperature for Central Africa
last_revised_date,G,2022-12-16
date_valid,G,2022-12-16
feature_type,G,area average
creator,G,WMO
source,G,Produced by climind version 0.1
observation_station,G,derived data
location,G,90.,-180.,-90.,180.
activity,G,WMO
history,G,""Data set created from file ['NOAAGlobalTemp_v*.nc'] downloaded from ['https://www.ncei.noaa.gov/data/noaa-global-surface-temperature/v5/access/gridded/NOAAGlobalTemp_v.*.nc'] at ['2022-12-16 09:24:29']""
history,G,""Data set created from file ['NOAAGlobalTemp_v*.nc'] downloaded from ['https://www.ncei.noaa.gov/data/noaa-global-surface-temperature/v5/access/gridded/NOAAGlobalTemp_v.*.nc'] at ['2022-12-16 09:24:29']""
history,G,""Regridded to 1 degree latitude-longitude resolution""
history,G,""Rebaselined to 1991-2020""
history,G,""Calculated area-average""
history,G,""Calculated annual average from monthly averages using arithmetic mean""
history,G,""Selected years within the range 1900 to 2022.""
history,G,""Wrote to file africa_subregion_3_NOAAGlobalTemp.csv""
history,G,"Data set created from file ['africa_subregion_3_NOAAGlobalTemp.csv'] downloaded from [''] at ['2022-12-16 17:53:23']"
reference,G,"Huang, B., M. J. Menne, T. Boyer, E. Freeman, B. E. Gleason, J. H. Lawrimore, C. Liu, J. J. Rennie, C. Schreck, F. Sun, R. Vose, C. N. Williams, X. Yin, H.-M. Zhang, 2020: Uncertainty estimates for sea surface temperature and land surface air temperature in NOAAGlobalTemp version 5. , J. Climate, 33, 1351-1379, DOI: 10.1175/JCLI-D-19-0395.1"
reference,G,"Zhang, Huai-Min, Jay H. Lawrimore, Boyin Huang, Matthew J. Menne, Xungang Yin, Ahira Sȧnchez-Lugo, Byron E. Gleason, Russell Vose, Derek Arndt, J. Jared Rennie, and Claude N. Williams. (2019) Updated Temperature Data Give a Sharper View of Climate Trends. Eos, 100, https://doi.org/10.1029/2019EO128229"
rights,G,TBD
comments,G,Data produced by climind version 0.1
comments,G,Format description https://help.ceda.ac.uk/article/105-badc-csv
long_name,time,time,days since 1800-01-01 00:00:00.0
type,time,int
long_name,year,year,1
type,year,int
long_name,data,africa_subregion_3,degC
type,data,float
coordinate_variable,time,t
data
time,year,data
36524,1900,-1.4517
36889,1901,-1.1641
37254,1902,-0.9264
37619,1903,-0.9974
37984,1904,-1.3088
38350,1905,-0.9221
38715,1906,-1.1128
39080,1907,-1.2658
39445,1908,-1.1002
39811,1909,-0.9877
40176,1910,-1.1902
40541,1911,-1.3745
40906,1912,-0.9407
41272,1913,-0.8176
41637,1914,-0.6415
42002,1915,-0.6897
42367,1916,-1.2957
42733,1917,-1.2615
43098,1918,-1.4744
43463,1919,-0.8257
43828,1920,-1.1808
44194,1921,-1.1337
44559,1922,-0.8742
44924,1923,-1.0475
45289,1924,-0.8807
45655,1925,-1.0368
46020,1926,-0.7499
46385,1927,-0.8631
46750,1928,-0.6901
47116,1929,-0.9195
47481,1930,-0.9374
47846,1931,-0.4370
48211,1932,-0.8150
48577,1933,-0.6317
48942,1934,-0.8222
49307,1935,-0.9587
49672,1936,-0.9356
50038,1937,-0.7830
50403,1938,-0.6906
50768,1939,-0.8749
51133,1940,-0.5576
51499,1941,-0.2572
51864,1942,-0.5527
52229,1943,-1.0298
52594,1944,-0.7088
52960,1945,-0.9401
53325,1946,-0.8396
53690,1947,-0.6633
54055,1948,-0.9980
54421,1949,-0.7300
54786,1950,-1.1149
55151,1951,-0.9856
55516,1952,-0.7537
55882,1953,-0.9329
56247,1954,-1.0141
56612,1955,-1.0857
56977,1956,-1.1049
57343,1957,-0.8540
57708,1958,-0.6016
58073,1959,-0.8167
58438,1960,-0.7295
58804,1961,-1.0670
59169,1962,-0.8461
59534,1963,-0.7446
59899,1964,-1.0464
60265,1965,-0.9635
60630,1966,-0.7276
60995,1967,-1.0172
61360,1968,-1.0180
61726,1969,-0.5609
62091,1970,-0.7023
62456,1971,-0.9849
62821,1972,-0.6790
63187,1973,-0.3607
63552,1974,-0.9752
63917,1975,-0.9449
64282,1976,-0.9164
64648,1977,-0.6976
65013,1978,-0.7334
65378,1979,-0.4642
65743,1980,-0.4410
66109,1981,-0.8059
66474,1982,-0.7331
66839,1983,-0.4203
67204,1984,-0.5232
67570,1985,-0.6468
67935,1986,-0.5481
68300,1987,-0.1199
68665,1988,-0.4723
69031,1989,-0.9383
69396,1990,-0.3316
69761,1991,-0.4975
70126,1992,-0.7714
70492,1993,-0.4919
70857,1994,-0.6396
71222,1995,-0.3156
71587,1996,-0.4925
71953,1997,-0.4280
72318,1998,0.1315
72683,1999,-0.2899
73048,2000,-0.4418
73414,2001,-0.3520
73779,2002,-0.0197
74144,2003,0.1446
74509,2004,0.0561
74875,2005,0.3132
75240,2006,-0.0284
75605,2007,0.0148
75970,2008,-0.1359
76336,2009,0.2054
76701,2010,0.5085
77066,2011,-0.0415
77431,2012,0.0071
77797,2013,0.1293
78162,2014,0.1466
78527,2015,0.4715
78892,2016,0.7338
79258,2017,0.4087
79623,2018,0.4427
79988,2019,0.7172
80353,2020,0.5133
80719,2021,0.4835
81084,2022,0.1994
end data
