Conventions,G,BADC-CSV,1
title,G,Regional mean temperature for Central Africa
last_revised_date,G,2022-11-29
date_valid,G,2022-11-29
feature_type,G,area average
creator,G,WMO
source,G,Produced by climind version 0.1
observation_station,G,derived data
location,G,90.,-180.,-90.,180.
activity,G,WMO
history,G,""Data set created from file ['anl_surf125.011_tmp.202201_202212', 'anl_surf125.2022MMMM'] downloaded from ['', ''] at ['2022-11-08 14:59:36']""
history,G,""Regridded to 1 degree latitude-longitude resolution""
history,G,""Rebaselined to 1981-2010""
history,G,""Calculated area-average""
history,G,""Calculated annual average from monthly averages using arithmetic mean""
history,G,""Selected years within the range 1900 to 2022.""
history,G,""Wrote to file africa_subregion_3_JRA-55.csv""
history,G,"Data set created from file ['africa_subregion_3_JRA-55.csv'] downloaded from [''] at ['2022-11-23 19:14:51']"
reference,G,"Kobayashi, S., Ota, Y., Harada, Y., Ebita, A., Moriya, M., Onoda, H., Onogi, K., Kamahori, H., Kobayashi, C., Endo, H. and Miyaoka, K., (2015). The JRA-55 reanalysis: General specifications and basic characteristics. Journal of the Meteorological Society of Japan. Ser. II, 93(1), pp.5-48."
rights,G,TBD
comments,G,Data produced by climind version 0.1
comments,G,Format description https://help.ceda.ac.uk/article/105-badc-csv
long_name,time,time,days since 1800-01-01 00:00:00.0
type,time,int
long_name,year,year,1
type,year,int
long_name,data,africa_subregion_3,degC
type,data,float
coordinate_variable,time,t
data
time,year,data
57708,1958,-0.0114
58073,1959,0.0510
58438,1960,-0.1690
58804,1961,-0.7790
59169,1962,-0.6663
59534,1963,-0.4664
59899,1964,-0.5772
60265,1965,-0.5102
60630,1966,-0.3362
60995,1967,-0.6541
61360,1968,-0.6598
61726,1969,-0.2187
62091,1970,-0.4531
62456,1971,-0.7995
62821,1972,-0.5136
63187,1973,-0.1855
63552,1974,-0.9081
63917,1975,-0.8498
64282,1976,-0.6305
64648,1977,-0.5303
65013,1978,-0.4821
65378,1979,-0.2173
65743,1980,-0.2814
66109,1981,-0.4288
66474,1982,-0.4587
66839,1983,-0.0910
67204,1984,-0.3144
67570,1985,-0.4805
67935,1986,-0.3729
68300,1987,0.2180
68665,1988,0.0202
69031,1989,-0.4937
69396,1990,0.1333
69761,1991,-0.1203
70126,1992,-0.4541
70492,1993,-0.2485
70857,1994,-0.2375
71222,1995,0.1284
71587,1996,0.0106
71953,1997,0.0848
72318,1998,0.7935
72683,1999,0.2101
73048,2000,0.0139
73414,2001,0.0588
73779,2002,0.1488
74144,2003,0.2779
74509,2004,0.0824
74875,2005,0.4058
75240,2006,0.1854
75605,2007,0.0437
75970,2008,-0.0926
76336,2009,0.2694
76701,2010,0.7081
77066,2011,0.2309
77431,2012,0.1754
77797,2013,0.5178
78162,2014,0.3792
78527,2015,0.4546
78892,2016,0.7557
79258,2017,0.5082
79623,2018,0.4602
79988,2019,0.6016
80353,2020,0.6452
80719,2021,0.5985
81084,2022,0.3786
end data
