Conventions,G,BADC-CSV,1
title,G,Regional mean temperature for Central Africa
last_revised_date,G,2022-12-16
date_valid,G,2022-12-16
feature_type,G,area average
creator,G,WMO
source,G,Produced by climind version 0.1
observation_station,G,derived data
location,G,90.,-180.,-90.,180.
activity,G,WMO
history,G,""Data set created from file ['anl_surf125.011_tmp.202201_202212', 'anl_surf125.2022MMMM'] downloaded from ['', ''] at ['2022-12-16 08:42:20']""
history,G,""Regridded to 1 degree latitude-longitude resolution""
history,G,""Rebaselined to 1991-2020""
history,G,""Calculated area-average""
history,G,""Calculated annual average from monthly averages using arithmetic mean""
history,G,""Selected years within the range 1900 to 2022.""
history,G,""Wrote to file africa_subregion_3_JRA-55.csv""
history,G,"Data set created from file ['africa_subregion_3_JRA-55.csv'] downloaded from [''] at ['2022-12-16 17:53:02']"
reference,G,"Kobayashi, S., Ota, Y., Harada, Y., Ebita, A., Moriya, M., Onoda, H., Onogi, K., Kamahori, H., Kobayashi, C., Endo, H. and Miyaoka, K., (2015). The JRA-55 reanalysis: General specifications and basic characteristics. Journal of the Meteorological Society of Japan. Ser. II, 93(1), pp.5-48."
rights,G,TBD
comments,G,Data produced by climind version 0.1
comments,G,Format description https://help.ceda.ac.uk/article/105-badc-csv
long_name,time,time,days since 1800-01-01 00:00:00.0
type,time,int
long_name,year,year,1
type,year,int
long_name,data,africa_subregion_3,degC
type,data,float
coordinate_variable,time,t
data
time,year,data
57708,1958,-0.2447
58073,1959,-0.1823
58438,1960,-0.4022
58804,1961,-1.0122
59169,1962,-0.8995
59534,1963,-0.6996
59899,1964,-0.8104
60265,1965,-0.7434
60630,1966,-0.5695
60995,1967,-0.8873
61360,1968,-0.8930
61726,1969,-0.4519
62091,1970,-0.6863
62456,1971,-1.0327
62821,1972,-0.7468
63187,1973,-0.4187
63552,1974,-1.1413
63917,1975,-1.0831
64282,1976,-0.8638
64648,1977,-0.7636
65013,1978,-0.7154
65378,1979,-0.4505
65743,1980,-0.5146
66109,1981,-0.6620
66474,1982,-0.6919
66839,1983,-0.3242
67204,1984,-0.5476
67570,1985,-0.7137
67935,1986,-0.6061
68300,1987,-0.0153
68665,1988,-0.2130
69031,1989,-0.7270
69396,1990,-0.0999
69761,1991,-0.3535
70126,1992,-0.6874
70492,1993,-0.4818
70857,1994,-0.4707
71222,1995,-0.1048
71587,1996,-0.2226
71953,1997,-0.1484
72318,1998,0.5603
72683,1999,-0.0231
73048,2000,-0.2194
73414,2001,-0.1744
73779,2002,-0.0845
74144,2003,0.0446
74509,2004,-0.1509
74875,2005,0.1726
75240,2006,-0.0478
75605,2007,-0.1896
75970,2008,-0.3258
76336,2009,0.0361
76701,2010,0.4748
77066,2011,-0.0024
77431,2012,-0.0578
77797,2013,0.2845
78162,2014,0.1459
78527,2015,0.2214
78892,2016,0.5225
79258,2017,0.2749
79623,2018,0.2269
79988,2019,0.3683
80353,2020,0.4119
80719,2021,0.3652
81084,2022,0.1250
end data
