Conventions,G,BADC-CSV,1
title,G,Regional mean temperature for Central Africa
last_revised_date,G,2022-09-01
date_valid,G,2022-09-01
feature_type,G,area average
creator,G,WMO
source,G,Produced by climind version 0.1
observation_station,G,derived data
location,G,90.,-180.,-90.,180.
activity,G,WMO
history,G,""Gridded dataset created from file ['era5_2m_tas_2022.nc'] downloaded from ['']"history,G,"Regridded to 1 degree latitude-longitude resolution"history,G,"Rebaselined to 1981-2010"history,G,"Calculated area-average"history,G,"Calculated annual average from monthly averages using arithmetic mean"history,G,"Selected year range 1900 to 2021"history,G,"Wrote to file africa_subregion_3_ERA5.csv""
history,G,"Data set created from file ['africa_subregion_3_ERA5.csv'] downloaded from [''] at ['2022-09-01 11:33:14']"
reference,G,"Hersbach H, Bell B, Berrisford P et al. 2020. The ERA5 global reanalysis. Q. J. R. Meteorol. Soc. 146: 1999– 2049. https://doi.org/10.1002/qj.3803"
rights,G,TBD
comments,G,Data produced by climind version 0.1
comments,G,Format description https://help.ceda.ac.uk/article/105-badc-csv
long_name,time,time,
type,time,int
long_name,year,year,1
type,year,int
long_name,data,africa_subregion_3,degC
type,data,float
coordinate_variable,time,t
data
time,year,data
65378,1979,-0.2991
65743,1980,-0.2616
66109,1981,-0.4399
66474,1982,-0.4929
66839,1983,-0.0951
67204,1984,-0.3683
67570,1985,-0.5760
67935,1986,-0.3059
68300,1987,0.1801
68665,1988,-0.0820
69031,1989,-0.4653
69396,1990,0.1526
69761,1991,-0.0940
70126,1992,-0.4201
70492,1993,-0.1355
70857,1994,-0.2545
71222,1995,-0.0205
71587,1996,-0.1099
71953,1997,-0.0147
72318,1998,0.5403
72683,1999,-0.1788
73048,2000,-0.2478
73414,2001,-0.0850
73779,2002,0.1529
74144,2003,0.3012
74509,2004,0.3004
74875,2005,0.5620
75240,2006,0.3209
75605,2007,0.3162
75970,2008,0.1302
76336,2009,0.5808
76701,2010,0.8484
77066,2011,0.3529
77431,2012,0.3648
77797,2013,0.6875
78162,2014,0.6414
78527,2015,0.7114
78892,2016,1.0299
79258,2017,0.8146
79623,2018,0.7831
79988,2019,0.9200
80353,2020,0.9666
80719,2021,1.0354
end data
