Conventions,G,BADC-CSV,1
title,G,Regional mean temperature for WMO RA 1 Central Africa
last_revised_date,G,2023-03-09
date_valid,G,2023-03-09
feature_type,G,area average
creator,G,WMO
source,G,Produced by climind version 0.1
observation_station,G,derived data
location,G,90.,-180.,-90.,180.
activity,G,WMO
history,G,""Gridded dataset created from file ['era5_2m_tas_2023.nc'] downloaded from ['extension']""
history,G,""Regridded to 1 degree latitude-longitude resolution""
history,G,""Rebaselined to 1991-2020""
history,G,""Calculated area-average""
history,G,""Calculated annual average from monthly averages using arithmetic mean""
history,G,""Selected years within the range 1900 to 2022.""
history,G,""Wrote to file africa_subregion_3_ERA5.csv""
history,G,"Data set created from file ['africa_subregion_3_ERA5.csv'] downloaded from [''] at ['2023-03-09 11:03:50']"
reference,G,"Hersbach H, Bell B, Berrisford P et al. 2020. The ERA5 global reanalysis. Q. J. R. Meteorol. Soc. 146: 1999-2049. https://doi.org/10.1002/qj.3803"
reference,G,"Bell, B., Hersbach, H., Simmons, A., Berrisford, P., Dahlgren, P., Horányi, A., et al. (2021) The ERA5 global reanalysis: Preliminary extension to 1950. Q J R Meteorol Soc, 147 741, 4186-4227. https://doi.org/10.1002/qj.4174"
rights,G,TBD
comments,G,Data produced by climind version 0.1
comments,G,Format description https://help.ceda.ac.uk/article/105-badc-csv
long_name,time,time,days since 1800-01-01 00:00:00.0
type,time,int
long_name,year,year,1
type,year,int
long_name,data,africa_subregion_3,degC
type,data,float
coordinate_variable,time,t
data
time,year,data
58073,1959,-0.7161
58438,1960,-0.6899
58804,1961,-1.2020
59169,1962,-1.1027
59534,1963,-0.7459
59899,1964,-0.6511
60265,1965,-0.6761
60630,1966,-0.3915
60995,1967,-1.2078
61360,1968,-0.9747
61726,1969,-0.5825
62091,1970,-0.7647
62456,1971,-0.9989
62821,1972,-0.6866
63187,1973,-0.4188
63552,1974,-1.1761
63917,1975,-1.1274
64282,1976,-0.9401
64648,1977,-0.8641
65013,1978,-0.7369
65378,1979,-0.6246
65743,1980,-0.5871
66109,1981,-0.7654
66474,1982,-0.8184
66839,1983,-0.4206
67204,1984,-0.6938
67570,1985,-0.9015
67935,1986,-0.6314
68300,1987,-0.1454
68665,1988,-0.4075
69031,1989,-0.7908
69396,1990,-0.1729
69761,1991,-0.4195
70126,1992,-0.7456
70492,1993,-0.4610
70857,1994,-0.5800
71222,1995,-0.3460
71587,1996,-0.4354
71953,1997,-0.3402
72318,1998,0.2148
72683,1999,-0.5043
73048,2000,-0.5733
73414,2001,-0.4105
73779,2002,-0.1726
74144,2003,-0.0243
74509,2004,-0.0251
74875,2005,0.2365
75240,2006,-0.0046
75605,2007,-0.0093
75970,2008,-0.1953
76336,2009,0.2553
76701,2010,0.5229
77066,2011,0.0275
77431,2012,0.0393
77797,2013,0.3620
78162,2014,0.3159
78527,2015,0.3859
78892,2016,0.7044
79258,2017,0.4891
79623,2018,0.4576
79988,2019,0.5945
80353,2020,0.6411
80719,2021,0.7099
81084,2022,0.3678
end data
