Conventions,G,BADC-CSV,1
title,G,Regional mean temperature for WMO RA 1 Central Africa
last_revised_date,G,2023-11-05
date_valid,G,2023-11-05
feature_type,G,area average
creator,G,WMO
source,G,Produced by climind version 1.0
observation_station,G,derived data
location,G,90.,-180.,-90.,180.
rights,G,TBD
activity,G,WMO
comments,G,Format description https://help.ceda.ac.uk/article/105-badc-csv
history,africa_subregion_3_Berkeley_Earth,""Data set created from file ['Land_and_Ocean_LatLong1.nc'] downloaded from ['https://berkeley-earth-temperature.s3.us-west-1.amazonaws.com/Global/Gridded/Land_and_Ocean_LatLong1.nc'] at ['2023-10-31 16:14:45']""
history,africa_subregion_3_Berkeley_Earth,""Rebaselined to 1991-2020""
history,africa_subregion_3_Berkeley_Earth,""Calculated area-average""
history,africa_subregion_3_Berkeley_Earth,""Calculated annual average from monthly averages using arithmetic mean""
history,africa_subregion_3_Berkeley_Earth,""Selected years within the range 1900 to 2023.""
history,africa_subregion_3_Berkeley_Earth,""Wrote to file africa_subregion_3_Berkeley Earth.csv""
history,africa_subregion_3_Berkeley_Earth,"Data set created from file ['africa_subregion_3_Berkeley Earth.csv'] downloaded from [''] at ['2023-11-01 16:35:56']"
reference,africa_subregion_3_Berkeley_Earth,"Rohde, R. A. and Hausfather, Z.: The Berkeley Earth Land/Ocean Temperature Record, Earth Syst. Sci. Data, 12, 3469-3479, https://doi.org/10.5194/essd-12-3469-2020, 2020"
comments,africa_subregion_3_Berkeley_Earth,"Original data acknowledgement: "
history,africa_subregion_3_ERA5,""Gridded dataset created from file ['era5_2m_tas_2023.nc'] downloaded from ['']""
history,africa_subregion_3_ERA5,""Regridded to 1 degree latitude-longitude resolution""
history,africa_subregion_3_ERA5,""Rebaselined to 1991-2020""
history,africa_subregion_3_ERA5,""Calculated area-average""
history,africa_subregion_3_ERA5,""Calculated annual average from monthly averages using arithmetic mean""
history,africa_subregion_3_ERA5,""Selected years within the range 1900 to 2023.""
history,africa_subregion_3_ERA5,""Wrote to file africa_subregion_3_ERA5.csv""
history,africa_subregion_3_ERA5,"Data set created from file ['africa_subregion_3_ERA5.csv'] downloaded from [''] at ['2023-11-01 16:36:38']"
reference,africa_subregion_3_ERA5,"Hersbach H, Bell B, Berrisford P et al. 2020. The ERA5 global reanalysis. Q. J. R. Meteorol. Soc. 146: 1999-2049. https://doi.org/10.1002/qj.3803"
comments,africa_subregion_3_ERA5,"Original data acknowledgement: Contains using Copernicus Climate Change Service information [2023]. Neither the European Commission nor ECMWF is responsible for any use that may be made of the Copernicus information or data it contains."
history,africa_subregion_3_GISTEMP,""Data set created from file ['gistemp1200_GHCNv4_ERSSTv5.nc.gz'] downloaded from ['https://data.giss.nasa.gov/pub/gistemp/gistemp1200_GHCNv4_ERSSTv5.nc.gz'] at ['2023-10-13 17:19:30']""
history,africa_subregion_3_GISTEMP,""Regridded to 1 degree latitude-longitude resolution""
history,africa_subregion_3_GISTEMP,""Rebaselined to 1991-2020""
history,africa_subregion_3_GISTEMP,""Calculated area-average""
history,africa_subregion_3_GISTEMP,""Calculated annual average from monthly averages using arithmetic mean""
history,africa_subregion_3_GISTEMP,""Selected years within the range 1900 to 2023.""
history,africa_subregion_3_GISTEMP,""Wrote to file africa_subregion_3_GISTEMP.csv""
history,africa_subregion_3_GISTEMP,"Data set created from file ['africa_subregion_3_GISTEMP.csv'] downloaded from [''] at ['2023-11-01 16:37:07']"
reference,africa_subregion_3_GISTEMP,"Lenssen, N., G. Schmidt, J. Hansen, M. Menne, A. Persin, R. Ruedy, and D. Zyss, 2019: Improvements in the GISTEMP uncertainty model. J. Geophys. Res. Atmos., 124, no. 12, 6307-6326, doi:10.1029/2018JD029522"
comments,africa_subregion_3_GISTEMP,"Original data acknowledgement: "
history,africa_subregion_3_HadCRUT5,""Data set created from file ['HadCRUT.5.0.1.0.analysis.anomalies.ensemble_mean.nc'] downloaded from ['https://www.metoffice.gov.uk/hadobs/hadcrut5/data/current/analysis/HadCRUT.5.0.1.0.analysis.anomalies.ensemble_mean.nc'] at ['2023-10-31 16:06:13']""
history,africa_subregion_3_HadCRUT5,""Regridded to 1 degree latitude-longitude resolution""
history,africa_subregion_3_HadCRUT5,""Rebaselined to 1991-2020""
history,africa_subregion_3_HadCRUT5,""Calculated area-average""
history,africa_subregion_3_HadCRUT5,""Calculated annual average from monthly averages using arithmetic mean""
history,africa_subregion_3_HadCRUT5,""Selected years within the range 1900 to 2023.""
history,africa_subregion_3_HadCRUT5,""Wrote to file africa_subregion_3_HadCRUT5.csv""
history,africa_subregion_3_HadCRUT5,"Data set created from file ['africa_subregion_3_HadCRUT5.csv'] downloaded from [''] at ['2023-11-01 16:38:03']"
reference,africa_subregion_3_HadCRUT5,"Morice, C. P., Kennedy, J. J., Rayner, N. A., Winn, J. P., Hogan, E., Killick, R. E., et al. (2021). An updated assessment of near-surface temperature change from 1850: the HadCRUT5 data set. Journal of Geophysical Research: Atmospheres, 126, e2019JD032361. https://doi.org/10.1029/2019JD032361"
comments,africa_subregion_3_HadCRUT5,"Original data acknowledgement: HadCRUT.5.0.1.0 data were obtained from http://www.metoffice.gov.uk/hadobs/hadcrut5 on 2023-10-31 16:06:13 and are © British Crown Copyright, Met Office 2023, provided under an Open Government License, http://www.nationalarchives.gov.uk/doc/open-government-licence/version/3/"
history,africa_subregion_3_JRA-55,""Data set created from file ['anl_surf125.011_tmp.202301_202312', 'anl_surf125.2023MMMM'] downloaded from ['', ''] at ['2023-10-06 11:01:38']""
history,africa_subregion_3_JRA-55,""Regridded to 1 degree latitude-longitude resolution""
history,africa_subregion_3_JRA-55,""Rebaselined to 1991-2020""
history,africa_subregion_3_JRA-55,""Calculated area-average""
history,africa_subregion_3_JRA-55,""Calculated annual average from monthly averages using arithmetic mean""
history,africa_subregion_3_JRA-55,""Selected years within the range 1900 to 2023.""
history,africa_subregion_3_JRA-55,""Wrote to file africa_subregion_3_JRA-55.csv""
history,africa_subregion_3_JRA-55,"Data set created from file ['africa_subregion_3_JRA-55.csv'] downloaded from [''] at ['2023-11-01 16:38:48']"
reference,africa_subregion_3_JRA-55,"Kobayashi, S., Ota, Y., Harada, Y., Ebita, A., Moriya, M., Onoda, H., Onogi, K., Kamahori, H., Kobayashi, C., Endo, H. and Miyaoka, K., (2015). The JRA-55 reanalysis: General specifications and basic characteristics. Journal of the Meteorological Society of Japan. Ser. II, 93(1), pp.5-48."
comments,africa_subregion_3_JRA-55,"Original data acknowledgement: "
history,africa_subregion_3_Kadow,""Data set created from file ['HadCRUT.5.0.1.0.anomalies.Kadow_et_al_2020_20crAI-infilled.ensemble_mean_185001-*.nc'] downloaded from [''] at ['2023-11-02 09:03:42']""
history,africa_subregion_3_Kadow,""Regridded to 1 degree latitude-longitude resolution""
history,africa_subregion_3_Kadow,""Rebaselined to 1991-2020""
history,africa_subregion_3_Kadow,""Calculated area-average""
history,africa_subregion_3_Kadow,""Calculated annual average from monthly averages using arithmetic mean""
history,africa_subregion_3_Kadow,""Selected years within the range 1900 to 2023.""
history,africa_subregion_3_Kadow,""Wrote to file africa_subregion_3_Kadow.csv""
history,africa_subregion_3_Kadow,"Data set created from file ['africa_subregion_3_Kadow.csv'] downloaded from [''] at ['2023-11-02 09:20:59']"
reference,africa_subregion_3_Kadow,"Kadow, C., Hall, D.M. & Ulbrich, U. Artificial intelligence reconstructs missing climate information. Nat. Geosci. (2020). https://doi.org/10.1038/s41561-020-0582-5"
comments,africa_subregion_3_Kadow,"Original data acknowledgement: "
history,africa_subregion_3_NOAA_Interim,""Data set created from file ['NOAAGlobalTemp_v*.nc'] downloaded from ['https://www.ncei.noaa.gov/data/noaa-global-surface-temperature/v5.1/access/gridded/NOAAGlobalTemp_v.*.nc'] at ['2023-10-14 08:45:48']""
history,africa_subregion_3_NOAA_Interim,""Data set created from file ['NOAAGlobalTemp_v*.nc'] downloaded from ['https://www.ncei.noaa.gov/data/noaa-global-surface-temperature/v5.1/access/gridded/NOAAGlobalTemp_v.*.nc'] at ['2023-10-14 08:45:48']""
history,africa_subregion_3_NOAA_Interim,""Regridded to 1 degree latitude-longitude resolution""
history,africa_subregion_3_NOAA_Interim,""Rebaselined to 1991-2020""
history,africa_subregion_3_NOAA_Interim,""Calculated area-average""
history,africa_subregion_3_NOAA_Interim,""Calculated annual average from monthly averages using arithmetic mean""
history,africa_subregion_3_NOAA_Interim,""Selected years within the range 1900 to 2023.""
history,africa_subregion_3_NOAA_Interim,""Wrote to file africa_subregion_3_NOAA Interim.csv""
history,africa_subregion_3_NOAA_Interim,"Data set created from file ['africa_subregion_3_NOAA Interim.csv'] downloaded from [''] at ['2023-11-01 16:40:25']"
reference,africa_subregion_3_NOAA_Interim,"Vose, R.S., B. Huang, X. Yin., D. Arndt, D.R. Easterling, J.H. Lawrimore, M.J. Menne, A. Sanchez-Lugo, H.-M. Zhang, 2021: Implementing full spatial coverage in NOAA’s global temperature analysis. Geophysical Research Letters, 48, e2020GL090873. https://doi.org/10.1029/2020GL090873"
comments,africa_subregion_3_NOAA_Interim,"Original data acknowledgement: "
long_name,time,time,days since 1800-01-01 00:00:00.0
type,time,int
long_name,year,year,1
type,year,int
long_name,africa_subregion_3_Berkeley_Earth,africa_subregion_3,degC
type,africa_subregion_3_Berkeley_Earth,float
long_name,africa_subregion_3_ERA5,africa_subregion_3,degC
type,africa_subregion_3_ERA5,float
long_name,africa_subregion_3_GISTEMP,africa_subregion_3,degC
type,africa_subregion_3_GISTEMP,float
long_name,africa_subregion_3_HadCRUT5,africa_subregion_3,degC
type,africa_subregion_3_HadCRUT5,float
long_name,africa_subregion_3_JRA-55,africa_subregion_3,degC
type,africa_subregion_3_JRA-55,float
long_name,africa_subregion_3_Kadow,africa_subregion_3,degC
type,africa_subregion_3_Kadow,float
long_name,africa_subregion_3_NOAA_Interim,africa_subregion_3,degC
type,africa_subregion_3_NOAA_Interim,float
coordinate_variable,time,t
data
time,year,africa_subregion_3_Berkeley_Earth,africa_subregion_3_ERA5,africa_subregion_3_GISTEMP,africa_subregion_3_HadCRUT5,africa_subregion_3_JRA-55,africa_subregion_3_Kadow,africa_subregion_3_NOAA_Interim
36524,1900,-0.7844,,,-0.8210,,-0.9397,-0.9402
36889,1901,-0.7057,,,-0.6147,,-0.6949,-0.9308
37254,1902,-0.9869,,-0.3632,-0.8464,,-0.8385,-1.0588
37619,1903,-1.3770,,-0.2453,-1.1302,,-1.2093,-0.8499
37984,1904,-1.8635,,-1.0850,-1.5000,,-1.5476,-1.4516
38350,1905,-1.2382,,-0.1528,-0.7843,,-0.9802,-0.9471
38715,1906,-1.5337,,-0.7701,-0.7899,,-1.2629,-0.9275
39080,1907,-1.4050,,-0.6469,-0.8827,,-1.0900,-1.0925
39445,1908,-1.2587,,-0.7776,-1.0001,,-0.8935,-0.9844
39811,1909,-1.2905,,-0.7526,-0.8277,,-0.8318,-0.9821
40176,1910,-1.4449,,-0.9896,-1.0767,,-0.9756,-1.1451
40541,1911,-1.5509,,-1.0881,-0.6490,,-1.0365,-1.1563
40906,1912,-0.8634,,-0.8820,-0.1532,,-0.6422,-1.0675
41272,1913,-0.9345,,-0.6153,-0.4030,,-0.6327,-0.9446
41637,1914,-0.4713,,-0.4961,-0.0267,,-0.4382,-0.6131
42002,1915,-0.6210,,-0.5104,0.0755,,-0.0730,-0.6892
42367,1916,-1.1055,,-0.9147,-0.6719,,-0.6707,-1.1232
42733,1917,-1.1024,,-0.7614,-0.4719,,-0.2142,-1.1072
43098,1918,-1.2505,,-0.8393,-0.4427,,-0.3579,-1.1902
43463,1919,-0.8262,,-0.4149,0.0682,,0.0521,-0.6425
43828,1920,-1.3442,,-1.1559,-0.3534,,-0.4777,-1.0693
44194,1921,-0.9920,,-0.7128,-0.4530,,-0.5864,-0.9472
44559,1922,-1.0737,,-0.7523,-0.1544,,-0.6879,-0.8793
44924,1923,-1.1044,,-0.7934,-0.4523,,-0.7931,-0.8829
45289,1924,-0.7426,,-0.4600,0.0858,,-0.0326,-0.6381
45655,1925,-0.9991,,-0.5540,-0.8870,,-0.5685,-0.9009
46020,1926,-0.7443,,-0.4734,-0.6360,,-0.3600,-0.6495
46385,1927,-0.7631,,-0.4479,-0.5012,,-0.4557,-0.6818
46750,1928,-0.7993,,-0.1943,-0.2870,,-0.3071,-0.6386
47116,1929,-1.1863,,-0.8023,-0.6585,,-0.7167,-0.9255
47481,1930,-0.9939,,-0.6860,-0.3687,,-0.4923,-0.7500
47846,1931,-0.3096,,-0.0393,-0.4113,,-0.3708,-0.2878
48211,1932,-0.7475,,-0.4439,-0.6765,,-0.6576,-0.6568
48577,1933,-0.6837,,-0.2759,-0.4523,,-0.1087,-0.5864
48942,1934,-0.8671,,-0.4309,-0.8712,,-0.4892,-0.6927
49307,1935,-0.7745,,-0.6762,-0.8087,,-0.6447,-0.7387
49672,1936,-0.7104,,-0.5799,-0.8951,,-0.7947,-0.7320
50038,1937,-0.6828,,-0.7682,-0.8329,,-0.5179,-0.7394
50403,1938,-0.6215,,-0.5984,-0.6612,,-0.5661,-0.6533
50768,1939,-0.7404,,-0.6389,-0.6769,,-0.5787,-0.5794
51133,1940,-0.6236,,-0.4061,-0.5463,,-0.4908,-0.5861
51499,1941,-0.3205,,-0.0593,0.0088,,-0.0089,-0.2020
51864,1942,-0.5587,,-0.3872,-0.3306,,-0.2801,-0.4648
52229,1943,-0.8736,,-0.8224,-0.7075,,-0.7952,-0.8877
52594,1944,-0.7779,,-0.6436,-0.5648,,-0.5203,-0.7102
52960,1945,-0.6742,,-0.6812,-0.6758,,-0.6035,-0.8594
53325,1946,-0.8407,,-0.6737,-0.3354,,-0.4184,-0.7331
53690,1947,-0.5886,,-0.5618,-0.1395,,-0.1002,-0.6568
54055,1948,-0.8754,,-0.8529,-0.4901,,-0.6101,-0.8877
54421,1949,-0.7385,,-0.5488,-0.3646,,-0.4781,-0.7483
54786,1950,-1.0217,,-0.9627,-0.8423,,-0.9110,-1.0233
55151,1951,-0.8548,,-0.7833,-0.5375,,-0.5314,-0.8297
55516,1952,-0.7196,,-0.5984,-0.3188,,-0.2876,-0.7000
55882,1953,-0.8711,,-0.7310,-0.4954,,-0.4651,-0.7846
56247,1954,-1.0266,,-0.8277,-0.6761,,-0.6704,-0.8904
56612,1955,-1.1057,,-0.9077,-0.7269,,-0.7556,-0.9490
56977,1956,-1.1208,,-0.9462,-0.8144,,-0.8351,-0.9914
57343,1957,-0.8796,,-0.7086,-0.5842,,-0.6101,-0.7761
57708,1958,-0.6115,,-0.4158,-0.3093,-0.2447,-0.3422,-0.5097
58073,1959,-0.7836,,-0.6188,-0.5570,-0.1823,-0.6091,-0.6979
58438,1960,-0.7577,,-0.5371,-0.4916,-0.4022,-0.5251,-0.6305
58804,1961,-1.1718,,-0.9417,-0.9077,-1.0122,-0.9427,-0.9986
59169,1962,-0.9611,,-0.7656,-0.7046,-0.8995,-0.6905,-0.7755
59534,1963,-0.7358,,-0.5875,-0.5080,-0.6996,-0.4723,-0.6133
59899,1964,-1.0157,,-0.8934,-0.7801,-0.8104,-0.7659,-0.9003
60265,1965,-1.0289,,-0.8128,-0.7280,-0.7434,-0.7259,-0.8371
60630,1966,-0.8214,,-0.5972,-0.5407,-0.5695,-0.5462,-0.6366
60995,1967,-0.9894,,-0.8438,-0.8362,-0.8873,-0.8395,-0.8964
61360,1968,-0.9889,,-0.8274,-0.7535,-0.8930,-0.7559,-0.8845
61726,1969,-0.5141,,-0.3876,-0.2877,-0.4519,-0.2630,-0.4203
62091,1970,-0.6980,,-0.5656,-0.5613,-0.6863,-0.5608,-0.6560
62456,1971,-0.9972,,-0.8428,-0.9526,-1.0327,-0.9844,-0.9010
62821,1972,-0.6386,,-0.4937,-0.5871,-0.7468,-0.6133,-0.5069
63187,1973,-0.3378,,-0.1726,-0.3417,-0.4187,-0.3757,-0.2523
63552,1974,-0.9552,,-0.8139,-0.9196,-1.1413,-0.9595,-0.8567
63917,1975,-0.9191,,-0.7775,-0.8934,-1.0831,-0.9276,-0.7950
64282,1976,-0.7973,,-0.6904,-0.8421,-0.8638,-0.8798,-0.7335
64648,1977,-0.6123,,-0.5303,-0.6499,-0.7636,-0.6772,-0.6366
65013,1978,-0.6184,,-0.5613,-0.6269,-0.7154,-0.6290,-0.5924
65378,1979,-0.3399,-0.6246,-0.3117,-0.2984,-0.4505,-0.3161,-0.3319
65743,1980,-0.3322,-0.5871,-0.3050,-0.3422,-0.5146,-0.3519,-0.3368
66109,1981,-0.5594,-0.7654,-0.6045,-0.6040,-0.6620,-0.6196,-0.6599
66474,1982,-0.5813,-0.8184,-0.6150,-0.6632,-0.6919,-0.6633,-0.6079
66839,1983,-0.3507,-0.4206,-0.3825,-0.3879,-0.3242,-0.3931,-0.4800
67204,1984,-0.4797,-0.6938,-0.4495,-0.4879,-0.5476,-0.5072,-0.5226
67570,1985,-0.5824,-0.9015,-0.5942,-0.6473,-0.7137,-0.5839,-0.5413
67935,1986,-0.4827,-0.6314,-0.4638,-0.5698,-0.6061,-0.5524,-0.4423
68300,1987,-0.0607,-0.1454,-0.0881,-0.1303,-0.0153,-0.1151,-0.1442
68665,1988,-0.3704,-0.4075,-0.4296,-0.3414,-0.2130,-0.3275,-0.4301
69031,1989,-0.7580,-0.7908,-0.8976,-0.7522,-0.7270,-0.7496,-0.8711
69396,1990,-0.2810,-0.1729,-0.2661,-0.3235,-0.0999,-0.2630,-0.2725
69761,1991,-0.4286,-0.4195,-0.4840,-0.2483,-0.3535,-0.2770,-0.3797
70126,1992,-0.6638,-0.7456,-0.8011,-0.5612,-0.6874,-0.6567,-0.7330
70492,1993,-0.3988,-0.4610,-0.4430,-0.4390,-0.4818,-0.4202,-0.4512
70857,1994,-0.4232,-0.5800,-0.4539,-0.6407,-0.4707,-0.6063,-0.5256
71222,1995,-0.2656,-0.3460,-0.3081,-0.4253,-0.1048,-0.4563,-0.3337
71587,1996,-0.3456,-0.4354,-0.4047,-0.3354,-0.2226,-0.4363,-0.3913
71953,1997,-0.0987,-0.3402,-0.1458,0.0198,-0.1484,-0.0210,-0.2903
72318,1998,0.2217,0.2148,0.2141,0.1044,0.5603,0.1192,0.1715
72683,1999,-0.3308,-0.5043,-0.3113,-0.3712,-0.0231,-0.3316,-0.2514
73048,2000,-0.3081,-0.5733,-0.2889,-0.3204,-0.2194,-0.3389,-0.3913
73414,2001,-0.2439,-0.4105,-0.3350,-0.2548,-0.1744,-0.2247,-0.3214
73779,2002,0.0643,-0.1726,-0.0015,-0.0943,-0.0845,-0.0779,-0.0015
74144,2003,0.0952,-0.0243,0.1434,-0.0340,0.0446,-0.0008,0.0642
74509,2004,0.1164,-0.0251,0.1144,0.0641,-0.1509,0.0675,0.0471
74875,2005,0.4814,0.2365,0.3030,0.5365,0.1726,0.3609,0.2924
75240,2006,0.2180,-0.0046,0.0601,0.2450,-0.0478,0.2035,0.0517
75605,2007,0.0526,-0.0093,0.0261,0.1245,-0.1896,0.1770,0.0716
75970,2008,-0.0394,-0.1953,-0.0902,-0.0407,-0.3258,-0.0610,-0.1185
76336,2009,0.2817,0.2553,0.2585,0.3620,0.0361,0.4481,0.3031
76701,2010,0.4352,0.5229,0.5455,0.5982,0.4748,0.5377,0.4573
77066,2011,-0.0940,0.0275,-0.0209,-0.0087,-0.0024,0.0415,-0.0321
77431,2012,-0.1794,0.0393,0.0021,-0.0782,-0.0578,-0.1019,0.0300
77797,2013,0.0858,0.3620,0.1649,0.1848,0.2845,0.1204,0.1971
78162,2014,0.1155,0.3159,0.1007,0.0406,0.1459,0.0661,0.1610
78527,2015,0.1270,0.3859,0.2277,0.0926,0.2214,0.1036,0.3012
78892,2016,0.4655,0.7044,0.5786,0.4528,0.5225,0.4627,0.5821
79258,2017,0.2523,0.4891,0.3366,0.1596,0.2749,0.1899,0.3204
79623,2018,0.1698,0.4576,0.2218,0.2380,0.2269,0.2057,0.2610
79988,2019,0.3581,0.5945,0.4492,0.4236,0.3683,0.5527,0.4974
80353,2020,0.2794,0.6411,0.3417,0.2143,0.4119,0.3540,0.4116
80719,2021,0.2929,0.7099,0.4122,0.2238,0.3652,0.4033,0.3951
81084,2022,0.0212,0.3678,0.0211,0.0013,0.1348,0.1152,0.0987
81449,2023,0.5001,0.7952,0.4270,0.2283,0.4810,0.2585,0.5417
end data
