Conventions,G,BADC-CSV,1
title,G,Regional mean temperature for WMO RA 1 Central Africa
last_revised_date,G,2024-02-08
date_valid,G,2024-02-08
feature_type,G,area average
creator,G,WMO
source,G,Produced by climind version 1.0
observation_station,G,derived data
location,G,90.,-180.,-90.,180.
activity,G,WMO
history,G,""Data set created from file ['HadCRUT.5.0.2.0.analysis.anomalies.ensemble_mean.nc'] downloaded from ['https://www.metoffice.gov.uk/hadobs/hadcrut5/data/HadCRUT.5.0.2.0/analysis/HadCRUT.5.0.2.0.analysis.anomalies.ensemble_mean.nc'] at ['2024-01-15 11:56:27']""
history,G,""Regridded to 1 degree latitude-longitude resolution""
history,G,""Rebaselined to 1991-2020""
history,G,""Calculated area-average""
history,G,""Calculated annual average from monthly averages using arithmetic mean""
history,G,""Selected years within the range 1900 to 2023.""
history,G,""Wrote to file africa_subregion_3_HadCRUT5.csv""
history,G,"Data set created from file ['africa_subregion_3_HadCRUT5.csv'] downloaded from [''] at ['2024-01-17 11:07:59']"
reference,G,"Morice, C. P., Kennedy, J. J., Rayner, N. A., Winn, J. P., Hogan, E., Killick, R. E., et al. (2021). An updated assessment of near-surface temperature change from 1850: the HadCRUT5 data set. Journal of Geophysical Research: Atmospheres, 126, e2019JD032361. https://doi.org/10.1029/2019JD032361"
rights,G,TBD
comments,G,Data produced by climind version 1.0
comments,G,Format description https://help.ceda.ac.uk/article/105-badc-csv
comments,G,"Original data acknowledgement: HadCRUT.5.0.2.0 data were obtained from http://www.metoffice.gov.uk/hadobs/hadcrut5 on 2024-01-15 11:56:27 and are © British Crown Copyright, Met Office 2024, provided under an Open Government License, http://www.nationalarchives.gov.uk/doc/open-government-licence/version/3/"
long_name,time,time,days since 1800-01-01 00:00:00.0
type,time,int
long_name,year,year,1
type,year,int
long_name,data,africa_subregion_3,degC
type,data,float
coordinate_variable,time,t
data
time,year,data
36524,1900,-0.8210
36889,1901,-0.6147
37254,1902,-0.8464
37619,1903,-1.1302
37984,1904,-1.5000
38350,1905,-0.7842
38715,1906,-0.7899
39080,1907,-0.8827
39445,1908,-1.0000
39811,1909,-0.8276
40176,1910,-1.0767
40541,1911,-0.6490
40906,1912,-0.1531
41272,1913,-0.4029
41637,1914,-0.0266
42002,1915,0.0756
42367,1916,-0.6718
42733,1917,-0.4718
43098,1918,-0.4426
43463,1919,0.0683
43828,1920,-0.3533
44194,1921,-0.4528
44559,1922,-0.1543
44924,1923,-0.4522
45289,1924,0.0860
45655,1925,-0.8869
46020,1926,-0.6359
46385,1927,-0.5011
46750,1928,-0.2868
47116,1929,-0.6583
47481,1930,-0.3687
47846,1931,-0.4113
48211,1932,-0.6765
48577,1933,-0.4523
48942,1934,-0.8712
49307,1935,-0.8087
49672,1936,-0.8951
50038,1937,-0.8329
50403,1938,-0.6613
50768,1939,-0.6769
51133,1940,-0.5463
51499,1941,0.0088
51864,1942,-0.3306
52229,1943,-0.7075
52594,1944,-0.5648
52960,1945,-0.6758
53325,1946,-0.3354
53690,1947,-0.1395
54055,1948,-0.4901
54421,1949,-0.3646
54786,1950,-0.8423
55151,1951,-0.5375
55516,1952,-0.3188
55882,1953,-0.4954
56247,1954,-0.6761
56612,1955,-0.7269
56977,1956,-0.8144
57343,1957,-0.5842
57708,1958,-0.3093
58073,1959,-0.5570
58438,1960,-0.4916
58804,1961,-0.9077
59169,1962,-0.7046
59534,1963,-0.5080
59899,1964,-0.7801
60265,1965,-0.7280
60630,1966,-0.5407
60995,1967,-0.8362
61360,1968,-0.7535
61726,1969,-0.2877
62091,1970,-0.5613
62456,1971,-0.9526
62821,1972,-0.5871
63187,1973,-0.3417
63552,1974,-0.9196
63917,1975,-0.8934
64282,1976,-0.8421
64648,1977,-0.6499
65013,1978,-0.6269
65378,1979,-0.2984
65743,1980,-0.3422
66109,1981,-0.6040
66474,1982,-0.6632
66839,1983,-0.3879
67204,1984,-0.4879
67570,1985,-0.6473
67935,1986,-0.5698
68300,1987,-0.1303
68665,1988,-0.3414
69031,1989,-0.7522
69396,1990,-0.3235
69761,1991,-0.2483
70126,1992,-0.5613
70492,1993,-0.4390
70857,1994,-0.6407
71222,1995,-0.4253
71587,1996,-0.3354
71953,1997,0.0198
72318,1998,0.1044
72683,1999,-0.3712
73048,2000,-0.3204
73414,2001,-0.2548
73779,2002,-0.0943
74144,2003,-0.0340
74509,2004,0.0640
74875,2005,0.5365
75240,2006,0.2450
75605,2007,0.1245
75970,2008,-0.0408
76336,2009,0.3620
76701,2010,0.5982
77066,2011,-0.0087
77431,2012,-0.0782
77797,2013,0.1848
78162,2014,0.0406
78527,2015,0.0926
78892,2016,0.4528
79258,2017,0.1596
79623,2018,0.2379
79988,2019,0.4236
80353,2020,0.2144
80719,2021,0.2237
81084,2022,0.0013
81449,2023,0.3658
end data
