Conventions,G,BADC-CSV,1
title,G,Regional mean temperature for Central Africa
last_revised_date,G,2022-08-29
date_valid,G,2022-08-29
feature_type,G,area average
creator,G,WMO
source,G,Produced by climind version 0.1
observation_station,G,derived data
location,G,90.,-180.,-90.,180.
activity,G,WMO
history,G,""Gridded dataset created from file ['NOAAGlobalTemp_v*.nc'] downloaded from ['https://www.ncei.noaa.gov/data/noaa-global-surface-temperature/v5/access/gridded/NOAAGlobalTemp_v.*.nc']""history,G,""Regridded to 1 degree latitude-longitude resolution""history,G,""Rebaselined to 1981-2010""history,G,""Calculated area-average""history,G,""Calculated annual average""history,G,""Wrote to file africa_subregion_3_NOAAGlobalTemp.csv""history,G,"Time series created from file ['africa_subregion_3_NOAAGlobalTemp.csv'] downloaded from ['']"
reference,G,"Huang, B., M. J. Menne, T. Boyer, E. Freeman, B. E. Gleason, J. H. Lawrimore, C. Liu, J. J. Rennie, C. Schreck, F. Sun, R. Vose, C. N. Williams, X. Yin, H.-M. Zhang, 2020: Uncertainty estimates for sea surface temperature and land surface air temperature in NOAAGlobalTemp version 5. , J. Climate, 33, 1351-1379, DOI: 10.1175/JCLI-D-19-0395.1"reference,G,"Zhang, Huai-Min, Jay H. Lawrimore, Boyin Huang, Matthew J. Menne, Xungang Yin, Ahira Sȧnchez-Lugo, Byron E. Gleason, Russell Vose, Derek Arndt, J. Jared Rennie, and Claude N. Williams. (2019) Updated Temperature Data Give a Sharper View of Climate Trends. Eos, 100, https://doi.org/10.1029/2019EO128229"
rights,G,TBD
comments,G,Data produced by climind version 0.1
comments,G,Format description https://help.ceda.ac.uk/article/105-badc-csv
long_name,time,time,
type,time,int
long_name,year,year,1
type,year,int
long_name,data,africa_subregion_3,degC
type,data,float
coordinate_variable,time,t
data
time,year,data
36524,1900,-1.1581
36889,1901,-0.8748
37254,1902,-0.7259
37619,1903,-0.8957
37984,1904,-0.9724
38350,1905,-0.5638
38715,1906,-0.7480
39080,1907,-0.8818
39445,1908,-0.7080
39811,1909,-0.6122
40176,1910,-0.8095
40541,1911,-1.0160
40906,1912,-0.5631
41272,1913,-0.4462
41637,1914,-0.2555
42002,1915,-0.3106
42367,1916,-0.9122
42733,1917,-0.8758
43098,1918,-1.0959
43463,1919,-0.4732
43828,1920,-0.8432
44194,1921,-0.7927
44559,1922,-0.5592
44924,1923,-0.7208
45289,1924,-0.5609
45655,1925,-0.7100
46020,1926,-0.4264
46385,1927,-0.5343
46750,1928,-0.3894
47116,1929,-0.6205
47481,1930,-0.6363
47846,1931,-0.1159
48211,1932,-0.4863
48577,1933,-0.3143
48942,1934,-0.4639
49307,1935,-0.5986
49672,1936,-0.5684
50038,1937,-0.4312
50403,1938,-0.3554
50768,1939,-0.5618
51133,1940,-0.2477
51499,1941,0.0402
51864,1942,-0.2503
52229,1943,-0.7342
52594,1944,-0.4097
52960,1945,-0.6472
53325,1946,-0.5602
53690,1947,-0.3876
54055,1948,-0.7242
54421,1949,-0.4600
54786,1950,-0.8383
55151,1951,-0.7020
55516,1952,-0.4732
55882,1953,-0.6491
56247,1954,-0.7306
56612,1955,-0.8073
56977,1956,-0.8317
57343,1957,-0.5875
57708,1958,-0.3369
58073,1959,-0.5480
58438,1960,-0.4474
58804,1961,-0.7895
59169,1962,-0.5706
59534,1963,-0.4689
59899,1964,-0.7663
60265,1965,-0.6855
60630,1966,-0.4430
60995,1967,-0.7344
61360,1968,-0.7315
61726,1969,-0.2669
62091,1970,-0.4046
62456,1971,-0.6937
62821,1972,-0.3865
63187,1973,-0.0723
63552,1974,-0.6837
63917,1975,-0.6481
64282,1976,-0.6195
64648,1977,-0.4102
65013,1978,-0.4393
65378,1979,-0.1824
65743,1980,-0.1589
66109,1981,-0.5221
66474,1982,-0.4548
66839,1983,-0.1318
67204,1984,-0.2372
67570,1985,-0.3529
67935,1986,-0.2504
68300,1987,0.1825
68665,1988,-0.1659
69031,1989,-0.6298
69396,1990,-0.0063
69761,1991,-0.1614
70126,1992,-0.4259
70492,1993,-0.1534
70857,1994,-0.3025
71222,1995,0.0073
71587,1996,-0.1735
71953,1997,-0.1104
72318,1998,0.4317
72683,1999,0.0085
73048,2000,-0.1465
73414,2001,-0.0652
73779,2002,0.2689
74144,2003,0.4433
74509,2004,0.3622
74875,2005,0.6160
75240,2006,0.2420
75605,2007,0.3012
75970,2008,0.1461
76336,2009,0.4909
76701,2010,0.7885
77066,2011,0.2196
77431,2012,0.2791
77797,2013,0.4038
78162,2014,0.4042
78527,2015,0.7249
78892,2016,0.9798
79258,2017,0.6711
79623,2018,0.6825
79988,2019,0.9715
80353,2020,0.7179
80719,2021,0.7109
end data
