Conventions,G,BADC-CSV,1
title,G,Regional mean temperature for WMO RA 1 North Africa
last_revised_date,G,2023-08-28
date_valid,G,2023-08-28
feature_type,G,area average
creator,G,WMO
source,G,Produced by climind version 0.1
observation_station,G,derived data
location,G,90.,-180.,-90.,180.
activity,G,WMO
history,G,""Data set created from file ['NOAAGlobalTemp_v*.nc'] downloaded from ['https://www.ncei.noaa.gov/data/noaa-global-surface-temperature/v5/access/gridded/NOAAGlobalTemp_v.*.nc'] at ['2023-08-07 16:18:17']""
history,G,""Data set created from file ['NOAAGlobalTemp_v*.nc'] downloaded from ['https://www.ncei.noaa.gov/data/noaa-global-surface-temperature/v5/access/gridded/NOAAGlobalTemp_v.*.nc'] at ['2023-08-07 16:18:17']""
history,G,""Regridded to 1 degree latitude-longitude resolution""
history,G,""Rebaselined to 1991-2020""
history,G,""Calculated area-average""
history,G,""Calculated annual average from monthly averages using arithmetic mean""
history,G,""Selected years within the range 1900 to 2022.""
history,G,""Wrote to file africa_subregion_1_NOAAGlobalTemp.csv""
history,G,"Data set created from file ['africa_subregion_1_NOAAGlobalTemp.csv'] downloaded from [''] at ['2023-08-09 12:23:49']"
history,G,"Calculated 10-year moving average"
reference,G,"Huang, B., M. J. Menne, T. Boyer, E. Freeman, B. E. Gleason, J. H. Lawrimore, C. Liu, J. J. Rennie, C. Schreck, F. Sun, R. Vose, C. N. Williams, X. Yin, H.-M. Zhang, 2020: Uncertainty estimates for sea surface temperature and land surface air temperature in NOAAGlobalTemp version 5. , J. Climate, 33, 1351-1379, DOI: 10.1175/JCLI-D-19-0395.1"
reference,G,"Zhang, Huai-Min, Jay H. Lawrimore, Boyin Huang, Matthew J. Menne, Xungang Yin, Ahira Sȧnchez-Lugo, Byron E. Gleason, Russell Vose, Derek Arndt, J. Jared Rennie, and Claude N. Williams. (2019) Updated Temperature Data Give a Sharper View of Climate Trends. Eos, 100, https://doi.org/10.1029/2019EO128229"
rights,G,TBD
comments,G,Data produced by climind version 0.1
comments,G,Format description https://help.ceda.ac.uk/article/105-badc-csv
comments,G,"Original data acknowledgement: "
long_name,time,time,days since 1800-01-01 00:00:00.0
type,time,int
long_name,year,year,1
type,year,int
long_name,data,africa_subregion_1,degC
type,data,float
coordinate_variable,time,t
data
time,year,data
36524,1900,
36889,1901,
37254,1902,
37619,1903,
37984,1904,
38350,1905,
38715,1906,
39080,1907,
39445,1908,
39811,1909,-1.2331
40176,1910,-1.2415
40541,1911,-1.3231
40906,1912,-1.3646
41272,1913,-1.3213
41637,1914,-1.3210
42002,1915,-1.2973
42367,1916,-1.3038
42733,1917,-1.2553
43098,1918,-1.3212
43463,1919,-1.3259
43828,1920,-1.3579
44194,1921,-1.3635
44559,1922,-1.3662
44924,1923,-1.4216
45289,1924,-1.3770
45655,1925,-1.3969
46020,1926,-1.3532
46385,1927,-1.3049
46750,1928,-1.2461
47116,1929,-1.2632
47481,1930,-1.2003
47846,1931,-1.0960
48211,1932,-1.0951
48577,1933,-1.0494
48942,1934,-1.0860
49307,1935,-1.0641
49672,1936,-1.0769
50038,1937,-1.0505
50403,1938,-1.0678
50768,1939,-1.0300
51133,1940,-1.0360
51499,1941,-1.0501
51864,1942,-1.0047
52229,1943,-1.0134
52594,1944,-1.0049
52960,1945,-1.0025
53325,1946,-0.9951
53690,1947,-0.9782
54055,1948,-0.9704
54421,1949,-0.9803
54786,1950,-1.0045
55151,1951,-1.0102
55516,1952,-1.0144
55882,1953,-1.0040
56247,1954,-1.0204
56612,1955,-0.9429
56977,1956,-0.9883
57343,1957,-1.0656
57708,1958,-0.9995
58073,1959,-1.0015
58438,1960,-0.9387
58804,1961,-0.9573
59169,1962,-0.9443
59534,1963,-0.8843
59899,1964,-0.8523
60265,1965,-0.9393
60630,1966,-0.8666
60995,1967,-0.8788
61360,1968,-0.9179
61726,1969,-0.8583
62091,1970,-0.8826
62456,1971,-0.9044
62821,1972,-0.9649
63187,1973,-1.0104
63552,1974,-1.0422
63917,1975,-1.0629
64282,1976,-1.1563
64648,1977,-1.0953
65013,1978,-1.0886
65378,1979,-1.0870
65743,1980,-1.0825
66109,1981,-1.0219
66474,1982,-0.9970
66839,1983,-0.9769
67204,1984,-0.9448
67570,1985,-0.8681
67935,1986,-0.7972
68300,1987,-0.7413
68665,1988,-0.6870
69031,1989,-0.6897
69396,1990,-0.6335
69761,1991,-0.6503
70126,1992,-0.6649
70492,1993,-0.6460
70857,1994,-0.5876
71222,1995,-0.5653
71587,1996,-0.5060
71953,1997,-0.5194
72318,1998,-0.4769
72683,1999,-0.4032
73048,2000,-0.4119
73414,2001,-0.2996
73779,2002,-0.1700
74144,2003,-0.0956
74509,2004,-0.0624
74875,2005,-0.0241
75240,2006,0.0164
75605,2007,0.0468
75970,2008,0.0376
76336,2009,0.0337
76701,2010,0.1728
77066,2011,0.1329
77431,2012,0.1300
77797,2013,0.1324
78162,2014,0.1824
78527,2015,0.1891
78892,2016,0.2347
79258,2017,0.2548
79623,2018,0.2968
79988,2019,0.3002
80353,2020,0.2391
80719,2021,0.3428
81084,2022,0.3789
end data
