Conventions,G,BADC-CSV,1
title,G,Regional mean temperature for WMO RA 1 North Africa
last_revised_date,G,2023-08-28
date_valid,G,2023-08-28
feature_type,G,area average
creator,G,WMO
source,G,Produced by climind version 0.1
observation_station,G,derived data
location,G,90.,-180.,-90.,180.
rights,G,TBD
activity,G,WMO
comments,G,Format description https://help.ceda.ac.uk/article/105-badc-csv
history,africa_subregion_1_Berkeley_Earth,""Data set created from file ['Land_and_Ocean_LatLong1.nc'] downloaded from ['https://berkeley-earth-temperature.s3.us-west-1.amazonaws.com/Global/Gridded/Land_and_Ocean_LatLong1.nc'] at ['2023-08-07 17:34:59']""
history,africa_subregion_1_Berkeley_Earth,""Rebaselined to 1991-2020""
history,africa_subregion_1_Berkeley_Earth,""Calculated area-average""
history,africa_subregion_1_Berkeley_Earth,""Calculated annual average from monthly averages using arithmetic mean""
history,africa_subregion_1_Berkeley_Earth,""Selected years within the range 1900 to 2022.""
history,africa_subregion_1_Berkeley_Earth,""Wrote to file africa_subregion_1_Berkeley Earth.csv""
history,africa_subregion_1_Berkeley_Earth,"Data set created from file ['africa_subregion_1_Berkeley Earth.csv'] downloaded from [''] at ['2023-08-09 11:00:04']"
history,africa_subregion_1_Berkeley_Earth,"Calculated 10-year moving average"
reference,africa_subregion_1_Berkeley_Earth,"Rohde, R. A. and Hausfather, Z.: The Berkeley Earth Land/Ocean Temperature Record, Earth Syst. Sci. Data, 12, 3469-3479, https://doi.org/10.5194/essd-12-3469-2020, 2020"
comments,africa_subregion_1_Berkeley_Earth,"Original data acknowledgement: "
history,africa_subregion_1_ERA5,""Gridded dataset created from file ['era5_2m_tas_2023.nc'] downloaded from ['']""
history,africa_subregion_1_ERA5,""Regridded to 1 degree latitude-longitude resolution""
history,africa_subregion_1_ERA5,""Rebaselined to 1991-2020""
history,africa_subregion_1_ERA5,""Calculated area-average""
history,africa_subregion_1_ERA5,""Calculated annual average from monthly averages using arithmetic mean""
history,africa_subregion_1_ERA5,""Selected years within the range 1900 to 2022.""
history,africa_subregion_1_ERA5,""Wrote to file africa_subregion_1_ERA5.csv""
history,africa_subregion_1_ERA5,"Data set created from file ['africa_subregion_1_ERA5.csv'] downloaded from [''] at ['2023-08-09 11:00:39']"
history,africa_subregion_1_ERA5,"Calculated 10-year moving average"
reference,africa_subregion_1_ERA5,"Hersbach H, Bell B, Berrisford P et al. 2020. The ERA5 global reanalysis. Q. J. R. Meteorol. Soc. 146: 1999-2049. https://doi.org/10.1002/qj.3803"
comments,africa_subregion_1_ERA5,"Original data acknowledgement: "
history,africa_subregion_1_GISTEMP,""Data set created from file ['gistemp1200_GHCNv4_ERSSTv5.nc.gz'] downloaded from ['https://data.giss.nasa.gov/pub/gistemp/gistemp1200_GHCNv4_ERSSTv5.nc.gz'] at ['2023-08-07 16:14:33']""
history,africa_subregion_1_GISTEMP,""Regridded to 1 degree latitude-longitude resolution""
history,africa_subregion_1_GISTEMP,""Rebaselined to 1991-2020""
history,africa_subregion_1_GISTEMP,""Calculated area-average""
history,africa_subregion_1_GISTEMP,""Calculated annual average from monthly averages using arithmetic mean""
history,africa_subregion_1_GISTEMP,""Selected years within the range 1900 to 2022.""
history,africa_subregion_1_GISTEMP,""Wrote to file africa_subregion_1_GISTEMP.csv""
history,africa_subregion_1_GISTEMP,"Data set created from file ['africa_subregion_1_GISTEMP.csv'] downloaded from [''] at ['2023-08-09 11:01:04']"
history,africa_subregion_1_GISTEMP,"Calculated 10-year moving average"
reference,africa_subregion_1_GISTEMP,"Lenssen, N., G. Schmidt, J. Hansen, M. Menne, A. Persin, R. Ruedy, and D. Zyss, 2019: Improvements in the GISTEMP uncertainty model. J. Geophys. Res. Atmos., 124, no. 12, 6307-6326, doi:10.1029/2018JD029522"
comments,africa_subregion_1_GISTEMP,"Original data acknowledgement: "
history,africa_subregion_1_HadCRUT5,""Data set created from file ['HadCRUT.5.0.1.0.analysis.anomalies.ensemble_mean.nc'] downloaded from ['https://www.metoffice.gov.uk/hadobs/hadcrut5/data/current/analysis/HadCRUT.5.0.1.0.analysis.anomalies.ensemble_mean.nc'] at ['2023-08-07 16:14:34']""
history,africa_subregion_1_HadCRUT5,""Regridded to 1 degree latitude-longitude resolution""
history,africa_subregion_1_HadCRUT5,""Rebaselined to 1991-2020""
history,africa_subregion_1_HadCRUT5,""Calculated area-average""
history,africa_subregion_1_HadCRUT5,""Calculated annual average from monthly averages using arithmetic mean""
history,africa_subregion_1_HadCRUT5,""Selected years within the range 1900 to 2022.""
history,africa_subregion_1_HadCRUT5,""Wrote to file africa_subregion_1_HadCRUT5.csv""
history,africa_subregion_1_HadCRUT5,"Data set created from file ['africa_subregion_1_HadCRUT5.csv'] downloaded from [''] at ['2023-08-09 11:01:49']"
history,africa_subregion_1_HadCRUT5,"Calculated 10-year moving average"
reference,africa_subregion_1_HadCRUT5,"Morice, C. P., Kennedy, J. J., Rayner, N. A., Winn, J. P., Hogan, E., Killick, R. E., et al. (2021). An updated assessment of near-surface temperature change from 1850: the HadCRUT5 data set. Journal of Geophysical Research: Atmospheres, 126, e2019JD032361. https://doi.org/10.1029/2019JD032361"
comments,africa_subregion_1_HadCRUT5,"Original data acknowledgement: HadCRUT.5.0.1.0 data were obtained from http://www.metoffice.gov.uk/hadobs/hadcrut5 on 2023-08-07 16:14:34 and are © British Crown Copyright, Met Office 2023, provided under an Open Government License, http://www.nationalarchives.gov.uk/doc/open-government-licence/version/3/"
history,africa_subregion_1_JRA-55,""Data set created from file ['anl_surf125.011_tmp.202301_202312', 'anl_surf125.2023MMMM'] downloaded from ['', ''] at ['2023-08-07 16:16:00']""
history,africa_subregion_1_JRA-55,""Regridded to 1 degree latitude-longitude resolution""
history,africa_subregion_1_JRA-55,""Rebaselined to 1991-2020""
history,africa_subregion_1_JRA-55,""Calculated area-average""
history,africa_subregion_1_JRA-55,""Calculated annual average from monthly averages using arithmetic mean""
history,africa_subregion_1_JRA-55,""Selected years within the range 1900 to 2022.""
history,africa_subregion_1_JRA-55,""Wrote to file africa_subregion_1_JRA-55.csv""
history,africa_subregion_1_JRA-55,"Data set created from file ['africa_subregion_1_JRA-55.csv'] downloaded from [''] at ['2023-08-09 11:02:28']"
history,africa_subregion_1_JRA-55,"Calculated 10-year moving average"
reference,africa_subregion_1_JRA-55,"Kobayashi, S., Ota, Y., Harada, Y., Ebita, A., Moriya, M., Onoda, H., Onogi, K., Kamahori, H., Kobayashi, C., Endo, H. and Miyaoka, K., (2015). The JRA-55 reanalysis: General specifications and basic characteristics. Journal of the Meteorological Society of Japan. Ser. II, 93(1), pp.5-48."
comments,africa_subregion_1_JRA-55,"Original data acknowledgement: "
history,africa_subregion_1_NOAAGlobalTemp,""Data set created from file ['NOAAGlobalTemp_v*.nc'] downloaded from ['https://www.ncei.noaa.gov/data/noaa-global-surface-temperature/v5/access/gridded/NOAAGlobalTemp_v.*.nc'] at ['2023-08-07 16:18:17']""
history,africa_subregion_1_NOAAGlobalTemp,""Data set created from file ['NOAAGlobalTemp_v*.nc'] downloaded from ['https://www.ncei.noaa.gov/data/noaa-global-surface-temperature/v5/access/gridded/NOAAGlobalTemp_v.*.nc'] at ['2023-08-07 16:18:17']""
history,africa_subregion_1_NOAAGlobalTemp,""Regridded to 1 degree latitude-longitude resolution""
history,africa_subregion_1_NOAAGlobalTemp,""Rebaselined to 1991-2020""
history,africa_subregion_1_NOAAGlobalTemp,""Calculated area-average""
history,africa_subregion_1_NOAAGlobalTemp,""Calculated annual average from monthly averages using arithmetic mean""
history,africa_subregion_1_NOAAGlobalTemp,""Selected years within the range 1900 to 2022.""
history,africa_subregion_1_NOAAGlobalTemp,""Wrote to file africa_subregion_1_NOAAGlobalTemp.csv""
history,africa_subregion_1_NOAAGlobalTemp,"Data set created from file ['africa_subregion_1_NOAAGlobalTemp.csv'] downloaded from [''] at ['2023-08-09 12:23:49']"
history,africa_subregion_1_NOAAGlobalTemp,"Calculated 10-year moving average"
reference,africa_subregion_1_NOAAGlobalTemp,"Huang, B., M. J. Menne, T. Boyer, E. Freeman, B. E. Gleason, J. H. Lawrimore, C. Liu, J. J. Rennie, C. Schreck, F. Sun, R. Vose, C. N. Williams, X. Yin, H.-M. Zhang, 2020: Uncertainty estimates for sea surface temperature and land surface air temperature in NOAAGlobalTemp version 5. , J. Climate, 33, 1351-1379, DOI: 10.1175/JCLI-D-19-0395.1"
reference,africa_subregion_1_NOAAGlobalTemp,"Zhang, Huai-Min, Jay H. Lawrimore, Boyin Huang, Matthew J. Menne, Xungang Yin, Ahira Sȧnchez-Lugo, Byron E. Gleason, Russell Vose, Derek Arndt, J. Jared Rennie, and Claude N. Williams. (2019) Updated Temperature Data Give a Sharper View of Climate Trends. Eos, 100, https://doi.org/10.1029/2019EO128229"
comments,africa_subregion_1_NOAAGlobalTemp,"Original data acknowledgement: "
long_name,time,time,days since 1800-01-01 00:00:00.0
type,time,int
long_name,year,year,1
type,year,int
long_name,africa_subregion_1_Berkeley_Earth,africa_subregion_1,degC
type,africa_subregion_1_Berkeley_Earth,float
long_name,africa_subregion_1_ERA5,africa_subregion_1,degC
type,africa_subregion_1_ERA5,float
long_name,africa_subregion_1_GISTEMP,africa_subregion_1,degC
type,africa_subregion_1_GISTEMP,float
long_name,africa_subregion_1_HadCRUT5,africa_subregion_1,degC
type,africa_subregion_1_HadCRUT5,float
long_name,africa_subregion_1_JRA-55,africa_subregion_1,degC
type,africa_subregion_1_JRA-55,float
long_name,africa_subregion_1_NOAAGlobalTemp,africa_subregion_1,degC
type,africa_subregion_1_NOAAGlobalTemp,float
coordinate_variable,time,t
data
time,year,africa_subregion_1_Berkeley_Earth,africa_subregion_1_ERA5,africa_subregion_1_GISTEMP,africa_subregion_1_HadCRUT5,africa_subregion_1_JRA-55,africa_subregion_1_NOAAGlobalTemp
36524,1900,,,,,,
36889,1901,,,,,,
37254,1902,,,,,,
37619,1903,,,,,,
37984,1904,,,,,,
38350,1905,,,,,,
38715,1906,,,,,,
39080,1907,,,,,,
39445,1908,,,,,,
39811,1909,-1.3103,,-1.2450,-1.3873,,-1.2331
40176,1910,-1.3507,,-1.2921,-1.4156,,-1.2415
40541,1911,-1.3905,,-1.3070,-1.4463,,-1.3231
40906,1912,-1.4247,,-1.3550,-1.4354,,-1.3646
41272,1913,-1.3973,,-1.3471,-1.3766,,-1.3213
41637,1914,-1.3663,,-1.3539,-1.3165,,-1.3210
42002,1915,-1.3250,,-1.3202,-1.2735,,-1.2973
42367,1916,-1.2877,,-1.2756,-1.2714,,-1.3038
42733,1917,-1.2537,,-1.2673,-1.2664,,-1.2553
43098,1918,-1.2512,,-1.2878,-1.2813,,-1.3212
43463,1919,-1.2506,,-1.2671,-1.2923,,-1.3259
43828,1920,-1.2134,,-1.2323,-1.2751,,-1.3579
44194,1921,-1.2044,,-1.2395,-1.2482,,-1.3635
44559,1922,-1.1812,,-1.2171,-1.2529,,-1.3662
44924,1923,-1.2000,,-1.2376,-1.3023,,-1.4216
45289,1924,-1.1737,,-1.1933,-1.2840,,-1.3770
45655,1925,-1.1938,,-1.2346,-1.3143,,-1.3969
46020,1926,-1.1610,,-1.2334,-1.2859,,-1.3532
46385,1927,-1.0863,,-1.1533,-1.2215,,-1.3049
46750,1928,-1.0318,,-1.0902,-1.1680,,-1.2461
47116,1929,-1.0500,,-1.1074,-1.1738,,-1.2632
47481,1930,-1.0250,,-1.0748,-1.1528,,-1.2003
47846,1931,-0.9446,,-0.9977,-1.1030,,-1.0960
48211,1932,-0.9148,,-0.9864,-1.1183,,-1.0951
48577,1933,-0.8730,,-0.9471,-1.0736,,-1.0494
48942,1934,-0.9083,,-0.9690,-1.1152,,-1.0860
49307,1935,-0.9058,,-0.9285,-1.0725,,-1.0641
49672,1936,-0.9377,,-0.9301,-1.0619,,-1.0769
50038,1937,-0.9154,,-0.9084,-1.0222,,-1.0505
50403,1938,-0.9732,,-0.9568,-1.0425,,-1.0678
50768,1939,-0.9260,,-0.9200,-1.0108,,-1.0300
51133,1940,-0.9401,,-0.9472,-1.0000,,-1.0360
51499,1941,-0.9617,,-0.9768,-0.9998,,-1.0501
51864,1942,-0.9580,,-0.9475,-0.9383,,-1.0047
52229,1943,-0.9696,,-0.9336,-0.9235,,-1.0134
52594,1944,-0.9693,,-0.9431,-0.8934,,-1.0049
52960,1945,-0.9425,,-0.9290,-0.8933,,-1.0025
53325,1946,-0.9094,,-0.9228,-0.8835,,-0.9951
53690,1947,-0.8921,,-0.9120,-0.8820,,-0.9782
54055,1948,-0.8636,,-0.8850,-0.8844,,-0.9704
54421,1949,-0.8921,,-0.8920,-0.9119,,-0.9803
54786,1950,-0.9153,,-0.8829,-0.9398,,-1.0045
55151,1951,-0.9175,,-0.8755,-0.9620,,-1.0102
55516,1952,-0.9148,,-0.8688,-0.9807,,-1.0144
55882,1953,-0.9141,,-0.8835,-1.0021,,-1.0040
56247,1954,-0.9269,,-0.8920,-1.0436,,-1.0204
56612,1955,-0.8388,,-0.8284,-0.9788,,-0.9429
56977,1956,-0.8954,,-0.8799,-1.0483,,-0.9883
57343,1957,-0.9734,,-0.9537,-1.1345,,-1.0656
57708,1958,-0.9113,,-0.9090,-1.0941,,-0.9995
58073,1959,-0.8887,,-0.9160,-1.0868,,-1.0015
58438,1960,-0.8088,,-0.8732,-1.0253,,-0.9387
58804,1961,-0.8306,,-0.8790,-1.0431,,-0.9573
59169,1962,-0.8235,,-0.8789,-1.0407,,-0.9443
59534,1963,-0.7633,,-0.8324,-0.9904,,-0.8843
59899,1964,-0.7340,,-0.8058,-0.9587,,-0.8523
60265,1965,-0.8439,,-0.8915,-1.0435,,-0.9393
60630,1966,-0.7851,,-0.8252,-0.9938,,-0.8666
60995,1967,-0.7947,,-0.8367,-0.9956,-0.8599,-0.8788
61360,1968,-0.8396,,-0.8685,-1.0205,-0.8976,-0.9179
61726,1969,-0.7940,,-0.8354,-0.9707,-0.8387,-0.8583
62091,1970,-0.8433,,-0.8753,-1.0030,-0.8792,-0.8826
62456,1971,-0.8769,,-0.9170,-1.0268,-0.8883,-0.9044
62821,1972,-0.9365,,-0.9762,-1.0653,-0.9058,-0.9649
63187,1973,-0.9963,,-1.0165,-1.1147,-0.9384,-1.0104
63552,1974,-1.0291,,-1.0547,-1.1476,-0.9924,-1.0422
63917,1975,-1.0423,,-1.0744,-1.1651,-1.0161,-1.0629
64282,1976,-1.1179,,-1.1500,-1.2227,-1.0896,-1.1563
64648,1977,-1.0653,,-1.1166,-1.1729,-1.0167,-1.0953
65013,1978,-1.0495,,-1.1235,-1.1629,-0.9925,-1.0886
65378,1979,-1.0517,,-1.1150,-1.1577,-1.0001,-1.0870
65743,1980,-1.0400,,-1.1206,-1.1478,-0.9877,-1.0825
66109,1981,-0.9649,,-1.0606,-1.0869,-0.9310,-1.0219
66474,1982,-0.9315,,-1.0251,-1.0665,-0.9301,-0.9970
66839,1983,-0.8948,,-1.0071,-1.0266,-0.9095,-0.9769
67204,1984,-0.8526,,-0.9753,-0.9787,-0.8748,-0.9448
67570,1985,-0.7770,,-0.9064,-0.9082,-0.8038,-0.8681
67935,1986,-0.7150,,-0.8461,-0.8557,-0.7558,-0.7972
68300,1987,-0.6678,,-0.7874,-0.8030,-0.7168,-0.7413
68665,1988,-0.6187,-0.7994,-0.7237,-0.7514,-0.6706,-0.6870
69031,1989,-0.6121,-0.7757,-0.7058,-0.7560,-0.6663,-0.6897
69396,1990,-0.5583,-0.7147,-0.6341,-0.7119,-0.6192,-0.6335
69761,1991,-0.5859,-0.7310,-0.6582,-0.7248,-0.6467,-0.6503
70126,1992,-0.6058,-0.7421,-0.6771,-0.7401,-0.6706,-0.6649
70492,1993,-0.5909,-0.7186,-0.6573,-0.7162,-0.6516,-0.6460
70857,1994,-0.5407,-0.6536,-0.5828,-0.6682,-0.5935,-0.5876
71222,1995,-0.5171,-0.6234,-0.5505,-0.6301,-0.5701,-0.5653
71587,1996,-0.4627,-0.5599,-0.5040,-0.5703,-0.5093,-0.5060
71953,1997,-0.4709,-0.5698,-0.4986,-0.5660,-0.5126,-0.5194
72318,1998,-0.4489,-0.5527,-0.4752,-0.5339,-0.4883,-0.4769
72683,1999,-0.3868,-0.4934,-0.4111,-0.4629,-0.4208,-0.4032
73048,2000,-0.3999,-0.5125,-0.4127,-0.4529,-0.4318,-0.4119
73414,2001,-0.2878,-0.3903,-0.2888,-0.3414,-0.3011,-0.2996
73779,2002,-0.1676,-0.2507,-0.1700,-0.2169,-0.1588,-0.1700
74144,2003,-0.1042,-0.1829,-0.0906,-0.1459,-0.0897,-0.0956
74509,2004,-0.0801,-0.1542,-0.0748,-0.0987,-0.0662,-0.0624
74875,2005,-0.0564,-0.1103,-0.0590,-0.0639,-0.0365,-0.0241
75240,2006,-0.0304,-0.0738,-0.0167,-0.0277,-0.0195,0.0164
75605,2007,-0.0079,-0.0330,0.0031,0.0061,0.0024,0.0468
75970,2008,-0.0032,-0.0121,0.0167,0.0243,0.0045,0.0376
76336,2009,-0.0111,-0.0005,0.0097,0.0353,-0.0052,0.0337
76701,2010,0.1417,0.1849,0.1239,0.1882,0.1586,0.1728
77066,2011,0.1009,0.1419,0.0894,0.1617,0.1127,0.1329
77431,2012,0.0968,0.1429,0.0932,0.1680,0.1064,0.1300
77797,2013,0.1042,0.1648,0.0860,0.1746,0.1175,0.1324
78162,2014,0.1680,0.2337,0.1423,0.2122,0.1801,0.1824
78527,2015,0.1826,0.2386,0.1714,0.2324,0.1844,0.1891
78892,2016,0.2525,0.3176,0.2308,0.3099,0.2744,0.2347
79258,2017,0.2742,0.3264,0.2605,0.3234,0.2886,0.2548
79623,2018,0.3206,0.3849,0.3039,0.3502,0.3405,0.2968
79988,2019,0.3228,0.3986,0.3160,0.3393,0.3458,0.3002
80353,2020,0.2583,0.3277,0.2888,0.2647,0.2732,0.2391
80719,2021,0.3578,0.4506,0.3829,0.3433,0.3711,0.3428
81084,2022,0.3977,0.5052,0.4366,0.3763,0.4090,0.3789
end data
