Conventions,G,BADC-CSV,1
title,G,Regional mean temperature for WMO RA 1 Indian Ocean
last_revised_date,G,2023-10-31
date_valid,G,2023-10-31
feature_type,G,area average
creator,G,WMO
source,G,Produced by climind version 1.0
observation_station,G,derived data
location,G,90.,-180.,-90.,180.
rights,G,TBD
activity,G,WMO
comments,G,Format description https://help.ceda.ac.uk/article/105-badc-csv
history,africa_subregion_6_Berkeley_Earth,""Data set created from file ['Land_and_Ocean_LatLong1.nc'] downloaded from ['https://berkeley-earth-temperature.s3.us-west-1.amazonaws.com/Global/Gridded/Land_and_Ocean_LatLong1.nc'] at ['2023-10-13 17:18:41']""
history,africa_subregion_6_Berkeley_Earth,""Rebaselined to 1991-2020""
history,africa_subregion_6_Berkeley_Earth,""Calculated area-average""
history,africa_subregion_6_Berkeley_Earth,""Calculated annual average from monthly averages using arithmetic mean""
history,africa_subregion_6_Berkeley_Earth,""Selected years within the range 1900 to 2023.""
history,africa_subregion_6_Berkeley_Earth,""Wrote to file africa_subregion_6_Berkeley Earth.csv""
history,africa_subregion_6_Berkeley_Earth,"Data set created from file ['africa_subregion_6_Berkeley Earth.csv'] downloaded from [''] at ['2023-10-27 10:54:06']"
reference,africa_subregion_6_Berkeley_Earth,"Rohde, R. A. and Hausfather, Z.: The Berkeley Earth Land/Ocean Temperature Record, Earth Syst. Sci. Data, 12, 3469-3479, https://doi.org/10.5194/essd-12-3469-2020, 2020"
comments,africa_subregion_6_Berkeley_Earth,"Original data acknowledgement: "
history,africa_subregion_6_ERA5,""Gridded dataset created from file ['era5_2m_tas_2023.nc'] downloaded from ['']""
history,africa_subregion_6_ERA5,""Regridded to 1 degree latitude-longitude resolution""
history,africa_subregion_6_ERA5,""Rebaselined to 1991-2020""
history,africa_subregion_6_ERA5,""Calculated area-average""
history,africa_subregion_6_ERA5,""Calculated annual average from monthly averages using arithmetic mean""
history,africa_subregion_6_ERA5,""Selected years within the range 1900 to 2023.""
history,africa_subregion_6_ERA5,""Wrote to file africa_subregion_6_ERA5.csv""
history,africa_subregion_6_ERA5,"Data set created from file ['africa_subregion_6_ERA5.csv'] downloaded from [''] at ['2023-10-27 10:54:42']"
reference,africa_subregion_6_ERA5,"Hersbach H, Bell B, Berrisford P et al. 2020. The ERA5 global reanalysis. Q. J. R. Meteorol. Soc. 146: 1999-2049. https://doi.org/10.1002/qj.3803"
comments,africa_subregion_6_ERA5,"Original data acknowledgement: Contains using Copernicus Climate Change Service information [2023]. Neither the European Commission nor ECMWF is responsible for any use that may be made of the Copernicus information or data it contains."
history,africa_subregion_6_GISTEMP,""Data set created from file ['gistemp1200_GHCNv4_ERSSTv5.nc.gz'] downloaded from ['https://data.giss.nasa.gov/pub/gistemp/gistemp1200_GHCNv4_ERSSTv5.nc.gz'] at ['2023-10-13 17:19:30']""
history,africa_subregion_6_GISTEMP,""Regridded to 1 degree latitude-longitude resolution""
history,africa_subregion_6_GISTEMP,""Rebaselined to 1991-2020""
history,africa_subregion_6_GISTEMP,""Calculated area-average""
history,africa_subregion_6_GISTEMP,""Calculated annual average from monthly averages using arithmetic mean""
history,africa_subregion_6_GISTEMP,""Selected years within the range 1900 to 2023.""
history,africa_subregion_6_GISTEMP,""Wrote to file africa_subregion_6_GISTEMP.csv""
history,africa_subregion_6_GISTEMP,"Data set created from file ['africa_subregion_6_GISTEMP.csv'] downloaded from [''] at ['2023-10-27 10:55:14']"
reference,africa_subregion_6_GISTEMP,"Lenssen, N., G. Schmidt, J. Hansen, M. Menne, A. Persin, R. Ruedy, and D. Zyss, 2019: Improvements in the GISTEMP uncertainty model. J. Geophys. Res. Atmos., 124, no. 12, 6307-6326, doi:10.1029/2018JD029522"
comments,africa_subregion_6_GISTEMP,"Original data acknowledgement: "
history,africa_subregion_6_HadCRUT5,""Data set created from file ['HadCRUT.5.0.1.0.analysis.anomalies.ensemble_mean.nc'] downloaded from ['https://www.metoffice.gov.uk/hadobs/hadcrut5/data/current/analysis/HadCRUT.5.0.1.0.analysis.anomalies.ensemble_mean.nc'] at ['2023-10-13 17:19:31']""
history,africa_subregion_6_HadCRUT5,""Regridded to 1 degree latitude-longitude resolution""
history,africa_subregion_6_HadCRUT5,""Rebaselined to 1991-2020""
history,africa_subregion_6_HadCRUT5,""Calculated area-average""
history,africa_subregion_6_HadCRUT5,""Calculated annual average from monthly averages using arithmetic mean""
history,africa_subregion_6_HadCRUT5,""Selected years within the range 1900 to 2023.""
history,africa_subregion_6_HadCRUT5,""Wrote to file africa_subregion_6_HadCRUT5.csv""
history,africa_subregion_6_HadCRUT5,"Data set created from file ['africa_subregion_6_HadCRUT5.csv'] downloaded from [''] at ['2023-10-27 10:56:09']"
reference,africa_subregion_6_HadCRUT5,"Morice, C. P., Kennedy, J. J., Rayner, N. A., Winn, J. P., Hogan, E., Killick, R. E., et al. (2021). An updated assessment of near-surface temperature change from 1850: the HadCRUT5 data set. Journal of Geophysical Research: Atmospheres, 126, e2019JD032361. https://doi.org/10.1029/2019JD032361"
comments,africa_subregion_6_HadCRUT5,"Original data acknowledgement: HadCRUT.5.0.1.0 data were obtained from http://www.metoffice.gov.uk/hadobs/hadcrut5 on 2023-10-13 17:19:31 and are © British Crown Copyright, Met Office 2023, provided under an Open Government License, http://www.nationalarchives.gov.uk/doc/open-government-licence/version/3/"
history,africa_subregion_6_JRA-55,""Data set created from file ['anl_surf125.011_tmp.202301_202312', 'anl_surf125.2023MMMM'] downloaded from ['', ''] at ['2023-10-06 11:01:38']""
history,africa_subregion_6_JRA-55,""Regridded to 1 degree latitude-longitude resolution""
history,africa_subregion_6_JRA-55,""Rebaselined to 1991-2020""
history,africa_subregion_6_JRA-55,""Calculated area-average""
history,africa_subregion_6_JRA-55,""Calculated annual average from monthly averages using arithmetic mean""
history,africa_subregion_6_JRA-55,""Selected years within the range 1900 to 2023.""
history,africa_subregion_6_JRA-55,""Wrote to file africa_subregion_6_JRA-55.csv""
history,africa_subregion_6_JRA-55,"Data set created from file ['africa_subregion_6_JRA-55.csv'] downloaded from [''] at ['2023-10-27 10:56:49']"
reference,africa_subregion_6_JRA-55,"Kobayashi, S., Ota, Y., Harada, Y., Ebita, A., Moriya, M., Onoda, H., Onogi, K., Kamahori, H., Kobayashi, C., Endo, H. and Miyaoka, K., (2015). The JRA-55 reanalysis: General specifications and basic characteristics. Journal of the Meteorological Society of Japan. Ser. II, 93(1), pp.5-48."
comments,africa_subregion_6_JRA-55,"Original data acknowledgement: "
history,africa_subregion_6_Kadow,""Data set created from file ['HadCRUT.5.0.1.0.anomalies.Kadow_et_al_2020_20crAI-infilled.ensemble_mean_185001-*.nc'] downloaded from [''] at ['2023-10-23 09:13:55']""
history,africa_subregion_6_Kadow,""Regridded to 1 degree latitude-longitude resolution""
history,africa_subregion_6_Kadow,""Rebaselined to 1991-2020""
history,africa_subregion_6_Kadow,""Calculated area-average""
history,africa_subregion_6_Kadow,""Calculated annual average from monthly averages using arithmetic mean""
history,africa_subregion_6_Kadow,""Selected years within the range 1900 to 2023.""
history,africa_subregion_6_Kadow,""Wrote to file africa_subregion_6_Kadow.csv""
history,africa_subregion_6_Kadow,"Data set created from file ['africa_subregion_6_Kadow.csv'] downloaded from [''] at ['2023-10-27 10:57:27']"
reference,africa_subregion_6_Kadow,"Kadow, C., Hall, D.M. & Ulbrich, U. Artificial intelligence reconstructs missing climate information. Nat. Geosci. (2020). https://doi.org/10.1038/s41561-020-0582-5"
comments,africa_subregion_6_Kadow,"Original data acknowledgement: "
history,africa_subregion_6_NOAA_Interim,""Data set created from file ['NOAAGlobalTemp_v*.nc'] downloaded from ['https://www.ncei.noaa.gov/data/noaa-global-surface-temperature/v5.1/access/gridded/NOAAGlobalTemp_v.*.nc'] at ['2023-10-14 08:45:48']""
history,africa_subregion_6_NOAA_Interim,""Data set created from file ['NOAAGlobalTemp_v*.nc'] downloaded from ['https://www.ncei.noaa.gov/data/noaa-global-surface-temperature/v5.1/access/gridded/NOAAGlobalTemp_v.*.nc'] at ['2023-10-14 08:45:48']""
history,africa_subregion_6_NOAA_Interim,""Regridded to 1 degree latitude-longitude resolution""
history,africa_subregion_6_NOAA_Interim,""Rebaselined to 1991-2020""
history,africa_subregion_6_NOAA_Interim,""Calculated area-average""
history,africa_subregion_6_NOAA_Interim,""Calculated annual average from monthly averages using arithmetic mean""
history,africa_subregion_6_NOAA_Interim,""Selected years within the range 1900 to 2023.""
history,africa_subregion_6_NOAA_Interim,""Wrote to file africa_subregion_6_NOAA Interim.csv""
history,africa_subregion_6_NOAA_Interim,"Data set created from file ['africa_subregion_6_NOAA Interim.csv'] downloaded from [''] at ['2023-10-27 10:58:24']"
reference,africa_subregion_6_NOAA_Interim,"Vose, R.S., B. Huang, X. Yin., D. Arndt, D.R. Easterling, J.H. Lawrimore, M.J. Menne, A. Sanchez-Lugo, H.-M. Zhang, 2021: Implementing full spatial coverage in NOAA’s global temperature analysis. Geophysical Research Letters, 48, e2020GL090873. https://doi.org/10.1029/2020GL090873"
comments,africa_subregion_6_NOAA_Interim,"Original data acknowledgement: "
long_name,time,time,days since 1800-01-01 00:00:00.0
type,time,int
long_name,year,year,1
type,year,int
long_name,africa_subregion_6_Berkeley_Earth,africa_subregion_6,degC
type,africa_subregion_6_Berkeley_Earth,float
long_name,africa_subregion_6_ERA5,africa_subregion_6,degC
type,africa_subregion_6_ERA5,float
long_name,africa_subregion_6_GISTEMP,africa_subregion_6,degC
type,africa_subregion_6_GISTEMP,float
long_name,africa_subregion_6_HadCRUT5,africa_subregion_6,degC
type,africa_subregion_6_HadCRUT5,float
long_name,africa_subregion_6_JRA-55,africa_subregion_6,degC
type,africa_subregion_6_JRA-55,float
long_name,africa_subregion_6_Kadow,africa_subregion_6,degC
type,africa_subregion_6_Kadow,float
long_name,africa_subregion_6_NOAA_Interim,africa_subregion_6,degC
type,africa_subregion_6_NOAA_Interim,float
coordinate_variable,time,t
data
time,year,africa_subregion_6_Berkeley_Earth,africa_subregion_6_ERA5,africa_subregion_6_GISTEMP,africa_subregion_6_HadCRUT5,africa_subregion_6_JRA-55,africa_subregion_6_Kadow,africa_subregion_6_NOAA_Interim
36524,1900,-0.9959,,-0.8148,-0.2055,,-0.1278,-0.4952
36889,1901,-1.1571,,-0.9354,-0.4630,,-0.4064,-0.7054
37254,1902,-0.7404,,-0.4044,-0.1755,,0.0839,-0.7331
37619,1903,-0.9294,,-0.8559,-0.4449,,-0.2945,-0.7276
37984,1904,-1.4198,,-0.9233,-0.6092,,-0.4924,-1.0789
38350,1905,-0.9598,,-0.6382,-0.4173,,-0.2540,-0.8593
38715,1906,-1.0819,,-0.8006,-0.3765,,-0.2683,-0.6933
39080,1907,-1.2572,,-0.5592,-0.5536,,-0.3946,-0.8990
39445,1908,-0.8523,,-0.3223,-0.3010,,-0.0594,-0.7637
39811,1909,-0.9509,,-0.8481,-0.4440,,-0.4032,-0.8963
40176,1910,-1.4303,,-1.0938,-0.8025,,-0.7966,-1.0475
40541,1911,-1.3866,,-1.0821,-0.8008,,-0.5813,-1.1095
40906,1912,-0.7964,,-0.3921,-0.3009,,-0.2679,-0.7943
41272,1913,-1.0448,,-0.7869,-0.5366,,-0.4171,-0.9015
41637,1914,-0.8741,,-0.6279,-0.3570,,-0.2726,-0.7079
42002,1915,-0.8657,,-0.6435,-0.2644,,-0.0982,-0.7235
42367,1916,-1.2183,,-1.0345,-0.6832,,-0.5660,-0.9645
42733,1917,-1.4170,,-1.1837,-0.7440,,-0.7079,-1.1054
43098,1918,-1.2863,,-0.9686,-0.5803,,-0.3107,-0.9998
43463,1919,-1.0110,,-0.7316,-0.4480,,-0.2897,-0.8243
43828,1920,-1.2516,,-0.9743,-0.6431,,-0.4306,-0.8880
44194,1921,-1.2267,,-1.0857,-0.7126,,-0.6034,-0.9944
44559,1922,-1.2880,,-1.2405,-0.8478,,-0.7901,-0.8929
44924,1923,-0.7409,,-0.4584,-0.2498,,-0.0376,-0.7216
45289,1924,-1.0374,,-0.8963,-0.5586,,-0.3162,-0.8535
45655,1925,-0.7033,,-0.3945,-0.1549,,-0.0200,-0.7283
46020,1926,-0.4610,,-0.1678,0.1081,,0.2253,-0.5286
46385,1927,-1.0266,,-0.7486,-0.4596,,-0.4413,-0.8092
46750,1928,-0.8022,,-0.4909,-0.3112,,-0.1155,-0.7406
47116,1929,-0.8554,,-0.5226,-0.2852,,-0.0482,-0.8025
47481,1930,-1.2073,,-0.9708,-0.6334,,-0.6200,-0.9078
47846,1931,-0.7766,,-0.5619,-0.5460,,-0.4404,-0.5127
48211,1932,-0.9826,,-0.8886,-0.6093,,-0.5505,-0.8612
48577,1933,-1.1506,,-0.8361,-0.6551,,-0.6373,-0.8881
48942,1934,-0.9492,,-0.7743,-0.6733,,-0.5842,-0.8386
49307,1935,-1.1160,,-0.8583,-0.6900,,-0.5601,-0.8890
49672,1936,-0.6798,,-0.4511,-0.3485,,-0.3160,-0.6905
50038,1937,-0.7285,,-0.4243,-0.3846,,-0.3201,-0.6923
50403,1938,-0.7831,,-0.5596,-0.4086,,-0.4114,-0.6907
50768,1939,-0.7859,,-0.6251,-0.3904,,-0.2809,-0.7245
51133,1940,-0.6083,,-0.2253,-0.4890,,-0.1493,-0.3540
51499,1941,-0.5448,,-0.1917,-0.1987,,-0.1184,-0.0895
51864,1942,-0.8348,,-0.4259,-0.3229,,-0.2982,-0.2395
52229,1943,-1.1528,,-0.7343,-0.7069,,-0.6728,-0.6104
52594,1944,-0.8221,,-0.5198,-0.3976,,-0.3818,-0.4049
52960,1945,-0.8816,,-0.6369,-0.5256,,-0.3976,-0.4570
53325,1946,-0.7835,,-0.5354,-0.4703,,-0.3316,-0.4737
53690,1947,-0.8373,,-0.6276,-0.4512,,-0.2108,-0.5524
54055,1948,-0.6757,,-0.5365,-0.4327,,-0.2586,-0.6466
54421,1949,-0.6523,,-0.5397,-0.4801,,-0.2484,-0.6770
54786,1950,-1.1368,,-0.9092,-0.7817,,-0.6960,-0.8347
55151,1951,-0.9546,,-0.8185,-0.8042,,-0.8192,-0.8772
55516,1952,-0.7770,,-0.5739,-0.5491,,-0.5373,-0.5534
55882,1953,-0.7661,,-0.6204,-0.5514,,-0.4868,-0.5754
56247,1954,-0.6279,,-0.6307,-0.6066,,-0.5312,-0.6858
56612,1955,-0.8908,,-0.8514,-0.8445,,-0.7825,-0.8257
56977,1956,-0.9272,,-0.8294,-0.7852,,-0.6885,-0.7980
57343,1957,-0.6780,,-0.5584,-0.5852,,-0.5414,-0.5437
57708,1958,-0.6216,,-0.4233,-0.5229,-0.5476,-0.4687,-0.4364
58073,1959,-0.7933,,-0.6180,-0.8124,-0.6472,-0.7607,-0.6292
58438,1960,-0.9115,,-0.7516,-0.8409,-0.7143,-0.7974,-0.8206
58804,1961,-0.1679,,-0.0938,-0.0216,-0.4369,0.0719,-0.1717
59169,1962,-0.7639,,-0.6409,-0.5671,-0.8511,-0.5052,-0.5754
59534,1963,-1.0302,,-0.9645,-0.8639,-1.2110,-0.8184,-0.8017
59899,1964,-1.0789,,-1.0168,-1.0183,-0.8725,-0.9660,-0.9057
60265,1965,-1.2266,,-1.1691,-1.1646,-1.0744,-1.1007,-1.0173
60630,1966,-0.6253,,-0.6132,-0.5343,-0.5600,-0.4363,-0.5200
60995,1967,-0.3987,,-0.3788,-0.3556,-0.5685,-0.2584,-0.4608
61360,1968,-1.0936,,-0.9966,-0.9881,-0.9734,-0.9302,-0.8485
61726,1969,-0.1918,,-0.1478,-0.1531,-0.2389,-0.0726,-0.0882
62091,1970,-0.5727,,-0.4118,-0.5122,-0.3407,-0.4424,-0.3840
62456,1971,-1.0135,,-0.9053,-0.8554,-0.5945,-0.7604,-0.6607
62821,1972,-0.7756,,-0.6152,-0.6122,-0.2621,-0.5777,-0.4373
63187,1973,-0.7642,,-0.5485,-0.5647,-0.2871,-0.5226,-0.3030
63552,1974,-1.0660,,-0.8577,-0.8033,-0.7278,-0.7657,-0.6158
63917,1975,-1.0155,,-0.8384,-0.8638,-0.6899,-0.8102,-0.6576
64282,1976,-0.7268,,-0.5870,-0.6058,-0.5093,-0.5509,-0.4926
64648,1977,-0.2992,,-0.1801,-0.2508,-0.1883,-0.1965,-0.1345
65013,1978,-0.2270,,-0.1916,-0.3060,-0.2615,-0.2647,-0.1688
65378,1979,-0.4808,-0.4203,-0.3279,-0.4761,-0.5487,-0.4320,-0.2996
65743,1980,-0.4869,-0.4166,-0.4032,-0.4844,-0.3513,-0.4786,-0.3081
66109,1981,-0.5753,-0.5396,-0.5174,-0.4545,-0.4151,-0.4265,-0.3240
66474,1982,-0.5270,-0.5496,-0.3824,-0.4748,-0.5378,-0.4332,-0.3062
66839,1983,-0.2453,-0.1304,-0.1919,-0.1979,-0.1227,-0.1436,-0.0404
67204,1984,-0.8311,-0.8241,-0.7444,-0.7823,-0.7608,-0.7530,-0.5872
67570,1985,-0.6233,-0.7814,-0.5934,-0.6195,-0.7410,-0.5929,-0.4322
67935,1986,-0.7608,-0.7643,-0.6387,-0.6477,-0.8434,-0.6213,-0.4641
68300,1987,-0.0938,-0.1260,-0.0678,-0.1994,-0.0634,-0.1410,-0.0315
68665,1988,-0.1851,-0.1277,-0.1670,-0.1929,-0.0719,-0.2002,-0.0864
69031,1989,-0.5495,-0.4604,-0.5693,-0.5132,-0.5529,-0.4939,-0.4155
69396,1990,-0.4893,-0.2504,-0.4720,-0.4169,-0.2851,-0.3504,-0.2916
69761,1991,-0.2566,-0.2975,-0.3535,-0.1726,-0.4338,-0.1216,-0.2071
70126,1992,-0.3414,-0.4892,-0.2288,-0.1626,-0.4902,-0.3460,-0.3057
70492,1993,-0.3295,-0.5247,-0.3073,-0.3575,-0.4585,-0.5380,-0.3485
70857,1994,-0.3071,-0.4362,-0.4151,-0.2340,-0.3512,-0.1978,-0.4229
71222,1995,-0.1746,-0.1745,-0.2880,-0.3042,-0.1668,-0.2230,-0.1997
71587,1996,-0.2865,-0.3721,-0.4528,-0.3622,-0.3176,-0.2671,-0.3071
71953,1997,-0.0533,-0.2297,-0.1408,-0.2578,-0.2834,-0.1762,-0.1653
72318,1998,0.1577,0.0791,0.1549,0.0665,0.0255,0.1606,0.1490
72683,1999,-0.1854,-0.2793,-0.2577,-0.2647,-0.3423,-0.2561,-0.1716
73048,2000,-0.2010,-0.2530,-0.2667,-0.2702,-0.3692,-0.2750,-0.2704
73414,2001,0.0074,-0.0647,-0.0987,-0.0647,-0.0928,-0.3914,-0.1470
73779,2002,0.0373,0.0006,-0.1093,-0.0819,-0.0821,-0.1883,-0.1495
74144,2003,0.1002,-0.0289,-0.0552,-0.0491,0.0301,-0.0499,-0.1038
74509,2004,-0.0642,-0.0189,-0.2355,-0.1777,-0.0822,-0.1688,-0.1245
74875,2005,0.1016,0.0050,-0.0549,0.0340,0.1303,0.1247,0.0560
75240,2006,0.2374,0.2149,0.0142,-0.0085,0.0757,-0.0139,0.0043
75605,2007,0.1507,0.0315,0.0481,0.1030,0.0776,-0.0610,0.0569
75970,2008,-0.1929,-0.1954,-0.2436,-0.2762,-0.1856,-0.2654,-0.2238
76336,2009,0.1317,0.1690,0.1080,0.1577,0.2527,0.0540,0.0902
76701,2010,0.3311,0.4181,0.3779,0.3241,0.4817,0.4013,0.3325
77066,2011,0.1805,0.1845,0.2784,0.2608,0.2367,0.2866,0.1957
77431,2012,-0.1267,0.0636,0.0644,0.0154,0.0124,0.0152,0.0478
77797,2013,-0.2168,0.0621,-0.0122,-0.0466,0.0390,0.0089,0.0391
78162,2014,-0.0459,0.1778,0.1066,0.2936,0.3266,0.3731,0.1795
78527,2015,0.1216,0.2014,0.3709,0.2911,0.2885,0.3428,0.3566
78892,2016,0.0453,0.1351,0.2591,0.1762,0.2365,0.2026,0.2623
79258,2017,0.3348,0.4313,0.5349,0.4341,0.2466,0.5115,0.4279
79623,2018,0.0910,0.1819,0.2262,0.2152,0.1569,0.2758,0.1959
79988,2019,0.5589,0.6241,0.6357,0.5678,0.6547,0.6555,0.5650
80353,2020,0.1950,0.3842,0.3407,0.1512,0.3844,0.1269,0.1883
80719,2021,0.2605,0.3419,0.3092,0.2082,0.3785,0.2425,0.2010
81084,2022,0.0096,-0.0013,0.0801,0.0699,-0.0366,0.0968,0.0434
81449,2023,0.2700,0.4055,0.5323,0.3288,0.3512,0.3711,0.4070
end data
