Conventions,G,BADC-CSV,1
title,G,Regional mean temperature for WMO RA 1 Indian Ocean
last_revised_date,G,2024-01-22
date_valid,G,2024-01-22
feature_type,G,area average
creator,G,WMO
source,G,Produced by climind version 1.0
observation_station,G,derived data
location,G,90.,-180.,-90.,180.
activity,G,WMO
history,G,""Gridded dataset created from file ['era5_2m_tas_2024.nc'] downloaded from ['']""
history,G,""Regridded to 1 degree latitude-longitude resolution""
history,G,""Rebaselined to 1991-2020""
history,G,""Calculated area-average""
history,G,""Calculated annual average from monthly averages using arithmetic mean""
history,G,""Selected years within the range 1900 to 2023.""
history,G,""Wrote to file africa_subregion_6_ERA5.csv""
history,G,"Data set created from file ['africa_subregion_6_ERA5.csv'] downloaded from [''] at ['2024-01-17 11:06:39']"
reference,G,"Hersbach H, Bell B, Berrisford P et al. 2020. The ERA5 global reanalysis. Q. J. R. Meteorol. Soc. 146: 1999-2049. https://doi.org/10.1002/qj.3803"
rights,G,TBD
comments,G,Data produced by climind version 1.0
comments,G,Format description https://help.ceda.ac.uk/article/105-badc-csv
comments,G,"Original data acknowledgement: Contains using Copernicus Climate Change Service information [2024]. Neither the European Commission nor ECMWF is responsible for any use that may be made of the Copernicus information or data it contains."
long_name,time,time,days since 1800-01-01 00:00:00.0
type,time,int
long_name,year,year,1
type,year,int
long_name,data,africa_subregion_6,degC
type,data,float
coordinate_variable,time,t
data
time,year,data
65378,1979,-0.4203
65743,1980,-0.4166
66109,1981,-0.5396
66474,1982,-0.5496
66839,1983,-0.1304
67204,1984,-0.8241
67570,1985,-0.7814
67935,1986,-0.7643
68300,1987,-0.1260
68665,1988,-0.1277
69031,1989,-0.4604
69396,1990,-0.2504
69761,1991,-0.2975
70126,1992,-0.4892
70492,1993,-0.5247
70857,1994,-0.4362
71222,1995,-0.1745
71587,1996,-0.3721
71953,1997,-0.2297
72318,1998,0.0791
72683,1999,-0.2793
73048,2000,-0.2530
73414,2001,-0.0647
73779,2002,0.0006
74144,2003,-0.0289
74509,2004,-0.0189
74875,2005,0.0050
75240,2006,0.2149
75605,2007,0.0315
75970,2008,-0.1954
76336,2009,0.1690
76701,2010,0.4181
77066,2011,0.1845
77431,2012,0.0636
77797,2013,0.0621
78162,2014,0.1778
78527,2015,0.2014
78892,2016,0.1351
79258,2017,0.4313
79623,2018,0.1819
79988,2019,0.6241
80353,2020,0.3842
80719,2021,0.3419
81084,2022,-0.0013
81449,2023,0.5917
end data
