Conventions,G,BADC-CSV,1
title,G,Regional mean temperature for Indian Ocean
last_revised_date,G,2022-08-31
date_valid,G,2022-08-31
feature_type,G,area average
creator,G,WMO
source,G,Produced by climind version 0.1
observation_station,G,derived data
location,G,90.,-180.,-90.,180.
activity,G,WMO
history,G,""Gridded dataset created from file ['NOAAGlobalTemp_v*.nc'] downloaded from ['https://www.ncei.noaa.gov/data/noaa-global-surface-temperature/v5/access/gridded/NOAAGlobalTemp_v.*.nc']""history,G,""Regridded to 1 degree latitude-longitude resolution""history,G,""Rebaselined to 1981-2010""history,G,""Calculated area-average""history,G,""Calculated annual average""history,G,""Wrote to file africa_subregion_6_NOAAGlobalTemp.csv""history,G,"Data set created from file ['africa_subregion_6_NOAAGlobalTemp.csv'] downloaded from [''] at ['2022-08-13 18:55:32']"
reference,G,"Huang, B., M. J. Menne, T. Boyer, E. Freeman, B. E. Gleason, J. H. Lawrimore, C. Liu, J. J. Rennie, C. Schreck, F. Sun, R. Vose, C. N. Williams, X. Yin, H.-M. Zhang, 2020: Uncertainty estimates for sea surface temperature and land surface air temperature in NOAAGlobalTemp version 5. , J. Climate, 33, 1351-1379, DOI: 10.1175/JCLI-D-19-0395.1"reference,G,"Zhang, Huai-Min, Jay H. Lawrimore, Boyin Huang, Matthew J. Menne, Xungang Yin, Ahira Sȧnchez-Lugo, Byron E. Gleason, Russell Vose, Derek Arndt, J. Jared Rennie, and Claude N. Williams. (2019) Updated Temperature Data Give a Sharper View of Climate Trends. Eos, 100, https://doi.org/10.1029/2019EO128229"
rights,G,TBD
comments,G,Data produced by climind version 0.1
comments,G,Format description https://help.ceda.ac.uk/article/105-badc-csv
long_name,time,time,
type,time,int
long_name,year,year,1
type,year,int
long_name,data,africa_subregion_6,degC
type,data,float
coordinate_variable,time,t
data
time,year,data
36524,1900,-0.4215
36889,1901,-0.5573
37254,1902,-0.5240
37619,1903,-0.4753
37984,1904,-0.7403
38350,1905,-0.5791
38715,1906,-0.5402
39080,1907,-0.6362
39445,1908,-0.4630
39811,1909,-0.6193
40176,1910,-0.8163
40541,1911,-0.8303
40906,1912,-0.5741
41272,1913,-0.5830
41637,1914,-0.5143
42002,1915,-0.6083
42367,1916,-0.7077
42733,1917,-0.7244
43098,1918,-0.6858
43463,1919,-0.5727
43828,1920,-0.5845
44194,1921,-0.7744
44559,1922,-0.6431
44924,1923,-0.4462
45289,1924,-0.6226
45655,1925,-0.4351
46020,1926,-0.3034
46385,1927,-0.5593
46750,1928,-0.5778
47116,1929,-0.5454
47481,1930,-0.6943
47846,1931,-0.3382
48211,1932,-0.6341
48577,1933,-0.6655
48942,1934,-0.6067
49307,1935,-0.6792
49672,1936,-0.4956
50038,1937,-0.5108
50403,1938,-0.5792
50768,1939,-0.5510
51133,1940,-0.2236
51499,1941,-0.0101
51864,1942,-0.1345
52229,1943,-0.4321
52594,1944,-0.2511
52960,1945,-0.2407
53325,1946,-0.3097
53690,1947,-0.4345
54055,1948,-0.5053
54421,1949,-0.4688
54786,1950,-0.5996
55151,1951,-0.7420
55516,1952,-0.4236
55882,1953,-0.4730
56247,1954,-0.5696
56612,1955,-0.6894
56977,1956,-0.6216
57343,1957,-0.4009
57708,1958,-0.3332
58073,1959,-0.5218
58438,1960,-0.6638
58804,1961,-0.0270
59169,1962,-0.4176
59534,1963,-0.6332
59899,1964,-0.7430
60265,1965,-0.8525
60630,1966,-0.3811
60995,1967,-0.2812
61360,1968,-0.6848
61726,1969,0.0500
62091,1970,-0.2522
62456,1971,-0.5038
62821,1972,-0.2719
63187,1973,-0.1860
63552,1974,-0.4312
63917,1975,-0.4730
64282,1976,-0.2989
64648,1977,0.0440
65013,1978,-0.0071
65378,1979,-0.1709
65743,1980,-0.1777
66109,1981,-0.1843
66474,1982,-0.1050
66839,1983,0.1201
67204,1984,-0.3974
67570,1985,-0.2582
67935,1986,-0.2900
68300,1987,0.1324
68665,1988,0.0483
69031,1989,-0.2509
69396,1990,-0.1234
69761,1991,-0.0383
70126,1992,-0.0926
70492,1993,-0.1459
70857,1994,-0.2153
71222,1995,0.0192
71587,1996,-0.0956
71953,1997,0.0589
72318,1998,0.2806
72683,1999,0.0249
73048,2000,-0.0657
73414,2001,0.0519
73779,2002,0.0271
74144,2003,0.0894
74509,2004,0.0527
74875,2005,0.2185
75240,2006,0.1902
75605,2007,0.2274
75970,2008,-0.0152
76336,2009,0.2535
76701,2010,0.4828
77066,2011,0.4231
77431,2012,0.2371
77797,2013,0.1666
78162,2014,0.3605
78527,2015,0.5341
78892,2016,0.3728
79258,2017,0.5595
79623,2018,0.3377
79988,2019,0.6991
80353,2020,0.3111
80719,2021,0.3472
end data
