Conventions,G,BADC-CSV,1
title,G,Regional mean temperature for Indian Ocean
last_revised_date,G,2023-01-30
date_valid,G,2023-01-30
feature_type,G,area average
creator,G,WMO
source,G,Produced by climind version 0.1
observation_station,G,derived data
location,G,90.,-180.,-90.,180.
activity,G,WMO
history,G,""Data set created from file ['NOAAGlobalTemp_v*.nc'] downloaded from ['https://www.ncei.noaa.gov/data/noaa-global-surface-temperature/v5/access/gridded/NOAAGlobalTemp_v.*.nc'] at ['2023-01-16 14:34:57']""
history,G,""Data set created from file ['NOAAGlobalTemp_v*.nc'] downloaded from ['https://www.ncei.noaa.gov/data/noaa-global-surface-temperature/v5/access/gridded/NOAAGlobalTemp_v.*.nc'] at ['2023-01-16 14:34:57']""
history,G,""Regridded to 1 degree latitude-longitude resolution""
history,G,""Rebaselined to 1991-2020""
history,G,""Calculated area-average""
history,G,""Calculated annual average from monthly averages using arithmetic mean""
history,G,""Selected years within the range 1900 to 2022.""
history,G,""Wrote to file africa_subregion_6_NOAAGlobalTemp.csv""
history,G,"Data set created from file ['africa_subregion_6_NOAAGlobalTemp.csv'] downloaded from [''] at ['2023-01-16 17:41:25']"
reference,G,"Huang, B., M. J. Menne, T. Boyer, E. Freeman, B. E. Gleason, J. H. Lawrimore, C. Liu, J. J. Rennie, C. Schreck, F. Sun, R. Vose, C. N. Williams, X. Yin, H.-M. Zhang, 2020: Uncertainty estimates for sea surface temperature and land surface air temperature in NOAAGlobalTemp version 5. , J. Climate, 33, 1351-1379, DOI: 10.1175/JCLI-D-19-0395.1"
reference,G,"Zhang, Huai-Min, Jay H. Lawrimore, Boyin Huang, Matthew J. Menne, Xungang Yin, Ahira Sȧnchez-Lugo, Byron E. Gleason, Russell Vose, Derek Arndt, J. Jared Rennie, and Claude N. Williams. (2019) Updated Temperature Data Give a Sharper View of Climate Trends. Eos, 100, https://doi.org/10.1029/2019EO128229"
rights,G,TBD
comments,G,Data produced by climind version 0.1
comments,G,Format description https://help.ceda.ac.uk/article/105-badc-csv
long_name,time,time,days since 1800-01-01 00:00:00.0
type,time,int
long_name,year,year,1
type,year,int
long_name,data,africa_subregion_6,degC
type,data,float
coordinate_variable,time,t
data
time,year,data
36524,1900,-0.5107
36889,1901,-0.6816
37254,1902,-0.7034
37619,1903,-0.6706
37984,1904,-0.9339
38350,1905,-0.7772
38715,1906,-0.7378
39080,1907,-0.8392
39445,1908,-0.6690
39811,1909,-0.8299
40176,1910,-1.0299
40541,1911,-1.0443
40906,1912,-0.7956
41272,1913,-0.8046
41637,1914,-0.7396
42002,1915,-0.8360
42367,1916,-0.9346
42733,1917,-0.9495
43098,1918,-0.9098
43463,1919,-0.7960
43828,1920,-0.8075
44194,1921,-0.9936
44559,1922,-0.8662
44924,1923,-0.6704
45289,1924,-0.8419
45655,1925,-0.6515
46020,1926,-0.5170
46385,1927,-0.7745
46750,1928,-0.7880
47116,1929,-0.7573
47481,1930,-0.9073
47846,1931,-0.5520
48211,1932,-0.8480
48577,1933,-0.8759
48942,1934,-0.8174
49307,1935,-0.8888
49672,1936,-0.7045
50038,1937,-0.7174
50403,1938,-0.7849
50768,1939,-0.7534
51133,1940,-0.4233
51499,1941,-0.2166
51864,1942,-0.3406
52229,1943,-0.6381
52594,1944,-0.4558
52960,1945,-0.4485
53325,1946,-0.5195
53690,1947,-0.6460
54055,1948,-0.7209
54421,1949,-0.6862
54786,1950,-0.8206
55151,1951,-0.9393
55516,1952,-0.6398
55882,1953,-0.6744
56247,1954,-0.7839
56612,1955,-0.9201
56977,1956,-0.8518
57343,1957,-0.6347
57708,1958,-0.5664
58073,1959,-0.7544
58438,1960,-0.8962
58804,1961,-0.2584
59169,1962,-0.6512
59534,1963,-0.8642
59899,1964,-0.9738
60265,1965,-1.0841
60630,1966,-0.6133
60995,1967,-0.5115
61360,1968,-0.9160
61726,1969,-0.1856
62091,1970,-0.4820
62456,1971,-0.7202
62821,1972,-0.4941
63187,1973,-0.4053
63552,1974,-0.6543
63917,1975,-0.6923
64282,1976,-0.5124
64648,1977,-0.1670
65013,1978,-0.2162
65378,1979,-0.3799
65743,1980,-0.3883
66109,1981,-0.3955
66474,1982,-0.3170
66839,1983,-0.0893
67204,1984,-0.6068
67570,1985,-0.4657
67935,1986,-0.4973
68300,1987,-0.0682
68665,1988,-0.1518
69031,1989,-0.4448
69396,1990,-0.3193
69761,1991,-0.2343
70126,1992,-0.2866
70492,1993,-0.3410
70857,1994,-0.4185
71222,1995,-0.1973
71587,1996,-0.3155
71953,1997,-0.1504
72318,1998,0.0871
72683,1999,-0.1770
73048,2000,-0.2484
73414,2001,-0.1262
73779,2002,-0.1569
74144,2003,-0.0856
74509,2004,-0.1219
74875,2005,0.0530
75240,2006,0.0219
75605,2007,0.0700
75970,2008,-0.1805
76336,2009,0.0888
76701,2010,0.3183
77066,2011,0.2649
77431,2012,0.0796
77797,2013,0.0071
78162,2014,0.1695
78527,2015,0.3660
78892,2016,0.2318
79258,2017,0.4014
79623,2018,0.1802
79988,2019,0.5364
80353,2020,0.1642
80719,2021,0.1896
81084,2022,0.0221
end data
