Conventions,G,BADC-CSV,1
title,G,Regional mean temperature for WMO RA 1 Indian Ocean
last_revised_date,G,2024-02-08
date_valid,G,2024-02-08
feature_type,G,area average
creator,G,WMO
source,G,Produced by climind version 1.0
observation_station,G,derived data
location,G,90.,-180.,-90.,180.
rights,G,TBD
activity,G,WMO
comments,G,Format description https://help.ceda.ac.uk/article/105-badc-csv
history,africa_subregion_6_Berkeley_Earth,""Data set created from file ['Land_and_Ocean_LatLong1.nc'] downloaded from ['https://berkeley-earth-temperature.s3.us-west-1.amazonaws.com/Global/Gridded/Land_and_Ocean_LatLong1.nc'] at ['2024-01-17 10:19:03']""
history,africa_subregion_6_Berkeley_Earth,""Rebaselined to 1991-2020""
history,africa_subregion_6_Berkeley_Earth,""Calculated area-average""
history,africa_subregion_6_Berkeley_Earth,""Calculated annual average from monthly averages using arithmetic mean""
history,africa_subregion_6_Berkeley_Earth,""Selected years within the range 1900 to 2023.""
history,africa_subregion_6_Berkeley_Earth,""Wrote to file africa_subregion_6_Berkeley Earth.csv""
history,africa_subregion_6_Berkeley_Earth,"Data set created from file ['africa_subregion_6_Berkeley Earth.csv'] downloaded from [''] at ['2024-01-17 11:06:02']"
reference,africa_subregion_6_Berkeley_Earth,"Rohde, R. A. and Hausfather, Z.: The Berkeley Earth Land/Ocean Temperature Record, Earth Syst. Sci. Data, 12, 3469-3479, https://doi.org/10.5194/essd-12-3469-2020, 2020"
comments,africa_subregion_6_Berkeley_Earth,"Original data acknowledgement: "
history,africa_subregion_6_ERA5,""Gridded dataset created from file ['era5_2m_tas_2024.nc'] downloaded from ['']""
history,africa_subregion_6_ERA5,""Regridded to 1 degree latitude-longitude resolution""
history,africa_subregion_6_ERA5,""Rebaselined to 1991-2020""
history,africa_subregion_6_ERA5,""Calculated area-average""
history,africa_subregion_6_ERA5,""Calculated annual average from monthly averages using arithmetic mean""
history,africa_subregion_6_ERA5,""Selected years within the range 1900 to 2023.""
history,africa_subregion_6_ERA5,""Wrote to file africa_subregion_6_ERA5.csv""
history,africa_subregion_6_ERA5,"Data set created from file ['africa_subregion_6_ERA5.csv'] downloaded from [''] at ['2024-01-17 11:06:39']"
reference,africa_subregion_6_ERA5,"Hersbach H, Bell B, Berrisford P et al. 2020. The ERA5 global reanalysis. Q. J. R. Meteorol. Soc. 146: 1999-2049. https://doi.org/10.1002/qj.3803"
comments,africa_subregion_6_ERA5,"Original data acknowledgement: Contains using Copernicus Climate Change Service information [2024]. Neither the European Commission nor ECMWF is responsible for any use that may be made of the Copernicus information or data it contains."
history,africa_subregion_6_GISTEMP,""Data set created from file ['gistemp1200_GHCNv4_ERSSTv5.nc.gz'] downloaded from ['https://data.giss.nasa.gov/pub/gistemp/gistemp1200_GHCNv4_ERSSTv5.nc.gz'] at ['2024-01-15 11:20:46']""
history,africa_subregion_6_GISTEMP,""Regridded to 1 degree latitude-longitude resolution""
history,africa_subregion_6_GISTEMP,""Rebaselined to 1991-2020""
history,africa_subregion_6_GISTEMP,""Calculated area-average""
history,africa_subregion_6_GISTEMP,""Calculated annual average from monthly averages using arithmetic mean""
history,africa_subregion_6_GISTEMP,""Selected years within the range 1900 to 2023.""
history,africa_subregion_6_GISTEMP,""Wrote to file africa_subregion_6_GISTEMP.csv""
history,africa_subregion_6_GISTEMP,"Data set created from file ['africa_subregion_6_GISTEMP.csv'] downloaded from [''] at ['2024-01-17 11:07:10']"
reference,africa_subregion_6_GISTEMP,"Lenssen, N., G. Schmidt, J. Hansen, M. Menne, A. Persin, R. Ruedy, and D. Zyss, 2019: Improvements in the GISTEMP uncertainty model. J. Geophys. Res. Atmos., 124, no. 12, 6307-6326, doi:10.1029/2018JD029522"
comments,africa_subregion_6_GISTEMP,"Original data acknowledgement: "
history,africa_subregion_6_HadCRUT5,""Data set created from file ['HadCRUT.5.0.2.0.analysis.anomalies.ensemble_mean.nc'] downloaded from ['https://www.metoffice.gov.uk/hadobs/hadcrut5/data/HadCRUT.5.0.2.0/analysis/HadCRUT.5.0.2.0.analysis.anomalies.ensemble_mean.nc'] at ['2024-01-15 11:56:27']""
history,africa_subregion_6_HadCRUT5,""Regridded to 1 degree latitude-longitude resolution""
history,africa_subregion_6_HadCRUT5,""Rebaselined to 1991-2020""
history,africa_subregion_6_HadCRUT5,""Calculated area-average""
history,africa_subregion_6_HadCRUT5,""Calculated annual average from monthly averages using arithmetic mean""
history,africa_subregion_6_HadCRUT5,""Selected years within the range 1900 to 2023.""
history,africa_subregion_6_HadCRUT5,""Wrote to file africa_subregion_6_HadCRUT5.csv""
history,africa_subregion_6_HadCRUT5,"Data set created from file ['africa_subregion_6_HadCRUT5.csv'] downloaded from [''] at ['2024-01-17 11:08:06']"
reference,africa_subregion_6_HadCRUT5,"Morice, C. P., Kennedy, J. J., Rayner, N. A., Winn, J. P., Hogan, E., Killick, R. E., et al. (2021). An updated assessment of near-surface temperature change from 1850: the HadCRUT5 data set. Journal of Geophysical Research: Atmospheres, 126, e2019JD032361. https://doi.org/10.1029/2019JD032361"
comments,africa_subregion_6_HadCRUT5,"Original data acknowledgement: HadCRUT.5.0.2.0 data were obtained from http://www.metoffice.gov.uk/hadobs/hadcrut5 on 2024-01-15 11:56:27 and are © British Crown Copyright, Met Office 2024, provided under an Open Government License, http://www.nationalarchives.gov.uk/doc/open-government-licence/version/3/"
history,africa_subregion_6_JRA-55,""Data set created from file ['anl_surf125.011_tmp.202401_202412', 'anl_surf125.2024MMMM'] downloaded from ['', ''] at ['2024-01-15 11:20:51']""
history,africa_subregion_6_JRA-55,""Regridded to 1 degree latitude-longitude resolution""
history,africa_subregion_6_JRA-55,""Rebaselined to 1991-2020""
history,africa_subregion_6_JRA-55,""Calculated area-average""
history,africa_subregion_6_JRA-55,""Calculated annual average from monthly averages using arithmetic mean""
history,africa_subregion_6_JRA-55,""Selected years within the range 1900 to 2023.""
history,africa_subregion_6_JRA-55,""Wrote to file africa_subregion_6_JRA-55.csv""
history,africa_subregion_6_JRA-55,"Data set created from file ['africa_subregion_6_JRA-55.csv'] downloaded from [''] at ['2024-01-17 11:08:47']"
reference,africa_subregion_6_JRA-55,"Kobayashi, S., Ota, Y., Harada, Y., Ebita, A., Moriya, M., Onoda, H., Onogi, K., Kamahori, H., Kobayashi, C., Endo, H. and Miyaoka, K., (2015). The JRA-55 reanalysis: General specifications and basic characteristics. Journal of the Meteorological Society of Japan. Ser. II, 93(1), pp.5-48."
comments,africa_subregion_6_JRA-55,"Original data acknowledgement: "
history,africa_subregion_6_NOAA_Interim,""Data set created from file ['NOAAGlobalTemp_v*.nc'] downloaded from ['https://www.ncei.noaa.gov/data/noaa-global-surface-temperature/v5.1/access/gridded/NOAAGlobalTemp_v.*.nc'] at ['2024-01-17 10:19:08']""
history,africa_subregion_6_NOAA_Interim,""Data set created from file ['NOAAGlobalTemp_v*.nc'] downloaded from ['https://www.ncei.noaa.gov/data/noaa-global-surface-temperature/v5.1/access/gridded/NOAAGlobalTemp_v.*.nc'] at ['2024-01-17 10:19:08']""
history,africa_subregion_6_NOAA_Interim,""Regridded to 1 degree latitude-longitude resolution""
history,africa_subregion_6_NOAA_Interim,""Rebaselined to 1991-2020""
history,africa_subregion_6_NOAA_Interim,""Calculated area-average""
history,africa_subregion_6_NOAA_Interim,""Calculated annual average from monthly averages using arithmetic mean""
history,africa_subregion_6_NOAA_Interim,""Selected years within the range 1900 to 2023.""
history,africa_subregion_6_NOAA_Interim,""Wrote to file africa_subregion_6_NOAA Interim.csv""
history,africa_subregion_6_NOAA_Interim,"Data set created from file ['africa_subregion_6_NOAA Interim.csv'] downloaded from [''] at ['2024-01-17 11:10:25']"
reference,africa_subregion_6_NOAA_Interim,"Vose, R.S., B. Huang, X. Yin., D. Arndt, D.R. Easterling, J.H. Lawrimore, M.J. Menne, A. Sanchez-Lugo, H.-M. Zhang, 2021: Implementing full spatial coverage in NOAA’s global temperature analysis. Geophysical Research Letters, 48, e2020GL090873. https://doi.org/10.1029/2020GL090873"
comments,africa_subregion_6_NOAA_Interim,"Original data acknowledgement: "
long_name,time,time,days since 1800-01-01 00:00:00.0
type,time,int
long_name,year,year,1
type,year,int
long_name,africa_subregion_6_Berkeley_Earth,africa_subregion_6,degC
type,africa_subregion_6_Berkeley_Earth,float
long_name,africa_subregion_6_ERA5,africa_subregion_6,degC
type,africa_subregion_6_ERA5,float
long_name,africa_subregion_6_GISTEMP,africa_subregion_6,degC
type,africa_subregion_6_GISTEMP,float
long_name,africa_subregion_6_HadCRUT5,africa_subregion_6,degC
type,africa_subregion_6_HadCRUT5,float
long_name,africa_subregion_6_JRA-55,africa_subregion_6,degC
type,africa_subregion_6_JRA-55,float
long_name,africa_subregion_6_NOAA_Interim,africa_subregion_6,degC
type,africa_subregion_6_NOAA_Interim,float
coordinate_variable,time,t
data
time,year,africa_subregion_6_Berkeley_Earth,africa_subregion_6_ERA5,africa_subregion_6_GISTEMP,africa_subregion_6_HadCRUT5,africa_subregion_6_JRA-55,africa_subregion_6_NOAA_Interim
36524,1900,-1.0453,,-0.8802,-0.2055,,-0.4621
36889,1901,-1.2301,,-1.0000,-0.4630,,-0.6711
37254,1902,-0.8050,,-0.4692,-0.1755,,-0.7007
37619,1903,-1.0109,,-0.9202,-0.4449,,-0.7043
37984,1904,-1.4951,,-1.0379,-0.6092,,-1.0648
38350,1905,-1.0275,,-0.7025,-0.4173,,-0.8444
38715,1906,-1.1493,,-0.8653,-0.3765,,-0.6773
39080,1907,-1.3285,,-0.6538,-0.5536,,-0.8900
39445,1908,-0.9100,,-0.4008,-0.3010,,-0.7553
39811,1909,-0.9989,,-0.9127,-0.4439,,-0.8880
40176,1910,-1.4960,,-1.1585,-0.8025,,-1.0419
40541,1911,-1.4566,,-1.1471,-0.8007,,-1.1011
40906,1912,-0.8593,,-0.4567,-0.3009,,-0.7845
41272,1913,-1.0976,,-0.8513,-0.5365,,-0.8910
41637,1914,-0.9283,,-0.6928,-0.3570,,-0.6924
42002,1915,-0.9115,,-0.7131,-0.2644,,-0.7049
42367,1916,-1.2593,,-1.1017,-0.6832,,-0.9479
42733,1917,-1.4315,,-1.2512,-0.7439,,-1.0908
43098,1918,-1.2880,,-1.0278,-0.5802,,-0.9856
43463,1919,-1.0012,,-0.7916,-0.4479,,-0.8072
43828,1920,-1.2709,,-1.0347,-0.6430,,-0.8716
44194,1921,-1.2564,,-1.1508,-0.7125,,-0.9757
44559,1922,-1.3258,,-1.3054,-0.8477,,-0.8757
44924,1923,-0.7853,,-0.5231,-0.2497,,-0.7046
45289,1924,-1.0827,,-0.9559,-0.5585,,-0.8379
45655,1925,-0.7482,,-0.4546,-0.1548,,-0.7183
46020,1926,-0.5067,,-0.2254,0.1083,,-0.5237
46385,1927,-1.0745,,-0.8022,-0.4595,,-0.8179
46750,1928,-0.8529,,-0.5481,-0.3110,,-0.7531
47116,1929,-0.9030,,-0.5804,-0.2851,,-0.8147
47481,1930,-1.2527,,-1.0315,-0.6334,,-0.9181
47846,1931,-0.8013,,-0.6150,-0.5460,,-0.5366
48211,1932,-0.9792,,-0.9470,-0.6093,,-0.8703
48577,1933,-1.1870,,-0.9537,-0.6551,,-0.9065
48942,1934,-0.9559,,-0.9066,-0.6734,,-0.8619
49307,1935,-1.1326,,-0.9839,-0.6900,,-0.9159
49672,1936,-0.6833,,-0.5765,-0.3485,,-0.7240
50038,1937,-0.6677,,-0.5523,-0.3846,,-0.7294
50403,1938,-0.7967,,-0.6616,-0.4086,,-0.7307
50768,1939,-0.7981,,-0.7567,-0.3904,,-0.7717
51133,1940,-0.6075,,-0.3520,-0.4890,,-0.4196
51499,1941,-0.5834,,-0.3086,-0.1987,,-0.1514
51864,1942,-0.8711,,-0.5401,-0.3229,,-0.3030
52229,1943,-1.1864,,-0.8424,-0.7069,,-0.6751
52594,1944,-0.8569,,-0.6364,-0.3976,,-0.4739
52960,1945,-0.9164,,-0.7289,-0.5256,,-0.5190
53325,1946,-0.8159,,-0.6191,-0.4703,,-0.5360
53690,1947,-0.8648,,-0.7045,-0.4512,,-0.6087
54055,1948,-0.6969,,-0.6220,-0.4327,,-0.7083
54421,1949,-0.6762,,-0.6239,-0.4801,,-0.7388
54786,1950,-1.1735,,-0.9984,-0.7817,,-0.8989
55151,1951,-1.0077,,-0.8835,-0.8042,,-0.9252
55516,1952,-0.8312,,-0.6245,-0.5491,,-0.5982
55882,1953,-0.8163,,-0.6616,-0.5514,,-0.6233
56247,1954,-0.6747,,-0.6669,-0.6066,,-0.7313
56612,1955,-0.9449,,-0.8844,-0.8445,,-0.8641
56977,1956,-0.9919,,-0.9012,-0.7852,,-0.8657
57343,1957,-0.7867,,-0.5733,-0.5852,,-0.5765
57708,1958,-0.7178,,-0.4535,-0.5229,-0.5476,-0.4810
58073,1959,-0.8860,,-0.6175,-0.8124,-0.6472,-0.6567
58438,1960,-0.9721,,-0.7532,-0.8409,-0.7143,-0.8510
58804,1961,-0.2226,,-0.0922,-0.0216,-0.4369,-0.1989
59169,1962,-0.8321,,-0.6743,-0.5671,-0.8511,-0.6074
59534,1963,-1.0967,,-0.9853,-0.8639,-1.2110,-0.8322
59899,1964,-1.1480,,-1.0309,-1.0183,-0.8725,-0.9343
60265,1965,-1.2941,,-1.1892,-1.1646,-1.0744,-1.0453
60630,1966,-0.6846,,-0.6169,-0.5343,-0.5600,-0.5483
60995,1967,-0.4379,,-0.4081,-0.3556,-0.5685,-0.4906
61360,1968,-1.1325,,-1.0187,-0.9881,-0.9734,-0.8792
61726,1969,-0.2760,,-0.1939,-0.1531,-0.2389,-0.1222
62091,1970,-0.6290,,-0.4690,-0.5122,-0.3407,-0.4137
62456,1971,-1.0143,,-0.9119,-0.8554,-0.5945,-0.6711
62821,1972,-0.7657,,-0.6333,-0.6122,-0.2621,-0.4509
63187,1973,-0.7402,,-0.5540,-0.5647,-0.2871,-0.3160
63552,1974,-1.0228,,-0.8690,-0.8033,-0.7278,-0.6393
63917,1975,-0.9883,,-0.8254,-0.8638,-0.6899,-0.6823
64282,1976,-0.6978,,-0.5751,-0.6058,-0.5093,-0.5227
64648,1977,-0.2714,,-0.1635,-0.2508,-0.1883,-0.1667
65013,1978,-0.1846,,-0.2057,-0.3060,-0.2615,-0.2056
65378,1979,-0.4229,-0.4203,-0.3625,-0.4761,-0.5487,-0.3373
65743,1980,-0.4367,-0.4166,-0.3822,-0.4844,-0.3513,-0.3437
66109,1981,-0.5256,-0.5396,-0.5367,-0.4545,-0.4151,-0.3601
66474,1982,-0.4797,-0.5496,-0.4060,-0.4748,-0.5378,-0.3433
66839,1983,-0.2003,-0.1304,-0.1789,-0.1979,-0.1227,-0.0743
67204,1984,-0.7645,-0.8241,-0.7278,-0.7823,-0.7608,-0.6216
67570,1985,-0.5706,-0.7814,-0.5773,-0.6195,-0.7410,-0.4676
67935,1986,-0.6855,-0.7643,-0.6304,-0.6477,-0.8434,-0.4992
68300,1987,-0.0564,-0.1260,-0.0486,-0.1994,-0.0634,-0.0608
68665,1988,-0.1447,-0.1277,-0.1568,-0.1929,-0.0719,-0.1111
69031,1989,-0.5125,-0.4604,-0.5631,-0.5132,-0.5529,-0.4386
69396,1990,-0.4493,-0.2504,-0.4677,-0.4169,-0.2851,-0.3141
69761,1991,-0.2346,-0.2975,-0.3701,-0.1726,-0.4338,-0.2370
70126,1992,-0.3161,-0.4892,-0.2235,-0.1626,-0.4902,-0.3232
70492,1993,-0.3030,-0.5247,-0.2965,-0.3575,-0.4585,-0.3623
70857,1994,-0.2799,-0.4362,-0.3913,-0.2341,-0.3512,-0.4387
71222,1995,-0.1559,-0.1745,-0.2693,-0.3042,-0.1668,-0.2168
71587,1996,-0.2651,-0.3721,-0.4479,-0.3622,-0.3176,-0.3350
71953,1997,-0.0452,-0.2297,-0.1297,-0.2578,-0.2834,-0.1833
72318,1998,0.1689,0.0791,0.1870,0.0665,0.0255,0.1397
72683,1999,-0.1819,-0.2793,-0.2164,-0.2647,-0.3423,-0.1762
73048,2000,-0.1802,-0.2530,-0.2386,-0.2702,-0.3692,-0.2747
73414,2001,0.0293,-0.0647,-0.0692,-0.0647,-0.0928,-0.1374
73779,2002,0.0510,0.0006,-0.0802,-0.0819,-0.0821,-0.1258
74144,2003,0.1174,-0.0289,-0.0337,-0.0491,0.0301,-0.0884
74509,2004,-0.0711,-0.0189,-0.2100,-0.1778,-0.0822,-0.1119
74875,2005,0.1078,0.0050,-0.0405,0.0340,0.1303,0.0575
75240,2006,0.2323,0.2149,0.0443,-0.0085,0.0757,0.0263
75605,2007,0.1538,0.0315,0.0566,0.1030,0.0776,0.0657
75970,2008,-0.2240,-0.1954,-0.2392,-0.2762,-0.1856,-0.2302
76336,2009,0.0637,0.1690,0.1323,0.1577,0.2527,0.1107
76701,2010,0.2888,0.4181,0.3632,0.3241,0.4817,0.3544
77066,2011,0.1699,0.1845,0.2573,0.2608,0.2367,0.2243
77431,2012,-0.1376,0.0636,0.0378,0.0154,0.0124,0.0497
77797,2013,-0.2222,0.0621,-0.0602,-0.0466,0.0390,0.0112
78162,2014,-0.0523,0.1778,0.0527,0.2936,0.3266,0.1571
78527,2015,0.0997,0.2014,0.3252,0.2911,0.2885,0.3526
78892,2016,0.0355,0.1351,0.2458,0.1762,0.2365,0.2924
79258,2017,0.3244,0.4313,0.4492,0.4341,0.2466,0.4087
79623,2018,0.0839,0.1819,0.2021,0.2152,0.1569,0.2029
79988,2019,0.5534,0.6241,0.6257,0.5678,0.6547,0.5777
80353,2020,0.1893,0.3842,0.3369,0.1514,0.3844,0.2101
80719,2021,0.2665,0.3419,0.3181,0.2084,0.3785,0.2352
81084,2022,-0.0015,-0.0013,0.0898,0.0699,-0.0366,0.0728
81449,2023,0.5138,0.5917,0.6429,0.4935,0.5045,0.5195
end data
