Conventions,G,BADC-CSV,1
title,G,Regional mean temperature for Indian Ocean
last_revised_date,G,2022-12-16
date_valid,G,2022-12-16
feature_type,G,area average
creator,G,WMO
source,G,Produced by climind version 0.1
observation_station,G,derived data
location,G,90.,-180.,-90.,180.
activity,G,WMO
history,G,""Data set created from file ['NOAAGlobalTemp_v*.nc'] downloaded from ['https://www.ncei.noaa.gov/data/noaa-global-surface-temperature/v5/access/gridded/NOAAGlobalTemp_v.*.nc'] at ['2022-12-16 09:24:29']""
history,G,""Data set created from file ['NOAAGlobalTemp_v*.nc'] downloaded from ['https://www.ncei.noaa.gov/data/noaa-global-surface-temperature/v5/access/gridded/NOAAGlobalTemp_v.*.nc'] at ['2022-12-16 09:24:29']""
history,G,""Regridded to 1 degree latitude-longitude resolution""
history,G,""Rebaselined to 1991-2020""
history,G,""Calculated area-average""
history,G,""Calculated annual average from monthly averages using arithmetic mean""
history,G,""Selected years within the range 1900 to 2022.""
history,G,""Wrote to file africa_subregion_6_NOAAGlobalTemp.csv""
history,G,"Data set created from file ['africa_subregion_6_NOAAGlobalTemp.csv'] downloaded from [''] at ['2022-12-16 17:53:28']"
reference,G,"Huang, B., M. J. Menne, T. Boyer, E. Freeman, B. E. Gleason, J. H. Lawrimore, C. Liu, J. J. Rennie, C. Schreck, F. Sun, R. Vose, C. N. Williams, X. Yin, H.-M. Zhang, 2020: Uncertainty estimates for sea surface temperature and land surface air temperature in NOAAGlobalTemp version 5. , J. Climate, 33, 1351-1379, DOI: 10.1175/JCLI-D-19-0395.1"
reference,G,"Zhang, Huai-Min, Jay H. Lawrimore, Boyin Huang, Matthew J. Menne, Xungang Yin, Ahira Sȧnchez-Lugo, Byron E. Gleason, Russell Vose, Derek Arndt, J. Jared Rennie, and Claude N. Williams. (2019) Updated Temperature Data Give a Sharper View of Climate Trends. Eos, 100, https://doi.org/10.1029/2019EO128229"
rights,G,TBD
comments,G,Data produced by climind version 0.1
comments,G,Format description https://help.ceda.ac.uk/article/105-badc-csv
long_name,time,time,days since 1800-01-01 00:00:00.0
type,time,int
long_name,year,year,1
type,year,int
long_name,data,africa_subregion_6,degC
type,data,float
coordinate_variable,time,t
data
time,year,data
36524,1900,-0.4605
36889,1901,-0.6336
37254,1902,-0.6577
37619,1903,-0.6253
37984,1904,-0.8886
38350,1905,-0.7350
38715,1906,-0.6976
39080,1907,-0.7980
39445,1908,-0.6289
39811,1909,-0.7868
40176,1910,-0.9847
40541,1911,-0.9968
40906,1912,-0.7470
41272,1913,-0.7567
41637,1914,-0.6933
42002,1915,-0.7880
42367,1916,-0.8885
42733,1917,-0.9050
43098,1918,-0.8657
43463,1919,-0.7502
43828,1920,-0.7607
44194,1921,-0.9496
44559,1922,-0.8185
44924,1923,-0.6245
45289,1924,-0.7979
45655,1925,-0.6098
46020,1926,-0.4768
46385,1927,-0.7326
46750,1928,-0.7453
47116,1929,-0.7136
47481,1930,-0.8645
47846,1931,-0.5141
48211,1932,-0.8068
48577,1933,-0.8337
48942,1934,-0.7741
49307,1935,-0.8441
49672,1936,-0.6597
50038,1937,-0.6735
50403,1938,-0.7405
50768,1939,-0.7094
51133,1940,-0.3825
51499,1941,-0.1703
51864,1942,-0.2953
52229,1943,-0.5923
52594,1944,-0.4117
52960,1945,-0.4029
53325,1946,-0.4737
53690,1947,-0.5993
54055,1948,-0.6709
54421,1949,-0.6341
54786,1950,-0.7672
55151,1951,-0.8654
55516,1952,-0.5663
55882,1953,-0.6414
56247,1954,-0.7418
56612,1955,-0.8507
56977,1956,-0.7851
57343,1957,-0.5682
57708,1958,-0.4996
58073,1959,-0.6892
58438,1960,-0.8439
58804,1961,-0.2009
59169,1962,-0.5875
59534,1963,-0.7975
59899,1964,-0.9080
60265,1965,-1.0181
60630,1966,-0.5480
60995,1967,-0.4453
61360,1968,-0.8491
61726,1969,-0.1247
62091,1970,-0.4281
62456,1971,-0.6698
62821,1972,-0.4452
63187,1973,-0.3584
63552,1974,-0.6163
63917,1975,-0.6588
64282,1976,-0.4808
64648,1977,-0.1377
65013,1978,-0.1890
65378,1979,-0.3507
65743,1980,-0.3586
66109,1981,-0.3640
66474,1982,-0.2863
66839,1983,-0.0601
67204,1984,-0.5772
67570,1985,-0.4376
67935,1986,-0.4687
68300,1987,-0.0399
68665,1988,-0.1200
69031,1989,-0.4202
69396,1990,-0.3107
69761,1991,-0.2171
70126,1992,-0.2693
70492,1993,-0.3200
70857,1994,-0.3956
71222,1995,-0.1695
71587,1996,-0.2858
71953,1997,-0.1226
72318,1998,0.0999
72683,1999,-0.1728
73048,2000,-0.2599
73414,2001,-0.1515
73779,2002,-0.1728
74144,2003,-0.0996
74509,2004,-0.1395
74875,2005,0.0329
75240,2006,-0.0096
75605,2007,0.0493
75970,2008,-0.1840
76336,2009,0.0831
76701,2010,0.2840
77066,2011,0.2336
77431,2012,0.0596
77797,2013,-0.0068
78162,2014,0.1847
78527,2015,0.3755
78892,2016,0.2294
79258,2017,0.3969
79623,2018,0.2115
79988,2019,0.5614
80353,2020,0.1746
80719,2021,0.2042
81084,2022,0.0357
end data
