Conventions,G,BADC-CSV,1
title,G,Regional mean temperature for Indian Ocean
last_revised_date,G,2022-11-24
date_valid,G,2022-11-24
feature_type,G,area average
creator,G,WMO
source,G,Produced by climind version 0.1
observation_station,G,derived data
location,G,90.,-180.,-90.,180.
activity,G,WMO
history,G,""Data set created from file ['NOAAGlobalTemp_v*.nc'] downloaded from ['https://www.ncei.noaa.gov/data/noaa-global-surface-temperature/v5/access/gridded/NOAAGlobalTemp_v.*.nc'] at ['2022-11-21 17:47:59']""
history,G,""Data set created from file ['NOAAGlobalTemp_v*.nc'] downloaded from ['https://www.ncei.noaa.gov/data/noaa-global-surface-temperature/v5/access/gridded/NOAAGlobalTemp_v.*.nc'] at ['2022-11-21 17:47:59']""
history,G,""Regridded to 1 degree latitude-longitude resolution""
history,G,""Rebaselined to 1981-2010""
history,G,""Calculated area-average""
history,G,""Calculated annual average from monthly averages using arithmetic mean""
history,G,""Selected years within the range 1900 to 2022.""
history,G,""Wrote to file africa_subregion_6_NOAAGlobalTemp.csv""
history,G,"Data set created from file ['africa_subregion_6_NOAAGlobalTemp.csv'] downloaded from [''] at ['2022-11-23 19:15:16']"
reference,G,"Huang, B., M. J. Menne, T. Boyer, E. Freeman, B. E. Gleason, J. H. Lawrimore, C. Liu, J. J. Rennie, C. Schreck, F. Sun, R. Vose, C. N. Williams, X. Yin, H.-M. Zhang, 2020: Uncertainty estimates for sea surface temperature and land surface air temperature in NOAAGlobalTemp version 5. , J. Climate, 33, 1351-1379, DOI: 10.1175/JCLI-D-19-0395.1"
reference,G,"Zhang, Huai-Min, Jay H. Lawrimore, Boyin Huang, Matthew J. Menne, Xungang Yin, Ahira Sȧnchez-Lugo, Byron E. Gleason, Russell Vose, Derek Arndt, J. Jared Rennie, and Claude N. Williams. (2019) Updated Temperature Data Give a Sharper View of Climate Trends. Eos, 100, https://doi.org/10.1029/2019EO128229"
rights,G,TBD
comments,G,Data produced by climind version 0.1
comments,G,Format description https://help.ceda.ac.uk/article/105-badc-csv
long_name,time,time,days since 1800-01-01 00:00:00.0
type,time,int
long_name,year,year,1
type,year,int
long_name,data,africa_subregion_6,degC
type,data,float
coordinate_variable,time,t
data
time,year,data
36524,1900,-0.3822
36889,1901,-0.5282
37254,1902,-0.5129
37619,1903,-0.4740
37984,1904,-0.7374
38350,1905,-0.5795
38715,1906,-0.5424
39080,1907,-0.6481
39445,1908,-0.4709
39811,1909,-0.6274
40176,1910,-0.8235
40541,1911,-0.8365
40906,1912,-0.5839
41272,1913,-0.5934
41637,1914,-0.5259
42002,1915,-0.6200
42367,1916,-0.7219
42733,1917,-0.7365
43098,1918,-0.6963
43463,1919,-0.5828
43828,1920,-0.5909
44194,1921,-0.7792
44559,1922,-0.6493
44924,1923,-0.4547
45289,1924,-0.6287
45655,1925,-0.4413
46020,1926,-0.3065
46385,1927,-0.5615
46750,1928,-0.5757
47116,1929,-0.5427
47481,1930,-0.6929
47846,1931,-0.3400
48211,1932,-0.6302
48577,1933,-0.6554
48942,1934,-0.5981
49307,1935,-0.6701
49672,1936,-0.4856
50038,1937,-0.5007
50403,1938,-0.5687
50768,1939,-0.5398
51133,1940,-0.2168
51499,1941,-0.0026
51864,1942,-0.1261
52229,1943,-0.4221
52594,1944,-0.2431
52960,1945,-0.2343
53325,1946,-0.3063
53690,1947,-0.4312
54055,1948,-0.5038
54421,1949,-0.4657
54786,1950,-0.6023
55151,1951,-0.7240
55516,1952,-0.4062
55882,1953,-0.4696
56247,1954,-0.5659
56612,1955,-0.6758
56977,1956,-0.6100
57343,1957,-0.3916
57708,1958,-0.3227
58073,1959,-0.5153
58438,1960,-0.6684
58804,1961,-0.0218
59169,1962,-0.4087
59534,1963,-0.6194
59899,1964,-0.7296
60265,1965,-0.8399
60630,1966,-0.3708
60995,1967,-0.2673
61360,1968,-0.6710
61726,1969,0.0524
62091,1970,-0.2515
62456,1971,-0.4980
62821,1972,-0.2723
63187,1973,-0.1847
63552,1974,-0.4409
63917,1975,-0.4808
64282,1976,-0.3010
64648,1977,0.0394
65013,1978,-0.0133
65378,1979,-0.1757
65743,1980,-0.1828
66109,1981,-0.1882
66474,1982,-0.1113
66839,1983,0.1136
67204,1984,-0.4034
67570,1985,-0.2631
67935,1986,-0.2949
68300,1987,0.1347
68665,1988,0.0534
69031,1989,-0.2459
69396,1990,-0.1374
69761,1991,-0.0396
70126,1992,-0.0912
70492,1993,-0.1418
70857,1994,-0.2131
71222,1995,0.0303
71587,1996,-0.0875
71953,1997,0.0718
72318,1998,0.2839
72683,1999,0.0128
73048,2000,-0.0740
73414,2001,0.0323
73779,2002,0.0103
74144,2003,0.0847
74509,2004,0.0475
74875,2005,0.2238
75240,2006,0.1824
75605,2007,0.2411
75970,2008,0.0097
76336,2009,0.2743
76701,2010,0.4848
77066,2011,0.4386
77431,2012,0.2656
77797,2013,0.2035
78162,2014,0.3943
78527,2015,0.5858
78892,2016,0.4323
79258,2017,0.6457
79623,2018,0.4211
79988,2019,0.7696
80353,2020,0.3849
80719,2021,0.4129
81084,2022,0.2280
end data
