Conventions,G,BADC-CSV,1
title,G,Regional mean temperature for WMO RA 1 Southern Africa
last_revised_date,G,2023-08-28
date_valid,G,2023-08-28
feature_type,G,area average
creator,G,WMO
source,G,Produced by climind version 0.1
observation_station,G,derived data
location,G,90.,-180.,-90.,180.
rights,G,TBD
activity,G,WMO
comments,G,Format description https://help.ceda.ac.uk/article/105-badc-csv
history,africa_subregion_5_Berkeley_Earth,""Data set created from file ['Land_and_Ocean_LatLong1.nc'] downloaded from ['https://berkeley-earth-temperature.s3.us-west-1.amazonaws.com/Global/Gridded/Land_and_Ocean_LatLong1.nc'] at ['2023-08-07 17:34:59']""
history,africa_subregion_5_Berkeley_Earth,""Rebaselined to 1991-2020""
history,africa_subregion_5_Berkeley_Earth,""Calculated area-average""
history,africa_subregion_5_Berkeley_Earth,""Calculated annual average from monthly averages using arithmetic mean""
history,africa_subregion_5_Berkeley_Earth,""Selected years within the range 1900 to 2022.""
history,africa_subregion_5_Berkeley_Earth,""Wrote to file africa_subregion_5_Berkeley Earth.csv""
history,africa_subregion_5_Berkeley_Earth,"Data set created from file ['africa_subregion_5_Berkeley Earth.csv'] downloaded from [''] at ['2023-08-09 11:00:13']"
history,africa_subregion_5_Berkeley_Earth,"Calculated 10-year moving average"
reference,africa_subregion_5_Berkeley_Earth,"Rohde, R. A. and Hausfather, Z.: The Berkeley Earth Land/Ocean Temperature Record, Earth Syst. Sci. Data, 12, 3469-3479, https://doi.org/10.5194/essd-12-3469-2020, 2020"
comments,africa_subregion_5_Berkeley_Earth,"Original data acknowledgement: "
history,africa_subregion_5_ERA5,""Gridded dataset created from file ['era5_2m_tas_2023.nc'] downloaded from ['']""
history,africa_subregion_5_ERA5,""Regridded to 1 degree latitude-longitude resolution""
history,africa_subregion_5_ERA5,""Rebaselined to 1991-2020""
history,africa_subregion_5_ERA5,""Calculated area-average""
history,africa_subregion_5_ERA5,""Calculated annual average from monthly averages using arithmetic mean""
history,africa_subregion_5_ERA5,""Selected years within the range 1900 to 2022.""
history,africa_subregion_5_ERA5,""Wrote to file africa_subregion_5_ERA5.csv""
history,africa_subregion_5_ERA5,"Data set created from file ['africa_subregion_5_ERA5.csv'] downloaded from [''] at ['2023-08-09 11:00:41']"
history,africa_subregion_5_ERA5,"Calculated 10-year moving average"
reference,africa_subregion_5_ERA5,"Hersbach H, Bell B, Berrisford P et al. 2020. The ERA5 global reanalysis. Q. J. R. Meteorol. Soc. 146: 1999-2049. https://doi.org/10.1002/qj.3803"
comments,africa_subregion_5_ERA5,"Original data acknowledgement: "
history,africa_subregion_5_GISTEMP,""Data set created from file ['gistemp1200_GHCNv4_ERSSTv5.nc.gz'] downloaded from ['https://data.giss.nasa.gov/pub/gistemp/gistemp1200_GHCNv4_ERSSTv5.nc.gz'] at ['2023-08-07 16:14:33']""
history,africa_subregion_5_GISTEMP,""Regridded to 1 degree latitude-longitude resolution""
history,africa_subregion_5_GISTEMP,""Rebaselined to 1991-2020""
history,africa_subregion_5_GISTEMP,""Calculated area-average""
history,africa_subregion_5_GISTEMP,""Calculated annual average from monthly averages using arithmetic mean""
history,africa_subregion_5_GISTEMP,""Selected years within the range 1900 to 2022.""
history,africa_subregion_5_GISTEMP,""Wrote to file africa_subregion_5_GISTEMP.csv""
history,africa_subregion_5_GISTEMP,"Data set created from file ['africa_subregion_5_GISTEMP.csv'] downloaded from [''] at ['2023-08-09 11:01:10']"
history,africa_subregion_5_GISTEMP,"Calculated 10-year moving average"
reference,africa_subregion_5_GISTEMP,"Lenssen, N., G. Schmidt, J. Hansen, M. Menne, A. Persin, R. Ruedy, and D. Zyss, 2019: Improvements in the GISTEMP uncertainty model. J. Geophys. Res. Atmos., 124, no. 12, 6307-6326, doi:10.1029/2018JD029522"
comments,africa_subregion_5_GISTEMP,"Original data acknowledgement: "
history,africa_subregion_5_HadCRUT5,""Data set created from file ['HadCRUT.5.0.1.0.analysis.anomalies.ensemble_mean.nc'] downloaded from ['https://www.metoffice.gov.uk/hadobs/hadcrut5/data/current/analysis/HadCRUT.5.0.1.0.analysis.anomalies.ensemble_mean.nc'] at ['2023-08-07 16:14:34']""
history,africa_subregion_5_HadCRUT5,""Regridded to 1 degree latitude-longitude resolution""
history,africa_subregion_5_HadCRUT5,""Rebaselined to 1991-2020""
history,africa_subregion_5_HadCRUT5,""Calculated area-average""
history,africa_subregion_5_HadCRUT5,""Calculated annual average from monthly averages using arithmetic mean""
history,africa_subregion_5_HadCRUT5,""Selected years within the range 1900 to 2022.""
history,africa_subregion_5_HadCRUT5,""Wrote to file africa_subregion_5_HadCRUT5.csv""
history,africa_subregion_5_HadCRUT5,"Data set created from file ['africa_subregion_5_HadCRUT5.csv'] downloaded from [''] at ['2023-08-09 11:01:58']"
history,africa_subregion_5_HadCRUT5,"Calculated 10-year moving average"
reference,africa_subregion_5_HadCRUT5,"Morice, C. P., Kennedy, J. J., Rayner, N. A., Winn, J. P., Hogan, E., Killick, R. E., et al. (2021). An updated assessment of near-surface temperature change from 1850: the HadCRUT5 data set. Journal of Geophysical Research: Atmospheres, 126, e2019JD032361. https://doi.org/10.1029/2019JD032361"
comments,africa_subregion_5_HadCRUT5,"Original data acknowledgement: HadCRUT.5.0.1.0 data were obtained from http://www.metoffice.gov.uk/hadobs/hadcrut5 on 2023-08-07 16:14:34 and are © British Crown Copyright, Met Office 2023, provided under an Open Government License, http://www.nationalarchives.gov.uk/doc/open-government-licence/version/3/"
history,africa_subregion_5_JRA-55,""Data set created from file ['anl_surf125.011_tmp.202301_202312', 'anl_surf125.2023MMMM'] downloaded from ['', ''] at ['2023-08-07 16:16:00']""
history,africa_subregion_5_JRA-55,""Regridded to 1 degree latitude-longitude resolution""
history,africa_subregion_5_JRA-55,""Rebaselined to 1991-2020""
history,africa_subregion_5_JRA-55,""Calculated area-average""
history,africa_subregion_5_JRA-55,""Calculated annual average from monthly averages using arithmetic mean""
history,africa_subregion_5_JRA-55,""Selected years within the range 1900 to 2022.""
history,africa_subregion_5_JRA-55,""Wrote to file africa_subregion_5_JRA-55.csv""
history,africa_subregion_5_JRA-55,"Data set created from file ['africa_subregion_5_JRA-55.csv'] downloaded from [''] at ['2023-08-09 11:02:31']"
history,africa_subregion_5_JRA-55,"Calculated 10-year moving average"
reference,africa_subregion_5_JRA-55,"Kobayashi, S., Ota, Y., Harada, Y., Ebita, A., Moriya, M., Onoda, H., Onogi, K., Kamahori, H., Kobayashi, C., Endo, H. and Miyaoka, K., (2015). The JRA-55 reanalysis: General specifications and basic characteristics. Journal of the Meteorological Society of Japan. Ser. II, 93(1), pp.5-48."
comments,africa_subregion_5_JRA-55,"Original data acknowledgement: "
history,africa_subregion_5_NOAAGlobalTemp,""Data set created from file ['NOAAGlobalTemp_v*.nc'] downloaded from ['https://www.ncei.noaa.gov/data/noaa-global-surface-temperature/v5/access/gridded/NOAAGlobalTemp_v.*.nc'] at ['2023-08-07 16:18:17']""
history,africa_subregion_5_NOAAGlobalTemp,""Data set created from file ['NOAAGlobalTemp_v*.nc'] downloaded from ['https://www.ncei.noaa.gov/data/noaa-global-surface-temperature/v5/access/gridded/NOAAGlobalTemp_v.*.nc'] at ['2023-08-07 16:18:17']""
history,africa_subregion_5_NOAAGlobalTemp,""Regridded to 1 degree latitude-longitude resolution""
history,africa_subregion_5_NOAAGlobalTemp,""Rebaselined to 1991-2020""
history,africa_subregion_5_NOAAGlobalTemp,""Calculated area-average""
history,africa_subregion_5_NOAAGlobalTemp,""Calculated annual average from monthly averages using arithmetic mean""
history,africa_subregion_5_NOAAGlobalTemp,""Selected years within the range 1900 to 2022.""
history,africa_subregion_5_NOAAGlobalTemp,""Wrote to file africa_subregion_5_NOAAGlobalTemp.csv""
history,africa_subregion_5_NOAAGlobalTemp,"Data set created from file ['africa_subregion_5_NOAAGlobalTemp.csv'] downloaded from [''] at ['2023-08-09 12:24:02']"
history,africa_subregion_5_NOAAGlobalTemp,"Calculated 10-year moving average"
reference,africa_subregion_5_NOAAGlobalTemp,"Huang, B., M. J. Menne, T. Boyer, E. Freeman, B. E. Gleason, J. H. Lawrimore, C. Liu, J. J. Rennie, C. Schreck, F. Sun, R. Vose, C. N. Williams, X. Yin, H.-M. Zhang, 2020: Uncertainty estimates for sea surface temperature and land surface air temperature in NOAAGlobalTemp version 5. , J. Climate, 33, 1351-1379, DOI: 10.1175/JCLI-D-19-0395.1"
reference,africa_subregion_5_NOAAGlobalTemp,"Zhang, Huai-Min, Jay H. Lawrimore, Boyin Huang, Matthew J. Menne, Xungang Yin, Ahira Sȧnchez-Lugo, Byron E. Gleason, Russell Vose, Derek Arndt, J. Jared Rennie, and Claude N. Williams. (2019) Updated Temperature Data Give a Sharper View of Climate Trends. Eos, 100, https://doi.org/10.1029/2019EO128229"
comments,africa_subregion_5_NOAAGlobalTemp,"Original data acknowledgement: "
long_name,time,time,days since 1800-01-01 00:00:00.0
type,time,int
long_name,year,year,1
type,year,int
long_name,africa_subregion_5_Berkeley_Earth,africa_subregion_5,degC
type,africa_subregion_5_Berkeley_Earth,float
long_name,africa_subregion_5_ERA5,africa_subregion_5,degC
type,africa_subregion_5_ERA5,float
long_name,africa_subregion_5_GISTEMP,africa_subregion_5,degC
type,africa_subregion_5_GISTEMP,float
long_name,africa_subregion_5_HadCRUT5,africa_subregion_5,degC
type,africa_subregion_5_HadCRUT5,float
long_name,africa_subregion_5_JRA-55,africa_subregion_5,degC
type,africa_subregion_5_JRA-55,float
long_name,africa_subregion_5_NOAAGlobalTemp,africa_subregion_5,degC
type,africa_subregion_5_NOAAGlobalTemp,float
coordinate_variable,time,t
data
time,year,africa_subregion_5_Berkeley_Earth,africa_subregion_5_ERA5,africa_subregion_5_GISTEMP,africa_subregion_5_HadCRUT5,africa_subregion_5_JRA-55,africa_subregion_5_NOAAGlobalTemp
36524,1900,,,,,,
36889,1901,,,,,,
37254,1902,,,,,,
37619,1903,,,,,,
37984,1904,,,,,,
38350,1905,,,,,,
38715,1906,,,,,,
39080,1907,,,,,,
39445,1908,,,,,,
39811,1909,-1.2648,,-0.7396,-1.2990,,-1.1388
40176,1910,-1.3380,,-0.8432,-1.3714,,-1.2385
40541,1911,-1.3747,,-0.9027,-1.3815,,-1.2829
40906,1912,-1.3570,,-0.9189,-1.3420,,-1.2769
41272,1913,-1.3112,,-0.8871,-1.2807,,-1.2538
41637,1914,-1.2130,,-0.7986,-1.1653,,-1.1822
42002,1915,-1.1790,,-0.8087,-1.1201,,-1.1711
42367,1916,-1.1120,,-0.7663,-1.0519,,-1.1325
42733,1917,-1.0540,,-0.7301,-1.0316,,-1.1152
43098,1918,-1.0647,,-0.7381,-1.0389,,-1.1164
43463,1919,-1.0486,,-0.7373,-1.0106,,-1.0786
43828,1920,-0.9789,,-0.6741,-0.9245,,-1.0237
44194,1921,-0.9204,,-0.6373,-0.8931,,-0.9897
44559,1922,-0.8713,,-0.5873,-0.8672,,-0.9696
44924,1923,-0.8635,,-0.6158,-0.8838,,-0.9696
45289,1924,-0.8894,,-0.6550,-0.9029,,-1.0003
45655,1925,-0.9168,,-0.6633,-0.9786,,-1.0077
46020,1926,-0.9046,,-0.6431,-0.9932,,-0.9722
46385,1927,-0.8690,,-0.6122,-0.9535,,-0.9072
46750,1928,-0.8091,,-0.5764,-0.9321,,-0.8600
47116,1929,-0.7941,,-0.5615,-0.9670,,-0.8562
47481,1930,-0.8386,,-0.6146,-1.0368,,-0.8814
47846,1931,-0.8219,,-0.5723,-1.0287,,-0.8359
48211,1932,-0.8692,,-0.6169,-1.1057,,-0.8434
48577,1933,-0.8847,,-0.6167,-1.1310,,-0.8352
48942,1934,-0.8769,,-0.5883,-1.1726,,-0.7978
49307,1935,-0.8925,,-0.5966,-1.1790,,-0.8033
49672,1936,-0.9381,,-0.6184,-1.2091,,-0.8258
50038,1937,-0.9695,,-0.6106,-1.2165,,-0.8228
50403,1938,-0.9875,,-0.6006,-1.2149,,-0.8200
50768,1939,-1.0368,,-0.6375,-1.2223,,-0.8458
51133,1940,-0.9996,,-0.5879,-1.1696,,-0.7886
51499,1941,-0.9606,,-0.5616,-1.1185,,-0.7456
51864,1942,-0.9268,,-0.5240,-1.0614,,-0.7160
52229,1943,-0.9354,,-0.5427,-1.0599,,-0.7323
52594,1944,-0.9112,,-0.5397,-1.0004,,-0.7170
52960,1945,-0.8641,,-0.5084,-0.9415,,-0.6713
53325,1946,-0.8061,,-0.4805,-0.8806,,-0.6376
53690,1947,-0.7607,,-0.4615,-0.8349,,-0.6258
54055,1948,-0.7536,,-0.4833,-0.8212,,-0.6332
54421,1949,-0.6819,,-0.4158,-0.7531,,-0.5672
54786,1950,-0.6974,,-0.4275,-0.7754,,-0.5819
55151,1951,-0.7577,,-0.4948,-0.8413,,-0.6516
55516,1952,-0.7586,,-0.5211,-0.8498,,-0.6580
55882,1953,-0.7623,,-0.5283,-0.8577,,-0.6566
56247,1954,-0.8036,,-0.5684,-0.9061,,-0.6969
56612,1955,-0.8478,,-0.6136,-0.9535,,-0.7443
56977,1956,-0.9004,,-0.6603,-0.9976,,-0.7880
57343,1957,-0.9077,,-0.6715,-0.9939,,-0.7892
57708,1958,-0.8948,,-0.6673,-0.9809,,-0.7726
58073,1959,-0.9087,,-0.6945,-0.9918,,-0.7921
58438,1960,-0.8907,,-0.6935,-0.9727,,-0.7857
58804,1961,-0.8620,,-0.6649,-0.9459,,-0.7465
59169,1962,-0.8716,,-0.6647,-0.9605,,-0.7462
59534,1963,-0.8694,,-0.6586,-0.9619,,-0.7390
59899,1964,-0.8593,,-0.6605,-0.9596,,-0.7366
60265,1965,-0.8277,,-0.6327,-0.9309,,-0.7096
60630,1966,-0.7672,,-0.5776,-0.8765,,-0.6531
60995,1967,-0.7949,,-0.6111,-0.9100,-0.6063,-0.6790
61360,1968,-0.8261,,-0.6368,-0.9351,-0.6121,-0.7096
61726,1969,-0.8165,,-0.6273,-0.9275,-0.5737,-0.6988
62091,1970,-0.7917,,-0.5994,-0.9029,-0.5460,-0.6718
62456,1971,-0.8199,,-0.6262,-0.9279,-0.5607,-0.7031
62821,1972,-0.8252,,-0.6352,-0.9270,-0.5682,-0.7120
63187,1973,-0.7750,,-0.5965,-0.8745,-0.5102,-0.6718
63552,1974,-0.7982,,-0.6074,-0.8875,-0.5629,-0.6782
63917,1975,-0.7985,,-0.6100,-0.8855,-0.5987,-0.6750
64282,1976,-0.8650,,-0.6696,-0.9499,-0.6874,-0.7315
64648,1977,-0.8279,,-0.6262,-0.9161,-0.6459,-0.6903
65013,1978,-0.8107,,-0.6053,-0.9034,-0.6652,-0.6686
65378,1979,-0.8062,,-0.5981,-0.9011,-0.6993,-0.6612
65743,1980,-0.8193,,-0.6196,-0.9158,-0.7044,-0.6744
66109,1981,-0.8162,,-0.6306,-0.9102,-0.7042,-0.6769
66474,1982,-0.7979,,-0.6163,-0.8885,-0.6776,-0.6675
66839,1983,-0.7483,,-0.5699,-0.8381,-0.6178,-0.6233
67204,1984,-0.6563,,-0.4924,-0.7495,-0.5110,-0.5526
67570,1985,-0.6107,,-0.4493,-0.7000,-0.4635,-0.5102
67935,1986,-0.5379,,-0.3846,-0.6226,-0.3795,-0.4415
68300,1987,-0.4726,,-0.3303,-0.5588,-0.3063,-0.3873
68665,1988,-0.4279,-0.4045,-0.2991,-0.5106,-0.2559,-0.3529
69031,1989,-0.4322,-0.3958,-0.3221,-0.5100,-0.2613,-0.3692
69396,1990,-0.3852,-0.3576,-0.2899,-0.4640,-0.2434,-0.3387
69761,1991,-0.3415,-0.3125,-0.2454,-0.4157,-0.2189,-0.2894
70126,1992,-0.2737,-0.2489,-0.1859,-0.3606,-0.1720,-0.2378
70492,1993,-0.2924,-0.2684,-0.2101,-0.3748,-0.2073,-0.2601
70857,1994,-0.3101,-0.2728,-0.2397,-0.3942,-0.2117,-0.2822
71222,1995,-0.2488,-0.2124,-0.2002,-0.3460,-0.1502,-0.2450
71587,1996,-0.2439,-0.2064,-0.2187,-0.3326,-0.1425,-0.2628
71953,1997,-0.2881,-0.2628,-0.2766,-0.3661,-0.2050,-0.3164
72318,1998,-0.2211,-0.1974,-0.2233,-0.2970,-0.1474,-0.2664
72683,1999,-0.1665,-0.1553,-0.1652,-0.2477,-0.1023,-0.2138
73048,2000,-0.1940,-0.1995,-0.2028,-0.2627,-0.1330,-0.2374
73414,2001,-0.1645,-0.1915,-0.1897,-0.2362,-0.1118,-0.2243
73779,2002,-0.1688,-0.2089,-0.2092,-0.2394,-0.1282,-0.2224
74144,2003,-0.1260,-0.1847,-0.1751,-0.2116,-0.1079,-0.1885
74509,2004,-0.0969,-0.1708,-0.1415,-0.1666,-0.1028,-0.1431
74875,2005,-0.0642,-0.1406,-0.1135,-0.1155,-0.0929,-0.1113
75240,2006,-0.0471,-0.1449,-0.1009,-0.0800,-0.1173,-0.0921
75605,2007,-0.0042,-0.1126,-0.0635,-0.0263,-0.0987,-0.0565
75970,2008,-0.0447,-0.1624,-0.1016,-0.0442,-0.1577,-0.0863
76336,2009,-0.0585,-0.1698,-0.1229,-0.0278,-0.1777,-0.0946
76701,2010,0.0064,-0.0926,-0.0355,0.0342,-0.1168,-0.0194
77066,2011,-0.0189,-0.1038,-0.0364,0.0392,-0.1384,-0.0215
77431,2012,-0.0539,-0.1112,-0.0474,0.0621,-0.1499,-0.0320
77797,2013,-0.0810,-0.1117,-0.0728,0.0799,-0.1435,-0.0540
78162,2014,-0.0774,-0.0930,-0.0682,0.0813,-0.1272,-0.0569
78527,2015,-0.0634,-0.0668,-0.0338,0.0930,-0.0982,-0.0206
78892,2016,0.0322,0.0619,0.0739,0.1467,0.0316,0.0835
79258,2017,0.0310,0.0856,0.0856,0.1418,0.0486,0.1091
79623,2018,0.0847,0.1526,0.1518,0.1769,0.1153,0.1614
79988,2019,0.1876,0.2784,0.2644,0.2425,0.2364,0.2614
80353,2020,0.1875,0.2920,0.2384,0.2297,0.2498,0.2568
80719,2021,0.2300,0.3385,0.2559,0.2293,0.2936,0.2846
81084,2022,0.2758,0.3534,0.2684,0.1998,0.2985,0.3105
end data
