Conventions,G,BADC-CSV,1
title,G,Regional mean temperature for WMO RA 1 Southern Africa
last_revised_date,G,2023-08-28
date_valid,G,2023-08-28
feature_type,G,area average
creator,G,WMO
source,G,Produced by climind version 0.1
observation_station,G,derived data
location,G,90.,-180.,-90.,180.
activity,G,WMO
history,G,""Data set created from file ['HadCRUT.5.0.1.0.analysis.anomalies.ensemble_mean.nc'] downloaded from ['https://www.metoffice.gov.uk/hadobs/hadcrut5/data/current/analysis/HadCRUT.5.0.1.0.analysis.anomalies.ensemble_mean.nc'] at ['2023-08-07 16:14:34']""
history,G,""Regridded to 1 degree latitude-longitude resolution""
history,G,""Rebaselined to 1991-2020""
history,G,""Calculated area-average""
history,G,""Calculated annual average from monthly averages using arithmetic mean""
history,G,""Selected years within the range 1900 to 2022.""
history,G,""Wrote to file africa_subregion_5_HadCRUT5.csv""
history,G,"Data set created from file ['africa_subregion_5_HadCRUT5.csv'] downloaded from [''] at ['2023-08-09 11:01:58']"
history,G,"Calculated 10-year moving average"
reference,G,"Morice, C. P., Kennedy, J. J., Rayner, N. A., Winn, J. P., Hogan, E., Killick, R. E., et al. (2021). An updated assessment of near-surface temperature change from 1850: the HadCRUT5 data set. Journal of Geophysical Research: Atmospheres, 126, e2019JD032361. https://doi.org/10.1029/2019JD032361"
rights,G,TBD
comments,G,Data produced by climind version 0.1
comments,G,Format description https://help.ceda.ac.uk/article/105-badc-csv
comments,G,"Original data acknowledgement: HadCRUT.5.0.1.0 data were obtained from http://www.metoffice.gov.uk/hadobs/hadcrut5 on 2023-08-07 16:14:34 and are © British Crown Copyright, Met Office 2023, provided under an Open Government License, http://www.nationalarchives.gov.uk/doc/open-government-licence/version/3/"
long_name,time,time,days since 1800-01-01 00:00:00.0
type,time,int
long_name,year,year,1
type,year,int
long_name,data,africa_subregion_5,degC
type,data,float
coordinate_variable,time,t
data
time,year,data
36524,1900,
36889,1901,
37254,1902,
37619,1903,
37984,1904,
38350,1905,
38715,1906,
39080,1907,
39445,1908,
39811,1909,-1.2990
40176,1910,-1.3714
40541,1911,-1.3815
40906,1912,-1.3420
41272,1913,-1.2807
41637,1914,-1.1653
42002,1915,-1.1201
42367,1916,-1.0519
42733,1917,-1.0316
43098,1918,-1.0389
43463,1919,-1.0106
43828,1920,-0.9245
44194,1921,-0.8931
44559,1922,-0.8672
44924,1923,-0.8838
45289,1924,-0.9029
45655,1925,-0.9786
46020,1926,-0.9932
46385,1927,-0.9535
46750,1928,-0.9321
47116,1929,-0.9670
47481,1930,-1.0368
47846,1931,-1.0287
48211,1932,-1.1057
48577,1933,-1.1310
48942,1934,-1.1726
49307,1935,-1.1790
49672,1936,-1.2091
50038,1937,-1.2165
50403,1938,-1.2149
50768,1939,-1.2223
51133,1940,-1.1696
51499,1941,-1.1185
51864,1942,-1.0614
52229,1943,-1.0599
52594,1944,-1.0004
52960,1945,-0.9415
53325,1946,-0.8806
53690,1947,-0.8349
54055,1948,-0.8212
54421,1949,-0.7531
54786,1950,-0.7754
55151,1951,-0.8413
55516,1952,-0.8498
55882,1953,-0.8577
56247,1954,-0.9061
56612,1955,-0.9535
56977,1956,-0.9976
57343,1957,-0.9939
57708,1958,-0.9809
58073,1959,-0.9918
58438,1960,-0.9727
58804,1961,-0.9459
59169,1962,-0.9605
59534,1963,-0.9619
59899,1964,-0.9596
60265,1965,-0.9309
60630,1966,-0.8765
60995,1967,-0.9100
61360,1968,-0.9351
61726,1969,-0.9275
62091,1970,-0.9029
62456,1971,-0.9279
62821,1972,-0.9270
63187,1973,-0.8745
63552,1974,-0.8875
63917,1975,-0.8855
64282,1976,-0.9499
64648,1977,-0.9161
65013,1978,-0.9034
65378,1979,-0.9011
65743,1980,-0.9158
66109,1981,-0.9102
66474,1982,-0.8885
66839,1983,-0.8381
67204,1984,-0.7495
67570,1985,-0.7000
67935,1986,-0.6226
68300,1987,-0.5588
68665,1988,-0.5106
69031,1989,-0.5100
69396,1990,-0.4640
69761,1991,-0.4157
70126,1992,-0.3606
70492,1993,-0.3748
70857,1994,-0.3942
71222,1995,-0.3460
71587,1996,-0.3326
71953,1997,-0.3661
72318,1998,-0.2970
72683,1999,-0.2477
73048,2000,-0.2627
73414,2001,-0.2362
73779,2002,-0.2394
74144,2003,-0.2116
74509,2004,-0.1666
74875,2005,-0.1155
75240,2006,-0.0800
75605,2007,-0.0263
75970,2008,-0.0442
76336,2009,-0.0278
76701,2010,0.0342
77066,2011,0.0392
77431,2012,0.0621
77797,2013,0.0799
78162,2014,0.0813
78527,2015,0.0930
78892,2016,0.1467
79258,2017,0.1418
79623,2018,0.1769
79988,2019,0.2425
80353,2020,0.2297
80719,2021,0.2293
81084,2022,0.1998
end data
