Conventions,G,BADC-CSV,1
title,G,Regional mean temperature for WMO RA 1 Southern Africa
last_revised_date,G,2023-08-28
date_valid,G,2023-08-28
feature_type,G,area average
creator,G,WMO
source,G,Produced by climind version 0.1
observation_station,G,derived data
location,G,90.,-180.,-90.,180.
activity,G,WMO
history,G,""Gridded dataset created from file ['era5_2m_tas_2023.nc'] downloaded from ['']""
history,G,""Regridded to 1 degree latitude-longitude resolution""
history,G,""Rebaselined to 1991-2020""
history,G,""Calculated area-average""
history,G,""Calculated annual average from monthly averages using arithmetic mean""
history,G,""Selected years within the range 1900 to 2022.""
history,G,""Wrote to file africa_subregion_5_ERA5.csv""
history,G,"Data set created from file ['africa_subregion_5_ERA5.csv'] downloaded from [''] at ['2023-08-09 11:00:41']"
history,G,"Calculated 10-year moving average"
reference,G,"Hersbach H, Bell B, Berrisford P et al. 2020. The ERA5 global reanalysis. Q. J. R. Meteorol. Soc. 146: 1999-2049. https://doi.org/10.1002/qj.3803"
rights,G,TBD
comments,G,Data produced by climind version 0.1
comments,G,Format description https://help.ceda.ac.uk/article/105-badc-csv
comments,G,"Original data acknowledgement: "
long_name,time,time,days since 1800-01-01 00:00:00.0
type,time,int
long_name,year,year,1
type,year,int
long_name,data,africa_subregion_5,degC
type,data,float
coordinate_variable,time,t
data
time,year,data
65378,1979,
65743,1980,
66109,1981,
66474,1982,
66839,1983,
67204,1984,
67570,1985,
67935,1986,
68300,1987,
68665,1988,-0.4045
69031,1989,-0.3958
69396,1990,-0.3576
69761,1991,-0.3125
70126,1992,-0.2489
70492,1993,-0.2684
70857,1994,-0.2728
71222,1995,-0.2124
71587,1996,-0.2064
71953,1997,-0.2628
72318,1998,-0.1974
72683,1999,-0.1553
73048,2000,-0.1995
73414,2001,-0.1915
73779,2002,-0.2089
74144,2003,-0.1847
74509,2004,-0.1708
74875,2005,-0.1406
75240,2006,-0.1449
75605,2007,-0.1126
75970,2008,-0.1624
76336,2009,-0.1698
76701,2010,-0.0926
77066,2011,-0.1038
77431,2012,-0.1112
77797,2013,-0.1117
78162,2014,-0.0930
78527,2015,-0.0668
78892,2016,0.0619
79258,2017,0.0856
79623,2018,0.1526
79988,2019,0.2784
80353,2020,0.2920
80719,2021,0.3385
81084,2022,0.3534
end data
