Conventions,G,BADC-CSV,1
title,G,Regional mean temperature for WMO RA 1 Southern Africa
last_revised_date,G,2023-08-28
date_valid,G,2023-08-28
feature_type,G,area average
creator,G,WMO
source,G,Produced by climind version 0.1
observation_station,G,derived data
location,G,90.,-180.,-90.,180.
activity,G,WMO
history,G,""Data set created from file ['NOAAGlobalTemp_v*.nc'] downloaded from ['https://www.ncei.noaa.gov/data/noaa-global-surface-temperature/v5/access/gridded/NOAAGlobalTemp_v.*.nc'] at ['2023-08-07 16:18:17']""
history,G,""Data set created from file ['NOAAGlobalTemp_v*.nc'] downloaded from ['https://www.ncei.noaa.gov/data/noaa-global-surface-temperature/v5/access/gridded/NOAAGlobalTemp_v.*.nc'] at ['2023-08-07 16:18:17']""
history,G,""Regridded to 1 degree latitude-longitude resolution""
history,G,""Rebaselined to 1991-2020""
history,G,""Calculated area-average""
history,G,""Calculated annual average from monthly averages using arithmetic mean""
history,G,""Selected years within the range 1900 to 2022.""
history,G,""Wrote to file africa_subregion_5_NOAAGlobalTemp.csv""
history,G,"Data set created from file ['africa_subregion_5_NOAAGlobalTemp.csv'] downloaded from [''] at ['2023-08-09 12:24:02']"
history,G,"Calculated 10-year moving average"
reference,G,"Huang, B., M. J. Menne, T. Boyer, E. Freeman, B. E. Gleason, J. H. Lawrimore, C. Liu, J. J. Rennie, C. Schreck, F. Sun, R. Vose, C. N. Williams, X. Yin, H.-M. Zhang, 2020: Uncertainty estimates for sea surface temperature and land surface air temperature in NOAAGlobalTemp version 5. , J. Climate, 33, 1351-1379, DOI: 10.1175/JCLI-D-19-0395.1"
reference,G,"Zhang, Huai-Min, Jay H. Lawrimore, Boyin Huang, Matthew J. Menne, Xungang Yin, Ahira Sȧnchez-Lugo, Byron E. Gleason, Russell Vose, Derek Arndt, J. Jared Rennie, and Claude N. Williams. (2019) Updated Temperature Data Give a Sharper View of Climate Trends. Eos, 100, https://doi.org/10.1029/2019EO128229"
rights,G,TBD
comments,G,Data produced by climind version 0.1
comments,G,Format description https://help.ceda.ac.uk/article/105-badc-csv
comments,G,"Original data acknowledgement: "
long_name,time,time,days since 1800-01-01 00:00:00.0
type,time,int
long_name,year,year,1
type,year,int
long_name,data,africa_subregion_5,degC
type,data,float
coordinate_variable,time,t
data
time,year,data
36524,1900,
36889,1901,
37254,1902,
37619,1903,
37984,1904,
38350,1905,
38715,1906,
39080,1907,
39445,1908,
39811,1909,-1.1388
40176,1910,-1.2385
40541,1911,-1.2829
40906,1912,-1.2769
41272,1913,-1.2538
41637,1914,-1.1822
42002,1915,-1.1711
42367,1916,-1.1325
42733,1917,-1.1152
43098,1918,-1.1164
43463,1919,-1.0786
43828,1920,-1.0237
44194,1921,-0.9897
44559,1922,-0.9696
44924,1923,-0.9696
45289,1924,-1.0003
45655,1925,-1.0077
46020,1926,-0.9722
46385,1927,-0.9072
46750,1928,-0.8600
47116,1929,-0.8562
47481,1930,-0.8814
47846,1931,-0.8359
48211,1932,-0.8434
48577,1933,-0.8352
48942,1934,-0.7978
49307,1935,-0.8033
49672,1936,-0.8258
50038,1937,-0.8228
50403,1938,-0.8200
50768,1939,-0.8458
51133,1940,-0.7886
51499,1941,-0.7456
51864,1942,-0.7160
52229,1943,-0.7323
52594,1944,-0.7170
52960,1945,-0.6713
53325,1946,-0.6376
53690,1947,-0.6258
54055,1948,-0.6332
54421,1949,-0.5672
54786,1950,-0.5819
55151,1951,-0.6516
55516,1952,-0.6580
55882,1953,-0.6566
56247,1954,-0.6969
56612,1955,-0.7443
56977,1956,-0.7880
57343,1957,-0.7892
57708,1958,-0.7726
58073,1959,-0.7921
58438,1960,-0.7857
58804,1961,-0.7465
59169,1962,-0.7462
59534,1963,-0.7390
59899,1964,-0.7366
60265,1965,-0.7096
60630,1966,-0.6531
60995,1967,-0.6790
61360,1968,-0.7096
61726,1969,-0.6988
62091,1970,-0.6718
62456,1971,-0.7031
62821,1972,-0.7120
63187,1973,-0.6718
63552,1974,-0.6782
63917,1975,-0.6750
64282,1976,-0.7315
64648,1977,-0.6903
65013,1978,-0.6686
65378,1979,-0.6612
65743,1980,-0.6744
66109,1981,-0.6769
66474,1982,-0.6675
66839,1983,-0.6233
67204,1984,-0.5526
67570,1985,-0.5102
67935,1986,-0.4415
68300,1987,-0.3873
68665,1988,-0.3529
69031,1989,-0.3692
69396,1990,-0.3387
69761,1991,-0.2894
70126,1992,-0.2378
70492,1993,-0.2601
70857,1994,-0.2822
71222,1995,-0.2450
71587,1996,-0.2628
71953,1997,-0.3164
72318,1998,-0.2664
72683,1999,-0.2138
73048,2000,-0.2374
73414,2001,-0.2243
73779,2002,-0.2224
74144,2003,-0.1885
74509,2004,-0.1431
74875,2005,-0.1113
75240,2006,-0.0921
75605,2007,-0.0565
75970,2008,-0.0863
76336,2009,-0.0946
76701,2010,-0.0194
77066,2011,-0.0215
77431,2012,-0.0320
77797,2013,-0.0540
78162,2014,-0.0569
78527,2015,-0.0206
78892,2016,0.0835
79258,2017,0.1091
79623,2018,0.1614
79988,2019,0.2614
80353,2020,0.2568
80719,2021,0.2846
81084,2022,0.3105
end data
