Conventions,G,BADC-CSV,1
title,G,Regional mean temperature for WMO RA 1 Eastern Africa
last_revised_date,G,2023-08-28
date_valid,G,2023-08-28
feature_type,G,area average
creator,G,WMO
source,G,Produced by climind version 0.1
observation_station,G,derived data
location,G,90.,-180.,-90.,180.
activity,G,WMO
history,G,""Data set created from file ['HadCRUT.5.0.1.0.analysis.anomalies.ensemble_mean.nc'] downloaded from ['https://www.metoffice.gov.uk/hadobs/hadcrut5/data/current/analysis/HadCRUT.5.0.1.0.analysis.anomalies.ensemble_mean.nc'] at ['2023-08-07 16:14:34']""
history,G,""Regridded to 1 degree latitude-longitude resolution""
history,G,""Rebaselined to 1991-2020""
history,G,""Calculated area-average""
history,G,""Calculated annual average from monthly averages using arithmetic mean""
history,G,""Selected years within the range 1900 to 2022.""
history,G,""Wrote to file africa_subregion_4_HadCRUT5.csv""
history,G,"Data set created from file ['africa_subregion_4_HadCRUT5.csv'] downloaded from [''] at ['2023-08-09 11:01:56']"
history,G,"Calculated 10-year moving average"
reference,G,"Morice, C. P., Kennedy, J. J., Rayner, N. A., Winn, J. P., Hogan, E., Killick, R. E., et al. (2021). An updated assessment of near-surface temperature change from 1850: the HadCRUT5 data set. Journal of Geophysical Research: Atmospheres, 126, e2019JD032361. https://doi.org/10.1029/2019JD032361"
rights,G,TBD
comments,G,Data produced by climind version 0.1
comments,G,Format description https://help.ceda.ac.uk/article/105-badc-csv
comments,G,"Original data acknowledgement: HadCRUT.5.0.1.0 data were obtained from http://www.metoffice.gov.uk/hadobs/hadcrut5 on 2023-08-07 16:14:34 and are © British Crown Copyright, Met Office 2023, provided under an Open Government License, http://www.nationalarchives.gov.uk/doc/open-government-licence/version/3/"
long_name,time,time,days since 1800-01-01 00:00:00.0
type,time,int
long_name,year,year,1
type,year,int
long_name,data,africa_subregion_4,degC
type,data,float
coordinate_variable,time,t
data
time,year,data
36524,1900,
36889,1901,
37254,1902,
37619,1903,
37984,1904,
38350,1905,
38715,1906,
39080,1907,
39445,1908,
39811,1909,-0.9514
40176,1910,-0.9577
40541,1911,-1.0018
40906,1912,-1.0348
41272,1913,-1.0444
41637,1914,-0.9716
42002,1915,-0.9280
42367,1916,-0.9536
42733,1917,-0.9647
43098,1918,-0.9739
43463,1919,-0.9431
43828,1920,-0.9652
44194,1921,-0.9646
44559,1922,-0.9429
44924,1923,-0.9139
45289,1924,-0.8760
45655,1925,-0.8931
46020,1926,-0.8370
46385,1927,-0.7764
46750,1928,-0.7240
47116,1929,-0.7499
47481,1930,-0.7341
47846,1931,-0.6883
48211,1932,-0.6730
48577,1933,-0.6129
48942,1934,-0.6552
49307,1935,-0.6521
49672,1936,-0.6504
50038,1937,-0.6750
50403,1938,-0.7272
50768,1939,-0.7053
51133,1940,-0.6448
51499,1941,-0.6366
51864,1942,-0.6305
52229,1943,-0.7110
52594,1944,-0.7214
52960,1945,-0.7491
53325,1946,-0.7835
53690,1947,-0.7959
54055,1948,-0.8187
54421,1949,-0.8731
54786,1950,-0.9523
55151,1951,-1.0169
55516,1952,-1.0168
55882,1953,-0.9878
56247,1954,-0.9912
56612,1955,-0.9824
56977,1956,-1.0023
57343,1957,-1.0124
57708,1958,-0.9636
58073,1959,-0.9474
58438,1960,-0.9062
58804,1961,-0.9158
59169,1962,-0.9510
59534,1963,-0.9540
59899,1964,-0.9941
60265,1965,-1.0161
60630,1966,-0.9845
60995,1967,-1.0149
61360,1968,-1.0854
61726,1969,-1.0526
62091,1970,-1.0564
62456,1971,-1.0662
62821,1972,-1.0466
63187,1973,-1.0174
63552,1974,-0.9904
63917,1975,-0.9793
64282,1976,-0.9634
64648,1977,-0.9168
65013,1978,-0.8524
65378,1979,-0.8391
65743,1980,-0.7896
66109,1981,-0.7237
66474,1982,-0.7061
66839,1983,-0.6958
67204,1984,-0.6454
67570,1985,-0.6067
67935,1986,-0.5969
68300,1987,-0.5307
68665,1988,-0.4938
69031,1989,-0.5351
69396,1990,-0.5342
69761,1991,-0.5197
70126,1992,-0.5369
70492,1993,-0.5421
70857,1994,-0.5409
71222,1995,-0.5136
71587,1996,-0.4867
71953,1997,-0.4813
72318,1998,-0.4561
72683,1999,-0.4000
73048,2000,-0.3892
73414,2001,-0.3591
73779,2002,-0.2654
74144,2003,-0.1949
74509,2004,-0.1332
74875,2005,-0.0623
75240,2006,-0.0258
75605,2007,-0.0075
75970,2008,0.0022
76336,2009,0.0881
76701,2010,0.1772
77066,2011,0.2105
77431,2012,0.2060
77797,2013,0.2023
78162,2014,0.2091
78527,2015,0.2175
78892,2016,0.2629
79258,2017,0.2904
79623,2018,0.2949
79988,2019,0.2686
80353,2020,0.2120
80719,2021,0.2069
81084,2022,0.2061
end data
