Conventions,G,BADC-CSV,1
title,G,Regional mean temperature for WMO RA 1 Eastern Africa
last_revised_date,G,2023-08-28
date_valid,G,2023-08-28
feature_type,G,area average
creator,G,WMO
source,G,Produced by climind version 0.1
observation_station,G,derived data
location,G,90.,-180.,-90.,180.
activity,G,WMO
history,G,""Data set created from file ['NOAAGlobalTemp_v*.nc'] downloaded from ['https://www.ncei.noaa.gov/data/noaa-global-surface-temperature/v5/access/gridded/NOAAGlobalTemp_v.*.nc'] at ['2023-08-07 16:18:17']""
history,G,""Data set created from file ['NOAAGlobalTemp_v*.nc'] downloaded from ['https://www.ncei.noaa.gov/data/noaa-global-surface-temperature/v5/access/gridded/NOAAGlobalTemp_v.*.nc'] at ['2023-08-07 16:18:17']""
history,G,""Regridded to 1 degree latitude-longitude resolution""
history,G,""Rebaselined to 1991-2020""
history,G,""Calculated area-average""
history,G,""Calculated annual average from monthly averages using arithmetic mean""
history,G,""Selected years within the range 1900 to 2022.""
history,G,""Wrote to file africa_subregion_4_NOAAGlobalTemp.csv""
history,G,"Data set created from file ['africa_subregion_4_NOAAGlobalTemp.csv'] downloaded from [''] at ['2023-08-09 12:23:59']"
history,G,"Calculated 10-year moving average"
reference,G,"Huang, B., M. J. Menne, T. Boyer, E. Freeman, B. E. Gleason, J. H. Lawrimore, C. Liu, J. J. Rennie, C. Schreck, F. Sun, R. Vose, C. N. Williams, X. Yin, H.-M. Zhang, 2020: Uncertainty estimates for sea surface temperature and land surface air temperature in NOAAGlobalTemp version 5. , J. Climate, 33, 1351-1379, DOI: 10.1175/JCLI-D-19-0395.1"
reference,G,"Zhang, Huai-Min, Jay H. Lawrimore, Boyin Huang, Matthew J. Menne, Xungang Yin, Ahira Sȧnchez-Lugo, Byron E. Gleason, Russell Vose, Derek Arndt, J. Jared Rennie, and Claude N. Williams. (2019) Updated Temperature Data Give a Sharper View of Climate Trends. Eos, 100, https://doi.org/10.1029/2019EO128229"
rights,G,TBD
comments,G,Data produced by climind version 0.1
comments,G,Format description https://help.ceda.ac.uk/article/105-badc-csv
comments,G,"Original data acknowledgement: "
long_name,time,time,days since 1800-01-01 00:00:00.0
type,time,int
long_name,year,year,1
type,year,int
long_name,data,africa_subregion_4,degC
type,data,float
coordinate_variable,time,t
data
time,year,data
36524,1900,
36889,1901,
37254,1902,
37619,1903,
37984,1904,
38350,1905,
38715,1906,
39080,1907,
39445,1908,
39811,1909,-0.9462
40176,1910,-0.9911
40541,1911,-1.0220
40906,1912,-1.0606
41272,1913,-1.0793
41637,1914,-1.0621
42002,1915,-1.0563
42367,1916,-1.0957
42733,1917,-1.1321
43098,1918,-1.1647
43463,1919,-1.1572
43828,1920,-1.1617
44194,1921,-1.1488
44559,1922,-1.1349
44924,1923,-1.1212
45289,1924,-1.1179
45655,1925,-1.1338
46020,1926,-1.0778
46385,1927,-1.0218
46750,1928,-0.9424
47116,1929,-0.9370
47481,1930,-0.9022
47846,1931,-0.8417
48211,1932,-0.8176
48577,1933,-0.7749
48942,1934,-0.7710
49307,1935,-0.7610
49672,1936,-0.7648
50038,1937,-0.7697
50403,1938,-0.7956
50768,1939,-0.7777
51133,1940,-0.7533
51499,1941,-0.7421
51864,1942,-0.7165
52229,1943,-0.7412
52594,1944,-0.7384
52960,1945,-0.7389
53325,1946,-0.7390
53690,1947,-0.7273
54055,1948,-0.7438
54421,1949,-0.7573
54786,1950,-0.8041
55151,1951,-0.8657
55516,1952,-0.8807
55882,1953,-0.8748
56247,1954,-0.8895
56612,1955,-0.9040
56977,1956,-0.9350
57343,1957,-0.9492
57708,1958,-0.9026
58073,1959,-0.9010
58438,1960,-0.8622
58804,1961,-0.8701
59169,1962,-0.8877
59534,1963,-0.8835
59899,1964,-0.9099
60265,1965,-0.9104
60630,1966,-0.8748
60995,1967,-0.8975
61360,1968,-0.9572
61726,1969,-0.9215
62091,1970,-0.9287
62456,1971,-0.9294
62821,1972,-0.9042
63187,1973,-0.8673
63552,1974,-0.8442
63917,1975,-0.8359
64282,1976,-0.8278
64648,1977,-0.7927
65013,1978,-0.7496
65378,1979,-0.7570
65743,1980,-0.7137
66109,1981,-0.6747
66474,1982,-0.6751
66839,1983,-0.6872
67204,1984,-0.6482
67570,1985,-0.6192
67935,1986,-0.6100
68300,1987,-0.5498
68665,1988,-0.5175
69031,1989,-0.5610
69396,1990,-0.5661
69761,1991,-0.5502
70126,1992,-0.5569
70492,1993,-0.5501
70857,1994,-0.5412
71222,1995,-0.5150
71587,1996,-0.4932
71953,1997,-0.5092
72318,1998,-0.4767
72683,1999,-0.4086
73048,2000,-0.4005
73414,2001,-0.3801
73779,2002,-0.3068
74144,2003,-0.2488
74509,2004,-0.2010
74875,2005,-0.1454
75240,2006,-0.1053
75605,2007,-0.0744
75970,2008,-0.0766
76336,2009,-0.0093
76701,2010,0.0673
77066,2011,0.1099
77431,2012,0.1263
77797,2013,0.1364
78162,2014,0.1583
78527,2015,0.1838
78892,2016,0.2403
79258,2017,0.2901
79623,2018,0.3309
79988,2019,0.3399
80353,2020,0.3331
80719,2021,0.3661
81084,2022,0.3693
end data
