Conventions,G,BADC-CSV,1
title,G,Regional mean temperature for WMO RA 1 Eastern Africa
last_revised_date,G,2023-08-28
date_valid,G,2023-08-28
feature_type,G,area average
creator,G,WMO
source,G,Produced by climind version 0.1
observation_station,G,derived data
location,G,90.,-180.,-90.,180.
activity,G,WMO
history,G,""Gridded dataset created from file ['era5_2m_tas_2023.nc'] downloaded from ['']""
history,G,""Regridded to 1 degree latitude-longitude resolution""
history,G,""Rebaselined to 1991-2020""
history,G,""Calculated area-average""
history,G,""Calculated annual average from monthly averages using arithmetic mean""
history,G,""Selected years within the range 1900 to 2022.""
history,G,""Wrote to file africa_subregion_4_ERA5.csv""
history,G,"Data set created from file ['africa_subregion_4_ERA5.csv'] downloaded from [''] at ['2023-08-09 11:00:41']"
history,G,"Calculated 10-year moving average"
reference,G,"Hersbach H, Bell B, Berrisford P et al. 2020. The ERA5 global reanalysis. Q. J. R. Meteorol. Soc. 146: 1999-2049. https://doi.org/10.1002/qj.3803"
rights,G,TBD
comments,G,Data produced by climind version 0.1
comments,G,Format description https://help.ceda.ac.uk/article/105-badc-csv
comments,G,"Original data acknowledgement: "
long_name,time,time,days since 1800-01-01 00:00:00.0
type,time,int
long_name,year,year,1
type,year,int
long_name,data,africa_subregion_4,degC
type,data,float
coordinate_variable,time,t
data
time,year,data
65378,1979,
65743,1980,
66109,1981,
66474,1982,
66839,1983,
67204,1984,
67570,1985,
67935,1986,
68300,1987,
68665,1988,-0.6147
69031,1989,-0.6447
69396,1990,-0.6209
69761,1991,-0.5883
70126,1992,-0.5757
70492,1993,-0.5553
70857,1994,-0.5318
71222,1995,-0.4638
71587,1996,-0.4352
71953,1997,-0.4572
72318,1998,-0.4292
72683,1999,-0.3593
73048,2000,-0.3778
73414,2001,-0.3740
73779,2002,-0.3062
74144,2003,-0.2607
74509,2004,-0.2142
74875,2005,-0.1586
75240,2006,-0.1087
75605,2007,-0.0675
75970,2008,-0.0745
76336,2009,-0.0054
76701,2010,0.0832
77066,2011,0.1058
77431,2012,0.1174
77797,2013,0.1286
78162,2014,0.1525
78527,2015,0.1756
78892,2016,0.2383
79258,2017,0.2967
79623,2018,0.3251
79988,2019,0.3224
80353,2020,0.2946
80719,2021,0.3494
81084,2022,0.3705
end data
