Conventions,G,BADC-CSV,1
title,G,Regional mean temperature for Latin America and Caribbean
last_revised_date,G,2023-08-28
date_valid,G,2023-08-28
feature_type,G,area average
creator,G,WMO
source,G,Produced by climind version 0.1
observation_station,G,derived data
location,G,90.,-180.,-90.,180.
rights,G,TBD
activity,G,WMO
comments,G,Format description https://help.ceda.ac.uk/article/105-badc-csv
history,lac_subregion_6_Berkeley_Earth,""Data set created from file ['Land_and_Ocean_LatLong1.nc'] downloaded from ['https://berkeley-earth-temperature.s3.us-west-1.amazonaws.com/Global/Gridded/Land_and_Ocean_LatLong1.nc'] at ['2023-08-07 17:34:59']""
history,lac_subregion_6_Berkeley_Earth,""Rebaselined to 1991-2020""
history,lac_subregion_6_Berkeley_Earth,""Calculated area-average""
history,lac_subregion_6_Berkeley_Earth,""Calculated annual average from monthly averages using arithmetic mean""
history,lac_subregion_6_Berkeley_Earth,""Selected years within the range 1900 to 2022.""
history,lac_subregion_6_Berkeley_Earth,""Wrote to file lac_subregion_6_Berkeley Earth.csv""
history,lac_subregion_6_Berkeley_Earth,"Data set created from file ['lac_subregion_6_Berkeley Earth.csv'] downloaded from [''] at ['2023-08-09 11:00:29']"
history,lac_subregion_6_Berkeley_Earth,"Calculated 10-year moving average"
reference,lac_subregion_6_Berkeley_Earth,"Rohde, R. A. and Hausfather, Z.: The Berkeley Earth Land/Ocean Temperature Record, Earth Syst. Sci. Data, 12, 3469-3479, https://doi.org/10.5194/essd-12-3469-2020, 2020"
comments,lac_subregion_6_Berkeley_Earth,"Original data acknowledgement: "
history,lac_subregion_6_ERA5,""Gridded dataset created from file ['era5_2m_tas_2023.nc'] downloaded from ['']""
history,lac_subregion_6_ERA5,""Regridded to 1 degree latitude-longitude resolution""
history,lac_subregion_6_ERA5,""Rebaselined to 1991-2020""
history,lac_subregion_6_ERA5,""Calculated area-average""
history,lac_subregion_6_ERA5,""Calculated annual average from monthly averages using arithmetic mean""
history,lac_subregion_6_ERA5,""Selected years within the range 1900 to 2022.""
history,lac_subregion_6_ERA5,""Wrote to file lac_subregion_6_ERA5.csv""
history,lac_subregion_6_ERA5,"Data set created from file ['lac_subregion_6_ERA5.csv'] downloaded from [''] at ['2023-08-09 11:00:46']"
history,lac_subregion_6_ERA5,"Calculated 10-year moving average"
reference,lac_subregion_6_ERA5,"Hersbach H, Bell B, Berrisford P et al. 2020. The ERA5 global reanalysis. Q. J. R. Meteorol. Soc. 146: 1999-2049. https://doi.org/10.1002/qj.3803"
comments,lac_subregion_6_ERA5,"Original data acknowledgement: "
history,lac_subregion_6_GISTEMP,""Data set created from file ['gistemp1200_GHCNv4_ERSSTv5.nc.gz'] downloaded from ['https://data.giss.nasa.gov/pub/gistemp/gistemp1200_GHCNv4_ERSSTv5.nc.gz'] at ['2023-08-07 16:14:33']""
history,lac_subregion_6_GISTEMP,""Regridded to 1 degree latitude-longitude resolution""
history,lac_subregion_6_GISTEMP,""Rebaselined to 1991-2020""
history,lac_subregion_6_GISTEMP,""Calculated area-average""
history,lac_subregion_6_GISTEMP,""Calculated annual average from monthly averages using arithmetic mean""
history,lac_subregion_6_GISTEMP,""Selected years within the range 1900 to 2022.""
history,lac_subregion_6_GISTEMP,""Wrote to file lac_subregion_6_GISTEMP.csv""
history,lac_subregion_6_GISTEMP,"Data set created from file ['lac_subregion_6_GISTEMP.csv'] downloaded from [''] at ['2023-08-09 11:01:19']"
history,lac_subregion_6_GISTEMP,"Calculated 10-year moving average"
reference,lac_subregion_6_GISTEMP,"Lenssen, N., G. Schmidt, J. Hansen, M. Menne, A. Persin, R. Ruedy, and D. Zyss, 2019: Improvements in the GISTEMP uncertainty model. J. Geophys. Res. Atmos., 124, no. 12, 6307-6326, doi:10.1029/2018JD029522"
comments,lac_subregion_6_GISTEMP,"Original data acknowledgement: "
history,lac_subregion_6_HadCRUT5,""Data set created from file ['HadCRUT.5.0.1.0.analysis.anomalies.ensemble_mean.nc'] downloaded from ['https://www.metoffice.gov.uk/hadobs/hadcrut5/data/current/analysis/HadCRUT.5.0.1.0.analysis.anomalies.ensemble_mean.nc'] at ['2023-08-07 16:14:34']""
history,lac_subregion_6_HadCRUT5,""Regridded to 1 degree latitude-longitude resolution""
history,lac_subregion_6_HadCRUT5,""Rebaselined to 1991-2020""
history,lac_subregion_6_HadCRUT5,""Calculated area-average""
history,lac_subregion_6_HadCRUT5,""Calculated annual average from monthly averages using arithmetic mean""
history,lac_subregion_6_HadCRUT5,""Selected years within the range 1900 to 2022.""
history,lac_subregion_6_HadCRUT5,""Wrote to file lac_subregion_6_HadCRUT5.csv""
history,lac_subregion_6_HadCRUT5,"Data set created from file ['lac_subregion_6_HadCRUT5.csv'] downloaded from [''] at ['2023-08-09 11:02:15']"
history,lac_subregion_6_HadCRUT5,"Calculated 10-year moving average"
reference,lac_subregion_6_HadCRUT5,"Morice, C. P., Kennedy, J. J., Rayner, N. A., Winn, J. P., Hogan, E., Killick, R. E., et al. (2021). An updated assessment of near-surface temperature change from 1850: the HadCRUT5 data set. Journal of Geophysical Research: Atmospheres, 126, e2019JD032361. https://doi.org/10.1029/2019JD032361"
comments,lac_subregion_6_HadCRUT5,"Original data acknowledgement: HadCRUT.5.0.1.0 data were obtained from http://www.metoffice.gov.uk/hadobs/hadcrut5 on 2023-08-07 16:14:34 and are © British Crown Copyright, Met Office 2023, provided under an Open Government License, http://www.nationalarchives.gov.uk/doc/open-government-licence/version/3/"
history,lac_subregion_6_JRA-55,""Data set created from file ['anl_surf125.011_tmp.202301_202312', 'anl_surf125.2023MMMM'] downloaded from ['', ''] at ['2023-08-07 16:16:00']""
history,lac_subregion_6_JRA-55,""Regridded to 1 degree latitude-longitude resolution""
history,lac_subregion_6_JRA-55,""Rebaselined to 1991-2020""
history,lac_subregion_6_JRA-55,""Calculated area-average""
history,lac_subregion_6_JRA-55,""Calculated annual average from monthly averages using arithmetic mean""
history,lac_subregion_6_JRA-55,""Selected years within the range 1900 to 2022.""
history,lac_subregion_6_JRA-55,""Wrote to file lac_subregion_6_JRA-55.csv""
history,lac_subregion_6_JRA-55,"Data set created from file ['lac_subregion_6_JRA-55.csv'] downloaded from [''] at ['2023-08-09 11:02:37']"
history,lac_subregion_6_JRA-55,"Calculated 10-year moving average"
reference,lac_subregion_6_JRA-55,"Kobayashi, S., Ota, Y., Harada, Y., Ebita, A., Moriya, M., Onoda, H., Onogi, K., Kamahori, H., Kobayashi, C., Endo, H. and Miyaoka, K., (2015). The JRA-55 reanalysis: General specifications and basic characteristics. Journal of the Meteorological Society of Japan. Ser. II, 93(1), pp.5-48."
comments,lac_subregion_6_JRA-55,"Original data acknowledgement: "
history,lac_subregion_6_NOAAGlobalTemp,""Data set created from file ['NOAAGlobalTemp_v*.nc'] downloaded from ['https://www.ncei.noaa.gov/data/noaa-global-surface-temperature/v5/access/gridded/NOAAGlobalTemp_v.*.nc'] at ['2023-08-07 16:18:17']""
history,lac_subregion_6_NOAAGlobalTemp,""Data set created from file ['NOAAGlobalTemp_v*.nc'] downloaded from ['https://www.ncei.noaa.gov/data/noaa-global-surface-temperature/v5/access/gridded/NOAAGlobalTemp_v.*.nc'] at ['2023-08-07 16:18:17']""
history,lac_subregion_6_NOAAGlobalTemp,""Regridded to 1 degree latitude-longitude resolution""
history,lac_subregion_6_NOAAGlobalTemp,""Rebaselined to 1991-2020""
history,lac_subregion_6_NOAAGlobalTemp,""Calculated area-average""
history,lac_subregion_6_NOAAGlobalTemp,""Calculated annual average from monthly averages using arithmetic mean""
history,lac_subregion_6_NOAAGlobalTemp,""Selected years within the range 1900 to 2022.""
history,lac_subregion_6_NOAAGlobalTemp,""Wrote to file lac_subregion_6_NOAAGlobalTemp.csv""
history,lac_subregion_6_NOAAGlobalTemp,"Data set created from file ['lac_subregion_6_NOAAGlobalTemp.csv'] downloaded from [''] at ['2023-08-09 12:24:26']"
history,lac_subregion_6_NOAAGlobalTemp,"Calculated 10-year moving average"
reference,lac_subregion_6_NOAAGlobalTemp,"Huang, B., M. J. Menne, T. Boyer, E. Freeman, B. E. Gleason, J. H. Lawrimore, C. Liu, J. J. Rennie, C. Schreck, F. Sun, R. Vose, C. N. Williams, X. Yin, H.-M. Zhang, 2020: Uncertainty estimates for sea surface temperature and land surface air temperature in NOAAGlobalTemp version 5. , J. Climate, 33, 1351-1379, DOI: 10.1175/JCLI-D-19-0395.1"
reference,lac_subregion_6_NOAAGlobalTemp,"Zhang, Huai-Min, Jay H. Lawrimore, Boyin Huang, Matthew J. Menne, Xungang Yin, Ahira Sȧnchez-Lugo, Byron E. Gleason, Russell Vose, Derek Arndt, J. Jared Rennie, and Claude N. Williams. (2019) Updated Temperature Data Give a Sharper View of Climate Trends. Eos, 100, https://doi.org/10.1029/2019EO128229"
comments,lac_subregion_6_NOAAGlobalTemp,"Original data acknowledgement: "
long_name,time,time,days since 1800-01-01 00:00:00.0
type,time,int
long_name,year,year,1
type,year,int
long_name,lac_subregion_6_Berkeley_Earth,lac_subregion_6,degC
type,lac_subregion_6_Berkeley_Earth,float
long_name,lac_subregion_6_ERA5,lac_subregion_6,degC
type,lac_subregion_6_ERA5,float
long_name,lac_subregion_6_GISTEMP,lac_subregion_6,degC
type,lac_subregion_6_GISTEMP,float
long_name,lac_subregion_6_HadCRUT5,lac_subregion_6,degC
type,lac_subregion_6_HadCRUT5,float
long_name,lac_subregion_6_JRA-55,lac_subregion_6,degC
type,lac_subregion_6_JRA-55,float
long_name,lac_subregion_6_NOAAGlobalTemp,lac_subregion_6,degC
type,lac_subregion_6_NOAAGlobalTemp,float
coordinate_variable,time,t
data
time,year,lac_subregion_6_Berkeley_Earth,lac_subregion_6_ERA5,lac_subregion_6_GISTEMP,lac_subregion_6_HadCRUT5,lac_subregion_6_JRA-55,lac_subregion_6_NOAAGlobalTemp
36524,1900,,,,,,
36889,1901,,,,,,
37254,1902,,,,,,
37619,1903,,,,,,
37984,1904,,,,,,
38350,1905,,,,,,
38715,1906,,,,,,
39080,1907,,,,,,
39445,1908,,,,,,
39811,1909,-0.9902,,-0.7898,-0.7340,,-0.8643
40176,1910,-1.0535,,-0.8617,-0.7763,,-0.9118
40541,1911,-1.0977,,-0.9361,-0.8244,,-0.9536
40906,1912,-1.1160,,-0.9836,-0.8453,,-0.9832
41272,1913,-1.0981,,-0.9992,-0.8371,,-0.9836
41637,1914,-1.0364,,-0.9892,-0.7917,,-0.9897
42002,1915,-1.0015,,-1.0042,-0.7549,,-0.9958
42367,1916,-1.0174,,-1.0570,-0.7656,,-1.0462
42733,1917,-1.0463,,-1.1176,-0.7888,,-1.1006
43098,1918,-1.0576,,-1.1553,-0.7975,,-1.1316
43463,1919,-1.0245,,-1.1479,-0.7738,,-1.1300
43828,1920,-1.0131,,-1.1480,-0.7664,,-1.1326
44194,1921,-1.0125,,-1.1445,-0.7730,,-1.1434
44559,1922,-1.0261,,-1.1679,-0.8022,,-1.1696
44924,1923,-1.0600,,-1.2016,-0.8436,,-1.2003
45289,1924,-1.1055,,-1.2551,-0.9008,,-1.2369
45655,1925,-1.1463,,-1.2747,-0.9517,,-1.2571
46020,1926,-1.0995,,-1.2290,-0.9223,,-1.2124
46385,1927,-1.0361,,-1.1714,-0.8816,,-1.1592
46750,1928,-1.0016,,-1.1463,-0.8620,,-1.1397
47116,1929,-1.0188,,-1.1614,-0.8907,,-1.1465
47481,1930,-0.9859,,-1.1404,-0.8696,,-1.1198
47846,1931,-0.9614,,-1.1123,-0.8412,,-1.0943
48211,1932,-0.9235,,-1.0656,-0.7988,,-1.0509
48577,1933,-0.9024,,-1.0394,-0.7798,,-1.0329
48942,1934,-0.8903,,-1.0125,-0.7715,,-1.0084
49307,1935,-0.8840,,-1.0062,-0.7701,,-0.9937
49672,1936,-0.8944,,-1.0067,-0.7800,,-0.9920
50038,1937,-0.8821,,-0.9900,-0.7642,,-0.9693
50403,1938,-0.8865,,-0.9851,-0.7653,,-0.9583
50768,1939,-0.8672,,-0.9597,-0.7422,,-0.9265
51133,1940,-0.8491,,-0.9365,-0.7229,,-0.9011
51499,1941,-0.8086,,-0.8997,-0.6902,,-0.8582
51864,1942,-0.8136,,-0.9118,-0.7019,,-0.8626
52229,1943,-0.8000,,-0.8993,-0.6921,,-0.8418
52594,1944,-0.7586,,-0.8548,-0.6485,,-0.7955
52960,1945,-0.7328,,-0.8251,-0.6241,,-0.7619
53325,1946,-0.7285,,-0.8157,-0.6271,,-0.7514
53690,1947,-0.7372,,-0.8164,-0.6389,,-0.7557
54055,1948,-0.7192,,-0.7923,-0.6306,,-0.7328
54421,1949,-0.7246,,-0.8009,-0.6475,,-0.7460
54786,1950,-0.7491,,-0.8248,-0.6832,,-0.7745
55151,1951,-0.7693,,-0.8426,-0.7071,,-0.7902
55516,1952,-0.7587,,-0.8301,-0.6976,,-0.7800
55882,1953,-0.7251,,-0.7987,-0.6636,,-0.7509
56247,1954,-0.7358,,-0.8203,-0.6783,,-0.7764
56612,1955,-0.7636,,-0.8646,-0.7059,,-0.8230
56977,1956,-0.8028,,-0.9141,-0.7441,,-0.8648
57343,1957,-0.7824,,-0.9039,-0.7314,,-0.8466
57708,1958,-0.7467,,-0.8783,-0.6910,,-0.8194
58073,1959,-0.7212,,-0.8583,-0.6587,,-0.7969
58438,1960,-0.7069,,-0.8515,-0.6353,,-0.7799
58804,1961,-0.6838,,-0.8400,-0.6049,,-0.7655
59169,1962,-0.6854,,-0.8498,-0.5983,,-0.7697
59534,1963,-0.6792,,-0.8525,-0.5862,,-0.7688
59899,1964,-0.6885,,-0.8646,-0.5902,,-0.7693
60265,1965,-0.6520,,-0.8254,-0.5491,,-0.7245
60630,1966,-0.6021,,-0.7795,-0.4947,,-0.6794
60995,1967,-0.5990,,-0.7819,-0.4838,-0.3941,-0.6850
61360,1968,-0.6443,,-0.8278,-0.5258,-0.4509,-0.7230
61726,1969,-0.6112,,-0.7939,-0.4931,-0.4557,-0.6913
62091,1970,-0.5912,,-0.7729,-0.4760,-0.4681,-0.6768
62456,1971,-0.6325,,-0.8065,-0.5270,-0.5154,-0.7115
62821,1972,-0.6129,,-0.7837,-0.5196,-0.4851,-0.6866
63187,1973,-0.6124,,-0.7858,-0.5383,-0.4923,-0.6891
63552,1974,-0.6125,,-0.7825,-0.5606,-0.5029,-0.6910
63917,1975,-0.6282,,-0.8009,-0.5976,-0.5257,-0.7111
64282,1976,-0.6502,,-0.8182,-0.6373,-0.5632,-0.7285
64648,1977,-0.6206,,-0.7863,-0.6253,-0.5480,-0.6996
65013,1978,-0.5840,,-0.7522,-0.6057,-0.5309,-0.6687
65378,1979,-0.6096,,-0.7762,-0.6412,-0.5818,-0.6919
65743,1980,-0.5880,,-0.7491,-0.6332,-0.5843,-0.6687
66109,1981,-0.5409,,-0.7001,-0.5943,-0.5598,-0.6271
66474,1982,-0.5214,,-0.6779,-0.5805,-0.5594,-0.6133
66839,1983,-0.4927,,-0.6397,-0.5501,-0.5342,-0.5776
67204,1984,-0.4679,,-0.6061,-0.5200,-0.5147,-0.5492
67570,1985,-0.4462,,-0.5727,-0.4935,-0.4953,-0.5213
67935,1986,-0.4047,,-0.5167,-0.4477,-0.4541,-0.4756
68300,1987,-0.3833,,-0.4860,-0.4238,-0.4245,-0.4494
68665,1988,-0.3792,-0.4753,-0.4726,-0.4202,-0.4122,-0.4417
69031,1989,-0.3775,-0.4748,-0.4641,-0.4188,-0.3987,-0.4342
69396,1990,-0.3769,-0.4755,-0.4602,-0.4167,-0.3988,-0.4337
69761,1991,-0.3603,-0.4652,-0.4397,-0.4021,-0.3861,-0.4135
70126,1992,-0.3702,-0.4817,-0.4457,-0.4174,-0.4079,-0.4178
70492,1993,-0.3812,-0.4918,-0.4542,-0.4340,-0.4195,-0.4255
70857,1994,-0.3306,-0.4324,-0.4035,-0.3895,-0.3618,-0.3772
71222,1995,-0.2813,-0.3780,-0.3596,-0.3449,-0.3127,-0.3366
71587,1996,-0.2679,-0.3605,-0.3509,-0.3354,-0.2951,-0.3283
71953,1997,-0.2536,-0.3486,-0.3358,-0.3176,-0.2846,-0.3139
72318,1998,-0.1884,-0.2830,-0.2658,-0.2467,-0.2191,-0.2464
72683,1999,-0.1754,-0.2713,-0.2488,-0.2302,-0.2070,-0.2309
73048,2000,-0.1910,-0.2879,-0.2555,-0.2337,-0.2202,-0.2342
73414,2001,-0.1800,-0.2692,-0.2356,-0.2066,-0.2013,-0.2174
73779,2002,-0.1352,-0.2117,-0.1851,-0.1484,-0.1483,-0.1699
74144,2003,-0.1020,-0.1741,-0.1474,-0.1045,-0.1180,-0.1385
74509,2004,-0.1041,-0.1698,-0.1411,-0.0906,-0.1255,-0.1326
74875,2005,-0.0981,-0.1478,-0.1226,-0.0717,-0.1186,-0.1156
75240,2006,-0.0684,-0.1017,-0.0821,-0.0283,-0.0882,-0.0794
75605,2007,-0.0920,-0.1006,-0.0982,-0.0406,-0.1078,-0.0971
75970,2008,-0.1337,-0.1330,-0.1327,-0.0719,-0.1563,-0.1303
76336,2009,-0.0885,-0.0750,-0.0824,-0.0201,-0.1132,-0.0832
76701,2010,-0.0427,-0.0058,-0.0371,0.0292,-0.0598,-0.0404
77066,2011,-0.0326,0.0173,-0.0284,0.0356,-0.0423,-0.0307
77431,2012,-0.0244,0.0370,-0.0113,0.0406,-0.0244,-0.0208
77797,2013,-0.0320,0.0468,-0.0136,0.0335,-0.0161,-0.0211
78162,2014,-0.0077,0.0790,0.0168,0.0484,0.0189,0.0100
78527,2015,0.0413,0.1278,0.0742,0.0885,0.0741,0.0647
78892,2016,0.0764,0.1653,0.1096,0.1116,0.1159,0.1011
79258,2017,0.1299,0.2106,0.1721,0.1502,0.1707,0.1602
79623,2018,0.1535,0.2327,0.2021,0.1599,0.2010,0.1887
79988,2019,0.1826,0.2653,0.2364,0.1742,0.2390,0.2200
80353,2020,0.2338,0.2938,0.2926,0.2047,0.2800,0.2746
80719,2021,0.2593,0.3103,0.3222,0.2135,0.2981,0.3087
81084,2022,0.2425,0.2837,0.3050,0.1949,0.2734,0.3061
end data
