Conventions,G,BADC-CSV,1
title,G,Regional mean temperature for Latin America and Caribbean
last_revised_date,G,2023-08-28
date_valid,G,2023-08-28
feature_type,G,area average
creator,G,WMO
source,G,Produced by climind version 0.1
observation_station,G,derived data
location,G,90.,-180.,-90.,180.
activity,G,WMO
history,G,""Data set created from file ['NOAAGlobalTemp_v*.nc'] downloaded from ['https://www.ncei.noaa.gov/data/noaa-global-surface-temperature/v5/access/gridded/NOAAGlobalTemp_v.*.nc'] at ['2023-08-07 16:18:17']""
history,G,""Data set created from file ['NOAAGlobalTemp_v*.nc'] downloaded from ['https://www.ncei.noaa.gov/data/noaa-global-surface-temperature/v5/access/gridded/NOAAGlobalTemp_v.*.nc'] at ['2023-08-07 16:18:17']""
history,G,""Regridded to 1 degree latitude-longitude resolution""
history,G,""Rebaselined to 1991-2020""
history,G,""Calculated area-average""
history,G,""Calculated annual average from monthly averages using arithmetic mean""
history,G,""Selected years within the range 1900 to 2022.""
history,G,""Wrote to file lac_subregion_6_NOAAGlobalTemp.csv""
history,G,"Data set created from file ['lac_subregion_6_NOAAGlobalTemp.csv'] downloaded from [''] at ['2023-08-09 12:24:26']"
history,G,"Calculated 10-year moving average"
reference,G,"Huang, B., M. J. Menne, T. Boyer, E. Freeman, B. E. Gleason, J. H. Lawrimore, C. Liu, J. J. Rennie, C. Schreck, F. Sun, R. Vose, C. N. Williams, X. Yin, H.-M. Zhang, 2020: Uncertainty estimates for sea surface temperature and land surface air temperature in NOAAGlobalTemp version 5. , J. Climate, 33, 1351-1379, DOI: 10.1175/JCLI-D-19-0395.1"
reference,G,"Zhang, Huai-Min, Jay H. Lawrimore, Boyin Huang, Matthew J. Menne, Xungang Yin, Ahira Sȧnchez-Lugo, Byron E. Gleason, Russell Vose, Derek Arndt, J. Jared Rennie, and Claude N. Williams. (2019) Updated Temperature Data Give a Sharper View of Climate Trends. Eos, 100, https://doi.org/10.1029/2019EO128229"
rights,G,TBD
comments,G,Data produced by climind version 0.1
comments,G,Format description https://help.ceda.ac.uk/article/105-badc-csv
comments,G,"Original data acknowledgement: "
long_name,time,time,days since 1800-01-01 00:00:00.0
type,time,int
long_name,year,year,1
type,year,int
long_name,data,lac_subregion_6,degC
type,data,float
coordinate_variable,time,t
data
time,year,data
36524,1900,
36889,1901,
37254,1902,
37619,1903,
37984,1904,
38350,1905,
38715,1906,
39080,1907,
39445,1908,
39811,1909,-0.8643
40176,1910,-0.9118
40541,1911,-0.9536
40906,1912,-0.9832
41272,1913,-0.9836
41637,1914,-0.9897
42002,1915,-0.9958
42367,1916,-1.0462
42733,1917,-1.1006
43098,1918,-1.1316
43463,1919,-1.1300
43828,1920,-1.1326
44194,1921,-1.1434
44559,1922,-1.1696
44924,1923,-1.2003
45289,1924,-1.2369
45655,1925,-1.2571
46020,1926,-1.2124
46385,1927,-1.1592
46750,1928,-1.1397
47116,1929,-1.1465
47481,1930,-1.1198
47846,1931,-1.0943
48211,1932,-1.0509
48577,1933,-1.0329
48942,1934,-1.0084
49307,1935,-0.9937
49672,1936,-0.9920
50038,1937,-0.9693
50403,1938,-0.9583
50768,1939,-0.9265
51133,1940,-0.9011
51499,1941,-0.8582
51864,1942,-0.8626
52229,1943,-0.8418
52594,1944,-0.7955
52960,1945,-0.7619
53325,1946,-0.7514
53690,1947,-0.7557
54055,1948,-0.7328
54421,1949,-0.7460
54786,1950,-0.7745
55151,1951,-0.7902
55516,1952,-0.7800
55882,1953,-0.7509
56247,1954,-0.7764
56612,1955,-0.8230
56977,1956,-0.8648
57343,1957,-0.8466
57708,1958,-0.8194
58073,1959,-0.7969
58438,1960,-0.7799
58804,1961,-0.7655
59169,1962,-0.7697
59534,1963,-0.7688
59899,1964,-0.7693
60265,1965,-0.7245
60630,1966,-0.6794
60995,1967,-0.6850
61360,1968,-0.7230
61726,1969,-0.6913
62091,1970,-0.6768
62456,1971,-0.7115
62821,1972,-0.6866
63187,1973,-0.6891
63552,1974,-0.6910
63917,1975,-0.7111
64282,1976,-0.7285
64648,1977,-0.6996
65013,1978,-0.6687
65378,1979,-0.6919
65743,1980,-0.6687
66109,1981,-0.6271
66474,1982,-0.6133
66839,1983,-0.5776
67204,1984,-0.5492
67570,1985,-0.5213
67935,1986,-0.4756
68300,1987,-0.4494
68665,1988,-0.4417
69031,1989,-0.4342
69396,1990,-0.4337
69761,1991,-0.4135
70126,1992,-0.4178
70492,1993,-0.4255
70857,1994,-0.3772
71222,1995,-0.3366
71587,1996,-0.3283
71953,1997,-0.3139
72318,1998,-0.2464
72683,1999,-0.2309
73048,2000,-0.2342
73414,2001,-0.2174
73779,2002,-0.1699
74144,2003,-0.1385
74509,2004,-0.1326
74875,2005,-0.1156
75240,2006,-0.0794
75605,2007,-0.0971
75970,2008,-0.1303
76336,2009,-0.0832
76701,2010,-0.0404
77066,2011,-0.0307
77431,2012,-0.0208
77797,2013,-0.0211
78162,2014,0.0100
78527,2015,0.0647
78892,2016,0.1011
79258,2017,0.1602
79623,2018,0.1887
79988,2019,0.2200
80353,2020,0.2746
80719,2021,0.3087
81084,2022,0.3061
end data
