Conventions,G,BADC-CSV,1
title,G,Regional mean temperature for Latin America and Caribbean
last_revised_date,G,2023-08-28
date_valid,G,2023-08-28
feature_type,G,area average
creator,G,WMO
source,G,Produced by climind version 0.1
observation_station,G,derived data
location,G,90.,-180.,-90.,180.
activity,G,WMO
history,G,""Data set created from file ['HadCRUT.5.0.1.0.analysis.anomalies.ensemble_mean.nc'] downloaded from ['https://www.metoffice.gov.uk/hadobs/hadcrut5/data/current/analysis/HadCRUT.5.0.1.0.analysis.anomalies.ensemble_mean.nc'] at ['2023-08-07 16:14:34']""
history,G,""Regridded to 1 degree latitude-longitude resolution""
history,G,""Rebaselined to 1991-2020""
history,G,""Calculated area-average""
history,G,""Calculated annual average from monthly averages using arithmetic mean""
history,G,""Selected years within the range 1900 to 2022.""
history,G,""Wrote to file lac_subregion_6_HadCRUT5.csv""
history,G,"Data set created from file ['lac_subregion_6_HadCRUT5.csv'] downloaded from [''] at ['2023-08-09 11:02:15']"
history,G,"Calculated 10-year moving average"
reference,G,"Morice, C. P., Kennedy, J. J., Rayner, N. A., Winn, J. P., Hogan, E., Killick, R. E., et al. (2021). An updated assessment of near-surface temperature change from 1850: the HadCRUT5 data set. Journal of Geophysical Research: Atmospheres, 126, e2019JD032361. https://doi.org/10.1029/2019JD032361"
rights,G,TBD
comments,G,Data produced by climind version 0.1
comments,G,Format description https://help.ceda.ac.uk/article/105-badc-csv
comments,G,"Original data acknowledgement: HadCRUT.5.0.1.0 data were obtained from http://www.metoffice.gov.uk/hadobs/hadcrut5 on 2023-08-07 16:14:34 and are © British Crown Copyright, Met Office 2023, provided under an Open Government License, http://www.nationalarchives.gov.uk/doc/open-government-licence/version/3/"
long_name,time,time,days since 1800-01-01 00:00:00.0
type,time,int
long_name,year,year,1
type,year,int
long_name,data,lac_subregion_6,degC
type,data,float
coordinate_variable,time,t
data
time,year,data
36524,1900,
36889,1901,
37254,1902,
37619,1903,
37984,1904,
38350,1905,
38715,1906,
39080,1907,
39445,1908,
39811,1909,-0.7340
40176,1910,-0.7763
40541,1911,-0.8244
40906,1912,-0.8453
41272,1913,-0.8371
41637,1914,-0.7917
42002,1915,-0.7549
42367,1916,-0.7656
42733,1917,-0.7888
43098,1918,-0.7975
43463,1919,-0.7738
43828,1920,-0.7664
44194,1921,-0.7730
44559,1922,-0.8022
44924,1923,-0.8436
45289,1924,-0.9008
45655,1925,-0.9517
46020,1926,-0.9223
46385,1927,-0.8816
46750,1928,-0.8620
47116,1929,-0.8907
47481,1930,-0.8696
47846,1931,-0.8412
48211,1932,-0.7988
48577,1933,-0.7798
48942,1934,-0.7715
49307,1935,-0.7701
49672,1936,-0.7800
50038,1937,-0.7642
50403,1938,-0.7653
50768,1939,-0.7422
51133,1940,-0.7229
51499,1941,-0.6902
51864,1942,-0.7019
52229,1943,-0.6921
52594,1944,-0.6485
52960,1945,-0.6241
53325,1946,-0.6271
53690,1947,-0.6389
54055,1948,-0.6306
54421,1949,-0.6475
54786,1950,-0.6832
55151,1951,-0.7071
55516,1952,-0.6976
55882,1953,-0.6636
56247,1954,-0.6783
56612,1955,-0.7059
56977,1956,-0.7441
57343,1957,-0.7314
57708,1958,-0.6910
58073,1959,-0.6587
58438,1960,-0.6353
58804,1961,-0.6049
59169,1962,-0.5983
59534,1963,-0.5862
59899,1964,-0.5902
60265,1965,-0.5491
60630,1966,-0.4947
60995,1967,-0.4838
61360,1968,-0.5258
61726,1969,-0.4931
62091,1970,-0.4760
62456,1971,-0.5270
62821,1972,-0.5196
63187,1973,-0.5383
63552,1974,-0.5606
63917,1975,-0.5976
64282,1976,-0.6373
64648,1977,-0.6253
65013,1978,-0.6057
65378,1979,-0.6412
65743,1980,-0.6332
66109,1981,-0.5943
66474,1982,-0.5805
66839,1983,-0.5501
67204,1984,-0.5200
67570,1985,-0.4935
67935,1986,-0.4477
68300,1987,-0.4238
68665,1988,-0.4202
69031,1989,-0.4188
69396,1990,-0.4167
69761,1991,-0.4021
70126,1992,-0.4174
70492,1993,-0.4340
70857,1994,-0.3895
71222,1995,-0.3449
71587,1996,-0.3354
71953,1997,-0.3176
72318,1998,-0.2467
72683,1999,-0.2302
73048,2000,-0.2337
73414,2001,-0.2066
73779,2002,-0.1484
74144,2003,-0.1045
74509,2004,-0.0906
74875,2005,-0.0717
75240,2006,-0.0283
75605,2007,-0.0406
75970,2008,-0.0719
76336,2009,-0.0201
76701,2010,0.0292
77066,2011,0.0356
77431,2012,0.0406
77797,2013,0.0335
78162,2014,0.0484
78527,2015,0.0885
78892,2016,0.1116
79258,2017,0.1502
79623,2018,0.1599
79988,2019,0.1742
80353,2020,0.2047
80719,2021,0.2135
81084,2022,0.1949
end data
